sample_id,vowel,region,site,speaker_id,true_label_id,pred_label_id,pred_vowel,pred_confidence,prob_a,prob_e,prob_i,prob_o,prob_u,prob_y,prob_ɔ,prob_ə,prob_ɛ,global_pred_vowel,global_pred_confidence,is_support_item,is_query_item
0712_row_00027332,o,09繁昌,01繁阳,繁昌繁阳吴宗峻单字,3,3,o,0.93920666,0.014353247,0.00010919316,4.6085708e-05,0.93920666,0.044547986,0.001145215,0.00023830381,0.00035152162,1.6864141e-06,o,0.93920666,0,1
0712_row_00027333,a,09繁昌,01繁阳,繁昌繁阳吴宗峻单字,0,0,a,0.98978275,0.98978275,0.00012416324,0.0002353981,6.0111557e-05,0.00029029942,1.7144653e-07,8.793772e-06,0.008796419,0.00070182787,a,0.98978275,0,1
0712_row_00027334,o,09繁昌,01繁阳,繁昌繁阳吴宗峻单字,3,3,o,0.8793846,0.0795591,0.011267662,0.0002633507,0.8793846,0.02108702,0.0023690423,0.002316029,0.0036750576,7.8153826e-05,o,0.8793846,0,1
0712_row_00027335,o,09繁昌,01繁阳,繁昌繁阳吴宗峻单字,3,3,o,0.87255806,0.08108924,0.00023636794,8.77637e-05,0.87255806,0.043367743,0.00049844274,0.0014735754,0.0006871655,1.7705892e-06,o,0.87255806,0,1
0712_row_00027336,o,09繁昌,01繁阳,繁昌繁阳吴宗峻单字,3,3,o,0.95315593,0.014068151,0.000100800615,3.067079e-05,0.95315593,0.031813838,0.00031546445,0.00034916264,0.00016540295,6.09926e-07,o,0.95315593,0,1
0712_row_00027337,o,09繁昌,01繁阳,繁昌繁阳吴宗峻单字,3,3,o,0.90248257,0.09207551,0.0041432735,5.127323e-05,0.90248257,0.00069153646,9.041312e-05,0.00028096527,0.0001710249,1.3365615e-05,o,0.90248257,0,1
0712_row_00027338,a,09繁昌,01繁阳,繁昌繁阳吴宗峻单字,0,0,a,0.99038714,0.99038714,0.00033142394,0.0049835998,0.00018150941,0.0025615685,2.9175183e-06,9.3275585e-06,0.0011496155,0.00039276166,a,0.99038714,0,1
0712_row_00027339,a,09繁昌,01繁阳,繁昌繁阳吴宗峻单字,0,0,a,0.9970059,0.9970059,0.00025153247,1.1404936e-05,0.00043560177,0.0007680107,2.9068528e-07,0.00017700509,0.0013184577,3.1904317e-05,a,0.9970059,0,1
0712_row_00027340,a,09繁昌,01繁阳,繁昌繁阳吴宗峻单字,0,0,a,0.9976151,0.9976151,0.00018068316,7.289716e-06,0.000444318,0.0004934583,2.1559735e-07,0.00017150417,0.0010668006,2.0710871e-05,a,0.9976151,0,1
0712_row_00027341,a,09繁昌,01繁阳,繁昌繁阳吴宗峻单字,0,0,a,0.7732431,0.7732431,0.003500446,0.030000376,5.6382836e-05,0.0040832395,0.00070039235,5.0823783e-06,0.06733369,0.12107731,a,0.7732431,0,1
0712_row_00027342,a,09繁昌,01繁阳,繁昌繁阳吴宗峻单字,0,8,ɛ,0.5411848,0.45448804,0.00067774724,6.958645e-05,1.3239075e-05,1.4754896e-05,8.02199e-06,2.3276218e-07,0.0035435772,0.5411848,ɛ,0.5411848,0,1
0712_row_00027343,a,09繁昌,01繁阳,繁昌繁阳吴宗峻单字,0,8,ɛ,0.72774583,0.27041242,9.588789e-05,2.6516342e-05,5.838426e-06,6.1705837e-06,2.2215627e-06,6.2671766e-08,0.0017050987,0.72774583,ɛ,0.72774583,0,1
0712_row_00027344,a,09繁昌,01繁阳,繁昌繁阳吴宗峻单字,0,0,a,0.939095,0.939095,0.00017264266,0.0010742167,6.0655743e-06,6.44031e-05,2.0501568e-06,3.3810554e-08,0.0017666287,0.057818953,a,0.939095,0,1
0712_row_00027345,ɛ,09繁昌,01繁阳,繁昌繁阳吴宗峻单字,8,7,ə,0.6206715,0.0066985902,0.15524164,0.0032212774,0.0053349645,0.20668857,0.0001858937,0.000917422,0.6206715,0.0010401566,ə,0.6206715,0,1
0712_row_00027346,ɛ,09繁昌,01繁阳,繁昌繁阳吴宗峻单字,8,8,ɛ,0.42725194,0.18294886,0.010583973,0.12016555,0.0028775507,0.020046076,0.01766365,0.0018770609,0.2165854,0.42725194,ɛ,0.42725194,0,1
0712_row_00027347,ɛ,09繁昌,01繁阳,繁昌繁阳吴宗峻单字,8,1,e,0.4472249,0.0018514526,0.4472249,0.010132773,0.0017823329,0.42793307,0.00036386648,0.0005584122,0.10984137,0.0003117808,e,0.4472249,0,1
0712_row_00027348,ɛ,09繁昌,01繁阳,繁昌繁阳吴宗峻单字,8,1,e,0.9598043,0.0021016377,0.9598043,0.007791263,0.00022508696,0.016706,0.00013752966,0.00013538623,0.013024321,7.440922e-05,e,0.9598043,0,1
0712_row_00027349,ɛ,09繁昌,01繁阳,繁昌繁阳吴宗峻单字,8,1,e,0.4883139,0.011170908,0.4883139,0.0003442446,0.0057333237,0.05712264,0.0002263041,0.0004254434,0.43480232,0.0018609286,e,0.4883139,0,1
0712_row_00027350,ɛ,09繁昌,01繁阳,繁昌繁阳吴宗峻单字,8,2,i,0.9142854,0.0033491137,0.010868731,0.9142854,0.00029844476,0.0031490666,0.031199584,5.283173e-05,0.03032558,0.0064711957,i,0.9142854,0,1
0712_row_00027351,ə,09繁昌,01繁阳,繁昌繁阳吴宗峻单字,7,4,u,0.67223114,0.0743401,0.0022404166,0.0056202477,0.0122516705,0.67223114,0.20833202,0.00017307028,0.024728298,8.30675e-05,u,0.67223114,0,1
0712_row_00027352,ə,09繁昌,01繁阳,繁昌繁阳吴宗峻单字,7,1,e,0.43100265,0.02700565,0.43100265,0.02873505,0.061876003,0.33167702,0.019663794,0.0056343814,0.08269025,0.011715163,e,0.43100265,0,1
0712_row_00027353,ə,09繁昌,01繁阳,繁昌繁阳吴宗峻单字,7,7,ə,0.26815313,0.04441069,0.13131903,0.23277594,0.023452282,0.047514886,0.19495946,0.001178816,0.26815313,0.056235746,ə,0.26815313,0,1
0712_row_00027354,ə,09繁昌,01繁阳,繁昌繁阳吴宗峻单字,7,2,i,0.71797544,0.0027641177,0.007864175,0.71797544,0.012185727,3.2877513e-05,0.24968794,3.0027613e-05,0.006745205,0.002714513,i,0.71797544,0,1
0712_row_00027355,ɛ,09繁昌,01繁阳,繁昌繁阳吴宗峻单字,8,2,i,0.9846736,0.00011726499,0.005047482,0.9846736,1.5110051e-05,0.0013405135,0.0077735987,9.0935583e-07,0.0008020569,0.00022940218,i,0.9846736,0,1
0712_row_00027356,ə,09繁昌,01繁阳,繁昌繁阳吴宗峻单字,7,2,i,0.99027354,0.00024860594,0.0007925184,0.99027354,1.09699495e-05,0.00014204925,0.006137517,6.8456404e-07,0.0021972964,0.00019675128,i,0.99027354,0,1
0712_row_00027357,a,09繁昌,01繁阳,繁昌繁阳吴宗峻单字,0,0,a,0.99760276,0.99760276,7.665161e-05,5.484892e-05,0.0010627013,0.0002346186,3.603772e-07,0.000178958,0.00076317356,2.594378e-05,a,0.99760276,0,1
0712_row_00027358,a,09繁昌,01繁阳,繁昌繁阳吴宗峻单字,0,0,a,0.99340785,0.99340785,0.00089454674,3.2766857e-05,0.0009573899,0.0012215262,1.1208128e-06,5.233972e-05,0.0029858446,0.00044654755,a,0.99340785,0,1
0712_row_00027359,a,09繁昌,01繁阳,繁昌繁阳吴宗峻单字,0,0,a,0.9895336,0.9895336,0.0014279762,2.0550327e-05,0.00054763805,0.00091643486,1.1514917e-06,2.984255e-05,0.0070961984,0.000426517,a,0.9895336,0,1
0712_row_00027360,a,09繁昌,01繁阳,繁昌繁阳吴宗峻单字,0,0,a,0.96506506,0.96506506,0.008323921,4.134763e-05,0.0008136313,0.0024187884,6.61834e-06,7.2918105e-05,0.015189874,0.008067824,a,0.96506506,0,1
0712_row_00027361,u,09繁昌,01繁阳,繁昌繁阳吴宗峻单字,4,4,u,0.49768677,0.03446361,0.0024673254,0.0011128746,0.42993605,0.49768677,0.02304275,0.0012465833,0.009964508,7.95104e-05,u,0.49768677,0,1
0712_row_00027362,u,09繁昌,01繁阳,繁昌繁阳吴宗峻单字,4,3,o,0.91830605,0.008621562,0.00022297827,8.883837e-05,0.91830605,0.06981595,0.0024682882,0.00023783658,0.00023718286,1.3569622e-06,o,0.91830605,0,1
0712_row_00027363,u,09繁昌,01繁阳,繁昌繁阳吴宗峻单字,4,4,u,0.84798074,0.013474185,0.002968944,0.0016960722,0.07701811,0.84798074,0.02998773,0.000839356,0.025830425,0.00020440026,u,0.84798074,0,1
0712_row_00027364,u,09繁昌,01繁阳,繁昌繁阳吴宗峻单字,4,4,u,0.7070196,0.011116977,0.010513524,0.017224932,0.04513815,0.7070196,0.023357682,0.00017740598,0.18519069,0.00026102245,u,0.7070196,0,1
0712_row_00027365,u,09繁昌,01繁阳,繁昌繁阳吴宗峻单字,4,3,o,0.597872,0.0666147,0.0006584571,0.00025505418,0.597872,0.31582278,0.016449569,0.00026608485,0.0020198175,4.1555923e-05,o,0.597872,0,1
0712_row_00027366,u,09繁昌,01繁阳,繁昌繁阳吴宗峻单字,4,4,u,0.65673643,0.029656034,0.0030868056,0.00036312416,0.17110118,0.65673643,0.13172285,0.00018664838,0.006999979,0.00014697779,u,0.65673643,0,1
0712_row_00027367,u,09繁昌,01繁阳,繁昌繁阳吴宗峻单字,4,4,u,0.7820541,0.020488849,0.0067544244,0.00037527047,0.012547237,0.7820541,0.16853766,6.54487e-05,0.008752991,0.00042395195,u,0.7820541,0,1
0712_row_00027368,u,09繁昌,01繁阳,繁昌繁阳吴宗峻单字,4,4,u,0.61233926,0.01848928,0.002884863,0.00087757927,0.24981004,0.61233926,0.112676,0.00017189978,0.0027118488,3.9248724e-05,u,0.61233926,0,1
0712_row_00027369,y,09繁昌,01繁阳,繁昌繁阳吴宗峻单字,5,3,o,0.97078717,0.00015556364,0.0001890704,0.00040934133,0.97078717,4.4199103e-05,0.02838298,1.4722501e-06,2.8343187e-05,1.8085959e-06,o,0.97078717,0,1
0712_row_00027370,y,09繁昌,01繁阳,繁昌繁阳吴宗峻单字,5,5,y,0.99389064,1.9760437e-05,0.00024839645,0.0009796736,0.0015608188,0.0025264078,0.99389064,7.622029e-07,0.00077119714,2.2087613e-06,y,0.99389064,0,1
0712_row_00027371,u,09繁昌,01繁阳,繁昌繁阳吴宗峻单字,4,4,u,0.65844005,0.014332102,0.010224806,0.02313491,0.20653448,0.65844005,0.03304557,0.00050200435,0.05364531,0.00014085205,u,0.65844005,0,1
0712_row_00027372,u,09繁昌,01繁阳,繁昌繁阳吴宗峻单字,4,4,u,0.736643,0.008486333,0.0012462602,0.00054849527,0.08725627,0.736643,0.15342519,0.00013311711,0.0121627785,9.8557735e-05,u,0.736643,0,1
0712_row_00027373,u,09繁昌,01繁阳,繁昌繁阳吴宗峻单字,4,4,u,0.8723019,0.002806598,5.471802e-05,0.00039892714,0.08154482,0.8723019,0.040854305,8.312836e-05,0.001953338,2.2977947e-06,u,0.8723019,0,1
0712_row_00027374,o,09繁昌,01繁阳,繁昌繁阳吴宗峻单字,3,4,u,0.75469536,0.0066796113,0.0008075156,0.00031213692,0.04795244,0.75469536,0.17348081,7.20533e-05,0.015910318,8.9744666e-05,u,0.75469536,0,1
0712_row_00027375,u,09繁昌,01繁阳,繁昌繁阳吴宗峻单字,4,4,u,0.7090891,0.039566223,0.00075868383,0.00016899548,0.16005334,0.7090891,0.00748287,0.0004559646,0.08222775,0.00019700281,u,0.7090891,0,1
0712_row_00027376,u,09繁昌,01繁阳,繁昌繁阳吴宗峻单字,4,4,u,0.7894388,0.017341243,0.002185727,0.0015742917,0.06281204,0.7894388,0.06481332,0.00018694025,0.060733125,0.00091461587,u,0.7894388,0,1
0712_row_00027377,u,09繁昌,01繁阳,繁昌繁阳吴宗峻单字,4,4,u,0.8003193,0.013985584,0.00030134825,0.00031639053,0.11157678,0.8003193,0.065552816,0.00014246702,0.0077738636,3.141744e-05,u,0.8003193,0,1
0712_row_00027378,y,09繁昌,01繁阳,繁昌繁阳吴宗峻单字,5,5,y,0.9173698,7.7391116e-05,0.00013754272,0.0023881514,0.002337425,0.071522884,0.9173698,6.128622e-06,0.006146357,1.4396543e-05,y,0.9173698,0,1
0712_row_00027379,y,09繁昌,01繁阳,繁昌繁阳吴宗峻单字,5,5,y,0.90575504,0.00034915723,0.0005383267,0.00097869,0.0067956573,0.071990624,0.90575504,6.3280418e-06,0.013575978,1.0124059e-05,y,0.90575504,0,1
0712_row_00027380,y,09繁昌,01繁阳,繁昌繁阳吴宗峻单字,5,2,i,0.882649,0.0005807669,0.0053980644,0.882649,0.000117961645,0.006728663,0.09856399,1.966667e-05,0.003549429,0.0023923677,i,0.882649,0,1
0712_row_00027381,y,09繁昌,01繁阳,繁昌繁阳吴宗峻单字,5,5,y,0.61727834,0.0012769225,0.00041066436,0.0032401916,0.018191392,0.3473115,0.61727834,3.9651426e-05,0.012195555,5.566464e-05,y,0.61727834,0,1
0712_row_00027383,y,09繁昌,01繁阳,繁昌繁阳吴宗峻单字,5,4,u,0.6176918,0.001102641,0.0011978772,0.002314008,0.02502252,0.6176918,0.34515715,2.4174997e-05,0.0074153384,7.4487805e-05,u,0.6176918,0,1
0712_row_00027385,y,09繁昌,01繁阳,繁昌繁阳吴宗峻单字,5,4,u,0.61710376,0.00036843133,0.00017999919,0.0021216625,0.001091502,0.61710376,0.3784984,3.0527367e-06,0.00060142466,3.176063e-05,u,0.61710376,0,1
0712_row_00027386,y,09繁昌,01繁阳,繁昌繁阳吴宗峻单字,5,4,u,0.6475731,0.0003110134,0.00023706684,0.0004950651,0.0020827788,0.6475731,0.34871602,3.5976914e-06,0.00057188276,9.464598e-06,u,0.6475731,0,1
0712_row_00027387,y,09繁昌,01繁阳,繁昌繁阳吴宗峻单字,5,4,u,0.6631808,0.00062006514,0.0008260544,0.0055952603,0.0016462079,0.6631808,0.3273454,9.286131e-06,0.0006976338,7.930719e-05,u,0.6631808,0,1
0712_row_00027388,u,09繁昌,01繁阳,繁昌繁阳吴宗峻单字,4,4,u,0.7299704,0.005198933,0.0017009595,0.0003997871,0.038653012,0.7299704,0.21797606,4.577605e-05,0.006004349,5.0803894e-05,u,0.7299704,0,1
0712_row_00027389,y,09繁昌,01繁阳,繁昌繁阳吴宗峻单字,5,4,u,0.72775847,0.0011511742,0.00023281273,0.00024262734,0.005401324,0.72775847,0.2643582,5.4620778e-06,0.0008427156,7.2111534e-06,u,0.72775847,0,1
0712_row_00027390,y,09繁昌,01繁阳,繁昌繁阳吴宗峻单字,5,5,y,0.7267773,0.0005811474,0.00017880416,0.0011579175,0.008276716,0.25370067,0.7267773,9.9408935e-06,0.009307546,9.868651e-06,y,0.7267773,0,1
0712_row_00027391,u,09繁昌,01繁阳,繁昌繁阳吴宗峻单字,4,4,u,0.602641,0.05474347,0.017593341,0.0026102518,0.13918117,0.602641,0.05330586,0.00076651183,0.12662709,0.0025312712,u,0.602641,0,1
0712_row_00027392,u,09繁昌,01繁阳,繁昌繁阳吴宗峻单字,4,4,u,0.6535015,0.03756537,0.016864138,0.00162308,0.13763097,0.6535015,0.06995886,0.00050409354,0.080360994,0.0019910093,u,0.6535015,0,1
0712_row_00027393,u,09繁昌,01繁阳,繁昌繁阳吴宗峻单字,4,4,u,0.6854424,0.0016118975,0.00038503073,0.00023487677,0.02778473,0.6854424,0.28008914,2.3596462e-05,0.0044016805,2.6679074e-05,u,0.6854424,0,1
0712_row_00027394,u,09繁昌,01繁阳,繁昌繁阳吴宗峻单字,4,4,u,0.8559094,0.003037466,0.000103641,0.00025983038,0.058637902,0.8559094,0.076666534,5.257062e-05,0.0053183124,1.428108e-05,u,0.8559094,0,1
0712_row_00027395,u,09繁昌,01繁阳,繁昌繁阳吴宗峻单字,4,3,o,0.8674478,0.03584405,0.0007440499,9.158038e-05,0.8674478,0.08936488,0.0054822685,6.608515e-05,0.00090088614,5.8436686e-05,o,0.8674478,0,1
0712_row_00027396,u,09繁昌,01繁阳,繁昌繁阳吴宗峻单字,4,4,u,0.49714163,0.0022450376,0.0022375342,0.009316661,0.04069531,0.49714163,0.4159992,7.927574e-05,0.032114103,0.00017122824,u,0.49714163,0,1
0712_row_00027397,u,09繁昌,01繁阳,繁昌繁阳吴宗峻单字,4,4,u,0.8071754,0.021690708,0.006052346,0.001508886,0.053487364,0.8071754,0.064543165,0.0005150662,0.04357552,0.0014515036,u,0.8071754,0,1
0712_row_00027398,u,09繁昌,01繁阳,繁昌繁阳吴宗峻单字,4,4,u,0.4412127,0.13597417,0.03916601,0.0020638006,0.22208093,0.4412127,0.03945113,0.0015133333,0.109244846,0.009293018,u,0.4412127,0,1
0712_row_00027399,y,09繁昌,01繁阳,繁昌繁阳吴宗峻单字,5,5,y,0.9355166,0.00030891557,0.00021351418,0.00062765187,0.004664531,0.04948566,0.9355166,2.874057e-06,0.00917471,5.527683e-06,y,0.9355166,0,1
0712_row_00027400,y,09繁昌,01繁阳,繁昌繁阳吴宗峻单字,5,5,y,0.49744087,0.0015746366,0.00025663694,0.002766097,0.009498233,0.48190594,0.49744087,1.1202986e-05,0.0065353173,1.10533065e-05,y,0.49744087,0,1
0712_row_00027401,y,09繁昌,01繁阳,繁昌繁阳吴宗峻单字,5,5,y,0.99304175,2.0454596e-05,0.0005354984,0.0011518733,0.0029523238,0.00074871734,0.99304175,8.02387e-07,0.001544754,3.7132263e-06,y,0.99304175,0,1
0712_row_00027402,y,09繁昌,01繁阳,繁昌繁阳吴宗峻单字,5,5,y,0.9937816,1.7232185e-05,0.0007738446,0.00094905414,0.0020230005,0.0014915938,0.9937816,7.3836566e-07,0.00096066034,2.3004309e-06,y,0.9937816,0,1
0712_row_00027403,y,09繁昌,01繁阳,繁昌繁阳吴宗峻单字,5,5,y,0.99526346,1.9278223e-05,0.0005312826,0.0010281465,0.0018805497,0.0006069586,0.99526346,4.3810985e-07,0.0006682184,1.7107949e-06,y,0.99526346,0,1
0712_row_00027404,a,09繁昌,01繁阳,繁昌繁阳吴宗峻单字,0,0,a,0.77603835,0.77603835,0.016704148,0.094774164,0.00016413696,0.10594639,0.0002083825,1.144664e-05,0.003558084,0.002594917,a,0.77603835,0,1
0712_row_00027405,a,09繁昌,01繁阳,繁昌繁阳吴宗峻单字,0,0,a,0.7819364,0.7819364,0.02852415,0.0081885755,0.0027151527,0.15379946,0.0011623283,0.0001256695,0.0046583847,0.018889919,a,0.7819364,0,1
0712_row_00027406,a,09繁昌,01繁阳,繁昌繁阳吴宗峻单字,0,0,a,0.5090476,0.5090476,0.020725789,0.15432784,0.0027000064,0.16632676,0.010036972,0.00049719104,0.020225622,0.116112165,a,0.5090476,0,1
0712_row_00027407,a,09繁昌,01繁阳,繁昌繁阳吴宗峻单字,0,0,a,0.524585,0.524585,0.018030722,0.21512538,0.0009691255,0.18921156,0.012333513,5.3041946e-05,0.002716882,0.03697473,a,0.524585,0,1
0712_row_00027408,e,09繁昌,01繁阳,繁昌繁阳吴宗峻单字,1,1,e,0.6394953,0.02464703,0.6394953,0.02983617,0.019816328,0.26561338,0.0027887821,0.0005545167,0.016678374,0.0005701216,e,0.6394953,0,1
0712_row_00027409,a,09繁昌,01繁阳,繁昌繁阳吴宗峻单字,0,0,a,0.9108339,0.9108339,0.06140561,0.0060455906,0.00045408073,0.011435502,9.859522e-05,2.289957e-05,0.0014018334,0.008301862,a,0.9108339,0,1
0712_row_00027410,ɛ,09繁昌,01繁阳,繁昌繁阳吴宗峻单字,8,8,ɛ,0.99453366,0.005204976,0.00018733992,5.2780424e-06,9.824397e-07,1.7824432e-06,2.1335018e-05,1.6086378e-08,4.46649e-05,0.99453366,ɛ,0.99453366,0,1
0712_row_00027411,a,09繁昌,01繁阳,繁昌繁阳吴宗峻单字,0,0,a,0.7809258,0.7809258,0.06432976,0.00653685,6.27513e-05,0.00062899257,0.0001686859,9.594642e-06,0.0005128907,0.14682463,a,0.7809258,0,1
0712_row_00027412,ɛ,09繁昌,01繁阳,繁昌繁阳吴宗峻单字,8,8,ɛ,0.98426247,0.015514613,9.6159856e-05,6.40304e-06,7.736733e-07,2.2282077e-06,1.2637063e-05,6.4579413e-09,0.00010467561,0.98426247,ɛ,0.98426247,0,1
0712_row_00027413,ɛ,09繁昌,01繁阳,繁昌繁阳吴宗峻单字,8,8,ɛ,0.97949106,0.02024702,0.0001366992,1.3222118e-05,3.2615121e-06,5.333494e-06,1.8352857e-05,1.6453301e-08,8.503117e-05,0.97949106,ɛ,0.97949106,0,1
0712_row_00027414,ɛ,09繁昌,01繁阳,繁昌繁阳吴宗峻单字,8,8,ɛ,0.5587893,0.37872696,0.054172013,0.0013999593,9.2060625e-05,0.006107244,8.267637e-05,3.679488e-05,0.0005928598,0.5587893,ɛ,0.5587893,0,1
0712_row_00027415,e,09繁昌,01繁阳,繁昌繁阳吴宗峻单字,1,8,ɛ,0.5283707,0.39223534,0.06661931,0.00533699,5.825417e-05,0.006185346,0.00013590822,5.4383827e-06,0.001052763,0.5283707,ɛ,0.5283707,0,1
0712_row_00027416,a,09繁昌,01繁阳,繁昌繁阳吴宗峻单字,0,0,a,0.7155276,0.7155276,0.07212176,0.0034479103,0.0014106259,0.18800226,0.0006981855,0.00024988397,0.013918733,0.004623024,a,0.7155276,0,1
0712_row_00027417,i,09繁昌,01繁阳,繁昌繁阳吴宗峻单字,2,2,i,0.9402506,0.0002573677,0.025119023,0.9402506,2.6485495e-05,0.0016656049,0.02100622,1.799187e-06,0.011376826,0.00029610246,i,0.9402506,0,1
0712_row_00027418,i,09繁昌,01繁阳,繁昌繁阳吴宗峻单字,2,2,i,0.99495137,0.00027412575,0.00071917626,0.99495137,7.2239586e-06,7.954852e-05,0.0027290748,4.6744003e-07,0.00096163474,0.00027740255,i,0.99495137,0,1
0712_row_00027419,i,09繁昌,01繁阳,繁昌繁阳吴宗峻单字,2,2,i,0.90863204,0.00029285942,0.02842046,0.90863204,0.00011574858,0.0011657539,0.058993213,3.1663203e-06,0.0019990255,0.00037784493,i,0.90863204,0,1
0712_row_00027420,i,09繁昌,01繁阳,繁昌繁阳吴宗峻单字,2,2,i,0.98848337,9.491711e-05,0.00035790744,0.98848337,9.6047825e-06,0.00029745407,0.009109957,1.1876264e-06,0.0015303645,0.00011522623,i,0.98848337,0,1
0712_row_00027421,i,09繁昌,01繁阳,繁昌繁阳吴宗峻单字,2,2,i,0.47258455,0.10776082,0.31554267,0.47258455,0.03803669,0.037090424,0.007700819,0.0008981815,0.019697873,0.00068802916,i,0.47258455,0,1
0712_row_00027422,i,09繁昌,01繁阳,繁昌繁阳吴宗峻单字,2,2,i,0.9937477,3.265987e-05,0.001127317,0.9937477,4.1581566e-06,0.0012898684,0.0035070085,9.432105e-07,0.00012280136,0.00016754282,i,0.9937477,0,1
0712_row_00027423,i,09繁昌,01繁阳,繁昌繁阳吴宗峻单字,2,2,i,0.9295328,0.00035945166,0.021076458,0.9295328,0.00011146873,0.01158676,0.032731414,6.186908e-06,0.003763642,0.00083171733,i,0.9295328,0,1
0712_row_00027424,i,09繁昌,01繁阳,繁昌繁阳吴宗峻单字,2,2,i,0.99514306,6.123798e-05,0.0024768575,0.99514306,2.6377677e-06,0.0006951758,0.0012300488,3.4125438e-07,0.0002607164,0.00012990304,i,0.99514306,0,1
0712_row_00027425,i,09繁昌,01繁阳,繁昌繁阳吴宗峻单字,2,2,i,0.991952,4.9886086e-05,0.0030371856,0.991952,6.2984177e-06,0.00010248932,0.004068805,2.7449582e-07,0.00070896646,7.402142e-05,i,0.991952,0,1
0712_row_00027426,i,09繁昌,01繁阳,繁昌繁阳吴宗峻单字,2,2,i,0.9733453,0.00015128811,0.0049341014,0.9733453,3.121495e-05,0.00019694805,0.018416658,1.7881757e-06,0.0028081317,0.000114612536,i,0.9733453,0,1
0712_row_00027427,i,09繁昌,01繁阳,繁昌繁阳吴宗峻单字,2,2,i,0.9764632,5.200904e-05,0.011488049,0.9764632,1.19959395e-05,0.000510717,0.010287494,5.29527e-07,0.0010032858,0.00018255682,i,0.9764632,0,1
0712_row_00027428,i,09繁昌,01繁阳,繁昌繁阳吴宗峻单字,2,2,i,0.9816597,0.00061057904,0.0007756049,0.9816597,1.5466156e-05,0.0008513988,0.014051089,2.3064017e-06,0.0008804316,0.0011533934,i,0.9816597,0,1
0712_row_00027429,i,09繁昌,01繁阳,繁昌繁阳吴宗峻单字,2,2,i,0.97392523,0.00015151085,0.0007268201,0.97392523,1.6507274e-05,0.0018360749,0.021952562,3.8994767e-06,0.0005277925,0.0008595208,i,0.97392523,0,1
0712_row_00027430,i,09繁昌,01繁阳,繁昌繁阳吴宗峻单字,2,2,i,0.9708184,0.0012778229,0.0010381985,0.9708184,3.8417653e-05,0.004414109,0.018857721,6.2079152e-06,0.0029229743,0.0006259968,i,0.9708184,0,1
0712_row_00027431,i,09繁昌,01繁阳,繁昌繁阳吴宗峻单字,2,2,i,0.9007806,0.00069553906,0.003471249,0.9007806,6.598263e-05,0.0069307988,0.08199118,2.056843e-05,0.004219676,0.0018242834,i,0.9007806,0,1
0712_row_00027432,i,09繁昌,01繁阳,繁昌繁阳吴宗峻单字,2,2,i,0.95699906,0.0004063103,0.00040139575,0.95699906,2.1984732e-05,0.0018294516,0.03730048,5.724306e-06,0.0008270159,0.0022085875,i,0.95699906,0,1
0712_row_00027433,i,09繁昌,01繁阳,繁昌繁阳吴宗峻单字,2,2,i,0.98495597,0.00023838512,0.0008548012,0.98495597,1.04393475e-05,0.0010331547,0.011269912,2.139154e-06,0.0005983647,0.0010368229,i,0.98495597,0,1
0712_row_00027434,e,09繁昌,01繁阳,繁昌繁阳吴宗峻单字,1,1,e,0.91357857,0.003324225,0.91357857,0.045764927,0.00090551714,0.03455207,0.001007659,0.00018990847,0.0006615909,1.5667509e-05,e,0.91357857,0,1
0712_row_00027435,e,09繁昌,01繁阳,繁昌繁阳吴宗峻单字,1,1,e,0.8430171,0.010595062,0.8430171,0.09113344,0.0055965004,0.04573977,0.0011546526,0.00026495295,0.0024507123,4.7742386e-05,e,0.8430171,0,1
0712_row_00027436,e,09繁昌,01繁阳,繁昌繁阳吴宗峻单字,1,1,e,0.9821259,0.0007546514,0.9821259,0.005444497,0.000105338775,0.010757167,5.7948568e-05,0.00034676256,0.00040295636,4.9182913e-06,e,0.9821259,0,1
0712_row_00027437,u,09繁昌,01繁阳,繁昌繁阳吴宗峻单字,4,1,e,0.42231745,0.036906343,0.42231745,0.11326451,0.03833044,0.25486585,0.0050242175,0.00077583105,0.12749974,0.0010155399,e,0.42231745,0,1
0712_row_00027438,e,09繁昌,01繁阳,繁昌繁阳吴宗峻单字,1,1,e,0.6985605,0.024179885,0.6985605,0.0047007175,0.01824189,0.24314676,0.00126923,0.009506086,0.00034927588,4.568814e-05,e,0.6985605,0,1
0712_row_00027439,e,09繁昌,01繁阳,繁昌繁阳吴宗峻单字,1,1,e,0.787629,0.00045984963,0.787629,0.00011945493,0.00039826173,0.21083684,0.00022988395,4.5686695e-05,0.00026618803,1.4824478e-05,e,0.787629,0,1
0712_row_00027440,u,09繁昌,01繁阳,繁昌繁阳吴宗峻单字,4,1,e,0.8533568,0.0054814387,0.8533568,0.0002209421,0.0011468685,0.13649382,0.00037260615,0.00019033381,0.0025543903,0.00018281842,e,0.8533568,0,1
0712_row_00027441,a,09繁昌,01繁阳,繁昌繁阳吴宗峻单字,0,0,a,0.82714754,0.82714754,0.0058079055,0.00027052406,0.13983296,0.023389684,0.00020026277,0.0011762534,0.0018261682,0.00034866744,a,0.82714754,0,1
0712_row_00027442,u,09繁昌,01繁阳,繁昌繁阳吴宗峻单字,4,1,e,0.9054009,0.00096675,0.9054009,0.000115909366,0.0002901754,0.09227825,0.00017834258,0.00011491887,0.00062687986,2.7930266e-05,e,0.9054009,0,1
0712_row_00027443,a,09繁昌,01繁阳,繁昌繁阳吴宗峻单字,0,0,a,0.94309646,0.94309646,0.0050663943,8.580792e-05,0.0006971862,0.03549001,1.9431849e-05,4.7432943e-05,0.0144587215,0.0010385341,a,0.94309646,0,1
0712_row_00027444,a,09繁昌,01繁阳,繁昌繁阳吴宗峻单字,0,0,a,0.8831841,0.8831841,0.035115313,0.000128631,0.00249002,0.062080674,9.352886e-05,0.00012535529,0.0143137975,0.0024685534,a,0.8831841,0,1
0712_row_00027445,a,09繁昌,01繁阳,繁昌繁阳吴宗峻单字,0,0,a,0.99097276,0.99097276,0.0011828118,0.00013429562,0.0012987307,0.0011422614,3.6884853e-06,4.6147838e-05,0.003711731,0.001507727,a,0.99097276,0,1
0712_row_00027447,a,09繁昌,01繁阳,繁昌繁阳吴宗峻单字,0,0,a,0.9753294,0.9753294,0.004523316,4.865889e-05,0.00067073014,0.0052710194,3.7640157e-06,5.7622627e-05,0.01320542,0.000890106,a,0.9753294,0,1
0712_row_00027448,a,09繁昌,01繁阳,繁昌繁阳吴宗峻单字,0,0,a,0.9747834,0.9747834,0.0045330105,7.2121686e-05,0.00022908491,0.008778134,2.1150713e-06,1.6080927e-05,0.0098467525,0.0017392762,a,0.9747834,0,1
0712_row_00027449,e,09繁昌,01繁阳,繁昌繁阳吴宗峻单字,1,1,e,0.8348553,0.0059054564,0.8348553,0.002184866,0.0026101635,0.023973526,0.00010945307,0.00014292316,0.13001332,0.00020497492,e,0.8348553,0,1
0712_row_00027450,e,09繁昌,01繁阳,繁昌繁阳吴宗峻单字,1,1,e,0.7851667,0.0036851226,0.7851667,0.00025730507,0.004728913,0.20199394,0.0031089394,0.0008339548,0.00019319437,3.197378e-05,e,0.7851667,0,1
0712_row_00027451,e,09繁昌,01繁阳,繁昌繁阳吴宗峻单字,1,1,e,0.96563095,0.0025966922,0.96563095,0.0018831161,0.0004054465,0.00959789,6.812021e-05,8.3334555e-05,0.01969198,4.24014e-05,e,0.96563095,0,1
0712_row_00027452,e,09繁昌,01繁阳,繁昌繁阳吴宗峻单字,1,1,e,0.74077845,0.0009899739,0.74077845,0.00011468346,0.0028310234,0.2546454,0.0005215356,9.1414266e-05,2.3779547e-05,3.7412317e-06,e,0.74077845,0,1
0712_row_00027453,e,09繁昌,01繁阳,繁昌繁阳吴宗峻单字,1,1,e,0.9542105,0.00071314315,0.9542105,0.0142552825,4.630474e-05,0.029911697,0.00025101405,0.00028474533,0.00031827678,9.007265e-06,e,0.9542105,0,1
0712_row_00027454,i,09繁昌,01繁阳,繁昌繁阳吴宗峻单字,2,2,i,0.8855948,0.0006348329,0.05270481,0.8855948,0.00011043699,0.01687793,0.036228642,7.173758e-06,0.006713378,0.0011280376,i,0.8855948,0,1
0712_row_00027455,i,09繁昌,01繁阳,繁昌繁阳吴宗峻单字,2,5,y,0.7022876,0.0058012567,0.0069327014,0.03798629,0.008189222,0.20385358,0.7022876,0.00017030266,0.034314156,0.00046483803,y,0.7022876,0,1
0712_row_00027456,i,09繁昌,01繁阳,繁昌繁阳吴宗峻单字,2,2,i,0.39243847,0.0015525253,0.020707905,0.39243847,0.0026545385,0.22324798,0.34918186,4.047502e-05,0.008967551,0.0012086913,i,0.39243847,0,1
0712_row_00027457,i,09繁昌,01繁阳,繁昌繁阳吴宗峻单字,2,5,y,0.7206111,0.00081743073,0.0026765128,0.097519316,0.0033967947,0.16596583,0.7206111,8.7800574e-05,0.008245164,0.0006800415,y,0.7206111,0,1
0712_row_00027458,i,09繁昌,01繁阳,繁昌繁阳吴宗峻单字,2,2,i,0.94572276,0.050858866,0.0002095226,0.94572276,0.0007756564,0.00024075551,0.0019164897,7.587765e-06,0.00021637323,5.2025436e-05,i,0.94572276,0,1
0712_row_00027459,i,09繁昌,01繁阳,繁昌繁阳吴宗峻单字,2,2,i,0.9892358,0.000104265026,0.0014691434,0.9892358,7.615897e-06,0.0008065976,0.007415555,9.0270004e-07,0.0003317453,0.00062827166,i,0.9892358,0,1
0712_row_00027460,i,09繁昌,01繁阳,繁昌繁阳吴宗峻单字,2,2,i,0.9827231,0.00013990948,0.00045149852,0.9827231,1.0249949e-05,0.0009755069,0.0143821025,2.282732e-06,0.00036538384,0.0009500307,i,0.9827231,0,1
0712_row_00027461,i,09繁昌,01繁阳,繁昌繁阳吴宗峻单字,2,2,i,0.98026717,0.00022388967,0.0035608716,0.98026717,2.2101627e-05,0.0007032915,0.012872422,1.923266e-06,0.0016600997,0.0006882569,i,0.98026717,0,1
0712_row_00027462,i,09繁昌,01繁阳,繁昌繁阳吴宗峻单字,2,2,i,0.90496963,0.0004433252,0.029901717,0.90496963,8.978234e-05,0.009186196,0.045715474,1.4676357e-05,0.008124393,0.0015547937,i,0.90496963,0,1
0712_row_00027463,i,09繁昌,01繁阳,繁昌繁阳吴宗峻单字,2,2,i,0.91910625,0.0003184956,0.019353505,0.91910625,6.885664e-05,0.010143052,0.0427409,1.5899224e-05,0.0074771666,0.0007758798,i,0.91910625,0,1
0712_row_00027464,i,09繁昌,01繁阳,繁昌繁阳吴宗峻单字,2,1,e,0.4838559,0.0066345115,0.4838559,0.37411577,0.0013783278,0.047219202,0.0029586277,0.00011930487,0.08308616,0.0006321247,e,0.4838559,0,1
0712_row_00027465,e,09繁昌,01繁阳,繁昌繁阳吴宗峻单字,1,1,e,0.97740865,0.0023429948,0.97740865,0.010130849,0.0003365026,0.0076353676,0.000110122855,0.0015405352,0.0004888215,6.207625e-06,e,0.97740865,0,1
0712_row_00027466,i,09繁昌,01繁阳,繁昌繁阳吴宗峻单字,2,2,i,0.9905566,0.00012886955,0.004665236,0.9905566,7.6132765e-06,0.00093681924,0.0032500569,6.572947e-07,0.00029579466,0.00015824141,i,0.9905566,0,1
0712_row_00027467,i,09繁昌,01繁阳,繁昌繁阳吴宗峻单字,2,2,i,0.8226828,9.426151e-05,0.009873431,0.8226828,6.685729e-05,0.0018061716,0.15942389,2.4547724e-06,0.005698144,0.00035197954,i,0.8226828,0,1
0712_row_00027468,i,09繁昌,01繁阳,繁昌繁阳吴宗峻单字,2,2,i,0.9985114,3.7543938e-05,0.000948416,0.9985114,1.160342e-06,0.00017801882,0.00025860046,8.065414e-08,5.266529e-05,1.21576995e-05,i,0.9985114,0,1
0712_row_00027469,i,09繁昌,01繁阳,繁昌繁阳吴宗峻单字,2,2,i,0.9998196,1.0387771e-05,8.8747525e-05,0.9998196,1.8307975e-07,2.7911912e-05,3.896735e-05,2.2526763e-08,1.0576207e-05,3.6398421e-06,i,0.9998196,0,1
0712_row_00027470,i,09繁昌,01繁阳,繁昌繁阳吴宗峻单字,2,2,i,0.5986089,0.0010003172,0.03130203,0.5986089,0.0005561538,0.07005689,0.28156868,2.4231533e-05,0.015965438,0.00091732526,i,0.5986089,0,1
0712_row_00027471,i,09繁昌,01繁阳,繁昌繁阳吴宗峻单字,2,5,y,0.8845225,0.00036105467,0.0007952435,0.016351499,0.0014295393,0.08676438,0.8845225,1.5955702e-05,0.00967241,8.744934e-05,y,0.8845225,0,1
0712_row_00027472,i,09繁昌,01繁阳,繁昌繁阳吴宗峻单字,2,0,a,0.5763659,0.5763659,0.005383889,0.2876057,0.0895109,0.012471595,0.02242014,0.0011011303,0.0045260834,0.0006147087,a,0.5763659,0,1
0712_row_00027473,i,09繁昌,01繁阳,繁昌繁阳吴宗峻单字,2,2,i,0.9338982,0.00079521665,0.0021456582,0.9338982,6.596536e-05,0.0084039895,0.051314805,1.5606616e-05,0.0025187877,0.0008417806,i,0.9338982,0,1
0712_row_00027474,i,09繁昌,01繁阳,繁昌繁阳吴宗峻单字,2,2,i,0.97299284,5.5763547e-05,0.005089922,0.97299284,1.9164627e-05,0.00022205662,0.020228544,6.9421026e-07,0.0012442464,0.00014680267,i,0.97299284,0,1
0712_row_00027475,i,09繁昌,01繁阳,繁昌繁阳吴宗峻单字,2,2,i,0.9989612,1.7197266e-05,0.00023951674,0.9989612,1.0827736e-06,0.00026885248,0.0004411753,1.1121139e-07,5.6237615e-05,1.4672711e-05,i,0.9989612,0,1
0712_row_00027476,i,09繁昌,01繁阳,繁昌繁阳吴宗峻单字,2,2,i,0.99936444,1.2639035e-05,0.00036217453,0.99936444,4.032782e-07,8.567089e-05,0.00012579912,7.103459e-08,4.1088682e-05,7.711629e-06,i,0.99936444,0,1
0712_row_00027477,i,09繁昌,01繁阳,繁昌繁阳吴宗峻单字,2,2,i,0.9988392,4.4312736e-05,0.0005032458,0.9988392,8.2501924e-07,0.00042840498,0.00014149005,1.5048305e-07,2.999485e-05,1.2374658e-05,i,0.9988392,0,1
0712_row_00027478,i,09繁昌,01繁阳,繁昌繁阳吴宗峻单字,2,2,i,0.9991579,4.187093e-05,0.00043221633,0.9991579,6.303237e-07,0.0002024081,0.00010665232,1.07969655e-07,4.804383e-05,1.0123426e-05,i,0.9991579,0,1
0712_row_00027479,i,09繁昌,01繁阳,繁昌繁阳吴宗峻单字,2,5,y,0.6739047,0.0010986,0.0037763063,0.17467642,0.0008556382,0.12165056,0.6739047,3.5021945e-05,0.023810517,0.00019211638,y,0.6739047,0,1
0712_row_00027480,i,09繁昌,01繁阳,繁昌繁阳吴宗峻单字,2,2,i,0.997528,0.00011326197,0.0015236813,0.997528,2.3648834e-06,0.0004331739,0.0002718859,2.4499266e-07,0.00010874528,1.8678256e-05,i,0.997528,0,1
0712_row_00027481,i,09繁昌,01繁阳,繁昌繁阳吴宗峻单字,2,2,i,0.9994209,7.159488e-06,0.00028741278,0.9994209,4.018628e-07,0.00010594593,0.0001543767,4.3854605e-08,1.4882814e-05,9.066976e-06,i,0.9994209,0,1
0712_row_00027482,i,09繁昌,01繁阳,繁昌繁阳吴宗峻单字,2,2,i,0.48575842,0.00457056,0.048765928,0.48575842,0.00231076,0.31331658,0.11088085,0.00020176095,0.030967614,0.0032274947,i,0.48575842,0,1
0712_row_00027483,i,09繁昌,01繁阳,繁昌繁阳吴宗峻单字,2,2,i,0.43680328,0.0025276593,0.016666258,0.43680328,0.001612555,0.2897966,0.22911586,0.00024465617,0.021096468,0.0021366163,i,0.43680328,0,1
0712_row_00027484,i,09繁昌,01繁阳,繁昌繁阳吴宗峻单字,2,2,i,0.8482786,0.1377868,0.0007039928,0.8482786,0.0016587687,0.0025536045,0.008073214,2.9161714e-05,0.00077078654,0.00014518986,i,0.8482786,0,1
0712_row_00027485,i,09繁昌,01繁阳,繁昌繁阳吴宗峻单字,2,2,i,0.9277658,0.00048599395,0.00059213693,0.9277658,2.4851312e-05,0.0024554618,0.0644211,9.650582e-06,0.0029819128,0.0012629995,i,0.9277658,0,1
0712_row_00027486,i,09繁昌,01繁阳,繁昌繁阳吴宗峻单字,2,2,i,0.9916556,9.571336e-05,0.0022097302,0.9916556,7.0251967e-06,0.0007928641,0.0043586013,7.9260815e-07,0.0003268161,0.0005527848,i,0.9916556,0,1
0712_row_00027487,i,09繁昌,01繁阳,繁昌繁阳吴宗峻单字,2,2,i,0.99322647,0.0005414943,0.0015169004,0.99322647,9.03346e-06,7.675549e-05,0.0030763966,3.4320564e-07,0.0014059406,0.00014662034,i,0.99322647,0,1
0712_row_00027488,i,09繁昌,01繁阳,繁昌繁阳吴宗峻单字,2,2,i,0.9845051,9.151165e-05,0.00042277467,0.9845051,1.0779535e-05,0.0015768094,0.012513666,2.1907097e-06,0.00031444576,0.0005625779,i,0.9845051,0,1
0712_row_00027489,i,09繁昌,01繁阳,繁昌繁阳吴宗峻单字,2,2,i,0.9267559,0.000338558,0.0012739528,0.9267559,3.803166e-05,0.0060751475,0.06288399,8.551344e-06,0.001622384,0.0010035218,i,0.9267559,0,1
0712_row_00027490,i,09繁昌,01繁阳,繁昌繁阳吴宗峻单字,2,2,i,0.9882139,0.00048130727,0.0017013353,0.9882139,9.90645e-06,0.0014426775,0.006459447,1.6623575e-06,0.0011482383,0.0005415267,i,0.9882139,0,1
0712_row_00027491,u,09繁昌,01繁阳,繁昌繁阳吴宗峻单字,4,4,u,0.8739549,0.015913602,0.007952089,0.00074229646,0.012553753,0.8739549,0.086743474,7.8023404e-05,0.002052361,9.532438e-06,u,0.8739549,0,1
0712_row_00027492,u,09繁昌,01繁阳,繁昌繁阳吴宗峻单字,4,4,u,0.7906238,0.0011580868,0.17943892,0.00048031742,0.025207851,0.7906238,0.0028202124,7.983109e-05,0.0001862274,4.739731e-06,u,0.7906238,0,1
0712_row_00027493,u,09繁昌,01繁阳,繁昌繁阳吴宗峻单字,4,4,u,0.9754562,0.001298136,0.0022660003,0.0005706887,0.015273441,0.9754562,0.003809767,2.3492084e-05,0.0013009505,1.2795107e-06,u,0.9754562,0,1
0712_row_00027494,u,09繁昌,01繁阳,繁昌繁阳吴宗峻单字,4,4,u,0.90516394,0.00043922424,0.087794274,0.00072062964,0.0046059377,0.90516394,0.0007915512,6.181854e-05,0.00041990165,2.7706808e-06,u,0.90516394,0,1
0712_row_00027495,u,09繁昌,01繁阳,繁昌繁阳吴宗峻单字,4,1,e,0.6698641,0.026172202,0.6698641,0.0009038518,0.03811989,0.24820697,0.010333131,0.004727253,0.0014910056,0.00018162643,e,0.6698641,0,1
0712_row_00027496,u,09繁昌,01繁阳,繁昌繁阳吴宗峻单字,4,1,e,0.7980948,0.0043349303,0.7980948,0.017406676,0.0005087223,0.17470348,0.00041754768,0.00065822667,0.003801123,7.444085e-05,e,0.7980948,0,1
0712_row_00027497,u,09繁昌,01繁阳,繁昌繁阳吴宗峻单字,4,1,e,0.78113174,0.00051293935,0.78113174,0.0010313175,0.00013841315,0.20901348,8.842539e-05,8.111445e-05,0.00798874,1.3784046e-05,e,0.78113174,0,1
0712_row_00027498,u,09繁昌,01繁阳,繁昌繁阳吴宗峻单字,4,4,u,0.9232209,0.0069150096,0.016586324,0.00018046553,0.006099283,0.9232209,0.04570726,4.0167623e-05,0.001247511,3.1551795e-06,u,0.9232209,0,1
0712_row_00027499,u,09繁昌,01繁阳,繁昌繁阳吴宗峻单字,4,1,e,0.521775,0.000838348,0.521775,0.0017817214,0.0002876681,0.47341716,0.001348375,5.834681e-05,0.00048810136,5.2818855e-06,e,0.521775,0,1
0712_row_00027500,u,09繁昌,01繁阳,繁昌繁阳吴宗峻单字,4,1,e,0.75526655,0.0004539077,0.75526655,0.00024048645,0.00018014868,0.24190517,0.00064363715,5.8268146e-05,0.0012282238,2.359861e-05,e,0.75526655,0,1
0712_row_00027501,u,09繁昌,01繁阳,繁昌繁阳吴宗峻单字,4,4,u,0.8578056,0.0002473529,0.13733885,0.0003130931,0.003338521,0.8578056,0.0008116453,2.0019419e-05,0.00012310498,1.7144195e-06,u,0.8578056,0,1
0712_row_00027502,u,09繁昌,01繁阳,繁昌繁阳吴宗峻单字,4,1,e,0.8554293,0.011570536,0.8554293,6.404705e-05,0.000547252,0.13084073,0.00030703135,0.00034048388,0.00078097614,0.00011965178,e,0.8554293,0,1
0712_row_00027503,e,09繁昌,01繁阳,繁昌繁阳吴宗峻单字,1,1,e,0.97714126,0.0013604424,0.97714126,0.0019648888,5.2060346e-05,0.0111484,5.0567054e-05,7.434364e-05,0.008162607,4.5481953e-05,e,0.97714126,0,1
0712_row_00027504,e,09繁昌,01繁阳,繁昌繁阳吴宗峻单字,1,1,e,0.98225594,0.00075529714,0.98225594,0.0022809934,7.956568e-05,0.010895676,3.5237088e-05,3.606776e-05,0.0036473817,1.3771316e-05,e,0.98225594,0,1
0712_row_00027505,e,09繁昌,01繁阳,繁昌繁阳吴宗峻单字,1,1,e,0.7848217,0.0018017486,0.7848217,0.00041004582,0.00096430595,0.21025252,0.00085625466,0.00048360473,0.00037234128,3.7474732e-05,e,0.7848217,0,1
0712_row_00027506,e,09繁昌,01繁阳,繁昌繁阳吴宗峻单字,1,1,e,0.7580657,0.003506303,0.7580657,0.00019062585,0.003641053,0.23001313,0.0036632305,0.0006129839,0.0002713138,3.5695695e-05,e,0.7580657,0,1
0712_row_00027507,u,09繁昌,01繁阳,繁昌繁阳吴宗峻单字,4,4,u,0.71089226,0.00031905447,0.2863717,0.0003094447,0.0014455272,0.71089226,0.0005563873,2.0464557e-05,8.2247054e-05,2.8736324e-06,u,0.71089226,0,1
0712_row_00027508,u,09繁昌,01繁阳,繁昌繁阳吴宗峻单字,4,1,e,0.5640963,0.007240142,0.5640963,0.00032632521,0.11598515,0.3076085,0.0040555145,0.0004885905,0.00018650616,1.29980035e-05,e,0.5640963,0,1
0712_row_00027509,u,09繁昌,01繁阳,繁昌繁阳吴宗峻单字,4,1,e,0.7699723,0.011105231,0.7699723,0.0009045087,0.0038887989,0.20816721,0.001969187,0.0028807812,0.0009572312,0.00015467244,e,0.7699723,0,1
0712_row_00027510,u,09繁昌,01繁阳,繁昌繁阳吴宗峻单字,4,1,e,0.7280347,0.0025739563,0.7280347,0.00014463102,0.008844841,0.25533375,0.004678334,0.00028253626,8.966096e-05,1.7611099e-05,e,0.7280347,0,1
0712_row_00027511,ɔ,09繁昌,01繁阳,繁昌繁阳吴宗峻单字,6,0,a,0.6028858,0.6028858,0.0006127443,9.126217e-05,0.344299,0.01490917,4.664168e-05,0.036862675,0.00028692867,5.719786e-06,a,0.6028858,0,1
0712_row_00027512,a,09繁昌,01繁阳,繁昌繁阳吴宗峻单字,0,0,a,0.94627714,0.94627714,0.001019477,6.328477e-05,0.022467876,0.0018811825,1.2783966e-05,0.027015323,0.0011743691,8.8539666e-05,a,0.94627714,0,1
0712_row_00027513,a,09繁昌,01繁阳,繁昌繁阳吴宗峻单字,0,0,a,0.5186819,0.5186819,0.007501091,0.0004129245,0.006263692,0.027448641,0.00013783782,0.31595016,0.12330548,0.0002982591,a,0.5186819,0,1
0712_row_00027514,ɔ,09繁昌,01繁阳,繁昌繁阳吴宗峻单字,6,0,a,0.9917686,0.9917686,0.0002641686,1.294799e-05,0.0006912497,3.6203473e-05,1.6868394e-06,0.002820557,0.004259667,0.00014494003,a,0.9917686,0,1
0712_row_00027515,a,09繁昌,01繁阳,繁昌繁阳吴宗峻单字,0,0,a,0.984917,0.984917,0.00029656998,8.6557455e-05,0.002444043,0.00012913368,2.679381e-06,0.009766388,0.00230608,5.1574734e-05,a,0.984917,0,1
0712_row_00027516,ɔ,09繁昌,01繁阳,繁昌繁阳吴宗峻单字,6,6,ɔ,0.6415027,0.3492689,2.5090478e-05,2.7202475e-06,0.008208281,0.00011443952,3.6002213e-08,0.6415027,0.00087738934,4.399213e-07,ɔ,0.6415027,0,1
0712_row_00027517,ɔ,09繁昌,01繁阳,繁昌繁阳吴宗峻单字,6,0,a,0.74781394,0.74781394,0.029835356,0.0003443157,0.0021934921,0.010921172,0.00012317237,0.04903349,0.15799807,0.0017370414,a,0.74781394,0,1
0712_row_00027520,a,09繁昌,01繁阳,繁昌繁阳吴宗峻单字,0,0,a,0.98260915,0.98260915,0.0012917625,7.213514e-05,0.015023392,0.00018287188,5.040046e-06,0.00012878256,6.820304e-05,0.00061876007,a,0.98260915,0,1
0712_row_00027521,a,09繁昌,01繁阳,繁昌繁阳吴宗峻单字,0,0,a,0.90785307,0.90785307,0.020910852,8.668116e-05,6.6543704e-05,0.001926394,2.9947838e-05,0.00036936498,0.0041171764,0.06463994,a,0.90785307,0,1
0712_row_00027522,a,09繁昌,01繁阳,繁昌繁阳吴宗峻单字,0,0,a,0.93248636,0.93248636,0.027577823,7.7274126e-05,0.00027243275,0.0017437602,1.7234444e-05,0.00090606505,0.020261472,0.01665758,a,0.93248636,0,1
0712_row_00027523,ɔ,09繁昌,01繁阳,繁昌繁阳吴宗峻单字,6,0,a,0.6941236,0.6941236,0.0006736517,7.2998075e-05,0.08941559,0.00052209845,9.354475e-07,0.21506032,0.00012930861,1.3732429e-06,a,0.6941236,0,1
0712_row_00027524,ɔ,09繁昌,01繁阳,繁昌繁阳吴宗峻单字,6,0,a,0.9688334,0.9688334,0.0016645067,0.000604163,0.005930424,0.003222046,1.5028633e-05,0.014729053,0.004814844,0.00018657678,a,0.9688334,0,1
0712_row_00027525,a,09繁昌,01繁阳,繁昌繁阳吴宗峻单字,0,0,a,0.9888054,0.9888054,0.002171146,0.00040625152,0.005420832,0.00010700603,1.4897638e-05,4.9483733e-05,0.00012859523,0.0028964682,a,0.9888054,0,1
0712_row_00027526,a,09繁昌,01繁阳,繁昌繁阳吴宗峻单字,0,0,a,0.5707183,0.5707183,0.01081327,0.0007634982,7.924651e-05,9.760696e-05,0.0004252911,7.8340845e-06,0.03277822,0.38431674,a,0.5707183,0,1
0712_row_00027527,a,09繁昌,01繁阳,繁昌繁阳吴宗峻单字,0,0,a,0.7316019,0.7316019,0.039772466,0.0012388476,0.0006346727,0.0015019155,0.00042231384,0.00037707415,0.07369526,0.15075557,a,0.7316019,0,1
0712_row_00027528,a,09繁昌,01繁阳,繁昌繁阳吴宗峻单字,0,0,a,0.9461872,0.9461872,0.0017328205,3.7502432e-05,0.0029739244,9.520552e-05,1.179036e-05,0.00016089337,0.0040524458,0.044748157,a,0.9461872,0,1
0712_row_00027529,a,09繁昌,01繁阳,繁昌繁阳吴宗峻单字,0,0,a,0.5942994,0.5942994,0.005642111,0.00041267503,0.0001908988,2.4408891e-05,0.00062860834,8.549867e-05,0.2730493,0.12566707,a,0.5942994,0,1
0712_row_00027530,a,09繁昌,01繁阳,繁昌繁阳吴宗峻单字,0,0,a,0.92695284,0.92695284,0.007028017,0.00016959995,8.4569205e-05,0.0001273277,5.0235023e-05,6.313912e-05,0.014984819,0.05053944,a,0.92695284,0,1
0712_row_00027531,u,09繁昌,01繁阳,繁昌繁阳吴宗峻单字,4,3,o,0.87203884,0.091532715,0.00013643966,6.331191e-05,0.87203884,0.03405628,0.00020084213,0.0016708147,0.00029999143,7.847237e-07,o,0.87203884,0,1
0712_row_00027532,o,09繁昌,01繁阳,繁昌繁阳吴宗峻单字,3,3,o,0.9872754,0.0036811884,0.0014716078,0.0005236354,0.9872754,0.00643875,0.00023525835,0.00030482523,6.7433706e-05,1.8349654e-06,o,0.9872754,0,1
0712_row_00027533,o,09繁昌,01繁阳,繁昌繁阳吴宗峻单字,3,3,o,0.99611616,0.00041672925,5.8356105e-05,1.2364767e-05,0.99611616,0.0031926536,0.0001128276,6.887705e-05,2.176198e-05,2.6018986e-07,o,0.99611616,0,1
0712_row_00027534,o,09繁昌,01繁阳,繁昌繁阳吴宗峻单字,3,3,o,0.9980567,0.00055355317,8.956761e-06,8.2056995e-06,0.9980567,0.0011048507,6.593616e-06,0.00025713022,3.951793e-06,1.04021245e-08,o,0.9980567,0,1
0712_row_00027535,o,09繁昌,01繁阳,繁昌繁阳吴宗峻单字,3,3,o,0.99796766,0.00058078987,0.00010298782,8.96129e-05,0.99796766,6.368456e-06,0.0012097915,1.2923913e-06,3.8102044e-05,3.409865e-06,o,0.99796766,0,1
0712_row_00027536,o,09繁昌,01繁阳,繁昌繁阳吴宗峻单字,3,3,o,0.99864084,0.0008268702,8.2315884e-05,1.0812487e-05,0.99864084,0.0001804038,0.00024766545,2.085218e-06,8.735517e-06,3.2094962e-07,o,0.99864084,0,1
0712_row_00027537,o,09繁昌,01繁阳,繁昌繁阳吴宗峻单字,3,2,i,0.93880767,0.0005812003,0.000680989,0.93880767,0.0060693976,0.00012198636,0.05165587,9.2143855e-06,0.0020679014,5.7615975e-06,i,0.93880767,0,1
0712_row_00027538,o,09繁昌,01繁阳,繁昌繁阳吴宗峻单字,3,3,o,0.9970325,0.0020642586,0.00022598526,2.8720311e-05,0.9970325,0.00044013752,9.824927e-05,0.00010378705,6.1151172e-06,2.1946849e-07,o,0.9970325,0,1
0712_row_00027539,o,09繁昌,01繁阳,繁昌繁阳吴宗峻单字,3,3,o,0.994697,0.0033795834,0.00032952355,4.4464814e-05,0.994697,0.0011696989,0.00016263234,0.00020166801,1.5071293e-05,3.2925007e-07,o,0.994697,0,1
0712_row_00027540,u,09繁昌,01繁阳,繁昌繁阳吴宗峻单字,4,4,u,0.6272209,0.00075604266,0.0004373662,0.000686292,0.0038837562,0.6272209,0.3658706,1.2994737e-05,0.0010991421,3.2901135e-05,u,0.6272209,0,1
0712_row_00027541,u,09繁昌,01繁阳,繁昌繁阳吴宗峻单字,4,4,u,0.64509326,0.00038901888,0.0002107644,0.001108022,0.0017948338,0.64509326,0.3507893,5.14515e-06,0.0005909887,1.8689234e-05,u,0.64509326,0,1
0712_row_00027542,u,09繁昌,01繁阳,繁昌繁阳吴宗峻单字,4,4,u,0.59776145,0.04334738,0.0029992172,0.0006511844,0.16815127,0.59776145,0.18005347,0.0005633528,0.0062751323,0.0001975654,u,0.59776145,0,1
0712_row_00027543,u,09繁昌,01繁阳,繁昌繁阳吴宗峻单字,4,4,u,0.6656528,0.0005268346,0.00028301563,0.00039741764,0.0032224816,0.6656528,0.32900128,6.0170296e-06,0.0008980315,1.2123905e-05,u,0.6656528,0,1
0712_row_00027544,o,09繁昌,01繁阳,繁昌繁阳吴宗峻单字,3,3,o,0.5731116,0.04152435,0.0008056393,0.00026454794,0.5731116,0.08618369,0.2922104,0.000102255704,0.0057719466,2.5587466e-05,o,0.5731116,0,1
0712_row_00027545,o,09繁昌,01繁阳,繁昌繁阳吴宗峻单字,3,3,o,0.7024506,0.008798554,0.0067475135,0.0053132707,0.7024506,0.006809303,0.25580394,7.65026e-05,0.013304625,0.0006956821,o,0.7024506,0,1
0712_row_00027546,o,09繁昌,01繁阳,繁昌繁阳吴宗峻单字,3,3,o,0.9947491,0.0014760674,0.00031760952,2.6210408e-05,0.9947491,0.00082651357,0.002552181,7.799863e-06,4.195059e-05,2.423381e-06,o,0.9947491,0,1
0712_row_00027547,o,09繁昌,01繁阳,繁昌繁阳吴宗峻单字,3,3,o,0.99292314,0.0035841286,0.00073871214,0.00013587163,0.99292314,0.0014959677,0.000998051,4.817897e-05,7.1543414e-05,4.454298e-06,o,0.99292314,0,1
0712_row_00027548,o,09繁昌,01繁阳,繁昌繁阳吴宗峻单字,3,3,o,0.9843113,0.006308555,0.0011806029,0.0004096473,0.9843113,0.0027473387,0.004651302,6.752766e-05,0.00030575017,1.7968598e-05,o,0.9843113,0,1
0712_row_00027549,o,09繁昌,01繁阳,繁昌繁阳吴宗峻单字,3,3,o,0.99817574,7.234323e-05,1.3495871e-05,4.0225845e-05,0.99817574,7.321096e-06,0.0016885735,3.438727e-07,1.9277898e-06,4.165662e-08,o,0.99817574,0,1
0712_row_00027550,o,09繁昌,01繁阳,繁昌繁阳吴宗峻单字,3,3,o,0.9921095,0.0035012371,0.00019505978,4.4352237e-05,0.9921095,0.00218499,0.0018034257,5.0735718e-05,0.00010473908,5.8777086e-06,o,0.9921095,0,1
0712_row_00027551,o,09繁昌,01繁阳,繁昌繁阳吴宗峻单字,3,3,o,0.9033322,0.00011594136,0.00013091638,0.00028703344,0.9033322,5.824124e-05,0.09590804,1.4241784e-06,0.0001620598,4.1509225e-06,o,0.9033322,0,1
0712_row_00027552,o,09繁昌,01繁阳,繁昌繁阳吴宗峻单字,3,3,o,0.82279927,0.00021157112,0.00039676172,0.00035437188,0.82279927,3.11742e-05,0.17588599,1.1646176e-06,0.000306236,1.3453505e-05,o,0.82279927,0,1
0712_row_00027553,o,09繁昌,01繁阳,繁昌繁阳吴宗峻单字,3,3,o,0.737248,0.00017837597,0.0005288446,0.000884237,0.737248,3.0795734e-05,0.26053232,2.2444117e-06,0.00051888794,7.630271e-05,o,0.737248,0,1
0712_row_00027554,o,09繁昌,01繁阳,繁昌繁阳吴宗峻单字,3,3,o,0.86473817,0.00025676357,0.0005435127,0.0003503567,0.86473817,3.283772e-05,0.13364682,1.5859299e-06,0.0004086631,2.1243077e-05,o,0.86473817,0,1
0712_row_00027555,o,09繁昌,01繁阳,繁昌繁阳吴宗峻单字,3,3,o,0.87787193,0.00017333131,0.0003548327,0.00039794142,0.87787193,1.5806916e-05,0.121048674,1.1107588e-06,0.00012007029,1.633047e-05,o,0.87787193,0,1
0712_row_00027556,a,09繁昌,01繁阳,繁昌繁阳吴宗峻单字,0,0,a,0.989726,0.989726,0.00010928439,0.00048785622,0.00024863062,0.0004690866,1.3859132e-05,2.3770917e-05,0.008901997,1.9416913e-05,a,0.989726,0,1
0712_row_00027557,a,09繁昌,01繁阳,繁昌繁阳吴宗峻单字,0,0,a,0.969022,0.969022,0.0005787878,0.002580463,0.00018395012,0.015427557,2.0498732e-05,8.626778e-06,0.011417602,0.00076054106,a,0.969022,0,1
0712_row_00027558,a,09繁昌,01繁阳,繁昌繁阳吴宗峻单字,0,0,a,0.57315946,0.57315946,0.002067733,0.015359826,0.010802327,0.00885104,0.079674326,0.00010864732,0.28983757,0.020139141,a,0.57315946,0,1
0712_row_00027559,a,09繁昌,01繁阳,繁昌繁阳吴宗峻单字,0,0,a,0.808816,0.808816,0.0039749057,0.12367027,0.0005086853,0.033715468,0.0015727162,5.432378e-06,0.012546712,0.015189725,a,0.808816,0,1
0712_row_00027560,a,09繁昌,01繁阳,繁昌繁阳吴宗峻单字,0,0,a,0.8472167,0.8472167,0.0007998587,0.04906128,0.0038325505,0.08971356,0.0013825869,3.9361974e-05,0.007338198,0.000615924,a,0.8472167,0,1
0712_row_00027561,a,09繁昌,01繁阳,繁昌繁阳吴宗峻单字,0,0,a,0.8624742,0.8624742,0.0013012481,0.034134164,0.00031129192,0.0011095345,0.006850226,2.3218181e-05,0.052224312,0.041571777,a,0.8624742,0,1
0712_row_00027562,a,09繁昌,01繁阳,繁昌繁阳吴宗峻单字,0,0,a,0.86756146,0.86756146,0.0008061825,0.0034980485,0.00015344982,0.00037344874,3.5813948e-05,8.080431e-07,0.0057852515,0.121785544,a,0.86756146,0,1
0712_row_00027563,a,09繁昌,01繁阳,繁昌繁阳吴宗峻单字,0,2,i,0.47379827,0.26310137,0.036622394,0.47379827,0.003058163,0.18978436,0.0057689706,0.000494035,0.02353777,0.0038346376,i,0.47379827,0,1
0712_row_00027564,a,09繁昌,01繁阳,繁昌繁阳吴宗峻单字,0,0,a,0.48267958,0.48267958,0.0010753339,0.30627176,0.00065247924,0.0091381315,0.09974757,8.760591e-05,0.08596095,0.014386563,a,0.48267958,0,1
0712_row_00027565,a,09繁昌,01繁阳,繁昌繁阳吴宗峻单字,0,0,a,0.70939904,0.70939904,0.0061516413,0.17748335,0.00025519994,0.023135832,0.0099767465,3.0185904e-05,0.0076176524,0.0659504,a,0.70939904,0,1
0712_row_00027566,a,09繁昌,01繁阳,繁昌繁阳吴宗峻单字,0,7,ə,0.36190957,0.30594143,0.04538614,0.080692746,0.00017287742,0.0003299139,0.013278683,0.00011263212,0.36190957,0.19217597,ə,0.36190957,0,1
0712_row_00027567,a,09繁昌,01繁阳,繁昌繁阳吴宗峻单字,0,8,ɛ,0.6876037,0.3006551,0.002447839,0.0017788896,8.367884e-05,0.00013476498,0.00025325804,7.9373485e-06,0.0070348624,0.6876037,ɛ,0.6876037,0,1
0712_row_00027568,i,09繁昌,01繁阳,繁昌繁阳吴宗峻单字,2,2,i,0.92660254,0.0045128753,0.028818555,0.92660254,0.00017648772,0.014387288,0.0013406789,2.7450462e-05,0.02408562,4.8455648e-05,i,0.92660254,0,1
0712_row_00027569,a,09繁昌,01繁阳,繁昌繁阳吴宗峻单字,0,4,u,0.33793437,0.33617115,0.0073373634,0.049456038,0.0019143048,0.33793437,0.16542035,0.00035665915,0.100278005,0.0011317607,u,0.33793437,0,1
0712_row_00027570,a,09繁昌,01繁阳,繁昌繁阳吴宗峻单字,0,0,a,0.70007104,0.70007104,0.0006802701,0.15835667,0.0010104589,0.02892367,0.037887156,2.0758653e-05,0.072058596,0.0009914783,a,0.70007104,0,1
0712_row_00027571,a,09繁昌,01繁阳,繁昌繁阳吴宗峻单字,0,7,ə,0.9232879,0.048729822,0.0017036016,8.6589236e-05,0.002985896,4.4140484e-06,0.012770172,2.7514038e-06,0.9232879,0.010428752,ə,0.9232879,0,1
0712_row_00027572,a,09繁昌,01繁阳,繁昌繁阳吴宗峻单字,0,2,i,0.8534901,0.040633827,0.004283652,0.8534901,0.0014841133,3.3699172e-05,0.052609637,7.695282e-06,0.043322045,0.0041350825,i,0.8534901,0,1
0712_row_00027573,a,09繁昌,01繁阳,繁昌繁阳吴宗峻单字,0,2,i,0.80951506,0.023503263,0.002463702,0.80951506,0.001032613,2.5526844e-05,0.062678084,7.744565e-06,0.098039925,0.0027340865,i,0.80951506,0,1
0712_row_00027574,ə,09繁昌,01繁阳,繁昌繁阳吴宗峻单字,7,5,y,0.43772763,0.0050549526,0.30918208,0.16988443,0.0011908199,0.029870847,0.43772763,5.2346284e-05,0.04395391,0.0030829986,y,0.43772763,0,1
0712_row_00027575,i,09繁昌,01繁阳,繁昌繁阳吴宗峻单字,2,8,ɛ,0.33166805,0.040090263,0.14477329,0.2001296,0.0011369698,0.00026411287,0.08390372,0.00022573285,0.19780828,0.33166805,ɛ,0.33166805,0,1
0712_row_00027576,a,09繁昌,01繁阳,繁昌繁阳吴宗峻单字,0,2,i,0.992863,0.0030767669,0.0019134493,0.992863,0.0002563487,3.2499487e-05,0.0017342883,1.2055751e-06,0.0001181422,4.39287e-06,i,0.992863,0,1
0712_row_00027577,i,09繁昌,01繁阳,繁昌繁阳吴宗峻单字,2,2,i,0.6468059,0.008737519,0.32109705,0.6468059,0.000500175,0.007101568,0.008217793,3.2236196e-05,0.006895026,0.0006127162,i,0.6468059,0,1
0712_row_00027578,i,09繁昌,01繁阳,繁昌繁阳吴宗峻单字,2,2,i,0.9809795,1.0186801e-05,0.00013269056,0.9809795,6.8623663e-06,1.2993274e-06,0.002969912,7.707881e-08,0.01589562,3.7802113e-06,i,0.9809795,0,1
0712_row_00027579,i,09繁昌,01繁阳,繁昌繁阳吴宗峻单字,2,2,i,0.8412264,0.00025425668,7.699862e-06,0.8412264,8.680452e-06,4.3167667e-05,0.15114504,2.6016855e-06,0.007252222,5.9879294e-05,i,0.8412264,0,1
0712_row_00027580,y,09繁昌,01繁阳,繁昌繁阳吴宗峻单字,5,2,i,0.6319537,0.00025725557,0.000118211065,0.6319537,2.7099804e-05,0.0015170635,0.29734677,2.484671e-06,0.06874305,3.4362165e-05,i,0.6319537,0,1
0712_row_00027581,a,09繁昌,01繁阳,繁昌繁阳吴宗峻单字,0,7,ə,0.90568036,0.015487752,0.00042413644,0.00016443287,0.0013733681,0.07627877,0.00058173033,5.377338e-06,0.90568036,4.063718e-06,ə,0.90568036,0,1
0712_row_00027582,i,09繁昌,01繁阳,繁昌繁阳吴宗峻单字,2,5,y,0.73105645,5.1914954e-05,0.00038729643,0.16649775,6.232909e-05,1.6555367e-05,0.73105645,8.324557e-07,0.101906866,2.0007672e-05,y,0.73105645,0,1
0712_row_00027583,i,09繁昌,01繁阳,繁昌繁阳吴宗峻单字,2,2,i,0.8792059,0.002612929,0.009252187,0.8792059,0.00057555694,0.0026911434,0.06813926,9.708209e-05,0.021215005,0.016211,i,0.8792059,0,1
0712_row_00027584,i,09繁昌,01繁阳,繁昌繁阳吴宗峻单字,2,8,ɛ,0.46603206,0.050965615,0.018397855,0.34313095,0.00077295373,0.0008395043,0.072039954,0.00032271264,0.047498424,0.46603206,ɛ,0.46603206,0,1
0712_row_00027585,a,09繁昌,01繁阳,繁昌繁阳吴宗峻单字,0,0,a,0.9655069,0.9655069,0.0006962922,0.02678585,0.0005268332,0.0017458851,3.1624724e-05,2.3737879e-05,0.0045774532,0.00010535483,a,0.9655069,0,1
0712_row_00027586,a,09繁昌,01繁阳,繁昌繁阳吴宗峻单字,0,0,a,0.7057064,0.7057064,0.00086723804,0.18124333,0.0018838957,0.07173654,0.0010242318,8.1943275e-05,0.036820468,0.00063589425,a,0.7057064,0,1
0712_row_00027587,a,09繁昌,01繁阳,繁昌繁阳吴宗峻单字,0,0,a,0.98717064,0.98717064,0.0001824852,0.00093023264,0.00020273495,0.00076971046,1.878764e-05,3.346599e-05,0.010659608,3.23513e-05,a,0.98717064,0,1
0712_row_00027588,a,09繁昌,01繁阳,繁昌繁阳吴宗峻单字,0,0,a,0.9944776,0.9944776,7.5038624e-05,5.9916958e-05,3.8034068e-05,0.00032965426,4.3677022e-07,3.8106714e-07,0.0049340758,8.4723186e-05,a,0.9944776,0,1
0712_row_00027589,a,09繁昌,01繁阳,繁昌繁阳吴宗峻单字,0,5,y,0.81343967,0.012061817,0.00223289,0.015632052,0.008226711,0.0008907615,0.81343967,1.4106694e-05,0.14728095,0.00022096255,y,0.81343967,0,1
0712_row_00027590,a,09繁昌,01繁阳,繁昌繁阳吴宗峻单字,0,2,i,0.75228566,0.010016432,0.014515618,0.75228566,0.00043673106,0.014340045,0.09027916,2.090273e-05,0.11791386,0.00019158801,i,0.75228566,0,1
0712_row_00027591,a,09繁昌,01繁阳,繁昌繁阳吴宗峻单字,0,0,a,0.9518371,0.9518371,0.011795925,0.00011553476,0.00018905707,0.0020480035,2.4364714e-05,2.7990106e-06,0.024560599,0.009426589,a,0.9518371,0,1
0712_row_00027592,a,09繁昌,01繁阳,繁昌繁阳吴宗峻单字,0,0,a,0.92385787,0.92385787,0.00027447683,0.06744163,0.00011065431,0.00078861497,0.00012299715,4.3300048e-07,0.0068708397,0.0005325213,a,0.92385787,0,1
0712_row_00027593,a,09繁昌,01繁阳,繁昌繁阳吴宗峻单字,0,0,a,0.98264486,0.98264486,0.0019077216,0.00019601131,0.0016988224,0.0024351384,3.1226953e-06,0.00024487328,0.010571124,0.00029841016,a,0.98264486,0,1
0712_row_00027594,a,09繁昌,01繁阳,繁昌繁阳吴宗峻单字,0,0,a,0.94880116,0.94880116,0.00013166116,0.0010012152,3.3926433e-05,0.00015676657,0.00020986289,2.2655531e-07,0.039761774,0.009903433,a,0.94880116,0,1
0712_row_00027595,a,09繁昌,01繁阳,繁昌繁阳吴宗峻单字,0,0,a,0.95411795,0.95411795,0.00064650556,0.022436596,0.011157045,0.002288619,0.00055056915,2.3141281e-05,0.002386297,0.0063931644,a,0.95411795,0,1
0712_row_00027596,a,09繁昌,01繁阳,繁昌繁阳吴宗峻单字,0,2,i,0.81712884,0.0061481968,0.0004522548,0.81712884,5.323409e-05,0.0011147204,0.1291732,1.9862631e-05,0.04484181,0.0010678454,i,0.81712884,0,1
0712_row_00027597,a,09繁昌,01繁阳,繁昌繁阳吴宗峻单字,0,0,a,0.9645447,0.9645447,0.0003088875,4.7430727e-05,0.004250909,0.0014570086,1.5807414e-07,0.028983982,0.0004064449,3.837853e-07,a,0.9645447,0,1
0712_row_00027598,a,09繁昌,01繁阳,繁昌繁阳吴宗峻单字,0,8,ɛ,0.69562835,0.25668526,0.014461862,0.0018193386,0.00035383835,0.0006789386,0.0006176434,3.5619596e-05,0.029719185,0.69562835,ɛ,0.69562835,0,1
0712_row_00027599,a,09繁昌,01繁阳,繁昌繁阳吴宗峻单字,0,0,a,0.96985704,0.96985704,0.00028637343,0.020703081,8.5226304e-05,0.0021061522,8.224478e-05,7.008318e-07,0.006119262,0.00075985614,a,0.96985704,0,1
0712_row_00027600,a,09繁昌,01繁阳,繁昌繁阳吴宗峻单字,0,5,y,0.45417187,0.009032501,0.011931961,0.4060582,0.0034322483,0.00018944898,0.45417187,3.066195e-05,0.11215405,0.0029990252,y,0.45417187,0,1
0712_row_00027601,i,09繁昌,01繁阳,繁昌繁阳吴宗峻单字,2,2,i,0.8502094,0.0032097322,0.10000074,0.8502094,0.0010596669,0.003439762,0.022925321,6.4386215e-05,0.019033456,5.7553552e-05,i,0.8502094,0,1
0712_row_00027602,i,09繁昌,01繁阳,繁昌繁阳吴宗峻单字,2,2,i,0.99694914,0.00011999221,0.0024990605,0.99694914,4.2102874e-05,6.0741363e-06,0.0001818982,8.3198563e-07,0.00020026862,6.298589e-07,i,0.99694914,0,1
0712_row_00027603,i,09繁昌,01繁阳,繁昌繁阳吴宗峻单字,2,2,i,0.962429,0.0005774397,0.030151462,0.962429,0.0014528744,0.000309042,0.0017018853,4.8849866e-05,0.0033100205,1.945086e-05,i,0.962429,0,1
0712_row_00027604,i,09繁昌,01繁阳,繁昌繁阳吴宗峻单字,2,7,ə,0.636159,0.038610697,0.15207238,0.014228298,0.0034153385,0.13120128,0.002346511,0.0004598114,0.636159,0.02150656,ə,0.636159,0,1
0712_row_00027605,i,09繁昌,01繁阳,繁昌繁阳吴宗峻单字,2,2,i,0.75683194,0.010076869,0.00017749247,0.75683194,6.289483e-05,0.0011267168,0.19211878,1.9792267e-05,0.038502526,0.0010830737,i,0.75683194,0,1
0712_row_00027606,a,09繁昌,01繁阳,繁昌繁阳吴宗峻单字,0,2,i,0.38218892,0.011817237,0.0105407005,0.38218892,0.0008515336,0.239689,0.25531623,0.0003212867,0.09790066,0.0013743953,i,0.38218892,0,1
0712_row_00027607,a,09繁昌,01繁阳,繁昌繁阳吴宗峻单字,0,2,i,0.47007123,0.017960224,0.016726773,0.47007123,0.0014900436,0.23193316,0.12930903,0.00048298846,0.12995513,0.0020713995,i,0.47007123,0,1
0712_row_00027608,e,09繁昌,01繁阳,繁昌繁阳吴宗峻单字,1,2,i,0.39501202,0.13639517,0.28961194,0.39501202,0.0066831387,0.1224866,0.028799687,0.00051332766,0.017822081,0.002676034,i,0.39501202,0,1
0712_row_00027609,ə,09繁昌,01繁阳,繁昌繁阳吴宗峻单字,7,5,y,0.27471045,0.028078893,0.16412063,0.011715508,0.10938066,0.23641624,0.27471045,0.00055785803,0.16484652,0.010173265,y,0.27471045,0,1
0712_row_00027610,i,09繁昌,01繁阳,繁昌繁阳吴宗峻单字,2,2,i,0.98034716,0.0013264,0.015836122,0.98034716,0.00038030022,0.00020381469,0.0006532784,1.4486343e-05,0.0012268476,1.16137035e-05,i,0.98034716,0,1
0712_row_00027611,e,09繁昌,01繁阳,繁昌繁阳吴宗峻单字,1,2,i,0.6535069,0.02725848,0.2858653,0.6535069,0.00060621364,0.008697599,0.012651868,5.635026e-05,0.009045759,0.0023115792,i,0.6535069,0,1
0712_row_00027612,i,09繁昌,01繁阳,繁昌繁阳吴宗峻单字,2,2,i,0.5712128,0.030428203,0.12836735,0.5712128,0.0013295345,0.00027992093,0.086085774,0.00018715329,0.11380837,0.06830088,i,0.5712128,0,1
0712_row_00027613,a,09繁昌,01繁阳,繁昌繁阳吴宗峻单字,0,3,o,0.89688295,0.07731356,0.0018839603,0.0010556766,0.89688295,0.008475335,0.0015377741,0.0018343469,0.010986937,2.9404613e-05,o,0.89688295,0,1
0712_row_00027614,a,09繁昌,01繁阳,繁昌繁阳吴宗峻单字,0,3,o,0.9962059,0.000935495,8.958032e-06,5.5947967e-06,0.9962059,7.788565e-05,9.150154e-06,6.2645718e-06,0.0027499686,8.021144e-07,o,0.9962059,0,1
0712_row_00027615,a,09繁昌,01繁阳,繁昌繁阳吴宗峻单字,0,3,o,0.61340284,0.013772195,0.00068857474,0.003960343,0.61340284,0.31379133,0.005178838,0.00013278986,0.049065232,7.832656e-06,o,0.61340284,0,1
0712_row_00027616,a,09繁昌,01繁阳,繁昌繁阳吴宗峻单字,0,3,o,0.6981042,0.1914181,0.0017118624,0.0027079305,0.6981042,0.0055936864,0.0042701913,0.0037336561,0.092276834,0.0001835443,o,0.6981042,0,1
0712_row_00027617,a,09繁昌,01繁阳,繁昌繁阳吴宗峻单字,0,4,u,0.53287053,0.032391,0.029015763,0.017846946,0.0223611,0.53287053,0.2768293,0.00040722603,0.08772801,0.00055010366,u,0.53287053,0,1
0712_row_00027618,a,09繁昌,01繁阳,繁昌繁阳吴宗峻单字,0,0,a,0.92570704,0.92570704,0.0045289192,0.00014664805,0.04880938,0.011978757,0.000120715486,0.0032109853,0.0049886266,0.00050897035,a,0.92570704,0,1
0712_row_00027619,a,09繁昌,01繁阳,繁昌繁阳吴宗峻单字,0,0,a,0.9851377,0.9851377,0.0010101107,0.00019663923,0.00020019009,0.0018890422,3.7324892e-06,7.986889e-06,0.010755434,0.00079911825,a,0.9851377,0,1
0712_row_00027620,a,09繁昌,01繁阳,繁昌繁阳吴宗峻单字,0,8,ɛ,0.49754632,0.4215464,0.06470388,0.004921846,0.002240274,0.004665689,0.0007517734,8.135736e-05,0.0035424146,0.49754632,ɛ,0.49754632,0,1
0712_row_00027621,a,09繁昌,01繁阳,繁昌繁阳吴宗峻单字,0,0,a,0.98927516,0.98927516,0.00037512797,0.0002850747,0.0055701416,0.0013254847,2.4116469e-05,0.00010840179,0.002916976,0.00011943773,a,0.98927516,0,1
0712_row_00027622,a,09繁昌,01繁阳,繁昌繁阳吴宗峻单字,0,0,a,0.95093733,0.95093733,0.002624678,0.00038507907,0.030624788,0.009806636,1.3152883e-05,0.0047294716,0.0008101187,6.8655885e-05,a,0.95093733,0,1
0712_row_00027623,a,09繁昌,01繁阳,繁昌繁阳吴宗峻单字,0,3,o,0.3215895,0.20283987,0.011964676,0.007408147,0.3215895,0.31861803,0.009414486,0.0022032189,0.12446591,0.0014961534,o,0.3215895,0,1
0712_row_00027624,a,09繁昌,01繁阳,繁昌繁阳吴宗峻单字,0,7,ə,0.6698027,0.06778403,0.0042295507,0.0014159859,0.23593102,0.008013683,0.010018241,0.00070947077,0.6698027,0.0020953296,ə,0.6698027,0,1
0712_row_00027625,a,09繁昌,01繁阳,繁昌繁阳吴宗峻单字,0,3,o,0.47392163,0.12598115,0.018353099,0.010674302,0.47392163,0.051177885,0.008432165,0.0008990236,0.3054215,0.005139278,o,0.47392163,0,1
0712_row_00027626,a,09繁昌,01繁阳,繁昌繁阳吴宗峻单字,0,3,o,0.90983343,0.07718419,0.00077065924,0.00019585324,0.90983343,0.010606797,0.00041015935,0.0003976965,0.00057891954,2.2242906e-05,o,0.90983343,0,1
0712_row_00027627,a,09繁昌,01繁阳,繁昌繁阳吴宗峻单字,0,3,o,0.9748834,0.0007859995,5.3680564e-05,0.00016603626,0.9748834,0.00028978923,0.00026834142,2.0601025e-05,0.023524966,7.1919003e-06,o,0.9748834,0,1
0712_row_00027628,u,09繁昌,01繁阳,繁昌繁阳吴宗峻单字,4,5,y,0.7112385,0.0060243323,0.00077138626,0.0004947493,0.005454622,0.27343234,0.7112385,1.2406223e-05,0.0025695886,2.075472e-06,y,0.7112385,0,1
0712_row_00027629,i,09繁昌,01繁阳,繁昌繁阳吴宗峻单字,2,2,i,0.80428755,0.012804068,0.013557514,0.80428755,0.00052889035,0.07079227,0.009973298,0.000121008496,0.08770059,0.0002349008,i,0.80428755,0,1
0712_row_00027630,y,09繁昌,01繁阳,繁昌繁阳吴宗峻单字,5,1,e,0.3299982,0.04295522,0.3299982,0.10420736,0.021150399,0.169922,0.29936156,0.0009897944,0.024799226,0.0066162315,e,0.3299982,0,1
0712_row_00027631,y,09繁昌,01繁阳,繁昌繁阳吴宗峻单字,5,8,ɛ,0.39341596,0.057493363,0.10069247,0.11089877,0.007713218,0.0021347122,0.20889847,0.0013093464,0.11744362,0.39341596,ɛ,0.39341596,0,1
0712_row_00027632,a,09繁昌,01繁阳,繁昌繁阳吴宗峻单字,0,0,a,0.989331,0.989331,0.00014089336,0.00263597,0.00031402812,0.0006087109,4.117782e-05,7.0196725e-06,0.0068322807,8.893629e-05,a,0.989331,0,1
0712_row_00027633,a,09繁昌,01繁阳,繁昌繁阳吴宗峻单字,0,0,a,0.993345,0.993345,0.0001510383,0.0010014562,0.00083736464,0.00047447425,3.0041208e-05,1.7109862e-05,0.004092538,5.0963787e-05,a,0.993345,0,1
0712_row_00027634,a,09繁昌,01繁阳,繁昌繁阳吴宗峻单字,0,0,a,0.68937856,0.68937856,0.0058393413,5.7744375e-05,0.018539112,0.24611336,9.767424e-05,0.0010281153,0.038915426,3.0677696e-05,a,0.68937856,0,1
0712_row_00027635,y,09繁昌,01繁阳,繁昌繁阳吴宗峻单字,5,5,y,0.65656275,0.00076598127,0.33791074,0.0018300375,0.0025318963,3.7693695e-05,0.65656275,1.24736e-06,0.00013923657,0.00022040123,y,0.65656275,0,1
0712_row_00027637,e,09繁昌,01繁阳,繁昌繁阳吴宗峻单字,1,5,y,0.79931504,0.0031589617,0.17178585,0.005064189,0.0011028363,0.016843718,0.79931504,7.0210463e-06,0.0026751827,4.723083e-05,y,0.79931504,0,1
0712_row_00027638,ə,09繁昌,01繁阳,繁昌繁阳吴宗峻单字,7,5,y,0.8740507,0.0002687066,0.00011182092,0.00087341317,0.00031144434,0.00019841657,0.8740507,1.3301764e-06,0.12414965,3.459435e-05,y,0.8740507,0,1
0712_row_00027639,ə,09繁昌,01繁阳,繁昌繁阳吴宗峻单字,7,7,ə,0.88745517,0.00053994916,0.00013360512,0.027615087,0.00021026272,0.070872106,0.013168132,4.0035598e-06,0.88745517,1.6444716e-06,ə,0.88745517,0,1
0712_row_00027640,i,09繁昌,01繁阳,繁昌繁阳吴宗峻单字,2,2,i,0.9924638,3.5300166e-06,1.1767935e-05,0.9924638,3.2767264e-07,5.3642174e-07,0.0027625416,6.4634813e-09,0.0047574453,6.8056345e-08,i,0.9924638,0,1
0712_row_00027641,i,09繁昌,01繁阳,繁昌繁阳吴宗峻单字,2,2,i,0.7894159,0.00029942105,0.00016212411,0.7894159,8.748463e-06,0.000113807124,0.11520945,1.1757706e-06,0.09469435,9.509231e-05,i,0.7894159,0,1
0712_row_00027642,i,09繁昌,01繁阳,繁昌繁阳吴宗峻单字,2,2,i,0.77817196,0.00013875298,5.4886186e-06,0.77817196,5.8596897e-06,0.0002667016,0.21408987,1.4520759e-06,0.0073007382,1.9140907e-05,i,0.77817196,0,1
0712_row_00027643,i,09繁昌,01繁阳,繁昌繁阳吴宗峻单字,2,5,y,0.5359819,4.5312878e-05,0.0003331026,0.37719002,1.7826585e-05,1.6745918e-05,0.5359819,4.080351e-07,0.086380474,3.4182205e-05,y,0.5359819,0,1
0712_row_00027644,i,09繁昌,01繁阳,繁昌繁阳吴宗峻单字,2,5,y,0.9605093,0.00014070196,0.032248523,0.0039450056,0.0007843206,0.00043147034,0.9605093,2.647651e-06,0.001890895,4.7157664e-05,y,0.9605093,0,1
0712_row_00027645,i,09繁昌,01繁阳,繁昌繁阳吴宗峻单字,2,2,i,0.86809725,0.00019568077,9.382878e-05,0.86809725,1.0068821e-05,5.5830697e-05,0.07456936,1.3139139e-06,0.05690716,6.953591e-05,i,0.86809725,0,1
0712_row_00027646,i,09繁昌,01繁阳,繁昌繁阳吴宗峻单字,2,2,i,0.64610606,0.00019959571,1.6863332e-05,0.64610606,4.2130996e-06,0.00069161947,0.34570983,1.0861562e-06,0.007239302,3.1443917e-05,i,0.64610606,0,1
0712_row_00027647,ə,09繁昌,01繁阳,繁昌繁阳吴宗峻单字,7,7,ə,0.7295421,0.000130491,3.3086933e-05,0.05832233,3.937977e-06,0.0024039738,0.20956281,9.455129e-07,0.7295421,3.8410695e-07,ə,0.7295421,0,1
0712_row_00027648,ə,09繁昌,01繁阳,繁昌繁阳吴宗峻单字,7,7,ə,0.7718694,0.00058704935,0.00057946076,0.22066511,0.0002562657,0.00084745616,0.0051752706,1.8051733e-05,0.7718694,1.9441745e-06,ə,0.7718694,0,1
0712_row_00027649,u,09繁昌,01繁阳,繁昌繁阳吴宗峻单字,4,4,u,0.9888052,9.299503e-05,7.681322e-06,0.0011489466,0.0019356589,0.9888052,0.005116154,8.973779e-07,0.0028923587,1.00668224e-07,u,0.9888052,0,1
0712_row_00027650,u,09繁昌,01繁阳,繁昌繁阳吴宗峻单字,4,4,u,0.67619455,0.0067688036,0.00046057368,0.00091878284,0.0048846877,0.67619455,0.3083963,2.8160895e-05,0.0023454484,2.7343158e-06,u,0.67619455,0,1
0712_row_00027651,u,09繁昌,01繁阳,繁昌繁阳吴宗峻单字,4,5,y,0.8432274,0.00019747145,9.139504e-05,0.03476612,0.00019621165,0.08776414,0.8432274,3.8221856e-06,0.033747513,5.8847972e-06,y,0.8432274,0,1
0712_row_00027652,u,09繁昌,01繁阳,繁昌繁阳吴宗峻单字,4,5,y,0.5446691,0.008698568,0.0003977046,0.0012263594,0.00096331985,0.2756202,0.5446691,3.5517136e-05,0.16837499,1.4192709e-05,y,0.5446691,0,1
0712_row_00027653,u,09繁昌,01繁阳,繁昌繁阳吴宗峻单字,4,4,u,0.5752159,0.0010242872,7.597094e-05,0.005272631,0.0005776106,0.5752159,0.2838644,9.144057e-06,0.13395724,2.843149e-06,u,0.5752159,0,1
0712_row_00027654,y,09繁昌,01繁阳,繁昌繁阳吴宗峻单字,5,5,y,0.9936739,0.00015550976,0.0010301913,0.00017892408,0.0004675254,0.002518314,0.9936739,3.760186e-07,0.0019742227,1.0344512e-06,y,0.9936739,0,1
0712_row_00027655,ə,09繁昌,01繁阳,繁昌繁阳吴宗峻单字,7,7,ə,0.83051026,0.0036357085,0.00024702123,0.00797505,0.00054574077,0.14329302,0.013775315,1.3925091e-05,0.83051026,3.9687793e-06,ə,0.83051026,0,1
0712_row_00027656,ə,09繁昌,01繁阳,繁昌繁阳吴宗峻单字,7,7,ə,0.9781929,0.0015676764,3.734413e-05,0.0006805284,1.3247644e-05,0.0037136725,0.015792375,1.0204154e-06,0.9781929,1.1099947e-06,ə,0.9781929,0,1
0712_row_00027657,ə,09繁昌,01繁阳,繁昌繁阳吴宗峻单字,7,7,ə,0.9435093,0.0026489967,0.0005123639,0.008310265,0.00046501093,0.005263714,0.0391795,0.00010844283,0.9435093,2.4458973e-06,ə,0.9435093,0,1
0712_row_00027658,y,09繁昌,01繁阳,繁昌繁阳吴宗峻单字,5,5,y,0.99796534,1.3727998e-05,9.770765e-05,6.273652e-05,8.8187284e-05,0.0005496501,0.99796534,4.6125727e-08,0.0012225845,1.2663634e-07,y,0.99796534,0,1
0712_row_00027659,y,09繁昌,01繁阳,繁昌繁阳吴宗峻单字,5,5,y,0.990236,1.4783836e-06,3.594121e-05,0.0018643532,5.3397293e-06,1.7554441e-05,0.990236,1.9071281e-08,0.007839217,8.189016e-08,y,0.990236,0,1
0712_row_00027660,a,09繁昌,01繁阳,繁昌繁阳吴宗峻单字,0,3,o,0.8139539,0.15467674,0.0021063255,0.00018134531,0.8139539,0.024201812,0.00063329306,0.0033408673,0.0008958113,9.912725e-06,o,0.8139539,0,1
0712_row_00027661,o,09繁昌,01繁阳,繁昌繁阳吴宗峻单字,3,3,o,0.9678753,0.013904254,0.00012812362,4.5114844e-05,0.9678753,0.01740382,0.00031569198,0.00024812575,7.905324e-05,4.8238775e-07,o,0.9678753,0,1
0712_row_00027662,o,09繁昌,01繁阳,繁昌繁阳吴宗峻单字,3,3,o,0.3809474,0.03932576,0.026803264,0.0025579184,0.3809474,0.3287063,0.020386511,0.0011055034,0.1996017,0.00056562107,o,0.3809474,0,1
0712_row_00027663,o,09繁昌,01繁阳,繁昌繁阳吴宗峻单字,3,3,o,0.8397165,0.059162974,0.012894385,0.00071237574,0.8397165,0.030927006,0.003320484,0.0055654594,0.047091134,0.00060975074,o,0.8397165,0,1
0712_row_00027664,o,09繁昌,01繁阳,繁昌繁阳吴宗峻单字,3,3,o,0.90680623,0.08641825,0.0030902838,3.34494e-05,0.90680623,0.0027809425,0.0003293977,0.00025770595,0.00026932504,1.4375478e-05,o,0.90680623,0,1
0712_row_00027665,a,09繁昌,01繁阳,繁昌繁阳吴宗峻单字,0,0,a,0.9509499,0.9509499,0.00048556682,0.024000185,0.008397579,0.011607368,0.00070466456,6.2015955e-05,0.0033591373,0.00043345822,a,0.9509499,0,1
0712_row_00027666,a,09繁昌,01繁阳,繁昌繁阳吴宗峻单字,0,0,a,0.98584217,0.98584217,0.00047984245,0.0046536895,0.001921737,0.0046161315,7.455584e-05,9.898718e-06,0.0022563448,0.00014555578,a,0.98584217,0,1
0712_row_00027667,ə,09繁昌,01繁阳,繁昌繁阳吴宗峻单字,7,1,e,0.57371354,0.18621193,0.57371354,0.0013579194,0.05813957,0.009142639,0.01157948,0.0011804388,0.035579953,0.12309456,e,0.57371354,0,1
0712_row_00027668,ə,09繁昌,01繁阳,繁昌繁阳吴宗峻单字,7,0,a,0.46067056,0.46067056,0.06109954,0.0007190721,0.021784622,0.000326978,0.0023960478,0.00040763142,0.03797707,0.41461843,a,0.46067056,0,1
0712_row_00027669,a,09繁昌,01繁阳,繁昌繁阳吴宗峻单字,0,0,a,0.9519216,0.9519216,0.00031536914,0.0060080094,0.029456746,0.010786859,5.8433034e-05,9.960897e-05,0.0013483895,4.9999367e-06,a,0.9519216,0,1
0712_row_00027670,a,09繁昌,01繁阳,繁昌繁阳吴宗峻单字,0,0,a,0.96868134,0.96868134,0.0008393405,0.00168758,0.00026282688,0.020337561,1.1184656e-05,8.660827e-06,0.007924946,0.00024651055,a,0.96868134,0,1
0712_row_00027671,a,09繁昌,01繁阳,繁昌繁阳吴宗峻单字,0,0,a,0.967627,0.967627,0.0007411023,0.0045107664,8.758253e-05,0.010995084,2.1875323e-05,4.0304367e-06,0.015581183,0.00043135253,a,0.967627,0,1
0712_row_00027672,a,09繁昌,01繁阳,繁昌繁阳吴宗峻单字,0,0,a,0.866938,0.866938,0.0019009315,0.0024245926,0.00028290902,0.046709415,0.0002381088,1.9015624e-05,0.08071174,0.0007751943,a,0.866938,0,1
0712_row_00027673,a,09繁昌,01繁阳,繁昌繁阳吴宗峻单字,0,0,a,0.8430584,0.8430584,0.0005633982,0.14445941,0.00022191301,0.008279495,2.7477898e-05,4.9444493e-06,0.0016663169,0.0017185616,a,0.8430584,0,1
0712_row_00027674,a,09繁昌,01繁阳,繁昌繁阳吴宗峻单字,0,0,a,0.8334553,0.8334553,0.0007846799,0.11076578,0.0012125449,0.047619883,0.00026075714,4.8756534e-05,0.005089548,0.0007627176,a,0.8334553,0,1
0712_row_00027675,a,09繁昌,01繁阳,繁昌繁阳吴宗峻单字,0,0,a,0.8264433,0.8264433,0.0023089661,0.005932922,6.1816325e-05,0.00013708,0.0018391496,2.9676023e-06,0.024033949,0.13923986,a,0.8264433,0,1
0712_row_00027676,a,09繁昌,01繁阳,繁昌繁阳吴宗峻单字,0,0,a,0.9475426,0.9475426,0.00023649592,0.047031075,0.00097223325,0.00039403752,6.756802e-05,7.2118064e-06,0.0028482054,0.0009005964,a,0.9475426,0,1
0712_row_00027677,a,09繁昌,01繁阳,繁昌繁阳吴宗峻单字,0,2,i,0.49758142,0.44373363,0.002557278,0.49758142,0.00042001472,0.030939804,0.0026130045,2.9608302e-05,0.020397922,0.0017273204,i,0.49758142,0,1
0712_row_00027678,e,09繁昌,01繁阳,繁昌繁阳吴宗峻单字,1,3,o,0.45187795,0.14271505,0.28981942,0.0012869821,0.45187795,0.010806406,0.06262021,0.00026893654,0.022155147,0.018449876,o,0.45187795,0,1
0712_row_00027679,o,09繁昌,01繁阳,繁昌繁阳吴宗峻单字,3,3,o,0.9282465,0.06710438,0.0028671746,0.00014648307,0.9282465,0.00081072847,0.00026590074,0.00036993987,0.0001773473,1.1516039e-05,o,0.9282465,0,1
0712_row_00027680,e,09繁昌,01繁阳,繁昌繁阳吴宗峻单字,1,0,a,0.47700918,0.47700918,0.4080152,0.0053300965,0.009003702,0.042304203,0.003869248,0.00019882177,0.0538542,0.0004154083,a,0.47700918,0,1
0712_row_00027681,e,09繁昌,01繁阳,繁昌繁阳吴宗峻单字,1,1,e,0.47701123,0.031472445,0.47701123,0.34448856,0.0036019506,0.004213272,0.11484739,0.00011965179,0.017179087,0.007066479,e,0.47701123,0,1
0712_row_00027682,e,09繁昌,01繁阳,繁昌繁阳吴宗峻单字,1,1,e,0.5170173,0.07184896,0.5170173,0.12722307,0.0038789075,0.24577862,0.01904423,0.00035119252,0.013153636,0.0017040268,e,0.5170173,0,1
0712_row_00027683,e,09繁昌,01繁阳,繁昌繁阳吴宗峻单字,1,1,e,0.81987685,0.013157985,0.81987685,0.010487065,0.002797333,0.103172824,0.0007594754,0.0005903234,0.04839153,0.0007665377,e,0.81987685,0,1
0712_row_00027684,e,09繁昌,01繁阳,繁昌繁阳吴宗峻单字,1,1,e,0.67860246,0.048720434,0.67860246,0.099100254,0.069568686,0.07362541,0.018192684,0.0007442722,0.010391576,0.0010541925,e,0.67860246,0,1
0712_row_00027685,ə,09繁昌,01繁阳,繁昌繁阳吴宗峻单字,7,5,y,0.8687544,0.00027054377,2.8772072e-05,0.0747353,0.00010279373,0.014971278,0.8687544,2.4958956e-06,0.0411261,8.298527e-06,y,0.8687544,0,1
0712_row_00027686,e,09繁昌,01繁阳,繁昌繁阳吴宗峻单字,1,1,e,0.8852171,0.034165863,0.8852171,0.0014326005,0.002113243,0.05182543,0.002533512,0.00010055783,0.022354828,0.00025697815,e,0.8852171,0,1
0712_row_00027687,o,09繁昌,01繁阳,繁昌繁阳吴宗峻单字,3,3,o,0.5039032,0.45010275,0.027445024,0.00015963295,0.5039032,0.012681927,0.00061847025,0.0011623228,0.0037406357,0.00018607853,o,0.5039032,0,1
0712_row_00027688,a,09繁昌,01繁阳,繁昌繁阳吴宗峻单字,0,0,a,0.98354006,0.98354006,6.125364e-05,0.0003379889,0.0001502409,8.325313e-06,7.270332e-07,1.4387724e-06,0.0003915779,0.015508357,a,0.98354006,0,1
0712_row_00027689,ə,09繁昌,01繁阳,繁昌繁阳吴宗峻单字,7,4,u,0.48423925,0.062037703,0.00060233974,0.0042490293,0.0021149116,0.48423925,0.0028367967,3.3286444e-05,0.44386315,2.3632409e-05,u,0.48423925,0,1
0712_row_00027690,ə,09繁昌,01繁阳,繁昌繁阳吴宗峻单字,7,7,ə,0.98583466,0.003518945,9.408513e-05,0.00046413814,2.4084795e-05,0.0068495055,0.003211476,1.1725499e-06,0.98583466,1.9789509e-06,ə,0.98583466,0,1
0712_row_00027691,a,09繁昌,01繁阳,繁昌繁阳吴宗峻单字,0,1,e,0.6691036,0.24257688,0.6691036,0.022541806,0.0039286846,0.022465235,0.01881447,0.00011117942,0.018767053,0.0016910249,e,0.6691036,0,1
0712_row_00027692,a,09繁昌,01繁阳,繁昌繁阳吴宗峻单字,0,1,e,0.43436354,0.39337108,0.43436354,0.020460078,0.0075634145,0.1320864,0.0062449705,0.00017649546,0.003907351,0.0018266096,e,0.43436354,0,1
0712_row_00027693,e,09繁昌,01繁阳,繁昌繁阳吴宗峻单字,1,2,i,0.625809,0.0027331775,0.30276084,0.625809,0.00040250368,0.002175073,0.004821387,2.511635e-05,0.060607985,0.00066481193,i,0.625809,0,1
0712_row_00027694,i,09繁昌,01繁阳,繁昌繁阳吴宗峻单字,2,2,i,0.99707735,1.8535457e-06,1.3546309e-05,0.99707735,7.7471884e-07,3.578694e-07,0.00056385685,1.0533543e-08,0.0023421778,6.2764585e-08,i,0.99707735,0,1
0712_row_00027695,i,09繁昌,01繁阳,繁昌繁阳吴宗峻单字,2,2,i,0.9906313,2.7501737e-06,4.6830755e-05,0.9906313,6.0363227e-06,3.3953277e-06,0.0027800933,7.161156e-08,0.006528863,7.2066575e-07,i,0.9906313,0,1
0712_row_00027696,i,09繁昌,01繁阳,繁昌繁阳吴宗峻单字,2,2,i,0.99822694,2.2447532e-06,1.3813476e-05,0.99822694,5.442358e-07,2.6541824e-07,0.00044007262,1.02866515e-08,0.0013160948,4.5372126e-08,i,0.99822694,0,1
0712_row_00027697,ə,09繁昌,01繁阳,繁昌繁阳吴宗峻单字,7,5,y,0.9876616,4.221113e-05,3.981394e-05,0.0017579797,4.753979e-05,0.0010739379,0.9876616,1.317956e-07,0.009375829,1.0471144e-06,y,0.9876616,0,1
0712_row_00027698,ə,09繁昌,01繁阳,繁昌繁阳吴宗峻单字,7,5,y,0.89358103,0.00023302926,3.0922292e-05,0.07680736,6.518913e-05,0.010729637,0.89358103,1.5352418e-06,0.018543316,7.937444e-06,y,0.89358103,0,1
0712_row_00027699,i,09繁昌,01繁阳,繁昌繁阳吴宗峻单字,2,2,i,0.77634114,9.5480835e-05,0.000110993176,0.77634114,6.9925086e-06,0.0004967445,0.042448554,7.5731487e-07,0.18049242,7.037136e-06,i,0.77634114,0,1
0712_row_00027700,i,09繁昌,01繁阳,繁昌繁阳吴宗峻单字,2,2,i,0.6830374,4.5963134e-05,3.0725107e-05,0.6830374,1.6417496e-06,0.00077567087,0.2568767,2.3385462e-07,0.059226505,5.0885888e-06,i,0.6830374,0,1
0712_row_00027701,ə,09繁昌,01繁阳,繁昌繁阳吴宗峻单字,7,2,i,0.76351154,8.410601e-05,0.00045867256,0.76351154,5.9629736e-05,0.0041581783,0.06187682,1.6856554e-06,0.16982797,2.1376594e-05,i,0.76351154,0,1
0712_row_00027702,i,09繁昌,01繁阳,繁昌繁阳吴宗峻单字,2,2,i,0.9952107,3.59829e-05,4.6362962e-05,0.9952107,1.2251109e-06,1.4855486e-06,0.0011434646,3.4550187e-08,0.003560533,2.6277215e-07,i,0.9952107,0,1
0712_row_00027703,ə,09繁昌,01繁阳,繁昌繁阳吴宗峻单字,7,7,ə,0.98175895,0.005498423,0.00067159726,1.6862181e-05,0.003572571,0.008321367,0.00012800068,3.0131068e-05,0.98175895,2.0553412e-06,ə,0.98175895,0,1
0712_row_00027704,ə,09繁昌,01繁阳,繁昌繁阳吴宗峻单字,7,5,y,0.9953069,2.0294885e-06,1.412099e-05,0.00032430026,9.099971e-06,9.39278e-05,0.9953069,1.90381e-08,0.0042494684,5.4151496e-08,y,0.9953069,0,1
0712_row_00027705,ə,09繁昌,01繁阳,繁昌繁阳吴宗峻单字,7,7,ə,0.9301607,4.185667e-05,3.80827e-05,0.003556311,0.0018943732,2.1840845e-06,0.0642449,1.4458499e-06,0.9301607,6.0142578e-05,ə,0.9301607,0,1
0712_row_00027706,o,09繁昌,01繁阳,繁昌繁阳吴宗峻单字,3,3,o,0.99684864,0.00050394377,0.0006395642,0.00022059072,0.99684864,0.00022110736,1.810662e-05,4.610891e-05,0.0015001514,1.8385173e-06,o,0.99684864,0,1
0712_row_00027707,o,09繁昌,01繁阳,繁昌繁阳吴宗峻单字,3,3,o,0.9996965,1.5929028e-05,6.555212e-07,3.7344648e-06,0.9996965,1.2635616e-05,1.4615388e-07,2.1810888e-07,0.00027019254,7.840766e-09,o,0.9996965,0,1
0712_row_00027708,o,09繁昌,01繁阳,繁昌繁阳吴宗峻单字,3,3,o,0.9639763,0.0022259483,0.0011100066,0.0013553998,0.9639763,0.0029608025,7.953392e-05,0.00014187123,0.028148185,1.9157742e-06,o,0.9639763,0,1
0712_row_00027709,o,09繁昌,01繁阳,繁昌繁阳吴宗峻单字,3,3,o,0.99802446,9.056199e-06,6.325714e-06,7.872519e-05,0.99802446,0.00038216938,2.1425474e-06,3.008923e-07,0.0014967874,1.1672403e-08,o,0.99802446,0,1
0712_row_00027710,o,09繁昌,01繁阳,繁昌繁阳吴宗峻单字,3,3,o,0.8729165,0.0018172193,0.0009216789,0.0049128956,0.8729165,0.07531074,0.0007044401,3.0472062e-05,0.04338279,3.1675459e-06,o,0.8729165,0,1
0712_row_00027711,o,09繁昌,01繁阳,繁昌繁阳吴宗峻单字,3,3,o,0.9996531,3.754568e-06,1.3174879e-07,4.616643e-06,0.9996531,5.8486676e-05,1.6232561e-06,6.634634e-08,0.00027812002,3.503474e-09,o,0.9996531,0,1
0712_row_00027712,o,09繁昌,01繁阳,繁昌繁阳吴宗峻单字,3,3,o,0.99161035,1.4931065e-05,1.8944452e-06,6.3993834e-06,0.99161035,0.00010110021,2.8770353e-06,1.2736572e-06,0.008261221,2.6217593e-08,o,0.99161035,0,1
0712_row_00027713,u,09繁昌,01繁阳,繁昌繁阳吴宗峻单字,4,3,o,0.9218896,0.0371335,0.00031262398,0.00020476998,0.9218896,0.038420897,0.00097146054,0.0008677253,0.00019762504,1.9145764e-06,o,0.9218896,0,1
0712_row_00027714,o,09繁昌,01繁阳,繁昌繁阳吴宗峻单字,3,3,o,0.9586337,0.011824125,0.000953149,0.00044256359,0.9586337,0.012534411,0.0019657845,0.00015458134,0.013443588,4.8074948e-05,o,0.9586337,0,1
0712_row_00027715,o,09繁昌,01繁阳,繁昌繁阳吴宗峻单字,3,3,o,0.9556876,0.0042699412,4.6985235e-05,2.2243501e-05,0.9556876,0.0052138227,1.6419168e-05,8.1853605e-06,0.034733895,8.1974264e-07,o,0.9556876,0,1
0712_row_00027716,u,09繁昌,01繁阳,繁昌繁阳吴宗峻单字,4,4,u,0.70085007,0.002779266,0.0002225791,0.0005474404,0.008484832,0.70085007,0.28337583,1.3883004e-05,0.0036491137,7.6947836e-05,u,0.70085007,0,1
0712_row_00027717,o,09繁昌,01繁阳,繁昌繁阳吴宗峻单字,3,7,ə,0.31585222,0.11319954,0.11064914,0.007721017,0.21109578,0.029940668,0.17034504,0.0024205383,0.31585222,0.038776092,ə,0.31585222,0,1
0712_row_00027718,y,09繁昌,01繁阳,繁昌繁阳吴宗峻单字,5,5,y,0.90694726,0.0005147534,0.033138115,0.0019960585,0.04762637,4.2464406e-05,0.90694726,5.6356744e-06,0.006665379,0.0030639363,y,0.90694726,0,1
0712_row_00027719,o,09繁昌,01繁阳,繁昌繁阳吴宗峻单字,3,7,ə,0.50657547,0.072266914,0.00096626807,2.9093784e-05,0.40765417,0.01243287,2.1711166e-05,4.459718e-05,0.50657547,8.960008e-06,ə,0.50657547,0,1
0712_row_00027720,o,09繁昌,01繁阳,繁昌繁阳吴宗峻单字,3,3,o,0.9973978,2.3472086e-05,2.9145992e-06,1.8746017e-05,0.9973978,3.0563166e-05,1.313265e-05,7.841425e-07,0.002512586,3.9367336e-08,o,0.9973978,0,1
0712_row_00027721,a,09繁昌,01繁阳,繁昌繁阳吴宗峻单字,0,0,a,0.9499547,0.9499547,0.0005418212,0.0276929,0.0015516682,0.002438608,2.6749278e-05,1.5144016e-05,0.0013980852,0.016380297,a,0.9499547,0,1
0712_row_00027722,a,09繁昌,01繁阳,繁昌繁阳吴宗峻单字,0,0,a,0.99752945,0.99752945,0.00017868681,0.0006511871,5.533069e-05,0.00061633665,3.424925e-07,5.16829e-06,0.00080727093,0.00015622424,a,0.99752945,0,1
0712_row_00027723,a,09繁昌,01繁阳,繁昌繁阳吴宗峻单字,0,0,a,0.99735105,0.99735105,0.00023464084,2.7733126e-05,0.00021698515,0.00058589625,4.0533345e-07,2.8786257e-05,0.001519313,3.515589e-05,a,0.99735105,0,1
0712_row_00027724,a,09繁昌,01繁阳,繁昌繁阳吴宗峻单字,0,8,ɛ,0.6299049,0.36586085,0.00043013782,0.003216816,6.0056434e-05,0.00010348212,1.7218063e-05,5.061104e-07,0.00040601357,0.6299049,ɛ,0.6299049,0,1
0712_row_00027726,ə,09繁昌,01繁阳,繁昌繁阳吴宗峻单字,7,2,i,0.36922583,0.01654315,0.33013055,0.36922583,0.022331363,0.058576576,0.056327034,0.00034034098,0.1390352,0.0074899797,i,0.36922583,0,1
0712_row_00027727,u,09繁昌,01繁阳,繁昌繁阳吴宗峻单字,4,4,u,0.91110206,0.0016754816,0.00012823699,0.0010291811,0.022037191,0.91110206,0.052439176,1.2442811e-05,0.011560613,1.5637577e-05,u,0.91110206,0,1
0712_row_00027728,ɛ,09繁昌,01繁阳,繁昌繁阳吴宗峻单字,8,8,ɛ,0.9710515,0.02783302,0.00015480508,2.8881608e-05,7.0759074e-06,1.0268654e-05,5.6366214e-05,1.0039843e-07,0.0008579324,0.9710515,ɛ,0.9710515,0,1
0712_row_00027729,ɛ,09繁昌,01繁阳,繁昌繁阳吴宗峻单字,8,8,ɛ,0.9383419,0.044092692,0.00085428084,0.00018511325,3.412248e-05,2.4831497e-05,0.0023479161,4.2751853e-07,0.014118592,0.9383419,ɛ,0.9383419,0,1
0712_row_00027730,ɛ,09繁昌,01繁阳,繁昌繁阳吴宗峻单字,8,8,ɛ,0.79549515,0.1067072,0.043316543,0.029867314,0.00016572491,0.00026113,0.01329227,7.0956325e-05,0.010823749,0.79549515,ɛ,0.79549515,0,1
0712_row_00027732,a,09繁昌,01繁阳,繁昌繁阳吴宗峻单字,0,0,a,0.8892014,0.8892014,0.03593707,4.1435072e-05,0.0049007954,0.04947889,5.8941798e-05,0.00023227735,0.01817348,0.001975742,a,0.8892014,0,1
0712_row_00027733,i,09繁昌,01繁阳,繁昌繁阳吴宗峻单字,2,2,i,0.9595767,0.0009348756,0.013408472,0.9595767,4.037139e-05,0.0126232775,0.0097804535,4.3341415e-06,0.0032178457,0.0004135907,i,0.9595767,0,1
0712_row_00027734,a,09繁昌,01繁阳,繁昌繁阳吴宗峻单字,0,0,a,0.68691844,0.68691844,0.0007826893,7.079081e-05,0.2515012,0.004324594,2.0484616e-05,0.05585619,0.0005193597,6.2522113e-06,a,0.68691844,0,1
0712_row_00027735,a,09繁昌,01繁阳,繁昌繁阳吴宗峻单字,0,0,a,0.9883726,0.9883726,0.00022801363,7.172471e-06,0.0013189063,4.3031672e-05,8.2945706e-07,0.009273551,0.0006908779,6.500191e-05,a,0.9883726,0,1
0712_row_00027736,o,09繁昌,01繁阳,繁昌繁阳吴宗峻单字,3,3,o,0.9958027,0.0016084404,0.00026534128,4.308703e-05,0.9958027,0.0016792219,0.000543471,4.7253932e-05,1.026059e-05,3.3284692e-07,o,0.9958027,0,1
0712_row_00027737,a,09繁昌,01繁阳,繁昌繁阳吴宗峻单字,0,0,a,0.73908806,0.73908806,0.0008339939,0.17137407,0.00055074156,0.06615817,0.00019889825,0.000110975,0.020067967,0.0016171464,a,0.73908806,0,1
0712_row_00027738,a,09繁昌,01繁阳,繁昌繁阳吴宗峻单字,0,0,a,0.75671405,0.75671405,0.004029149,0.13856967,0.00010325933,0.0049457746,0.00040752286,2.4249207e-06,0.012998496,0.082229644,a,0.75671405,0,1
0712_row_00027739,i,09繁昌,01繁阳,繁昌繁阳吴宗峻单字,2,2,i,0.91367805,0.004020599,0.0009924901,0.91367805,0.00011827942,0.020661185,0.048026666,3.910785e-05,0.012129522,0.00033406133,i,0.91367805,0,1
0712_row_00027740,a,09繁昌,01繁阳,繁昌繁阳吴宗峻单字,0,5,y,0.4642745,0.04679186,0.002186622,0.2216766,0.00080326723,0.09330926,0.4642745,0.00018213432,0.16700387,0.0037719698,y,0.4642745,0,1
0712_row_00027741,a,09繁昌,01繁阳,繁昌繁阳吴宗峻单字,0,0,a,0.96630824,0.96630824,0.00015530645,0.0147317005,0.0012614813,0.0007341102,0.00046814454,2.1822503e-05,0.016250245,6.883812e-05,a,0.96630824,0,1
0712_row_00027742,i,09繁昌,01繁阳,繁昌繁阳吴宗峻单字,2,2,i,0.51574695,0.034395732,0.24586563,0.51574695,0.018558905,0.08150187,0.082573935,0.00072510255,0.017026626,0.003605263,i,0.51574695,0,1
0712_row_00027743,i,09繁昌,01繁阳,繁昌繁阳吴宗峻单字,2,2,i,0.5815199,0.0416579,0.13690412,0.5815199,0.004098642,0.024628067,0.04502662,0.00036635986,0.15156919,0.014229185,i,0.5815199,0,1
0712_row_00027744,i,09繁昌,01繁阳,繁昌繁阳吴宗峻单字,2,2,i,0.73385483,0.004405918,0.17584164,0.73385483,0.0036507691,0.0002755146,0.06773072,0.000114029914,0.0049384516,0.009188227,i,0.73385483,0,1
0712_row_00027745,a,09繁昌,01繁阳,繁昌繁阳吴宗峻单字,0,4,u,0.6577929,0.023638053,0.00014117129,0.00060065096,0.28964344,0.6577929,0.014497063,0.00038992192,0.013291863,5.036145e-06,u,0.6577929,0,1
0712_row_00027746,u,09繁昌,01繁阳,繁昌繁阳吴宗峻单字,4,5,y,0.8593532,0.0023984013,0.0001991804,0.00093439047,0.0028406484,0.12825792,0.8593532,7.100516e-06,0.006004632,4.491713e-06,y,0.8593532,0,1
0712_row_00027747,e,09繁昌,01繁阳,繁昌繁阳吴宗峻单字,1,5,y,0.81488436,0.001378133,0.17694052,0.0017808836,0.0008188983,0.0022916142,0.81488436,3.0020215e-06,0.0018254424,7.719998e-05,y,0.81488436,0,1
0712_row_00027748,ə,09繁昌,01繁阳,繁昌繁阳吴宗峻单字,7,7,ə,0.70737475,0.006820926,0.0002550127,0.0017791735,0.0073399693,0.2685043,0.007879762,4.1453666e-05,0.70737475,4.62075e-06,ə,0.70737475,0,1
0712_row_00027750,a,09繁昌,01繁阳,繁昌繁阳吴宗峻单字,0,3,o,0.9263197,0.06011511,0.0010929878,3.8807568e-05,0.9263197,0.010754201,0.0003165739,0.001003083,0.00035623362,3.242854e-06,o,0.9263197,0,1
0712_row_00027751,a,09繁昌,01繁阳,繁昌繁阳吴宗峻单字,0,0,a,0.88673425,0.88673425,0.00087785884,0.01597844,0.048221827,0.041856643,0.0004106036,0.0003312013,0.005422209,0.00016688935,a,0.88673425,0,1
0712_row_00027752,o,09繁昌,01繁阳,繁昌繁阳吴宗峻单字,3,3,o,0.98368984,0.0045245867,0.00025321386,8.5879576e-05,0.98368984,0.009162537,0.00027847575,7.758507e-05,0.0019270219,8.12163e-07,o,0.98368984,0,1
0712_row_00027753,o,09繁昌,01繁阳,繁昌繁阳吴宗峻单字,3,4,u,0.48775712,0.16136682,0.06183735,0.002894735,0.14380462,0.48775712,0.1129199,0.00064250064,0.02569404,0.0030828975,u,0.48775712,0,1
0712_row_00027754,a,09繁昌,01繁阳,繁昌繁阳吴宗峻单字,0,0,a,0.9952715,0.9952715,0.00031090237,0.00027883385,0.00210683,0.00074113504,2.8898242e-07,0.00097611145,0.00028786474,2.661655e-05,a,0.9952715,0,1
0712_row_00027755,a,09繁昌,01繁阳,繁昌繁阳吴宗峻单字,0,4,u,0.41513702,0.13764223,0.33567753,0.04913734,0.020286437,0.41513702,0.03411934,0.00034029447,0.006978345,0.0006814748,u,0.41513702,0,1
0712_row_00027756,a,09繁昌,01繁阳,繁昌繁阳吴宗峻单字,0,3,o,0.43399635,0.14198746,0.0009245538,0.00048688907,0.43399635,0.3488681,0.047169898,0.0005716977,0.02596372,3.137044e-05,o,0.43399635,0,1
0712_row_00027757,o,09繁昌,01繁阳,繁昌繁阳吴宗峻单字,3,3,o,0.9863565,0.008965183,0.00015504769,1.8494296e-05,0.9863565,0.004275251,8.720792e-05,0.00011474323,2.7289147e-05,3.5906294e-07,o,0.9863565,0,1
0712_row_00027758,o,09繁昌,01繁阳,繁昌繁阳吴宗峻单字,3,3,o,0.97448677,3.0399666e-05,1.8827006e-05,1.7183987e-05,0.97448677,0.0005035536,7.4020545e-06,3.623161e-06,0.024932075,1.3021685e-07,o,0.97448677,0,1
0712_row_00027759,a,09繁昌,01繁阳,繁昌繁阳吴宗峻单字,0,0,a,0.9737975,0.9737975,0.00019145523,0.0002979621,0.004674974,0.00068632694,1.253147e-05,0.018195042,0.001943716,0.00020050278,a,0.9737975,0,1
0712_row_00027760,ɛ,09繁昌,01繁阳,繁昌繁阳吴宗峻单字,8,1,e,0.5516398,0.010091132,0.5516398,0.08047261,0.0017295671,0.0028196536,0.3106827,0.00012512035,0.025315914,0.017123401,e,0.5516398,0,1
0712_row_00027761,o,09繁昌,04新港,01胡自发,3,3,o,0.7468739,0.107905366,0.00026881063,8.252229e-05,0.7468739,0.13794519,0.0042446195,0.00040286788,0.0022647136,1.1980779e-05,o,0.7468739,0,1
0712_row_00027762,a,09繁昌,04新港,01胡自发,0,0,a,0.95828253,0.95828253,0.00045652356,0.0014558081,0.000110867324,0.00015368524,1.9457375e-06,2.5544146e-05,0.006298956,0.033214144,a,0.95828253,0,1
0712_row_00027763,o,09繁昌,04新港,01胡自发,3,3,o,0.65603215,0.23466761,0.008589149,0.0004815561,0.65603215,0.08108894,0.012222443,0.0013321365,0.0049396628,0.00064644753,o,0.65603215,0,1
0712_row_00027764,o,09繁昌,04新港,01胡自发,3,3,o,0.9594214,0.01665223,4.775664e-05,0.000107551474,0.9594214,0.023028925,0.00034675837,0.00023089958,0.00016424576,2.8074572e-07,o,0.9594214,0,1
0712_row_00027765,o,09繁昌,04新港,01胡自发,3,3,o,0.5370205,0.01609291,0.00037477486,0.0025332975,0.5370205,0.27153146,0.17164484,8.551367e-05,0.00067772967,3.8944967e-05,o,0.5370205,0,1
0712_row_00027766,o,09繁昌,04新港,01胡自发,3,3,o,0.6695711,0.2986675,0.014244752,0.00036593265,0.6695711,0.010152212,0.0013599024,0.0011714742,0.0041046096,0.00036252633,o,0.6695711,0,1
0712_row_00027767,a,09繁昌,04新港,01胡自发,0,0,a,0.9979196,0.9979196,7.975175e-05,0.00053368014,0.00016682326,0.00030025493,3.16234e-07,2.6745354e-05,0.0009520258,2.0832444e-05,a,0.9979196,0,1
0712_row_00027768,a,09繁昌,04新港,01胡自发,0,0,a,0.9974548,0.9974548,0.00015994144,8.7568085e-05,0.00045830483,0.00044503046,4.3599798e-07,4.5169563e-05,0.0013409203,7.845387e-06,a,0.9974548,0,1
0712_row_00027769,a,09繁昌,04新港,01胡自发,0,0,a,0.9976724,0.9976724,0.00012479124,2.7921806e-05,0.0003772179,0.0004215659,1.8556187e-07,0.00032259172,0.001047303,6.010029e-06,a,0.9976724,0,1
0712_row_00027770,a,09繁昌,04新港,01胡自发,0,0,a,0.8934279,0.8934279,0.0028069608,0.0021056882,6.219028e-05,0.0016288392,9.786979e-06,3.5151095e-06,0.016538335,0.08341672,a,0.8934279,0,1
0712_row_00027771,a,09繁昌,04新港,01胡自发,0,0,a,0.91391855,0.91391855,0.0008142191,0.00050500646,6.4926164e-05,0.00024217872,7.988099e-06,4.911774e-06,0.0069276704,0.0775146,a,0.91391855,0,1
0712_row_00027772,a,09繁昌,04新港,01胡自发,0,0,a,0.8143467,0.8143467,0.00021421195,0.000106629464,8.055257e-05,4.6489455e-05,6.0534844e-06,1.6918318e-06,0.012202358,0.17299528,a,0.8143467,0,1
0712_row_00027773,a,09繁昌,04新港,01胡自发,0,0,a,0.98716134,0.98716134,0.00012984803,0.00024217962,0.0009064988,6.235978e-05,1.6611918e-06,5.908781e-07,6.776467e-05,0.011427636,a,0.98716134,0,1
0712_row_00027774,a,09繁昌,04新港,01胡自发,0,0,a,0.9221646,0.9221646,0.00014938132,8.749899e-05,8.433286e-05,2.8595205e-05,1.2642675e-05,1.7459399e-06,0.010175983,0.06729517,a,0.9221646,0,1
0712_row_00027775,ɛ,09繁昌,04新港,01胡自发,8,2,i,0.9935134,0.00016097577,0.0002867663,0.9935134,1.3786798e-05,0.00015751453,0.003251529,1.8829471e-06,0.00031880013,0.002295417,i,0.9935134,0,1
0712_row_00027777,ɛ,09繁昌,04新港,01胡自发,8,2,i,0.9977679,5.5103388e-05,0.00071419746,0.9977679,3.629357e-06,0.0002155458,0.0010318381,2.5141077e-07,0.0001078008,0.00010378429,i,0.9977679,0,1
0712_row_00027778,ɛ,09繁昌,04新港,01胡自发,8,2,i,0.70615685,0.0073988433,0.13845575,0.70615685,0.0012539211,0.061608654,0.028178722,0.001103799,0.041176733,0.014666747,i,0.70615685,0,1
0712_row_00027779,ə,09繁昌,04新港,01胡自发,7,2,i,0.22504056,0.22290033,0.18514456,0.22504056,0.016906057,0.1641697,0.009379115,0.0015102435,0.1730898,0.001859635,i,0.22504056,0,1
0712_row_00027780,ə,09繁昌,04新港,01胡自发,7,4,u,0.47019067,0.100548916,0.068870746,0.24031642,0.0067230607,0.47019067,0.08215799,0.0014272266,0.026267411,0.0034975207,u,0.47019067,0,1
0712_row_00027781,ə,09繁昌,04新港,01胡自发,7,4,u,0.42268452,0.06218478,0.34851727,0.07154024,0.011235478,0.42268452,0.030959941,0.003843235,0.045826945,0.0032075907,u,0.42268452,0,1
0712_row_00027782,ə,09繁昌,04新港,01胡自发,7,2,i,0.98889446,0.00016366456,0.0015885374,0.98889446,5.2545136e-05,9.971101e-06,0.008321781,6.002073e-07,0.000625114,0.00034331012,i,0.98889446,0,1
0712_row_00027783,ɛ,09繁昌,04新港,01胡自发,8,2,i,0.99236566,0.00032722045,0.0007021213,0.99236566,1.32318555e-05,1.5284291e-05,0.0048136865,3.9285007e-07,0.0013073486,0.0004551202,i,0.99236566,0,1
0712_row_00027784,ə,09繁昌,04新港,01胡自发,7,2,i,0.9835503,0.00060702953,0.0023179478,0.9835503,5.9343303e-05,7.899514e-05,0.010933971,1.1756958e-06,0.0020045424,0.00044675372,i,0.9835503,0,1
0712_row_00027785,a,09繁昌,04新港,01胡自发,0,0,a,0.99265337,0.99265337,0.0002880235,0.00057866226,0.003832644,0.0006587794,6.025344e-06,3.3303764e-05,0.0018638938,8.5204316e-05,a,0.99265337,0,1
0712_row_00027786,a,09繁昌,04新港,01胡自发,0,0,a,0.9972156,0.9972156,0.00019169129,0.00021111274,0.0006627578,0.00045187664,7.336342e-07,2.5940293e-05,0.001203093,3.725164e-05,a,0.9972156,0,1
0712_row_00027787,a,09繁昌,04新港,01胡自发,0,0,a,0.99287087,0.99287087,0.0011631754,8.512989e-05,0.0010077808,0.0012703353,1.5453579e-06,2.5677658e-05,0.0030243732,0.00055108644,a,0.99287087,0,1
0712_row_00027788,a,09繁昌,04新港,01胡自发,0,0,a,0.98950225,0.98950225,0.0008531343,0.00053645874,0.00031059477,0.0008622397,4.5532634e-06,8.9792875e-06,0.0063666096,0.0015552096,a,0.98950225,0,1
0712_row_00027789,u,09繁昌,04新港,01胡自发,4,4,u,0.84318566,0.006106659,0.0012956827,0.0019142494,0.02312447,0.84318566,0.111961626,4.2019332e-05,0.012223165,0.00014651201,u,0.84318566,0,1
0712_row_00027790,u,09繁昌,04新港,01胡自发,4,4,u,0.8588734,0.0029381115,0.000121801415,0.00046712012,0.036654893,0.8588734,0.09920431,2.338797e-05,0.0017057426,1.1171142e-05,u,0.8588734,0,1
0712_row_00027791,u,09繁昌,04新港,01胡自发,4,4,u,0.7008269,0.0093331,0.0013310476,0.0014175327,0.05975916,0.7008269,0.053581573,5.1607516e-05,0.17355795,0.00014114814,u,0.7008269,0,1
0712_row_00027792,u,09繁昌,04新港,01胡自发,4,4,u,0.8897109,0.008355868,7.7145196e-05,0.00026133476,0.052472446,0.8897109,0.037310276,7.155228e-05,0.011730734,9.805947e-06,u,0.8897109,0,1
0712_row_00027793,u,09繁昌,04新港,01胡自发,4,3,o,0.47894043,0.041426223,0.00022641846,0.0002219971,0.47894043,0.44219115,0.033923928,0.000104689534,0.0029532113,1.1940247e-05,o,0.47894043,0,1
0712_row_00027794,u,09繁昌,04新港,01胡自发,4,4,u,0.5776135,0.0008759092,0.00013180649,0.0003027725,0.0034730274,0.5776135,0.41616422,5.651116e-06,0.0014238821,9.300921e-06,u,0.5776135,0,1
0712_row_00027795,u,09繁昌,04新港,01胡自发,4,4,u,0.6558384,0.105078265,0.012053209,0.0003034488,0.02346536,0.6558384,0.19537202,0.00020990107,0.006276336,0.0014031176,u,0.6558384,0,1
0712_row_00027796,u,09繁昌,04新港,01胡自发,4,4,u,0.69476545,0.0032444343,5.886581e-05,0.0002560741,0.08835479,0.69476545,0.21060327,1.681852e-05,0.0026953884,4.9217847e-06,u,0.69476545,0,1
0712_row_00027797,y,09繁昌,04新港,01胡自发,5,5,y,0.9933014,3.2435608e-05,0.00042336818,0.0033177654,0.0011949805,0.00077413063,0.9933014,4.904277e-07,0.0009539808,1.5233444e-06,y,0.9933014,0,1
0712_row_00027799,u,09繁昌,04新港,01胡自发,4,4,u,0.4827767,0.020594655,0.0012955845,0.00043750688,0.37483656,0.4827767,0.11278893,0.00019712404,0.0070144013,5.8629736e-05,u,0.4827767,0,1
0712_row_00027800,u,09繁昌,04新港,01胡自发,4,4,u,0.8279079,0.0112375235,0.00044723763,0.00020902973,0.065889604,0.8279079,0.09008539,0.0002383055,0.003981736,3.3028316e-06,u,0.8279079,0,1
0712_row_00027801,o,09繁昌,04新港,01胡自发,3,4,u,0.7764541,0.0025875003,4.440481e-05,0.00015443325,0.037363425,0.7764541,0.18032286,1.5793858e-05,0.0030537308,3.8175017e-06,u,0.7764541,0,1
0712_row_00027802,u,09繁昌,04新港,01胡自发,4,4,u,0.64756453,0.013267547,7.539597e-05,7.747184e-05,0.16631198,0.64756453,0.16954657,5.3830066e-05,0.0030962566,6.3758844e-06,u,0.64756453,0,1
0712_row_00027803,u,09繁昌,04新港,01胡自发,4,4,u,0.71090007,0.014580762,0.002390067,0.0049938657,0.06453595,0.71090007,0.16592182,0.00032287822,0.035468794,0.0008858324,u,0.71090007,0,1
0712_row_00027804,u,09繁昌,04新港,01胡自发,4,4,u,0.54052955,0.015950458,7.591051e-05,8.475305e-05,0.41190675,0.54052955,0.028528888,6.156132e-05,0.0028534406,8.685119e-06,u,0.54052955,0,1
0712_row_00027805,y,09繁昌,04新港,01胡自发,5,5,y,0.6468843,0.00024316132,0.00024405227,0.1986552,0.0005553693,0.0013089759,0.6468843,1.1615284e-05,0.15196086,0.00013648267,y,0.6468843,0,1
0712_row_00027806,y,09繁昌,04新港,01胡自发,5,5,y,0.6537505,0.02152895,0.00585751,0.08607374,0.024378315,0.13004275,0.6537505,0.0012577015,0.07130359,0.005806877,y,0.6537505,0,1
0712_row_00027807,y,09繁昌,04新港,01胡自发,5,2,i,0.9849626,0.00010179046,0.0008228685,0.9849626,1.6335427e-05,0.0019697866,0.011234677,6.772005e-06,0.0003833444,0.0005018345,i,0.9849626,0,1
0712_row_00027808,y,09繁昌,04新港,01胡自发,5,5,y,0.5502564,0.0006888908,0.0022553399,0.13598238,0.0030368385,0.27007696,0.5502564,7.430057e-05,0.036936816,0.0006921162,y,0.5502564,0,1
0712_row_00027809,y,09繁昌,04新港,01胡自发,5,5,y,0.993747,2.4400124e-05,0.00044679965,0.001202501,0.0011025812,0.0022879383,0.993747,6.8417086e-07,0.0011859756,2.0095174e-06,y,0.993747,0,1
0712_row_00027810,y,09繁昌,04新港,01胡自发,5,2,i,0.4541376,0.0019597714,0.015484082,0.4541376,0.00341175,0.24251007,0.26463312,4.9987826e-05,0.0153182,0.002495389,i,0.4541376,0,1
0712_row_00027811,y,09繁昌,04新港,01胡自发,5,5,y,0.9968753,1.6611197e-05,0.00036840548,0.0010598992,0.0009735463,0.00034551273,0.9968753,1.9173216e-07,0.00035966825,9.081544e-07,y,0.9968753,0,1
0712_row_00027812,y,09繁昌,04新港,01胡自发,5,4,u,0.5116423,0.0012536288,0.000117663505,0.00018973825,0.0030667384,0.5116423,0.4827009,8.526198e-06,0.0010050616,1.552583e-05,u,0.5116423,0,1
0712_row_00027813,y,09繁昌,04新港,01胡自发,5,4,u,0.7273687,0.0028718142,0.0025081895,0.0017895945,0.014920939,0.7273687,0.24434206,4.573225e-05,0.00601097,0.00014199226,u,0.7273687,0,1
0712_row_00027814,y,09繁昌,04新港,01胡自发,5,4,u,0.69357926,0.004235584,0.002259677,0.0005869718,0.008583662,0.69357926,0.28753984,3.833129e-05,0.0029598738,0.000216805,u,0.69357926,0,1
0712_row_00027815,u,09繁昌,04新港,01胡自发,4,4,u,0.5852962,0.0012009451,0.00012549528,0.00020196858,0.007323267,0.5852962,0.40334225,6.670928e-06,0.0024938032,9.436917e-06,u,0.5852962,0,1
0712_row_00027816,y,09繁昌,04新港,01胡自发,5,4,u,0.6815092,0.0013207368,0.0003076923,0.00030727693,0.014177085,0.6815092,0.3009316,7.116158e-06,0.0014277532,1.1563153e-05,u,0.6815092,0,1
0712_row_00027817,y,09繁昌,04新港,01胡自发,5,2,i,0.55721235,0.0006786002,0.001594405,0.55721235,0.0008435371,0.11138913,0.3064022,6.0125665e-05,0.021383418,0.00043623292,i,0.55721235,0,1
0712_row_00027818,u,09繁昌,04新港,01胡自发,4,4,u,0.7677511,0.0068161734,0.0011443014,0.00061426644,0.061616197,0.7677511,0.1520465,7.999527e-05,0.00987928,5.2209827e-05,u,0.7677511,0,1
0712_row_00027819,u,09繁昌,04新港,01胡自发,4,4,u,0.8230345,0.0073817363,0.002597255,0.0013646221,0.050321378,0.8230345,0.09040716,8.7499415e-05,0.024714781,9.1052534e-05,u,0.8230345,0,1
0712_row_00027820,u,09繁昌,04新港,01胡自发,4,5,y,0.51949304,0.0016596282,4.154188e-05,8.195937e-05,0.009713045,0.4677449,0.51949304,8.040413e-06,0.0012519547,5.8941173e-06,y,0.51949304,0,1
0712_row_00027821,u,09繁昌,04新港,01胡自发,4,4,u,0.7911038,0.0033103994,0.00020545084,0.0002871108,0.03452708,0.7911038,0.15881911,3.8072678e-05,0.011684286,2.4734536e-05,u,0.7911038,0,1
0712_row_00027822,u,09繁昌,04新港,01胡自发,4,3,o,0.87706286,0.044261687,0.00027600018,0.00010657401,0.87706286,0.07620873,0.0010043747,8.490915e-05,0.0008863153,0.00010858865,o,0.87706286,0,1
0712_row_00027823,u,09繁昌,04新港,01胡自发,4,4,u,0.4058953,0.0056251334,0.010690452,0.17104565,0.01086887,0.4058953,0.34084338,0.0003885586,0.053307213,0.0013354558,u,0.4058953,0,1
0712_row_00027824,u,09繁昌,04新港,01胡自发,4,4,u,0.72658116,0.014686156,0.0035693587,0.0013884313,0.107785724,0.72658116,0.1329368,0.00026998244,0.012661501,0.00012092379,u,0.72658116,0,1
0712_row_00027825,u,09繁昌,04新港,01胡自发,4,4,u,0.7559997,0.020672238,0.0029375874,0.00086714886,0.06700514,0.7559997,0.13275307,0.00018973665,0.019351551,0.00022381528,u,0.7559997,0,1
0712_row_00027826,y,09繁昌,04新港,01胡自发,5,2,i,0.5349907,0.014174362,0.005060292,0.5349907,0.003308005,0.0304911,0.33534768,0.0013909255,0.06925992,0.00597695,i,0.5349907,0,1
0712_row_00027827,y,09繁昌,04新港,01胡自发,5,4,u,0.5202521,0.004267462,0.002380054,0.2084689,0.007590214,0.5202521,0.24534719,0.00026277849,0.011050516,0.0003807959,u,0.5202521,0,1
0712_row_00027828,y,09繁昌,04新港,01胡自发,5,5,y,0.9803019,0.00013535545,0.0017224657,0.010722848,0.0048976056,0.0016565123,0.9803019,3.190741e-06,0.00053673016,2.337231e-05,y,0.9803019,0,1
0712_row_00027829,y,09繁昌,04新港,01胡自发,5,5,y,0.8403436,0.0009607774,0.0119162025,0.10605948,0.0040594274,0.023788206,0.8403436,2.2140808e-05,0.012243946,0.00060619786,y,0.8403436,0,1
0712_row_00027830,y,09繁昌,04新港,01胡自发,5,5,y,0.96073174,0.00019022415,0.002165103,0.029729571,0.002749284,0.0031473597,0.96073174,7.2382845e-06,0.0012093711,7.008387e-05,y,0.96073174,0,1
0712_row_00027831,a,09繁昌,04新港,01胡自发,0,0,a,0.52520263,0.52520263,0.08059041,0.2860733,0.00048076516,0.066878386,0.0027859136,6.3979074e-05,0.0027019018,0.035222717,a,0.52520263,0,1
0712_row_00027832,a,09繁昌,04新港,01胡自发,0,0,a,0.6086645,0.6086645,0.21601962,0.013151507,0.0025652458,0.13489382,0.0006192293,0.00065673003,0.014776396,0.008652992,a,0.6086645,0,1
0712_row_00027833,a,09繁昌,04新港,01胡自发,0,2,i,0.48913896,0.28190932,0.0071914266,0.48913896,0.0015250166,0.20995301,0.0028711658,6.4064305e-05,0.002019556,0.0053273966,i,0.48913896,0,1
0712_row_00027834,e,09繁昌,04新港,01胡自发,1,1,e,0.8373202,0.115019836,0.8373202,0.017503833,0.0053522037,0.01944434,0.0017015652,0.00044842568,0.003064185,0.00014537328,e,0.8373202,0,1
0712_row_00027835,a,09繁昌,04新港,01胡自发,0,0,a,0.7218878,0.7218878,0.13115524,0.13670562,0.0014300529,0.0076346737,5.965809e-05,0.00018285362,0.00026146963,0.00068247016,a,0.7218878,0,1
0712_row_00027836,ɛ,09繁昌,04新港,01胡自发,8,8,ɛ,0.5234992,0.21665066,0.008632643,0.2340164,0.0041596545,3.596773e-05,0.011985309,1.5261908e-06,0.0010186592,0.5234992,ɛ,0.5234992,0,1
0712_row_00027837,a,09繁昌,04新港,01胡自发,0,0,a,0.88710153,0.88710153,0.07534421,0.010602432,0.002513447,0.022890924,4.565362e-05,5.0011844e-05,0.0007920626,0.00065972056,a,0.88710153,0,1
0712_row_00027838,ɛ,09繁昌,04新港,01胡自发,8,8,ɛ,0.96472055,0.034707904,0.00014306964,0.00021384264,2.1722975e-05,2.1693804e-05,7.061115e-05,5.5302134e-08,0.000100573016,0.96472055,ɛ,0.96472055,0,1
0712_row_00027839,ɛ,09繁昌,04新港,01胡自发,8,8,ɛ,0.9869429,0.012633506,0.00024882803,5.8294852e-05,2.6654228e-05,5.793475e-06,4.5952285e-05,3.9732164e-08,3.7937203e-05,0.9869429,ɛ,0.9869429,0,1
0712_row_00027840,ɛ,09繁昌,04新港,01胡自发,8,0,a,0.5155929,0.5155929,0.01728572,0.0192072,0.004314304,0.04566199,0.0093673235,0.000104808736,0.008031698,0.38043407,a,0.5155929,0,1
0712_row_00027841,e,09繁昌,04新港,01胡自发,1,8,ɛ,0.45765573,0.42118227,0.08190851,0.02434053,0.00042621154,0.0072322176,0.0041385493,2.6907295e-05,0.0030890892,0.45765573,ɛ,0.45765573,0,1
0712_row_00027842,a,09繁昌,04新港,01胡自发,0,0,a,0.46886,0.46886,0.03302251,0.039570194,0.00062908605,0.02276809,0.0017036579,2.1107331e-05,0.00073639484,0.432689,a,0.46886,0,1
0712_row_00027843,i,09繁昌,04新港,01胡自发,2,2,i,0.98396736,0.00055030605,0.0068568382,0.98396736,6.957027e-05,0.0012717808,0.004252642,1.2624218e-05,0.002531182,0.00048766498,i,0.98396736,0,1
0712_row_00027844,i,09繁昌,04新港,01胡自发,2,2,i,0.9785266,0.0002808295,0.0038339829,0.9785266,9.717303e-05,6.2854255e-05,0.015097781,1.8584421e-06,0.001452602,0.0006463614,i,0.9785266,0,1
0712_row_00027845,i,09繁昌,04新港,01胡自发,2,2,i,0.97939634,0.0005477242,0.008202798,0.97939634,0.00010787495,7.577324e-05,0.010799251,2.8479599e-06,0.0008456792,2.1844491e-05,i,0.97939634,0,1
0712_row_00027846,i,09繁昌,04新港,01胡自发,2,2,i,0.95835906,0.004818573,0.021064052,0.95835906,8.755475e-05,0.0057482794,0.00531056,1.582882e-05,0.003813058,0.00078295177,i,0.95835906,0,1
0712_row_00027847,i,09繁昌,04新港,01胡自发,2,2,i,0.3724407,0.0835957,0.04518757,0.3724407,0.023430126,0.36831927,0.039016034,0.0005742772,0.06701823,0.0004179998,i,0.3724407,0,1
0712_row_00027848,i,09繁昌,04新港,01胡自发,2,2,i,0.9794591,0.00042394703,0.0059221457,0.9794591,3.640216e-05,0.0035172685,0.007947044,1.375251e-05,0.0014776526,0.0012027117,i,0.9794591,0,1
0712_row_00027849,i,09繁昌,04新港,01胡自发,2,2,i,0.98440325,9.735359e-05,0.00026378184,0.98440325,1.3242934e-05,3.687043e-05,0.003460814,3.6569028e-07,0.011715714,8.630493e-06,i,0.98440325,0,1
0712_row_00027850,i,09繁昌,04新港,01胡自发,2,2,i,0.8282161,0.0024759232,0.0963526,0.8282161,0.00050004607,0.037748903,0.025610862,0.0001689509,0.0054969485,0.0034296613,i,0.8282161,0,1
0712_row_00027851,i,09繁昌,04新港,01胡自发,2,2,i,0.55875593,0.0042514997,0.0054444475,0.55875593,0.002366674,0.00037937931,0.4104632,1.9439924e-05,0.015972052,0.0023473082,i,0.55875593,0,1
0712_row_00027852,i,09繁昌,04新港,01胡自发,2,2,i,0.9736077,8.1869955e-05,0.0024733706,0.9736077,1.4487237e-05,6.0772505e-05,0.023023423,1.6591697e-07,0.0007309262,7.348037e-06,i,0.9736077,0,1
0712_row_00027853,i,09繁昌,04新港,01胡自发,2,2,i,0.9852659,0.0003082712,0.005265976,0.9852659,1.6831831e-05,0.0026753556,0.005177062,2.307623e-06,0.0009298346,0.00035832083,i,0.9852659,0,1
0712_row_00027854,i,09繁昌,04新港,01胡自发,2,2,i,0.98277974,0.0004601057,0.0032552767,0.98277974,5.888358e-05,0.0010867433,0.008406272,5.8889273e-06,0.00090217876,0.0030449321,i,0.98277974,0,1
0712_row_00027855,i,09繁昌,04新港,01胡自发,2,2,i,0.99338293,0.00096969906,0.001000973,0.99338293,1.3773687e-05,0.00058998755,0.0030673153,9.2629483e-07,0.0008059384,0.00016842375,i,0.99338293,0,1
0712_row_00027856,i,09繁昌,04新港,01胡自发,2,2,i,0.9588917,0.001135017,0.0008156053,0.9588917,1.9235531e-05,0.004203875,0.02513263,2.7108326e-06,0.009667331,0.00013175723,i,0.9588917,0,1
0712_row_00027858,e,09繁昌,04新港,01胡自发,1,1,e,0.8878838,0.010598638,0.8878838,0.057255667,0.00050027936,0.038274527,0.0015726262,0.0005337987,0.0033430771,3.751234e-05,e,0.8878838,0,1
0712_row_00027859,e,09繁昌,04新港,01胡自发,1,1,e,0.746558,0.106311016,0.746558,0.121300995,0.007649059,0.010819408,0.0012294782,0.0004903507,0.005543706,9.798693e-05,e,0.746558,0,1
0712_row_00027860,e,09繁昌,04新港,01胡自发,1,0,a,0.49134567,0.49134567,0.2642605,0.030540075,0.13610321,0.049835913,0.0032050626,0.010417473,0.013897675,0.00039435798,a,0.49134567,0,1
0712_row_00027861,e,09繁昌,04新港,01胡自发,1,2,i,0.41564748,0.22671854,0.20183237,0.41564748,0.04355321,0.056958362,0.028540779,0.0051493873,0.021480529,0.000119339136,i,0.41564748,0,1
0712_row_00027862,e,09繁昌,04新港,01胡自发,1,1,e,0.57421035,0.01166566,0.57421035,0.00019895984,0.016885525,0.39136037,0.002828181,0.00018631098,0.0025408952,0.00012365018,e,0.57421035,0,1
0712_row_00027863,u,09繁昌,04新港,01胡自发,4,3,o,0.40981236,0.18378237,0.12279131,0.000764714,0.40981236,0.266138,0.0063166968,0.00080958917,0.009288191,0.00029677138,o,0.40981236,0,1
0712_row_00027864,a,09繁昌,04新港,01胡自发,0,0,a,0.8207637,0.8207637,0.007939115,0.0059188236,0.117913865,0.03721254,0.005642688,0.0001448986,0.0041040373,0.00036035007,a,0.8207637,0,1
0712_row_00027865,u,09繁昌,04新港,01胡自发,4,4,u,0.38666463,0.14074652,0.21355268,0.00026440012,0.21340896,0.38666463,0.006515585,0.0015760538,0.037177533,9.363036e-05,u,0.38666463,0,1
0712_row_00027866,a,09繁昌,04新港,01胡自发,0,0,a,0.7415033,0.7415033,0.0077043897,0.019838605,0.021543639,0.20587607,0.0009816115,0.00010570562,0.001724318,0.0007224219,a,0.7415033,0,1
0712_row_00027867,a,09繁昌,04新港,01胡自发,0,0,a,0.74060893,0.74060893,0.011814158,0.0007152285,0.040412012,0.20226993,0.00042377238,0.00018200108,0.0033866197,0.00018721998,a,0.74060893,0,1
0712_row_00027868,a,09繁昌,04新港,01胡自发,0,0,a,0.9898705,0.9898705,0.00031141404,0.0005163992,0.0074138297,0.00056061044,6.507941e-06,2.6580838e-05,0.0012052341,8.896951e-05,a,0.9898705,0,1
0712_row_00027869,a,09繁昌,04新港,01胡自发,0,0,a,0.89017874,0.89017874,0.007506515,0.00044733722,0.05562081,0.025279861,0.0005442119,0.0001973989,0.02003388,0.00019118495,a,0.89017874,0,1
0712_row_00027870,a,09繁昌,04新港,01胡自发,0,0,a,0.9930407,0.9930407,0.0004790582,0.000107830034,0.00116553,0.001228388,1.8972684e-06,2.0149962e-05,0.0038963556,5.9999227e-05,a,0.9930407,0,1
0712_row_00027871,a,09繁昌,04新港,01胡自发,0,0,a,0.9882046,0.9882046,0.0018069269,0.00015618802,0.0003158288,0.0010386427,3.0239344e-06,6.8114746e-06,0.007472549,0.0009953209,a,0.9882046,0,1
0712_row_00027872,e,09繁昌,04新港,01胡自发,1,7,ə,0.7314857,0.17752631,0.060761213,0.00017495977,0.009519291,0.01767052,0.00029027325,0.00058394164,0.7314857,0.0019877441,ə,0.7314857,0,1
0712_row_00027873,e,09繁昌,04新港,01胡自发,1,3,o,0.31212184,0.11802433,0.30211693,0.0007637557,0.31212184,0.23830433,0.021185178,0.0034582326,0.0037025106,0.00032290514,o,0.31212184,0,1
0712_row_00027875,e,09繁昌,04新港,01胡自发,1,1,e,0.35750332,0.25031337,0.35750332,0.0020346509,0.22522132,0.11772047,0.035516344,0.0037690725,0.0066337986,0.001287611,e,0.35750332,0,1
0712_row_00027876,e,09繁昌,04新港,01胡自发,1,1,e,0.9745719,0.002534647,0.9745719,0.008181399,3.2710253e-05,0.013729792,0.00016921399,0.00030304265,0.0004694198,7.881247e-06,e,0.9745719,0,1
0712_row_00027877,i,09繁昌,04新港,01胡自发,2,2,i,0.9975095,1.9780044e-05,0.0010653909,0.9975095,2.1793155e-06,0.0001835313,0.0009763914,3.629907e-07,0.00012664958,0.00011622029,i,0.9975095,0,1
0712_row_00027878,i,09繁昌,04新港,01胡自发,2,2,i,0.7261842,0.002374347,0.0041416893,0.7261842,0.00067313627,0.052281108,0.18635747,0.00021803823,0.026682155,0.0010878363,i,0.7261842,0,1
0712_row_00027879,i,09繁昌,04新港,01胡自发,2,4,u,0.48485863,0.001628535,0.012331547,0.15152463,0.0035122202,0.48485863,0.31533226,0.0001685516,0.0302218,0.0004217847,u,0.48485863,0,1
0712_row_00027880,i,09繁昌,04新港,01胡自发,2,2,i,0.8436396,0.001089116,0.041229833,0.8436396,0.0004964174,0.037684012,0.060656074,7.397723e-05,0.013469833,0.0016611092,i,0.8436396,0,1
0712_row_00027881,i,09繁昌,04新港,01胡自发,2,2,i,0.48029858,0.23085573,0.043431744,0.48029858,0.00240225,0.00089313113,0.010487594,0.00030033995,0.013879561,0.21745095,i,0.48029858,0,1
0712_row_00027882,i,09繁昌,04新港,01胡自发,2,2,i,0.98672765,0.0006057527,0.0008057158,0.98672765,1.3039115e-05,0.00031489908,0.009494634,1.716805e-06,0.0008568588,0.0011797228,i,0.98672765,0,1
0712_row_00027883,i,09繁昌,04新港,01胡自发,2,2,i,0.97014815,0.0008052991,0.0013917319,0.97014815,3.1940686e-05,0.0018333889,0.021622615,6.9303564e-06,0.0015321833,0.0026278356,i,0.97014815,0,1
0712_row_00027884,i,09繁昌,04新港,01胡自发,2,2,i,0.969048,0.000790622,0.004798732,0.969048,4.912873e-05,0.0006519249,0.018931901,3.3559913e-06,0.0045371093,0.0011891891,i,0.969048,0,1
0712_row_00027885,i,09繁昌,04新港,01胡自发,2,2,i,0.9881633,0.00017736037,0.0055662426,0.9881633,1.0552969e-05,0.00019560277,0.003939708,7.5793207e-07,0.0015830111,0.00036348245,i,0.9881633,0,1
0712_row_00027886,i,09繁昌,04新港,01胡自发,2,2,i,0.9377066,0.00060449477,0.04041421,0.9377066,0.00014141011,0.01136427,0.007988045,3.8763337e-05,0.0010226184,0.00071954867,i,0.9377066,0,1
0712_row_00027887,i,09繁昌,04新港,01胡自发,2,4,u,0.3518568,0.021172777,0.06584454,0.18676466,0.011295737,0.3518568,0.20770174,0.00076002296,0.1513815,0.0032222304,u,0.3518568,0,1
0712_row_00027888,e,09繁昌,04新港,01胡自发,1,1,e,0.7496843,0.06650101,0.7496843,0.0023694457,0.012670749,0.12312544,0.0006459906,0.010662217,0.034195382,0.00014545597,e,0.7496843,0,1
0712_row_00027889,i,09繁昌,04新港,01胡自发,2,2,i,0.9496795,0.00064344035,0.020022824,0.9496795,9.602894e-05,0.00457259,0.018580664,2.8197825e-05,0.004297124,0.0020797248,i,0.9496795,0,1
0712_row_00027890,i,09繁昌,04新港,01胡自发,2,2,i,0.97679317,0.0010754884,0.016599989,0.97679317,9.0306035e-05,0.0003672355,0.004270524,3.0779408e-06,0.0006455829,0.00015459069,i,0.97679317,0,1
0712_row_00027891,i,09繁昌,04新港,01胡自发,2,2,i,0.98931915,7.466155e-05,0.000660101,0.98931915,9.835555e-06,0.004457482,0.0053397403,5.1715256e-07,0.00011197321,2.650378e-05,i,0.98931915,0,1
0712_row_00027892,i,09繁昌,04新港,01胡自发,2,2,i,0.92628795,0.00066296704,0.015772246,0.92628795,0.00020678734,0.038083706,0.017338399,4.8383517e-05,0.00083204196,0.0007675308,i,0.92628795,0,1
0712_row_00027893,i,09繁昌,04新港,01胡自发,2,5,y,0.35002002,0.00177393,0.016629348,0.2593631,0.003164925,0.3355641,0.35002002,5.5414675e-05,0.032310113,0.0011190316,y,0.35002002,0,1
0712_row_00027894,i,09繁昌,04新港,01胡自发,2,2,i,0.7019722,0.00037117396,0.00041770312,0.7019722,9.2403345e-05,0.007756796,0.25980604,2.1605883e-05,0.029116046,0.00044602065,i,0.7019722,0,1
0712_row_00027895,i,09繁昌,04新港,01胡自发,2,2,i,0.9985152,0.00088714756,2.6137603e-05,0.9985152,0.00017332447,4.572514e-06,0.0003617829,2.511035e-06,7.224319e-06,2.212451e-05,i,0.9985152,0,1
0712_row_00027896,i,09繁昌,04新港,01胡自发,2,2,i,0.8847156,0.00064018636,0.00029051592,0.8847156,5.7899182e-05,0.0026394331,0.108309686,1.8564782e-05,0.0018228989,0.0015051649,i,0.8847156,0,1
0712_row_00027897,i,09繁昌,04新港,01胡自发,2,2,i,0.9868461,0.0005239225,0.002892575,0.9868461,3.2269098e-05,9.224541e-05,0.0085279755,1.0326848e-06,0.0008836873,0.00020014691,i,0.9868461,0,1
0712_row_00027898,i,09繁昌,04新港,01胡自发,2,2,i,0.9978381,2.7988779e-05,8.34319e-05,0.9978381,2.2526933e-06,0.00071104633,0.0012161535,2.3904184e-07,0.00011429026,6.5439963e-06,i,0.9978381,0,1
0712_row_00027899,i,09繁昌,04新港,01胡自发,2,2,i,0.9211259,0.0021287806,0.008906725,0.9211259,0.0003634049,0.04319412,0.022402698,6.363212e-05,0.0011542481,0.0006605538,i,0.9211259,0,1
0712_row_00027900,i,09繁昌,04新港,01胡自发,2,2,i,0.998214,8.615257e-05,0.00024445294,0.998214,6.4033993e-06,0.0010567893,0.0003652035,4.6590054e-07,2.1216018e-05,5.341049e-06,i,0.998214,0,1
0712_row_00027901,i,09繁昌,04新港,01胡自发,2,2,i,0.9709962,0.0012141579,0.0046610218,0.9709962,0.00023138116,0.0093788775,0.011859704,0.00018206784,0.0006628375,0.00081368693,i,0.9709962,0,1
0712_row_00027902,i,09繁昌,04新港,01胡自发,2,2,i,0.75798655,0.005991405,0.008713932,0.75798655,0.00060865737,0.0051633283,0.16147366,0.00022528414,0.05090809,0.008929109,i,0.75798655,0,1
0712_row_00027903,i,09繁昌,04新港,01胡自发,2,2,i,0.989021,0.00016795789,0.004248105,0.989021,1.7672133e-05,0.0042335857,0.0020997731,2.2241109e-06,0.00013063046,7.899809e-05,i,0.989021,0,1
0712_row_00027904,i,09繁昌,04新港,01胡自发,2,2,i,0.8959813,0.00052467844,0.004188618,0.8959813,0.00030216563,0.021885604,0.06521456,2.210517e-05,0.0112809725,0.0005999604,i,0.8959813,0,1
0712_row_00027905,i,09繁昌,04新港,01胡自发,2,2,i,0.82761556,0.0021779079,0.0011251121,0.82761556,0.00015861336,0.00300836,0.15541354,6.703564e-05,0.005257575,0.005176333,i,0.82761556,0,1
0712_row_00027906,i,09繁昌,04新港,01胡自发,2,2,i,0.9375816,0.00075802207,0.0020201472,0.9375816,6.83391e-05,0.0015379091,0.051884376,1.3821113e-05,0.002504637,0.003631124,i,0.9375816,0,1
0712_row_00027907,i,09繁昌,04新港,01胡自发,2,2,i,0.97869706,0.007859485,0.00030878105,0.97869706,0.007209604,6.5799563e-06,0.0058151037,6.340308e-06,5.3110347e-05,4.406699e-05,i,0.97869706,0,1
0712_row_00027908,i,09繁昌,04新港,01胡自发,2,2,i,0.9699516,0.0004814275,0.0015293432,0.9699516,2.8300245e-05,0.0014629624,0.02312044,8.8076e-06,0.0023034338,0.001113752,i,0.9699516,0,1
0712_row_00027909,i,09繁昌,04新港,01胡自发,2,2,i,0.99396497,0.0001686456,0.0009730801,0.99396497,5.9750096e-06,0.00038258758,0.0036139986,7.631778e-07,0.00039301522,0.00049703335,i,0.99396497,0,1
0712_row_00027910,i,09繁昌,04新港,01胡自发,2,2,i,0.9693544,0.0022634675,0.009087255,0.9693544,0.00010450866,7.844577e-05,0.014015313,2.1635108e-06,0.0033396827,0.001754627,i,0.9693544,0,1
0712_row_00027911,i,09繁昌,04新港,01胡自发,2,2,i,0.99513763,0.00024684466,0.00047461933,0.99513763,7.510571e-06,0.00023317043,0.0033511138,7.8005604e-07,0.0002104692,0.00033776803,i,0.99513763,0,1
0712_row_00027912,i,09繁昌,04新港,01胡自发,2,2,i,0.9623837,0.00041856815,0.0007630341,0.9623837,3.083314e-05,0.0017588461,0.032812756,4.849709e-06,0.0006093181,0.0012181161,i,0.9623837,0,1
0712_row_00027913,i,09繁昌,04新港,01胡自发,2,2,i,0.9905005,0.00094575476,0.0018223244,0.9905005,1.9404664e-05,0.00056879106,0.004557153,1.3435572e-06,0.0010027305,0.00058200397,i,0.9905005,0,1
0712_row_00027914,u,09繁昌,04新港,01胡自发,4,4,u,0.9531898,0.012917084,0.0036857561,0.003045241,0.014264315,0.9531898,0.009900071,0.00012969103,0.002864317,3.6342967e-06,u,0.9531898,0,1
0712_row_00027915,u,09繁昌,04新港,01胡自发,4,1,e,0.64480686,0.0010653395,0.64480686,8.8891145e-05,0.0062445407,0.34594053,0.0016487135,9.865172e-05,9.762856e-05,8.846638e-06,e,0.64480686,0,1
0712_row_00027916,u,09繁昌,04新港,01胡自发,4,4,u,0.9805133,0.0014210764,0.0035623093,0.00013581164,0.0077402084,0.9805133,0.006317244,6.299325e-06,0.0003032173,4.8148786e-07,u,0.9805133,0,1
0712_row_00027917,u,09繁昌,04新港,01胡自发,4,0,a,0.53761715,0.53761715,0.30171117,7.213341e-05,0.066576645,0.05617662,0.002159858,0.00071238657,0.033943426,0.0010306332,a,0.53761715,0,1
0712_row_00027918,u,09繁昌,04新港,01胡自发,4,1,e,0.50589603,0.14179754,0.50589603,0.000313397,0.10144539,0.21254261,0.012301723,0.009632325,0.015600856,0.00047014208,e,0.50589603,0,1
0712_row_00027919,u,09繁昌,04新港,01胡自发,4,1,e,0.7230923,0.08707354,0.7230923,0.0013537902,0.005273784,0.15834059,0.00030510113,0.015486048,0.009031215,4.3598164e-05,e,0.7230923,0,1
0712_row_00027920,u,09繁昌,04新港,01胡自发,4,7,ə,0.48310387,0.036857966,0.31434828,0.00014965038,0.031165076,0.1165099,0.00023451602,0.016663626,0.48310387,0.00096714334,ə,0.48310387,0,1
0712_row_00027921,u,09繁昌,04新港,01胡自发,4,4,u,0.9093816,0.010137501,0.04720798,0.0003462082,0.002687978,0.9093816,0.023288073,0.00010084884,0.006803536,4.620888e-05,u,0.9093816,0,1
0712_row_00027922,u,09繁昌,04新港,01胡自发,4,1,e,0.36554143,0.27896252,0.36554143,0.017334374,0.03339145,0.13938852,0.107759595,0.0014972124,0.026896538,0.029228313,e,0.36554143,0,1
0712_row_00027923,u,09繁昌,04新港,01胡自发,4,4,u,0.33697915,0.11916974,0.0837685,0.013660377,0.10100492,0.33697915,0.31485787,0.0008391426,0.020793956,0.008926334,u,0.33697915,0,1
0712_row_00027924,u,09繁昌,04新港,01胡自发,4,4,u,0.6283033,0.00035566636,0.36822405,0.00011603198,0.0018413644,0.6283033,0.0010182135,3.0023231e-05,0.00010790788,3.4378322e-06,u,0.6283033,0,1
0712_row_00027925,u,09繁昌,04新港,01胡自发,4,1,e,0.36044395,0.24064982,0.36044395,5.7399007e-05,0.25423324,0.10225543,0.002389135,0.0020524964,0.037440177,0.00047837984,e,0.36044395,0,1
0712_row_00027926,e,09繁昌,04新港,01胡自发,1,1,e,0.9654517,0.0071515236,0.9654517,0.002473237,0.00020227059,0.020835,0.0001624315,0.0002891868,0.003418002,1.669528e-05,e,0.9654517,0,1
0712_row_00027927,e,09繁昌,04新港,01胡自发,1,1,e,0.8975465,0.041465178,0.8975465,0.00016066091,0.0032020605,0.04004127,0.00018081257,0.0006996511,0.016635513,6.829462e-05,e,0.8975465,0,1
0712_row_00027928,e,09繁昌,04新港,01胡自发,1,3,o,0.5475158,0.093789354,0.06574751,0.00544261,0.5475158,0.04460272,0.23806775,0.00052476337,0.0042736875,3.5798024e-05,o,0.5475158,0,1
0712_row_00027929,e,09繁昌,04新港,01胡自发,1,1,e,0.33570355,0.22258319,0.33570355,0.0006995398,0.24673568,0.16389835,0.015418913,0.009897972,0.0039399695,0.001122865,e,0.33570355,0,1
0712_row_00027930,u,09繁昌,04新港,01胡自发,4,3,o,0.33949596,0.040873,0.33446345,0.0007784179,0.33949596,0.26850492,0.012620326,0.0014009787,0.0016738169,0.00018916998,o,0.33949596,0,1
0712_row_00027931,u,09繁昌,04新港,01胡自发,4,0,a,0.6230287,0.6230287,0.11844148,0.00058333005,0.20388329,0.015913012,0.0049041538,0.0026835192,0.02831742,0.0022450753,a,0.6230287,0,1
0712_row_00027932,u,09繁昌,04新港,01胡自发,4,1,e,0.35654664,0.073927686,0.35654664,0.0007941928,0.3245651,0.21877183,0.018058434,0.0033228695,0.0038079035,0.00020534702,e,0.35654664,0,1
0712_row_00027933,u,09繁昌,04新港,01胡自发,4,3,o,0.35722074,0.11656539,0.3438136,0.00055243174,0.35722074,0.14246257,0.029896876,0.0057948288,0.0033580235,0.00033558867,o,0.35722074,0,1
0712_row_00027934,ɔ,09繁昌,04新港,01胡自发,6,0,a,0.6668858,0.6668858,0.000168955,0.00023091429,0.19263332,0.0096436925,1.8184895e-05,0.13027449,0.00014348258,1.2022916e-06,a,0.6668858,0,1
0712_row_00027935,a,09繁昌,04新港,01胡自发,0,0,a,0.93776774,0.93776774,0.00024831278,3.8164708e-05,0.029932372,0.0018467564,3.6525935e-06,0.029943172,0.00020828412,1.1469947e-05,a,0.93776774,0,1
0712_row_00027936,a,09繁昌,04新港,01胡自发,0,0,a,0.9226104,0.9226104,0.01566557,0.00020757545,0.0003580999,0.014015045,6.8585e-05,0.014471202,0.026837677,0.005765883,a,0.9226104,0,1
0712_row_00027937,ɔ,09繁昌,04新港,01胡自发,6,6,ɔ,0.6663762,0.28638732,3.4417084e-05,0.00022159684,0.04538296,0.0013987132,4.6420455e-06,0.6663762,0.0001932719,8.932145e-07,ɔ,0.6663762,0,1
0712_row_00027938,a,09繁昌,04新港,01胡自发,0,0,a,0.65509206,0.65509206,0.004132045,0.0052537797,0.095322244,0.19335403,0.019458665,0.018636163,0.00743849,0.0013125113,a,0.65509206,0,1
0712_row_00027939,ɔ,09繁昌,04新港,01胡自发,6,6,ɔ,0.7122522,0.24018337,0.00032403003,1.6771895e-05,0.018796843,0.0016710551,1.6192372e-06,0.7122522,0.026751839,2.1863277e-06,ɔ,0.7122522,0,1
0712_row_00027940,ɔ,09繁昌,04新港,01胡自发,6,6,ɔ,0.46743312,0.22701007,0.00329529,3.603747e-05,0.074366845,0.011308791,1.928169e-05,0.46743312,0.21649382,3.675806e-05,ɔ,0.46743312,0,1
0712_row_00027941,ɔ,09繁昌,04新港,01胡自发,6,6,ɔ,0.68288696,0.20035754,0.0018471492,0.00016659107,0.014474114,0.01899007,3.564589e-05,0.68288696,0.081222884,1.9028337e-05,ɔ,0.68288696,0,1
0712_row_00027942,ɔ,09繁昌,04新港,01胡自发,6,0,a,0.51356065,0.51356065,0.12691016,0.0023967049,0.009645372,0.20434263,0.005756062,0.041883126,0.08671912,0.008786071,a,0.51356065,0,1
0712_row_00027943,a,09繁昌,04新港,01胡自发,0,0,a,0.9259181,0.9259181,0.0007702335,3.3056116e-05,0.07297649,2.754017e-05,3.1314291e-06,0.00020225221,2.6753196e-05,4.2405285e-05,a,0.9259181,0,1
0712_row_00027944,a,09繁昌,04新港,01胡自发,0,0,a,0.86588633,0.86588633,0.033706844,0.0008811512,0.003604773,0.06399456,0.012109725,0.00018263457,0.0052086976,0.0144252805,a,0.86588633,0,1
0712_row_00027945,a,09繁昌,04新港,01胡自发,0,0,a,0.8776097,0.8776097,0.0069211256,5.1297444e-05,0.0016496513,0.0035580462,1.653488e-05,0.10433829,0.005433536,0.00042181986,a,0.8776097,0,1
0712_row_00027946,ɔ,09繁昌,04新港,01胡自发,6,0,a,0.79099685,0.79099685,0.00019445654,9.721543e-05,0.046556197,0.005115265,1.1115884e-05,0.15652265,0.0005036854,2.5000904e-06,a,0.79099685,0,1
0712_row_00027947,ɔ,09繁昌,04新港,01胡自发,6,0,a,0.48564157,0.48564157,0.0009834312,8.6728825e-05,0.0929905,0.006073719,2.2683613e-05,0.41239277,0.0018047394,3.9506763e-06,a,0.48564157,0,1
0712_row_00027948,a,09繁昌,04新港,01胡自发,0,0,a,0.99437135,0.99437135,0.0017168345,6.666922e-05,0.0012690421,4.9828664e-05,1.4332436e-05,9.7710064e-05,0.00033559935,0.002078629,a,0.99437135,0,1
0712_row_00027949,a,09繁昌,04新港,01胡自发,0,0,a,0.5385024,0.5385024,0.024380201,0.00012253305,0.0004914179,2.4748613e-05,0.00033241897,5.5153255e-06,0.009417774,0.42672294,a,0.5385024,0,1
0712_row_00027950,a,09繁昌,04新港,01胡自发,0,0,a,0.71453965,0.71453965,0.01595339,0.00011689265,0.00036094137,2.1608681e-05,0.00038114717,2.2648726e-05,0.01513396,0.2534697,a,0.71453965,0,1
0712_row_00027951,a,09繁昌,04新港,01胡自发,0,3,o,0.64056385,0.09893606,0.013266487,9.255611e-05,0.64056385,0.006749922,0.0004682038,0.0042256895,0.23260286,0.0030943945,o,0.64056385,0,1
0712_row_00027952,a,09繁昌,04新港,01胡自发,0,3,o,0.7752701,0.0920153,0.010766598,0.033958647,0.7752701,6.393907e-05,0.07903508,0.00019234506,0.00474472,0.003953191,o,0.7752701,0,1
0712_row_00027953,a,09繁昌,04新港,01胡自发,0,0,a,0.40020433,0.40020433,0.0240237,0.0010722004,0.00016602583,0.00017855104,0.00069502584,6.661563e-05,0.1767218,0.3968717,a,0.40020433,0,1
0712_row_00027954,u,09繁昌,04新港,01胡自发,4,3,o,0.88839906,0.03498054,6.438135e-05,9.786369e-05,0.88839906,0.07434818,0.0013841704,0.00030405793,0.00042052154,1.1082642e-06,o,0.88839906,0,1
0712_row_00027955,o,09繁昌,04新港,01胡自发,3,3,o,0.9975993,0.0012377037,0.00012650767,1.3711659e-05,0.9975993,0.0009166895,2.3831508e-05,7.8705474e-05,3.5257133e-06,5.4357027e-08,o,0.9975993,0,1
0712_row_00027956,o,09繁昌,04新港,01胡自发,3,3,o,0.8801506,0.05575467,0.0113907,0.0020909852,0.8801506,0.028529812,0.019494232,0.00047497606,0.001909509,0.00020454297,o,0.8801506,0,1
0712_row_00027957,o,09繁昌,04新港,01胡自发,3,3,o,0.97201794,0.0041364646,5.305372e-05,0.00023346242,0.97201794,0.021383232,0.0018027354,0.00021891623,0.00015316946,1.0060772e-06,o,0.97201794,0,1
0712_row_00027958,o,09繁昌,04新港,01胡自发,3,3,o,0.97728854,0.0022129635,0.0014663074,0.0001265201,0.97728854,4.7425634e-05,0.018618423,1.9990046e-06,7.075354e-05,0.00016717656,o,0.97728854,0,1
0712_row_00027959,o,09繁昌,04新港,01胡自发,3,3,o,0.9503241,0.0038399915,0.0016817456,0.00019860416,0.9503241,0.0011950346,0.04226672,1.0203829e-05,0.00040616104,7.7414275e-05,o,0.9503241,0,1
0712_row_00027960,o,09繁昌,04新港,01胡自发,3,3,o,0.99930596,2.9919167e-05,4.699054e-06,1.6195394e-05,0.99930596,7.695934e-06,0.0006339499,2.0920615e-07,1.2999676e-06,2.2668724e-08,o,0.99930596,0,1
0712_row_00027961,o,09繁昌,04新港,01胡自发,3,3,o,0.950924,0.013792676,0.0022970939,0.00023828151,0.950924,0.022378042,0.009517322,0.00052695285,0.00030355479,2.2090115e-05,o,0.950924,0,1
0712_row_00027962,o,09繁昌,04新港,01胡自发,3,3,o,0.9982761,0.0010621536,0.00015068357,1.3662895e-05,0.9982761,0.00026838717,0.00020172691,2.4803761e-05,2.224588e-06,1.9269791e-07,o,0.9982761,0,1
0712_row_00027963,u,09繁昌,04新港,01胡自发,4,4,u,0.58464825,0.0012747083,0.00043137837,0.00012453453,0.005035596,0.58464825,0.4075944,6.8446066e-06,0.00086719595,1.7041286e-05,u,0.58464825,0,1
0712_row_00027964,u,09繁昌,04新港,01胡自发,4,4,u,0.55914634,0.0019177136,0.0006399743,0.00014234576,0.007306364,0.55914634,0.42950118,7.767047e-06,0.0013139539,2.436961e-05,u,0.55914634,0,1
0712_row_00027965,u,09繁昌,04新港,01胡自发,4,4,u,0.6322359,0.0005197291,8.623107e-05,0.00011408192,0.008784823,0.6322359,0.353891,3.0915778e-06,0.0043588984,6.2361955e-06,u,0.6322359,0,1
0712_row_00027966,u,09繁昌,04新港,01胡自发,4,4,u,0.6222317,0.0005398029,0.00022014673,0.00011962871,0.0040137265,0.6222317,0.3717195,4.549208e-06,0.0011391909,1.1749911e-05,u,0.6222317,0,1
0712_row_00027967,o,09繁昌,04新港,01胡自发,3,3,o,0.9734908,0.0048554367,8.6578184e-05,4.830798e-05,0.9734908,0.020647455,0.00020353144,0.0004722514,0.0001940461,1.66166e-06,o,0.9734908,0,1
0712_row_00027968,o,09繁昌,04新港,01胡自发,3,3,o,0.9923694,0.0013874943,0.00018596566,0.0008254561,0.9923694,0.0004275515,0.0043691536,3.247336e-05,0.00038798567,1.4418653e-05,o,0.9923694,0,1
0712_row_00027969,o,09繁昌,04新港,01胡自发,3,3,o,0.97765076,0.0017965995,0.00092217553,0.00035103492,0.97765076,0.000714825,0.018334808,1.7469732e-05,0.00018866952,2.3682082e-05,o,0.97765076,0,1
0712_row_00027970,o,09繁昌,04新港,01胡自发,3,3,o,0.37381977,0.058810942,0.06875228,0.061888337,0.37381977,0.031097705,0.3362891,0.0039149527,0.041380905,0.02404599,o,0.37381977,0,1
0712_row_00027971,o,09繁昌,04新港,01胡自发,3,3,o,0.92338294,0.026945291,0.016123645,0.0009064704,0.92338294,0.00040045058,0.030212782,0.00014794646,0.0010357496,0.00084479846,o,0.92338294,0,1
0712_row_00027972,o,09繁昌,04新港,01胡自发,3,3,o,0.9991357,8.1462575e-05,1.5836504e-05,2.4318852e-05,0.9991357,1.050356e-05,0.00072738796,6.57739e-07,4.0145915e-06,9.462552e-08,o,0.9991357,0,1
0712_row_00027973,o,09繁昌,04新港,01胡自发,3,3,o,0.9843684,0.0035301188,0.0005211389,1.7049144e-05,0.9843684,0.010738552,0.00025771305,0.0004982051,6.822942e-05,7.2507686e-07,o,0.9843684,0,1
0712_row_00027974,o,09繁昌,04新港,01胡自发,3,3,o,0.9695397,5.610997e-05,4.8819627e-05,9.991682e-05,0.9695397,7.838923e-06,0.0301885,8.252367e-07,5.3851498e-05,4.433103e-06,o,0.9695397,0,1
0712_row_00027975,o,09繁昌,04新港,01胡自发,3,3,o,0.9898936,3.5424422e-05,2.5523528e-05,0.00017212839,0.9898936,4.8811885e-06,0.009842065,4.705638e-07,2.505269e-05,9.545084e-07,o,0.9898936,0,1
0712_row_00027976,o,09繁昌,04新港,01胡自发,3,3,o,0.91844827,0.00015578931,0.00031038703,0.0009142736,0.91844827,6.283527e-06,0.080014646,1.9661393e-06,0.0001087085,3.9666214e-05,o,0.91844827,0,1
0712_row_00027977,o,09繁昌,04新港,01胡自发,3,3,o,0.98797077,3.445357e-05,2.5110963e-05,8.9628295e-05,0.98797077,8.252761e-06,0.011857152,3.9089028e-07,1.32609475e-05,9.693615e-07,o,0.98797077,0,1
0712_row_00027978,o,09繁昌,04新港,01胡自发,3,3,o,0.956938,8.581733e-05,0.000121513454,0.00028304476,0.956938,4.3363607e-06,0.04250872,7.8133087e-07,4.9427974e-05,8.33457e-06,o,0.956938,0,1
0712_row_00027979,a,09繁昌,04新港,01胡自发,0,0,a,0.96932286,0.96932286,0.0003181538,7.2797964e-05,0.0048229997,0.00082526787,7.9929134e-07,0.023591785,0.0010266546,1.8733062e-05,a,0.96932286,0,1
0712_row_00027980,a,09繁昌,04新港,01胡自发,0,0,a,0.99253416,0.99253416,0.00047735,0.00028957188,0.000102670616,0.0011281685,2.2379645e-06,1.0705314e-06,0.0053444533,0.000120299635,a,0.99253416,0,1
0712_row_00027981,a,09繁昌,04新港,01胡自发,0,7,ə,0.6394626,0.033211656,0.003648696,0.15645741,0.008211963,0.00019216277,0.14379412,0.0002605845,0.6394626,0.014760835,ə,0.6394626,0,1
0712_row_00027982,a,09繁昌,04新港,01胡自发,0,0,a,0.9707155,0.9707155,0.00050624413,0.016102612,0.0042274003,6.436052e-05,0.00016951242,1.8261888e-06,0.0009933909,0.0072192466,a,0.9707155,0,1
0712_row_00027983,a,09繁昌,04新港,01胡自发,0,0,a,0.8489786,0.8489786,0.009981784,0.0011728485,0.00022680312,0.0004399105,6.369498e-05,2.283998e-06,0.0049860063,0.1341481,a,0.8489786,0,1
0712_row_00027984,a,09繁昌,04新港,01胡自发,0,0,a,0.9424602,0.9424602,0.00024217203,0.0017984842,0.049840715,0.0048988955,3.455741e-05,0.00012971822,0.00044903782,0.00014622661,a,0.9424602,0,1
0712_row_00027985,a,09繁昌,04新港,01胡自发,0,8,ɛ,0.57552856,0.36284253,0.010194883,0.009627582,0.00018221626,0.00012450814,0.006904462,1.3566155e-05,0.034581706,0.57552856,ɛ,0.57552856,0,1
0712_row_00027986,a,09繁昌,04新港,01胡自发,0,0,a,0.93895805,0.93895805,0.0026323497,0.021277111,0.0002104951,0.0002992215,0.00013602528,1.6530757e-06,0.013134476,0.023350725,a,0.93895805,0,1
0712_row_00027987,a,09繁昌,04新港,01胡自发,0,0,a,0.8270529,0.8270529,0.027803212,0.07852333,0.022744685,0.012345478,0.0006868023,0.0029569722,0.018323936,0.009562749,a,0.8270529,0,1
0712_row_00027988,a,09繁昌,04新港,01胡自发,0,8,ɛ,0.72780645,0.07227415,0.097858995,0.06463988,0.0003859709,0.00029299143,0.01600594,0.0001912266,0.02054446,0.72780645,ɛ,0.72780645,0,1
0712_row_00027989,a,09繁昌,04新港,01胡自发,0,5,y,0.49682537,0.038944237,0.009874706,0.3963276,0.012523572,8.998772e-05,0.49682537,1.4754326e-05,0.042340446,0.0030593665,y,0.49682537,0,1
0712_row_00027990,a,09繁昌,04新港,01胡自发,0,8,ɛ,0.51949394,0.3560611,0.042058866,0.01577042,0.0118625155,0.00023947113,0.025695333,0.00023374827,0.028584594,0.51949394,ɛ,0.51949394,0,1
0712_row_00027991,i,09繁昌,04新港,01胡自发,2,4,u,0.4277012,0.094388925,0.12423513,0.14292672,0.027974822,0.4277012,0.011497387,0.0053350823,0.16385326,0.0020875107,u,0.4277012,0,1
0712_row_00027992,a,09繁昌,04新港,01胡自发,0,0,a,0.9814781,0.9814781,0.0018823551,0.0013173737,0.00051557715,0.00062717794,8.898169e-06,6.783018e-06,0.0032854774,0.01087829,a,0.9814781,0,1
0712_row_00027993,a,09繁昌,04新港,01胡自发,0,7,ə,0.9774441,0.014234169,0.00033093648,0.00093711255,0.0013452712,1.9025862e-05,0.0024231027,2.5550535e-05,0.9774441,0.0032407788,ə,0.9774441,0,1
0712_row_00027994,a,09繁昌,04新港,01胡自发,0,2,i,0.70407367,0.0105566885,0.0027549958,0.70407367,0.001668218,6.9563066e-05,0.21012068,7.2398293e-06,0.06913904,0.001609939,i,0.70407367,0,1
0712_row_00027995,a,09繁昌,04新港,01胡自发,0,5,y,0.5128042,0.0059905103,0.00128285,0.38752168,0.0006033911,7.9342826e-05,0.5128042,3.5095072e-06,0.0911972,0.00051733374,y,0.5128042,0,1
0712_row_00027997,i,09繁昌,04新港,01胡自发,2,2,i,0.36171508,0.013651957,0.026618559,0.36171508,0.0011920694,4.4353434e-05,0.030245058,0.00014494343,0.26459384,0.3017941,i,0.36171508,0,1
0712_row_00027998,a,09繁昌,04新港,01胡自发,0,2,i,0.95759034,0.0030925104,0.001495968,0.95759034,0.0019590466,3.750206e-05,0.03443322,1.7131624e-06,0.0013617801,2.7940006e-05,i,0.95759034,0,1
0712_row_00027999,i,09繁昌,04新港,01胡自发,2,2,i,0.6681109,0.020933114,0.2918478,0.6681109,0.00033316028,0.010813166,0.004596165,3.217551e-05,0.002675783,0.0006577406,i,0.6681109,0,1
0712_row_00028000,i,09繁昌,04新港,01胡自发,2,2,i,0.9991241,1.3487845e-06,4.3692744e-06,0.9991241,5.2469227e-07,2.767678e-07,0.000352186,2.5083153e-09,0.0005171485,2.4198926e-08,i,0.9991241,0,1
0712_row_00028001,i,09繁昌,04新港,01胡自发,2,7,ə,0.9551286,0.012459791,0.00089543563,0.0056703584,0.0062560476,0.014885052,0.004625733,1.248319e-05,0.9551286,6.650394e-05,ə,0.9551286,0,1
0712_row_00028002,y,09繁昌,04新港,01胡自发,5,2,i,0.56513554,0.00016667921,0.0011593411,0.56513554,0.00018251254,0.022125352,0.10781524,9.267469e-06,0.30336195,4.4066597e-05,i,0.56513554,0,1
0712_row_00028003,a,09繁昌,04新港,01胡自发,0,7,ə,0.92604643,0.025465367,0.00023846644,0.00021127882,0.00014077559,0.047803283,9.034599e-05,1.2329779e-06,0.92604643,2.7736423e-06,ə,0.92604643,0,1
0712_row_00028004,i,09繁昌,04新港,01胡自发,2,2,i,0.97963744,3.156949e-05,0.0019530178,0.97963744,4.1530602e-05,0.00014039189,0.015596511,6.077307e-07,0.0025654999,3.347456e-05,i,0.97963744,0,1
0712_row_00028005,i,09繁昌,04新港,01胡自发,2,2,i,0.8659824,0.0021826166,0.0013137021,0.8659824,0.00015946852,0.0003507851,0.10071497,7.228063e-05,0.004447203,0.024776649,i,0.8659824,0,1
0712_row_00028006,a,09繁昌,04新港,01胡自发,0,0,a,0.99822205,0.99822205,5.3544412e-05,0.00022918862,7.989615e-05,0.00033595666,9.829338e-08,2.6692094e-05,0.0010433842,9.263453e-06,a,0.99822205,0,1
0712_row_00028007,a,09繁昌,04新港,01胡自发,0,0,a,0.9669393,0.9669393,0.0012228049,0.021041986,0.00015550957,0.0025118385,2.3332432e-05,1.6196286e-06,0.0026364615,0.005467298,a,0.9669393,0,1
0712_row_00028008,a,09繁昌,04新港,01胡自发,0,0,a,0.9885942,0.9885942,0.00013965869,0.0006279591,0.004728161,0.0004629481,3.2833207e-06,0.0022955697,0.0031411014,7.2157773e-06,a,0.9885942,0,1
0712_row_00028009,a,09繁昌,04新港,01胡自发,0,0,a,0.9922638,0.9922638,0.0003245611,0.0004537662,4.720533e-05,0.0008124795,8.180568e-07,6.4236593e-07,0.005989937,0.00010669411,a,0.9922638,0,1
0712_row_00028010,a,09繁昌,04新港,01胡自发,0,0,a,0.8581427,0.8581427,0.0032316006,0.062442273,0.009504745,0.010203732,0.025255064,7.262723e-05,0.0265958,0.004551489,a,0.8581427,0,1
0712_row_00028011,a,09繁昌,04新港,01胡自发,0,5,y,0.59557885,0.0040904866,0.0022968901,0.010472574,0.00913615,0.34161586,0.59557885,0.00010328965,0.03657424,0.00013167903,y,0.59557885,0,1
0712_row_00028012,a,09繁昌,04新港,01胡自发,0,0,a,0.93528575,0.93528575,0.011700318,0.010026456,0.0029666722,0.0048713633,0.00028899164,3.1090247e-05,0.002509192,0.03232024,a,0.93528575,0,1
0712_row_00028013,a,09繁昌,04新港,01胡自发,0,0,a,0.93804187,0.93804187,0.00028564944,0.046490964,0.012110642,0.001904353,2.7617409e-05,0.00080821343,0.00032253077,8.2760225e-06,a,0.93804187,0,1
0712_row_00028014,a,09繁昌,04新港,01胡自发,0,0,a,0.860469,0.860469,0.0010633442,0.015432324,0.010822651,0.00347195,0.0006469397,0.0006511844,0.107333854,0.00010872409,a,0.860469,0,1
0712_row_00028015,a,09繁昌,04新港,01胡自发,0,0,a,0.91953075,0.91953075,0.001253674,0.0073651606,0.00012655309,0.0013080596,5.0939576e-05,2.564129e-06,0.012160255,0.05820188,a,0.91953075,0,1
0712_row_00028016,a,09繁昌,04新港,01胡自发,0,0,a,0.82898027,0.82898027,0.004944997,0.0519897,0.00038480654,0.0023179245,0.009066995,2.1419353e-05,0.028340349,0.07395356,a,0.82898027,0,1
0712_row_00028017,a,09繁昌,04新港,01胡自发,0,0,a,0.8272383,0.8272383,0.00031902184,0.1657564,0.0015312531,0.0010155985,7.790521e-05,1.2020523e-05,0.000275107,0.003774412,a,0.8272383,0,1
0712_row_00028018,a,09繁昌,04新港,01胡自发,0,0,a,0.9406855,0.9406855,7.690481e-05,0.00024948904,0.0025779207,0.0013632784,3.238059e-07,0.054750986,0.00029496124,6.581877e-07,a,0.9406855,0,1
0712_row_00028020,a,09繁昌,04新港,01胡自发,0,2,i,0.6214109,0.007740446,0.0056843115,0.6214109,0.011530425,1.9436671e-05,0.09785946,8.1766775e-05,0.21951051,0.036162708,i,0.6214109,0,1
0712_row_00028021,i,09繁昌,04新港,01胡自发,2,2,i,0.32483736,0.050255314,0.19245252,0.32483736,0.021184055,0.26101622,0.06808399,0.00090576994,0.07676952,0.004495243,i,0.32483736,0,1
0712_row_00028022,i,09繁昌,04新港,01胡自发,2,1,e,0.8543371,0.008118458,0.8543371,0.041130174,0.00059050275,0.07759952,0.00062766415,0.0013958751,0.015972674,0.00022810495,e,0.8543371,0,1
0712_row_00028023,i,09繁昌,04新港,01胡自发,2,2,i,0.96267784,0.0012443922,0.031496834,0.96267784,0.0003741424,0.0007422397,0.00071995385,1.814367e-05,0.0027117473,1.476669e-05,i,0.96267784,0,1
0712_row_00028024,i,09繁昌,04新港,01胡自发,2,7,ə,0.70965797,0.17440851,0.06698625,0.007895894,0.0109681515,0.026456807,0.001473219,0.00020262672,0.70965797,0.0019505527,ə,0.70965797,0,1
0712_row_00028025,a,09繁昌,04新港,01胡自发,0,2,i,0.93126297,0.001255494,0.0052365637,0.93126297,0.00014768686,0.0010377169,0.03426558,3.1338608e-05,0.0068290136,0.019933676,i,0.93126297,0,1
0712_row_00028026,a,09繁昌,04新港,01胡自发,0,4,u,0.38480556,0.026392104,0.32712424,0.14925279,0.0119704185,0.38480556,0.051461313,0.0010056396,0.04476063,0.0032272972,u,0.38480556,0,1
0712_row_00028027,e,09繁昌,04新港,01胡自发,1,2,i,0.36071414,0.1894215,0.27341935,0.36071414,0.0030654734,0.104763284,0.047504734,0.0004581325,0.0083831,0.012270296,i,0.36071414,0,1
0712_row_00028028,ə,09繁昌,04新港,01胡自发,7,0,a,0.7198203,0.7198203,0.01066142,0.045606535,0.0009807276,0.040373,0.0021148112,7.962093e-05,0.016243596,0.16411999,a,0.7198203,0,1
0712_row_00028029,i,09繁昌,04新港,01胡自发,2,2,i,0.98669773,0.0006544807,0.0068282373,0.98669773,0.0006200927,0.0005370118,0.0017456838,1.739042e-05,0.0028872802,1.2078306e-05,i,0.98669773,0,1
0712_row_00028030,e,09繁昌,04新港,01胡自发,1,2,i,0.65090233,0.031122182,0.3011519,0.65090233,0.0003856919,0.0073128846,0.0048758816,3.147384e-05,0.0030864754,0.0011311698,i,0.65090233,0,1
0712_row_00028031,i,09繁昌,04新港,01胡自发,2,2,i,0.98718333,0.0014243134,0.000857272,0.98718333,0.0025669679,3.2243404e-06,0.00639216,6.7985193e-06,0.00068521907,0.0008806446,i,0.98718333,0,1
0712_row_00028032,a,09繁昌,04新港,01胡自发,0,3,o,0.73536867,0.25897533,7.799426e-05,0.0003391679,0.73536867,0.0044682063,3.534096e-05,0.0006261507,0.00010749132,1.6135081e-06,o,0.73536867,0,1
0712_row_00028033,a,09繁昌,04新港,01胡自发,0,3,o,0.48884025,0.4370596,0.00013268147,0.00032111033,0.48884025,0.064129926,0.0005579348,0.00038675164,0.008515741,5.595533e-05,o,0.48884025,0,1
0712_row_00028034,a,09繁昌,04新港,01胡自发,0,4,u,0.5064031,0.19367993,0.0041339756,0.00025696136,0.19369674,0.5064031,0.025809713,0.00068259984,0.07441077,0.0009262045,u,0.5064031,0,1
0712_row_00028035,a,09繁昌,04新港,01胡自发,0,3,o,0.72198653,0.030870264,0.0010113368,0.027081663,0.72198653,0.0513278,0.062042203,0.00092000264,0.10471892,4.1238694e-05,o,0.72198653,0,1
0712_row_00028036,a,09繁昌,04新港,01胡自发,0,3,o,0.69638413,0.22619,0.017561283,0.000116583695,0.69638413,0.047361493,0.0016799847,0.0018467358,0.008706126,0.00015361744,o,0.69638413,0,1
0712_row_00028037,a,09繁昌,04新港,01胡自发,0,3,o,0.44277585,0.20937833,0.004903901,0.0053370846,0.44277585,0.25284067,0.06798502,0.0018234743,0.014739745,0.00021597811,o,0.44277585,0,1
0712_row_00028038,a,09繁昌,04新港,01胡自发,0,0,a,0.92978513,0.92978513,0.009398856,0.011518481,0.0017143388,0.02491885,0.00027237355,4.194508e-05,0.005867163,0.016482886,a,0.92978513,0,1
0712_row_00028039,a,09繁昌,04新港,01胡自发,0,2,i,0.9803735,0.016610185,3.1368043e-05,0.9803735,0.002698023,8.091266e-06,0.00014241581,7.502396e-05,9.998024e-06,5.1405896e-05,i,0.9803735,0,1
0712_row_00028040,a,09繁昌,04新港,01胡自发,0,0,a,0.99427235,0.99427235,0.00010945259,0.0002204171,0.0003510016,0.00023672893,3.321043e-06,8.802435e-06,0.004760863,3.7078975e-05,a,0.99427235,0,1
0712_row_00028041,a,09繁昌,04新港,01胡自发,0,0,a,0.86885136,0.86885136,0.0036910265,0.0070166592,0.077680245,0.03710903,0.0018693968,0.0005968182,0.0025824716,0.0006029681,a,0.86885136,0,1
0712_row_00028042,a,09繁昌,04新港,01胡自发,0,3,o,0.5772011,0.40140444,0.0023385496,5.930308e-05,0.5772011,0.0040756566,0.0001880533,0.00053585396,0.013113319,0.0010837315,o,0.5772011,0,1
0712_row_00028043,a,09繁昌,04新港,01胡自发,0,3,o,0.8018022,0.08712566,0.018153386,0.00022260686,0.8018022,0.0016472754,0.0024824617,8.828778e-05,0.082879454,0.0055986,o,0.8018022,0,1
0712_row_00028044,a,09繁昌,04新港,01胡自发,0,4,u,0.5008124,0.13679749,0.0008673193,0.00022950301,0.23028643,0.5008124,0.013279061,0.00028644325,0.11731323,0.00012809149,u,0.5008124,0,1
0712_row_00028045,a,09繁昌,04新港,01胡自发,0,3,o,0.76794815,0.21375392,0.0013325118,2.8333496e-05,0.76794815,0.010514199,7.5582735e-05,0.00057164795,0.0057363766,3.9322727e-05,o,0.76794815,0,1
0712_row_00028046,a,09繁昌,04新港,01胡自发,0,4,u,0.6757536,0.036637925,0.0006715023,0.0003045818,0.13449398,0.6757536,0.118149854,0.00017260629,0.033668168,0.00014766939,u,0.6757536,0,1
0712_row_00028047,u,09繁昌,04新港,01胡自发,4,4,u,0.9163058,0.011507038,0.0006290831,0.008258198,0.014968078,0.9163058,0.038848106,8.390782e-05,0.009388757,1.1025683e-05,u,0.9163058,0,1
0712_row_00028048,i,09繁昌,04新港,01胡自发,2,0,a,0.56330794,0.56330794,0.0034490884,0.33480057,0.0045369635,0.006142077,0.0016854276,3.8489066e-05,0.0019474047,0.08409206,a,0.56330794,0,1
0712_row_00028049,i,09繁昌,04新港,01胡自发,2,4,u,0.7594354,0.10233986,0.040288247,0.021777421,0.011270917,0.7594354,0.0023817562,0.0015356744,0.060810175,0.0001605203,u,0.7594354,0,1
0712_row_00028051,y,09繁昌,04新港,01胡自发,5,7,ə,0.78149605,0.07313642,0.010595963,0.048824336,0.055343613,0.020168526,0.009474151,0.0001463964,0.78149605,0.0008146947,ə,0.78149605,0,1
0712_row_00028052,a,09繁昌,04新港,01胡自发,0,0,a,0.97003484,0.97003484,0.0010144304,0.00810111,0.0031459397,0.00211965,0.00039545627,2.6490257e-05,0.014990945,0.00017121894,a,0.97003484,0,1
0712_row_00028053,a,09繁昌,04新港,01胡自发,0,0,a,0.9442647,0.9442647,0.0026265131,0.0020800566,0.021268038,0.01573388,0.00025411232,0.00084161834,0.0128723895,5.864431e-05,a,0.9442647,0,1
0712_row_00028054,a,09繁昌,04新港,01胡自发,0,0,a,0.98035634,0.98035634,0.0005871836,0.0014670689,0.00022119211,0.008153621,4.302846e-05,5.911115e-06,0.008259538,0.0009060434,a,0.98035634,0,1
0712_row_00028055,y,09繁昌,04新港,01胡自发,5,2,i,0.49067953,0.0012018383,0.08151118,0.49067953,0.001934759,5.224322e-05,0.4158291,1.927701e-05,0.0054157013,0.0033563322,i,0.49067953,0,1
0712_row_00028056,e,09繁昌,04新港,01胡自发,1,2,i,0.87525785,0.0005236738,0.007196973,0.87525785,0.0011351089,2.1353148e-05,0.11312595,4.9580913e-06,0.0023158705,0.00041824923,i,0.87525785,0,1
0712_row_00028057,e,09繁昌,04新港,01胡自发,1,5,y,0.52238727,0.007234205,0.45460778,0.0043760096,0.0018330172,0.0025485307,0.52238727,1.3961812e-05,0.005271742,0.0017274952,y,0.52238727,0,1
0712_row_00028058,ə,09繁昌,04新港,01胡自发,7,7,ə,0.89946324,0.0003118511,6.960236e-05,0.004350939,5.4201155e-05,0.0002553801,0.09545811,1.7087652e-06,0.89946324,3.5119905e-05,ə,0.89946324,0,1
0712_row_00028059,ə,09繁昌,04新港,01胡自发,7,4,u,0.38026038,0.23293631,0.21802318,0.051499262,0.02027296,0.38026038,0.037084498,0.0007632967,0.056510754,0.0026493592,u,0.38026038,0,1
0712_row_00028060,i,09繁昌,04新港,01胡自发,2,2,i,0.9985038,1.9441247e-06,1.0667274e-05,0.9985038,4.569785e-06,1.1420716e-06,0.00024486604,4.353414e-08,0.0012329329,7.189787e-08,i,0.9985038,0,1
0712_row_00028061,i,09繁昌,04新港,01胡自发,2,7,ə,0.52029896,0.0058495933,0.07461312,0.103636324,0.006669105,0.11672045,0.17016111,0.00031877,0.52029896,0.001732598,ə,0.52029896,0,1
0712_row_00028062,i,09繁昌,04新港,01胡自发,2,7,ə,0.96418476,0.011444021,0.0004304358,0.0016312412,0.00057710346,0.020335423,0.0013832683,2.718341e-06,0.96418476,1.100098e-05,ə,0.96418476,0,1
0712_row_00028063,i,09繁昌,04新港,01胡自发,2,2,i,0.9118157,0.0010105646,0.0046116933,0.9118157,0.0009271689,0.00077146234,0.04497042,7.18819e-05,0.03445739,0.0013638239,i,0.9118157,0,1
0712_row_00028064,i,09繁昌,04新港,01胡自发,2,5,y,0.9679588,2.8972678e-05,0.0010367507,0.013947881,0.0005649853,0.012235107,0.9679588,2.1459234e-06,0.004213241,1.2161021e-05,y,0.9679588,0,1
0712_row_00028065,i,09繁昌,04新港,01胡自发,2,2,i,0.80350703,0.000810643,0.0016979579,0.80350703,0.00013072179,0.0013875084,0.15123865,9.403503e-05,0.0396142,0.0015191719,i,0.80350703,0,1
0712_row_00028066,i,09繁昌,04新港,01胡自发,2,2,i,0.3578652,0.003636597,0.027699996,0.3578652,0.0035714682,0.24473205,0.25147122,0.0002462456,0.1099247,0.0008526112,i,0.3578652,0,1
0712_row_00028067,ə,09繁昌,04新港,01胡自发,7,7,ə,0.9851018,0.00040413786,6.38402e-05,0.0012047519,4.901687e-05,0.012248835,0.00092508615,2.4554993e-06,0.9851018,1.3026187e-07,ə,0.9851018,0,1
0712_row_00028068,ə,09繁昌,04新港,01胡自发,7,2,i,0.5200951,0.00036032253,0.00025436655,0.5200951,0.00022260298,0.002072488,0.003159094,7.9338715e-06,0.47382686,1.2391694e-06,i,0.5200951,0,1
0712_row_00028069,u,09繁昌,04新港,01胡自发,4,4,u,0.8157828,0.048168637,0.0006615082,0.0011189325,0.10031276,0.8157828,0.011123466,0.00029752002,0.022524504,9.890302e-06,u,0.8157828,0,1
0712_row_00028070,u,09繁昌,04新港,01胡自发,4,4,u,0.5709254,0.0024261528,0.0003466447,0.00955262,0.0014298223,0.5709254,0.39847976,9.390369e-06,0.016823892,6.222906e-06,u,0.5709254,0,1
0712_row_00028071,u,09繁昌,04新港,01胡自发,4,4,u,0.74936813,0.0025950065,0.00045644547,0.01731786,0.0014887053,0.74936813,0.013110919,1.7918099e-05,0.21563615,8.921181e-06,u,0.74936813,0,1
0712_row_00028072,u,09繁昌,04新港,01胡自发,4,4,u,0.6557059,0.015749803,0.0155348545,0.01658816,0.018246692,0.6557059,0.18689221,0.00043013808,0.0900637,0.0007885685,u,0.6557059,0,1
0712_row_00028073,u,09繁昌,04新港,01胡自发,4,4,u,0.5281604,0.00055153266,0.0014855369,0.040414434,0.015253095,0.5281604,0.25479034,6.9583126e-05,0.1591933,8.174162e-05,u,0.5281604,0,1
0712_row_00028074,y,09繁昌,04新港,01胡自发,5,5,y,0.98229676,0.00024595513,0.00012247833,0.0004260916,4.581917e-05,0.00497893,0.98229676,9.450619e-07,0.01188251,6.070031e-07,y,0.98229676,0,1
0712_row_00028075,ə,09繁昌,04新港,01胡自发,7,7,ə,0.98963904,0.001541178,3.0769443e-05,5.082045e-05,1.2677106e-05,0.007680296,0.0010444609,7.3058084e-07,0.98963904,1.4198484e-07,ə,0.98963904,0,1
0712_row_00028076,ə,09繁昌,04新港,01胡自发,7,7,ə,0.8554933,0.0014469143,0.000110608584,0.00071097765,0.00038591924,0.13198023,0.009863425,7.3193573e-06,0.8554933,1.3175264e-06,ə,0.8554933,0,1
0712_row_00028077,ə,09繁昌,04新港,01胡自发,7,7,ə,0.9092179,0.0008777085,0.00012473938,0.046828978,5.255143e-05,0.012913204,0.0299758,8.022453e-06,0.9092179,1.0862574e-06,ə,0.9092179,0,1
0712_row_00028078,y,09繁昌,04新港,01胡自发,5,5,y,0.98420346,3.604592e-05,1.5650134e-05,0.00084045285,3.1765019e-06,0.00086813536,0.98420346,1.5348763e-07,0.014032764,1.943043e-07,y,0.98420346,0,1
0712_row_00028079,y,09繁昌,04新港,01胡自发,5,2,i,0.9046795,6.216012e-06,4.6666533e-05,0.9046795,1.3565422e-05,6.134443e-06,0.07981777,7.216836e-08,0.015429618,4.7914136e-07,i,0.9046795,0,1
0712_row_00028080,a,09繁昌,04新港,01胡自发,0,3,o,0.7394318,0.24401654,0.00035468594,2.8106371e-05,0.7394318,0.012184787,4.7750178e-05,0.0035637196,0.000372199,4.312306e-07,o,0.7394318,0,1
0712_row_00028081,o,09繁昌,04新港,01胡自发,3,3,o,0.78517705,0.115038775,0.00072086364,0.00031657572,0.78517705,0.090195045,0.0058960887,0.0006713148,0.0019487239,3.548049e-05,o,0.78517705,0,1
0712_row_00028082,o,09繁昌,04新港,01胡自发,3,4,u,0.53439075,0.033127442,0.0014819539,0.0008056106,0.37708986,0.53439075,0.0067103114,0.0005217147,0.045840606,3.174968e-05,u,0.53439075,0,1
0712_row_00028083,o,09繁昌,04新港,01胡自发,3,3,o,0.56723106,0.097249344,0.0031454272,7.586467e-05,0.56723106,0.20545375,0.004659299,0.004060362,0.11805312,7.172271e-05,o,0.56723106,0,1
0712_row_00028084,o,09繁昌,04新港,01胡自发,3,3,o,0.8343362,0.089953154,0.0030573427,0.00083275227,0.8343362,0.059151005,0.010866669,0.00012826876,0.0015689007,0.00010577154,o,0.8343362,0,1
0712_row_00028085,a,09繁昌,04新港,01胡自发,0,0,a,0.9969495,0.9969495,6.782368e-05,0.0007555096,0.0007835503,0.00039408365,4.7606304e-06,1.6190845e-05,0.00076834776,0.00026022596,a,0.9969495,0,1
0712_row_00028086,a,09繁昌,04新港,01胡自发,0,0,a,0.9921009,0.9921009,0.00036615587,0.00050282065,0.0024368444,0.0015173678,9.988464e-06,1.6177339e-05,0.000767012,0.002282835,a,0.9921009,0,1
0712_row_00028087,ə,09繁昌,04新港,01胡自发,7,4,u,0.7981579,0.010641789,0.0025607839,0.0028164785,0.04299381,0.7981579,0.08536053,7.851782e-05,0.057151884,0.00023833544,u,0.7981579,0,1
0712_row_00028088,ə,09繁昌,04新港,01胡自发,7,4,u,0.7166501,0.009205286,0.001972751,0.00040116685,0.058317605,0.7166501,0.19360103,0.00011758726,0.019572562,0.00016190129,u,0.7166501,0,1
0712_row_00028089,a,09繁昌,04新港,01胡自发,0,0,a,0.97534037,0.97534037,0.0004371935,0.0049049133,0.0076484624,0.009945848,6.150461e-05,0.00010629477,0.001468679,8.6713815e-05,a,0.97534037,0,1
0712_row_00028090,a,09繁昌,04新港,01胡自发,0,0,a,0.7861162,0.7861162,0.009029255,0.038489517,0.002052715,0.11932734,0.0019948222,1.858332e-05,0.0021234418,0.04084819,a,0.7861162,0,1
0712_row_00028091,a,09繁昌,04新港,01胡自发,0,0,a,0.9495593,0.9495593,0.002900576,0.011410708,0.00019504548,0.009430237,1.8576075e-05,6.8944173e-06,0.0028583533,0.023620225,a,0.9495593,0,1
0712_row_00028092,a,09繁昌,04新港,01胡自发,0,0,a,0.9439299,0.9439299,0.003788999,0.011057418,0.0014836519,0.01410633,0.00017803999,3.449347e-05,0.006553084,0.018867964,a,0.9439299,0,1
0712_row_00028093,a,09繁昌,04新港,01胡自发,0,0,a,0.98245955,0.98245955,0.0008603432,0.003740056,0.00085200433,0.006283568,3.827502e-05,1.00043935e-05,0.0048273564,0.0009289519,a,0.98245955,0,1
0712_row_00028094,a,09繁昌,04新港,01胡自发,0,0,a,0.94798774,0.94798774,0.0014400202,0.017428914,0.0005380163,0.019760493,0.00010489764,1.03887205e-05,0.0035648842,0.009164579,a,0.94798774,0,1
0712_row_00028095,a,09繁昌,04新港,01胡自发,0,0,a,0.93794125,0.93794125,0.0007944069,0.028890396,8.618794e-05,0.0020535998,0.0012364559,1.5209238e-06,0.011333104,0.017663043,a,0.93794125,0,1
0712_row_00028096,a,09繁昌,04新港,01胡自发,0,0,a,0.97382677,0.97382677,0.0002444416,0.003850753,0.019845128,0.0003369387,6.2397754e-05,1.8521576e-05,0.0014612597,0.00035389527,a,0.97382677,0,1
0712_row_00028097,a,09繁昌,04新港,01胡自发,0,2,i,0.5200288,0.1765204,0.063552104,0.5200288,0.001981122,0.12752412,0.04731811,0.00058819685,0.024860673,0.03762646,i,0.5200288,0,1
0712_row_00028098,e,09繁昌,04新港,01胡自发,1,4,u,0.72054034,0.004348662,0.0019342396,0.0013010986,0.035878435,0.72054034,0.22466844,6.4716565e-05,0.011131714,0.00013232393,u,0.72054034,0,1
0712_row_00028099,o,09繁昌,04新港,01胡自发,3,3,o,0.93021125,0.059228238,0.0013281475,0.00061953516,0.93021125,0.004640191,0.002902954,0.00040507212,0.00063636573,2.8214534e-05,o,0.93021125,0,1
0712_row_00028100,e,09繁昌,04新港,01胡自发,1,2,i,0.6467885,0.02144922,0.0066057662,0.6467885,0.0075380886,0.007352824,0.309771,4.1562096e-05,0.00021274669,0.00024035321,i,0.6467885,0,1
0712_row_00028101,e,09繁昌,04新港,01胡自发,1,2,i,0.88731927,0.061196435,0.017468777,0.88731927,0.0010025101,0.0033228504,0.021294707,4.0867257e-05,0.0020594022,0.0062952973,i,0.88731927,0,1
0712_row_00028102,e,09繁昌,04新港,01胡自发,1,0,a,0.5852121,0.5852121,0.2481518,0.1133952,0.0026604345,0.044676963,0.0007065451,0.00013705526,0.0026570933,0.0024027778,a,0.5852121,0,1
0712_row_00028103,e,09繁昌,04新港,01胡自发,1,0,a,0.7218194,0.7218194,0.1563397,0.0014031531,0.0023479678,0.08203164,0.00027238927,0.0010727505,0.033283472,0.0014295356,a,0.7218194,0,1
0712_row_00028104,e,09繁昌,04新港,01胡自发,1,4,u,0.35028985,0.08059949,0.29864937,0.034923196,0.1017542,0.35028985,0.09132309,0.0016130314,0.037842635,0.0030051991,u,0.35028985,0,1
0712_row_00028105,ə,09繁昌,04新港,01胡自发,7,7,ə,0.7304861,0.008586049,0.0003633804,0.06632758,0.00087206444,0.07472124,0.118545935,1.2529435e-05,0.7304861,8.5118045e-05,ə,0.7304861,0,1
0712_row_00028106,e,09繁昌,04新港,01胡自发,1,1,e,0.60365534,0.34093225,0.60365534,0.0050857994,0.0003705351,0.04050095,0.00019846756,0.00029315666,0.0074089887,0.0015544819,e,0.60365534,0,1
0712_row_00028107,o,09繁昌,04新港,01胡自发,3,3,o,0.8479105,0.09576356,0.0031950376,0.0008283531,0.8479105,0.050546356,0.0012431276,0.00036378295,0.00013781621,1.1489488e-05,o,0.8479105,0,1
0712_row_00028108,a,09繁昌,04新港,01胡自发,0,0,a,0.9991842,0.9991842,5.5280263e-05,9.137882e-05,0.00012972002,9.3259696e-05,4.0803986e-08,1.27054045e-05,0.00040654774,2.6757269e-05,a,0.9991842,0,1
0712_row_00028109,ə,09繁昌,04新港,01胡自发,7,7,ə,0.8668295,0.1114144,0.0003888251,3.7790473e-05,0.0013315147,0.019960258,3.0778476e-05,3.8709686e-06,0.8668295,3.0062786e-06,ə,0.8668295,0,1
0712_row_00028110,ə,09繁昌,04新港,01胡自发,7,7,ə,0.96241474,0.008378482,0.00015781695,0.0005187082,0.0007315359,0.027527926,0.000266522,2.884251e-06,0.96241474,1.396054e-06,ə,0.96241474,0,1
0712_row_00028111,a,09繁昌,04新港,01胡自发,0,0,a,0.6190011,0.6190011,0.22923206,0.020112483,0.008978276,0.09859698,0.002789423,0.00018269573,0.02065255,0.00045451196,a,0.6190011,0,1
0712_row_00028112,a,09繁昌,04新港,01胡自发,0,1,e,0.29071686,0.22764152,0.29071686,0.24668561,0.0060422784,0.20802887,0.014246515,0.000329907,0.0038099654,0.0024984623,e,0.29071686,0,1
0712_row_00028113,e,09繁昌,04新港,01胡自发,1,1,e,0.5304299,0.25393587,0.5304299,0.0005545638,0.002580013,0.046129428,0.0003609951,0.00018867687,0.16562757,0.00019298945,e,0.5304299,0,1
0712_row_00028114,i,09繁昌,04新港,01胡自发,2,2,i,0.99581134,4.1675667e-06,1.2169854e-05,0.99581134,3.8184885e-06,1.192925e-06,0.0015168292,3.5230574e-08,0.0026502912,2.0595026e-07,i,0.99581134,0,1
0712_row_00028115,i,09繁昌,04新港,01胡自发,2,2,i,0.8021095,4.5899113e-05,3.606516e-05,0.8021095,2.0001167e-05,0.00062652555,0.010284827,7.3816585e-07,0.18687579,6.450344e-07,i,0.8021095,0,1
0712_row_00028116,i,09繁昌,04新港,01胡自发,2,2,i,0.99763536,1.6680458e-05,0.00012255347,0.99763536,6.4498236e-05,5.791564e-06,0.0008714352,2.7747618e-07,0.001282692,7.4494085e-07,i,0.99763536,0,1
0712_row_00028117,i,09繁昌,04新港,01胡自发,2,2,i,0.99514246,1.3391971e-06,6.768284e-06,0.99514246,1.1597117e-06,7.6350574e-07,0.0015214944,8.2855784e-09,0.0033259154,1.0950287e-07,i,0.99514246,0,1
0712_row_00028118,ə,09繁昌,04新港,01胡自发,7,7,ə,0.6172899,0.00251185,0.005951049,0.2356117,0.00020750926,0.013736512,0.12433452,5.7331134e-05,0.6172899,0.0002996666,ə,0.6172899,0,1
0712_row_00028119,ə,09繁昌,04新港,01胡自发,7,7,ə,0.51437193,0.0068504377,0.00018470429,0.121238574,0.00053053914,0.052899722,0.30384392,1.5235809e-05,0.51437193,6.500732e-05,ə,0.51437193,0,1
0712_row_00028120,i,09繁昌,04新港,01胡自发,2,2,i,0.64342844,0.00016962462,0.0051150196,0.64342844,6.187035e-05,0.006007647,0.041279662,2.1336425e-06,0.30390874,2.6813057e-05,i,0.64342844,0,1
0712_row_00028121,i,09繁昌,04新港,01胡自发,2,2,i,0.6949731,0.00010549347,0.0011654213,0.6949731,0.00022959658,0.001219579,0.00735831,4.282966e-06,0.2949256,1.8597972e-05,i,0.6949731,0,1
0712_row_00028122,ə,09繁昌,04新港,01胡自发,7,2,i,0.2934721,0.014975793,0.11788978,0.2934721,0.028636485,0.2346808,0.05372289,0.00034399168,0.25573468,0.0005434253,i,0.2934721,0,1
0712_row_00028123,i,09繁昌,04新港,01胡自发,2,2,i,0.9976318,2.1808387e-06,1.0851153e-05,0.9976318,2.2926813e-06,6.519514e-07,0.0005945082,1.4449682e-08,0.0017575867,1.3957678e-07,i,0.9976318,0,1
0712_row_00028124,ə,09繁昌,04新港,01胡自发,7,7,ə,0.9733098,0.0021930495,3.497238e-05,9.6153366e-05,0.0016643016,0.022143936,0.00054331654,1.3993415e-05,0.9733098,4.2604648e-07,ə,0.9733098,0,1
0712_row_00028125,ə,09繁昌,04新港,01胡自发,7,7,ə,0.9878328,3.9954586e-05,1.6000402e-05,0.0021536911,0.00053568877,1.8163531e-06,0.009311411,1.644137e-06,0.9878328,0.00010692025,ə,0.9878328,0,1
0712_row_00028126,o,09繁昌,04新港,01胡自发,3,3,o,0.99934393,3.8446946e-05,2.265485e-06,1.5393649e-05,0.99934393,3.9494087e-05,6.723458e-07,4.7310036e-07,0.0005591601,1.6374697e-08,o,0.99934393,0,1
0712_row_00028127,o,09繁昌,04新港,01胡自发,3,3,o,0.9963068,0.0004252528,7.6598917e-07,9.778095e-06,0.9963068,0.00012823833,1.6989123e-06,3.310814e-06,0.0031241423,4.3413166e-08,o,0.9963068,0,1
0712_row_00028128,o,09繁昌,04新港,01胡自发,3,3,o,0.88838893,0.06218211,0.0047799414,0.004206339,0.88838893,0.0173229,0.0001674922,0.00544439,0.017500836,6.9922653e-06,o,0.88838893,0,1
0712_row_00028129,o,09繁昌,04新港,01胡自发,3,3,o,0.484858,0.02615124,0.007829148,0.026686756,0.484858,0.4368663,0.00091032207,0.0002460203,0.01644596,6.204749e-06,o,0.484858,0,1
0712_row_00028130,o,09繁昌,04新港,01胡自发,3,4,u,0.74602854,0.11483324,0.0065418635,0.03296605,0.06426355,0.74602854,0.02161401,0.0006548714,0.012131089,0.0009667694,u,0.74602854,0,1
0712_row_00028131,o,09繁昌,04新港,01胡自发,3,3,o,0.95371747,0.00027011748,1.0953747e-05,0.0009842282,0.95371747,0.029454742,0.0011620296,7.847815e-06,0.014391745,9.2669586e-07,o,0.95371747,0,1
0712_row_00028132,o,09繁昌,04新港,01胡自发,3,3,o,0.9920406,0.00014776652,3.572354e-05,9.0532165e-05,0.9920406,0.004936974,0.00010517481,2.9764537e-05,0.002612925,5.434124e-07,o,0.9920406,0,1
0712_row_00028133,u,09繁昌,04新港,01胡自发,4,3,o,0.814157,0.02396586,6.854881e-05,0.00019203404,0.814157,0.15132764,0.009528163,0.00013697354,0.0006207812,3.021641e-06,o,0.814157,0,1
0712_row_00028134,o,09繁昌,04新港,01胡自发,3,3,o,0.9703946,0.0060142623,0.00013666092,0.0006408172,0.9703946,0.020594459,0.0001354918,2.6666488e-05,0.002055071,1.921436e-06,o,0.9703946,0,1
0712_row_00028135,o,09繁昌,04新港,01胡自发,3,0,a,0.6097188,0.6097188,0.00050640415,1.7421486e-05,0.35153478,0.0044312193,9.874353e-06,0.0013182032,0.032416377,4.697704e-05,a,0.6097188,0,1
0712_row_00028136,u,09繁昌,04新港,01胡自发,4,4,u,0.6969318,0.004234648,0.00014079857,0.00020478356,0.020734174,0.6969318,0.2735769,1.9612171e-05,0.0041305684,2.6703448e-05,u,0.6969318,0,1
0712_row_00028137,o,09繁昌,04新港,01胡自发,3,3,o,0.8400645,0.0025526648,0.00058284064,0.0024644558,0.8400645,0.0006616015,0.13733461,4.2609234e-05,0.016093193,0.00020352539,o,0.8400645,0,1
0712_row_00028138,y,09繁昌,04新港,01胡自发,5,3,o,0.53102285,0.00021462882,0.00096139027,0.0021324055,0.53102285,4.180982e-06,0.46210176,1.2395279e-06,0.0030643453,0.00049718574,o,0.53102285,0,1
0712_row_00028139,o,09繁昌,04新港,01胡自发,3,3,o,0.9785221,0.019388055,2.2121949e-05,6.801331e-06,0.9785221,0.00027139645,1.1446901e-06,3.861836e-05,0.0017489576,9.119645e-07,o,0.9785221,0,1
0712_row_00028140,o,09繁昌,04新港,01胡自发,3,3,o,0.9931585,0.0013165275,3.0422558e-05,7.017628e-05,0.9931585,0.0036986435,3.3492204e-05,1.5885731e-05,0.0016762697,8.657463e-08,o,0.9931585,0,1
0712_row_00028141,a,09繁昌,04新港,01胡自发,0,0,a,0.8958604,0.8958604,0.00032641634,0.09633744,0.0001286925,0.00043178612,1.1067985e-05,3.0153674e-06,0.0010996333,0.005801627,a,0.8958604,0,1
0712_row_00028142,a,09繁昌,04新港,01胡自发,0,0,a,0.9989561,0.9989561,5.6153774e-05,7.5369346e-05,0.00013014386,0.00017180106,5.21343e-08,4.0914503e-05,0.0005653985,4.0764025e-06,a,0.9989561,0,1
0712_row_00028143,a,09繁昌,04新港,01胡自发,0,0,a,0.9953295,0.9953295,7.234963e-05,0.000121458645,0.000105938525,0.00021805504,7.6900545e-07,1.1907915e-05,0.004127153,1.2863841e-05,a,0.9953295,0,1
0712_row_00028144,a,09繁昌,04新港,01胡自发,0,0,a,0.99306846,0.99306846,4.1493964e-05,0.0005442658,0.00014353415,1.9832427e-05,9.882707e-07,6.9519604e-07,0.00032137602,0.0058594164,a,0.99306846,0,1
0712_row_00028145,ə,09繁昌,04新港,01胡自发,7,7,ə,0.5682067,0.15563385,0.04007147,0.027807003,0.031275548,0.12917401,0.003964262,0.027287751,0.5682067,0.016579378,ə,0.5682067,0,1
0712_row_00028146,ə,09繁昌,04新港,01胡自发,7,4,u,0.2621203,0.0769619,0.17845033,0.045886785,0.16167407,0.2621203,0.115918234,0.005361085,0.14033681,0.013290422,u,0.2621203,0,1
0712_row_00028147,u,09繁昌,04新港,01胡自发,4,4,u,0.8554389,0.0013156103,4.597163e-05,9.062668e-05,0.028613735,0.8554389,0.10504426,9.510778e-06,0.009433871,7.5687954e-06,u,0.8554389,0,1
0712_row_00028148,ə,09繁昌,04新港,01胡自发,7,4,u,0.5371922,0.044327985,0.0025440634,0.0006054745,0.08363309,0.5371922,0.018688662,0.00043548498,0.31131116,0.0012619179,u,0.5371922,0,1
0712_row_00028150,ɛ,09繁昌,04新港,01胡自发,8,8,ɛ,0.50790834,0.46105286,0.0066169673,0.009221184,0.00028604455,0.0009166948,0.0018665589,2.1271553e-05,0.012110053,0.50790834,ɛ,0.50790834,0,1
0712_row_00028151,ɛ,09繁昌,04新港,01胡自发,8,8,ɛ,0.8190932,0.054947622,0.042920362,0.036767256,0.00078066747,0.0002304493,0.026659684,0.00022444896,0.018376322,0.8190932,ɛ,0.8190932,0,1
0712_row_00028152,u,09繁昌,04新港,01胡自发,4,1,e,0.8895758,0.0064806486,0.8895758,0.0071853814,0.0007798847,0.09326856,0.000578595,0.0006853022,0.0014070985,3.873695e-05,e,0.8895758,0,1
0712_row_00028153,a,09繁昌,04新港,01胡自发,0,0,a,0.8255038,0.8255038,0.009444089,0.009203599,0.004411336,0.13788754,0.0029472064,3.46184e-05,0.0093493145,0.0012185137,a,0.8255038,0,1
0712_row_00028154,i,09繁昌,04新港,01胡自发,2,2,i,0.9785486,0.0009775435,0.0012614904,0.9785486,2.107599e-05,0.00070251996,0.012883815,2.396325e-06,0.00510467,0.00049782876,i,0.9785486,0,1
0712_row_00028155,a,09繁昌,04新港,01胡自发,0,3,o,0.6651504,0.1770194,0.00023569619,0.00019338407,0.6651504,0.15328813,0.0018111672,0.0017627066,0.00053025095,8.924337e-06,o,0.6651504,0,1
0712_row_00028156,a,09繁昌,04新港,01胡自发,0,0,a,0.9294172,0.9294172,0.001002478,0.0026072636,0.04290603,0.005974675,0.00032444188,0.012776226,0.004835187,0.00015656244,a,0.9294172,0,1
0712_row_00028157,o,09繁昌,04新港,01胡自发,3,3,o,0.99639374,0.0014306088,0.00014271535,3.5215147e-05,0.99639374,0.0012728127,0.00069526595,1.7629205e-05,1.1598533e-05,3.4620913e-07,o,0.99639374,0,1
0712_row_00028158,a,09繁昌,04新港,01胡自发,0,0,a,0.8889996,0.8889996,0.010327668,0.037269242,0.0040314933,0.017188476,0.0022716038,3.8154307e-05,0.010600507,0.029273149,a,0.8889996,0,1
0712_row_00028159,a,09繁昌,04新港,01胡自发,0,0,a,0.9264431,0.9264431,0.0047722277,0.0395785,0.00022066472,0.0011411685,0.00015069555,1.7933003e-06,0.004588238,0.023103632,a,0.9264431,0,1
0712_row_00028160,i,09繁昌,04新港,01胡自发,2,4,u,0.6214345,0.027203478,0.034236085,0.1633187,0.019503618,0.6214345,0.014021037,0.00075272674,0.11917682,0.00035308537,u,0.6214345,0,1
0712_row_00028161,a,09繁昌,04新港,01胡自发,0,0,a,0.9549215,0.9549215,0.00021814738,0.00028846198,2.7881966e-05,6.0738334e-05,6.996405e-06,1.1667282e-06,0.026462479,0.018012641,a,0.9549215,0,1
0712_row_00028162,a,09繁昌,04新港,01胡自发,0,0,a,0.59301364,0.59301364,0.0004125853,0.40177196,0.00066983065,0.0023369712,0.00027265336,2.4210924e-05,0.0010920966,0.0004060865,a,0.59301364,0,1
0712_row_00028163,i,09繁昌,04新港,01胡自发,2,2,i,0.6423495,0.005608062,0.30156848,0.6423495,0.00054059835,0.00617089,0.033077978,8.226169e-05,0.0077347285,0.0028675676,i,0.6423495,0,1
0712_row_00028164,i,09繁昌,04新港,01胡自发,2,0,a,0.24075137,0.24075137,0.21951775,0.065449186,0.08882091,0.020707235,0.09854406,0.0037421233,0.13497151,0.12749587,a,0.24075137,0,1
0712_row_00028165,i,09繁昌,04新港,01胡自发,2,2,i,0.93406034,0.0016895388,0.005658434,0.93406034,0.010825549,4.6839273e-06,0.045930173,9.757089e-06,0.0005938613,0.0012277096,i,0.93406034,0,1
0712_row_00028166,a,09繁昌,04新港,01胡自发,0,3,o,0.46877173,0.15922156,0.0015722091,0.0031119667,0.46877173,0.29637057,0.04524714,0.0004067996,0.025097571,0.00020047979,o,0.46877173,0,1
0712_row_00028167,u,09繁昌,04新港,01胡自发,4,4,u,0.7574857,0.045037493,0.0013255548,0.0032638246,0.035201244,0.7574857,0.1492032,0.00013576754,0.008324062,2.3107385e-05,u,0.7574857,0,1
0712_row_00028168,e,09繁昌,04新港,01胡自发,1,5,y,0.52904516,0.053388383,0.3970547,0.00402784,0.0017227731,0.009706239,0.52904516,1.3046868e-05,0.0032007368,0.0018411514,y,0.52904516,0,1
0712_row_00028169,ə,09繁昌,04新港,01胡自发,7,4,u,0.6359161,0.078129105,0.15191689,0.027295113,0.015564794,0.6359161,0.0546646,0.00035436108,0.03508231,0.0010766491,u,0.6359161,0,1
0712_row_00028170,e,09繁昌,04新港,01胡自发,1,3,o,0.3778179,0.32539904,0.023664387,0.00057029515,0.3778179,0.19710937,0.05630861,0.00077638205,0.016013172,0.0023408004,o,0.3778179,0,1
0712_row_00028171,a,09繁昌,04新港,01胡自发,0,4,u,0.62832224,0.03079662,0.00019899484,0.00023510736,0.27784678,0.62832224,0.05975489,0.0001565203,0.0026774583,1.1343008e-05,u,0.62832224,0,1
0712_row_00028172,a,09繁昌,04新港,01胡自发,0,0,a,0.9893818,0.9893818,0.0003065711,0.0016588536,0.0008414072,0.0004075076,0.00010067444,7.5511016e-06,0.002753901,0.0045418097,a,0.9893818,0,1
0712_row_00028173,o,09繁昌,04新港,01胡自发,3,3,o,0.9965609,0.0008384152,2.2387716e-05,0.00015246937,0.9965609,0.0018551407,4.230567e-05,5.5398527e-06,0.00052276044,1.3227469e-07,o,0.9965609,0,1
0712_row_00028174,o,09繁昌,04新港,01胡自发,3,7,ə,0.36266416,0.1347148,0.12588401,0.0040377667,0.014097452,0.0030811697,0.007578954,0.0005417439,0.36266416,0.34739992,ə,0.36266416,0,1
0712_row_00028175,a,09繁昌,04新港,01胡自发,0,0,a,0.9987872,0.9987872,6.396481e-05,0.0001489972,0.0001134626,0.00021109427,9.1197364e-08,6.1761246e-05,0.0006010139,1.2334838e-05,a,0.9987872,0,1
0712_row_00028176,a,09繁昌,04新港,01胡自发,0,0,a,0.42157054,0.42157054,0.24241097,0.07173806,0.003642781,0.23051122,0.007032393,0.00067729875,0.0057541523,0.016662559,a,0.42157054,0,1
0712_row_00028177,a,09繁昌,04新港,01胡自发,0,3,o,0.718429,0.2227443,0.001062723,0.001034587,0.718429,0.04015762,0.000454872,0.0007037144,0.015378208,3.492399e-05,o,0.718429,0,1
0712_row_00028178,o,09繁昌,04新港,01胡自发,3,3,o,0.8798648,0.051729735,0.00017910865,0.00012685382,0.8798648,0.06575895,0.000673126,0.0012602326,0.00040643112,7.7898545e-07,o,0.8798648,0,1
0712_row_00028179,o,09繁昌,04新港,01胡自发,3,3,o,0.9960886,4.6025532e-05,1.1812604e-05,1.7007716e-05,0.9960886,0.001319674,1.3198664e-05,6.4693418e-06,0.0024970896,1.2411432e-07,o,0.9960886,0,1
0712_row_00028180,a,09繁昌,04新港,01胡自发,0,0,a,0.68413794,0.68413794,0.001599312,0.17551275,0.11653618,0.007658424,0.0040642153,0.0037090215,0.0066743,0.00010788156,a,0.68413794,0,1
0712_row_00028181,a,09繁昌,04新港,01胡自发,0,7,ə,0.7679132,0.032828882,0.009986376,0.03193916,0.00089804735,1.2228663e-05,0.045392122,1.8541969e-05,0.7679132,0.11101144,ə,0.7679132,0,1
0712_row_00028182,ɛ,09繁昌,04新港,01胡自发,8,8,ɛ,0.31397855,0.025819216,0.10925939,0.2806955,0.0012599456,0.00010301657,0.08179098,0.000177916,0.18691543,0.31397855,ɛ,0.31397855,0,1
0712_row_00028183,o,09繁昌,04新港,02胡民保,3,3,o,0.82587856,0.16720557,0.00403326,1.9019695e-05,0.82587856,0.00039038033,2.4175144e-05,0.0017850436,0.0006538585,1.0143469e-05,o,0.82587856,0,1
0712_row_00028184,a,09繁昌,04新港,02胡民保,0,0,a,0.85920745,0.85920745,0.00083611225,0.0008604714,3.962572e-05,0.0001427124,2.0943241e-06,5.15442e-07,0.00089397805,0.13801703,a,0.85920745,0,1
0712_row_00028185,o,09繁昌,04新港,02胡民保,3,0,a,0.6061092,0.6061092,0.033350155,0.0003072149,0.21361205,0.078643724,0.0021553116,0.021176824,0.041113928,0.0035315165,a,0.6061092,0,1
0712_row_00028186,o,09繁昌,04新港,02胡民保,3,3,o,0.68470556,0.29840714,0.00044778144,0.0001960088,0.68470556,0.011833331,0.00019509815,0.0039162287,0.00029689923,2.001057e-06,o,0.68470556,0,1
0712_row_00028187,o,09繁昌,04新港,02胡民保,3,3,o,0.74223906,0.21665415,0.00020577107,0.00017659228,0.74223906,0.037194688,0.00039737052,0.0028055413,0.00032542553,1.3355562e-06,o,0.74223906,0,1
0712_row_00028188,o,09繁昌,04新港,02胡民保,3,3,o,0.87006843,0.111763805,0.0019045006,0.00010867041,0.87006843,0.014023796,0.0012637285,0.00043942695,0.0004098446,1.7821401e-05,o,0.87006843,0,1
0712_row_00028189,a,09繁昌,04新港,02胡民保,0,0,a,0.9971431,0.9971431,4.0770163e-05,9.0130336e-05,9.726105e-06,0.00010743473,1.2221287e-07,7.9009163e-07,0.0020636255,0.0005442671,a,0.9971431,0,1
0712_row_00028190,a,09繁昌,04新港,02胡民保,0,0,a,0.99773455,0.99773455,0.000110489076,2.702966e-05,0.0002038807,0.0004521644,1.8448011e-07,4.510917e-05,0.0014141778,1.22964475e-05,a,0.99773455,0,1
0712_row_00028191,a,09繁昌,04新港,02胡民保,0,0,a,0.9954158,0.9954158,0.00026643454,9.164214e-06,0.0004702484,0.0012598771,2.7850282e-07,6.988813e-05,0.0024881526,2.0149633e-05,a,0.9954158,0,1
0712_row_00028192,a,09繁昌,04新港,02胡民保,0,0,a,0.94861925,0.94861925,0.0005946974,0.004127034,3.0021974e-05,0.001676667,5.013784e-06,1.2667509e-05,0.034542333,0.0103923455,a,0.94861925,0,1
0712_row_00028193,a,09繁昌,04新港,02胡民保,0,0,a,0.99033,0.99033,0.0007695963,1.6835036e-05,0.00014052758,0.0011737092,3.2751083e-07,5.217256e-06,0.006991188,0.0005726031,a,0.99033,0,1
0712_row_00028194,a,09繁昌,04新港,02胡民保,0,8,ɛ,0.82555205,0.17299214,0.0002511447,3.14014e-05,1.1308137e-05,5.199295e-06,9.534191e-06,9.833537e-08,0.0011469927,0.82555205,ɛ,0.82555205,0,1
0712_row_00028195,a,09繁昌,04新港,02胡民保,0,0,a,0.5448669,0.5448669,0.00013828141,8.054707e-05,2.2176315e-05,4.042148e-06,4.8560623e-06,2.6382194e-08,0.0017730228,0.4531102,a,0.5448669,0,1
0712_row_00028196,ɛ,09繁昌,04新港,02胡民保,8,7,ə,0.50694275,0.19171815,0.250318,0.013154961,0.002639077,0.012910339,0.0015536542,0.00072098104,0.50694275,0.020042107,ə,0.50694275,0,1
0712_row_00028197,ɛ,09繁昌,04新港,02胡民保,8,2,i,0.978304,0.0001276807,0.01615462,0.978304,1.7826571e-05,0.00053427054,0.0034934704,1.2836648e-06,0.0009610074,0.00040578737,i,0.978304,0,1
0712_row_00028198,ɛ,09繁昌,04新港,02胡民保,8,2,i,0.9913464,8.321806e-05,0.0013106399,0.9913464,1.2583066e-05,0.001263543,0.0052629774,2.3999633e-06,0.00012485542,0.0005933976,i,0.9913464,0,1
0712_row_00028199,ɛ,09繁昌,04新港,02胡民保,8,7,ə,0.8407243,0.025062732,0.12278105,0.00031249013,0.0062622153,0.0029151293,0.00027375118,0.00032817698,0.8407243,0.0013401436,ə,0.8407243,0,1
0712_row_00028200,ə,09繁昌,04新港,02胡民保,7,2,i,0.5096431,0.21256433,0.08761914,0.5096431,0.0020605703,0.102579065,0.0130701,0.00096901634,0.0669693,0.00452538,i,0.5096431,0,1
0712_row_00028201,ə,09繁昌,04新港,02胡民保,7,7,ə,0.31009305,0.26160315,0.25490645,0.03899949,0.005467908,0.029378708,0.012545116,0.016374677,0.31009305,0.07063146,ə,0.31009305,0,1
0712_row_00028202,ə,09繁昌,04新港,02胡民保,7,7,ə,0.8389879,0.021747308,0.09209417,0.00085486507,0.022742739,0.009798193,0.001513446,0.0011523388,0.8389879,0.011109019,ə,0.8389879,0,1
0712_row_00028203,ə,09繁昌,04新港,02胡民保,7,7,ə,0.51663274,0.28344753,0.0049046366,0.13283569,0.0023344953,0.00036045752,0.0076521537,0.00040266124,0.51663274,0.05142959,ə,0.51663274,0,1
0712_row_00028204,ɛ,09繁昌,04新港,02胡民保,8,2,i,0.9522414,0.00030757787,0.001489551,0.9522414,7.780013e-05,0.0007555279,0.039469976,9.554137e-06,0.00074847986,0.004900139,i,0.9522414,0,1
0712_row_00028205,ə,09繁昌,04新港,02胡民保,7,2,i,0.9876209,0.00024079207,0.0012430861,0.9876209,2.6360036e-05,0.00043312306,0.008860042,2.4061326e-06,0.0005751511,0.000998103,i,0.9876209,0,1
0712_row_00028206,a,09繁昌,04新港,02胡民保,0,0,a,0.996414,0.996414,0.0005672868,4.9856888e-05,0.0006800233,0.00053277204,5.423409e-07,5.6652905e-05,0.0013122926,0.00038667396,a,0.996414,0,1
0712_row_00028207,a,09繁昌,04新港,02胡民保,0,0,a,0.9953916,0.9953916,0.00045307158,0.00011169745,0.000135645,0.0011299682,4.8409964e-07,8.2278475e-06,0.0022348773,0.0005343602,a,0.9953916,0,1
0712_row_00028208,a,09繁昌,04新港,02胡民保,0,0,a,0.9968798,0.9968798,0.00024155188,1.7477447e-05,0.00020653779,0.00066328055,1.5248271e-07,4.5378074e-05,0.0017878592,0.00015804102,a,0.9968798,0,1
0712_row_00028209,a,09繁昌,04新港,02胡民保,0,0,a,0.99642414,0.99642414,0.00021872329,5.982317e-05,0.00020442349,0.0004809747,4.628687e-07,1.6087373e-05,0.0024250334,0.00017028519,a,0.99642414,0,1
0712_row_00028210,u,09繁昌,04新港,02胡民保,4,4,u,0.86137384,0.0052079805,0.0005161706,0.00048771067,0.029183771,0.86137384,0.08857532,2.6436186e-05,0.014589333,3.9438142e-05,u,0.86137384,0,1
0712_row_00028211,u,09繁昌,04新港,02胡民保,4,4,u,0.9242466,0.0025949294,0.00026256536,0.0020120942,0.01782923,0.9242466,0.04958034,2.1045062e-05,0.0034258557,2.729143e-05,u,0.9242466,0,1
0712_row_00028212,u,09繁昌,04新港,02胡民保,4,3,o,0.34951335,0.03904954,0.023932574,0.00090221176,0.34951335,0.23528796,0.02337434,0.00031931017,0.3267572,0.00086350995,o,0.34951335,0,1
0712_row_00028213,u,09繁昌,04新港,02胡民保,4,7,ə,0.66182655,0.13828686,0.02018235,0.00012461357,0.15669976,0.017385574,0.0002694604,0.0049294624,0.66182655,0.00029542015,ə,0.66182655,0,1
0712_row_00028214,u,09繁昌,04新港,02胡民保,4,0,a,0.6679968,0.6679968,0.0063436422,0.00010196668,0.32367066,0.00017029044,0.00012633568,0.00015762048,0.00026778365,0.0011649366,a,0.6679968,0,1
0712_row_00028215,u,09繁昌,04新港,02胡民保,4,4,u,0.8320615,0.007418941,0.00025906615,0.0008915865,0.024596043,0.8320615,0.13100465,0.0001059031,0.0035231798,0.00013915895,u,0.8320615,0,1
0712_row_00028216,u,09繁昌,04新港,02胡民保,4,4,u,0.71359783,0.019524882,0.0137239825,0.000567779,0.01469404,0.71359783,0.22753698,0.000103141574,0.009299426,0.000951991,u,0.71359783,0,1
0712_row_00028217,u,09繁昌,04新港,02胡民保,4,2,i,0.54145604,0.20078768,0.00449337,0.54145604,0.0021204625,0.22774264,0.010234234,0.00018885141,0.0013126762,0.011664022,i,0.54145604,0,1
0712_row_00028218,y,09繁昌,04新港,02胡民保,5,5,y,0.723233,0.015557146,0.042735294,0.18425308,0.00824094,0.015738163,0.723233,0.0004204852,0.008715573,0.001106274,y,0.723233,0,1
0712_row_00028219,u,09繁昌,04新港,02胡民保,4,4,u,0.76261085,0.018143475,0.008912041,0.011682029,0.09751795,0.76261085,0.048773646,0.00034506022,0.05168123,0.0003337889,u,0.76261085,0,1
0712_row_00028220,u,09繁昌,04新港,02胡民保,4,4,u,0.6851377,0.10909483,0.0037766255,0.0008041294,0.044410277,0.6851377,0.033407003,0.003134468,0.11665362,0.003581331,u,0.6851377,0,1
0712_row_00028221,u,09繁昌,04新港,02胡民保,4,7,ə,0.4059075,0.235971,0.03874569,0.0003806185,0.12306977,0.09562713,0.00067056064,0.09900356,0.4059075,0.0006241729,ə,0.4059075,0,1
0712_row_00028222,o,09繁昌,04新港,02胡民保,3,0,a,0.41331878,0.41331878,0.010826933,0.003390033,0.017603347,0.4080915,0.012989244,0.006733712,0.09584222,0.03120428,a,0.41331878,0,1
0712_row_00028223,u,09繁昌,04新港,02胡民保,4,7,ə,0.4670923,0.14239144,0.02794833,0.001607657,0.07376234,0.20716025,0.0024134065,0.07568152,0.4670923,0.0019427447,ə,0.4670923,0,1
0712_row_00028224,u,09繁昌,04新港,02胡民保,4,4,u,0.38200876,0.10705775,0.018778957,0.0006476487,0.2006371,0.38200876,0.012856641,0.0021347627,0.2698878,0.0059905937,u,0.38200876,0,1
0712_row_00028225,u,09繁昌,04新港,02胡民保,4,0,a,0.4095887,0.4095887,0.013804251,0.0006502348,0.024529427,0.03709466,0.00019769388,0.16495164,0.34623548,0.0029479023,a,0.4095887,0,1
0712_row_00028226,y,09繁昌,04新港,02胡民保,5,5,y,0.83517224,0.0021600057,0.0037512619,0.012667653,0.007582022,0.103999466,0.83517224,7.71512e-05,0.03386739,0.0007228051,y,0.83517224,0,1
0712_row_00028227,y,09繁昌,04新港,02胡民保,5,5,y,0.83061725,0.00025808893,0.0025051318,0.060477547,0.00258241,0.09251872,0.83061725,1.9047235e-05,0.0106266495,0.00039505254,y,0.83061725,0,1
0712_row_00028228,y,09繁昌,04新港,02胡民保,5,2,i,0.8885394,0.00035707705,0.0035569477,0.8885394,9.606869e-05,0.0015047081,0.09913323,9.266441e-06,0.0014050873,0.0053982395,i,0.8885394,0,1
0712_row_00028229,y,09繁昌,04新港,02胡民保,5,5,y,0.56866276,0.0018198048,0.0027173203,0.021445353,0.017813709,0.37530613,0.56866276,9.797044e-05,0.011696803,0.00044020487,y,0.56866276,0,1
0712_row_00028230,y,09繁昌,04新港,02胡民保,5,5,y,0.9576807,0.00021668263,0.00407361,0.013754849,0.0035207293,0.016100513,0.9576807,1.2684176e-05,0.0045513585,8.8855326e-05,y,0.9576807,0,1
0712_row_00028231,y,09繁昌,04新港,02胡民保,5,5,y,0.46329182,0.008119343,0.0026262852,0.25689557,0.018093968,0.2268476,0.46329182,0.00019078016,0.01688569,0.007048955,y,0.46329182,0,1
0712_row_00028232,y,09繁昌,04新港,02胡民保,5,5,y,0.9833007,0.00012577853,0.0035913195,0.008300548,0.00074721937,0.0018666547,0.9833007,2.2365214e-06,0.002046202,1.9307592e-05,y,0.9833007,0,1
0712_row_00028233,y,09繁昌,04新港,02胡民保,5,4,u,0.73383814,0.0006484339,0.00015088687,0.0003307789,0.007837189,0.73383814,0.25533617,1.0441252e-05,0.001812492,3.5499765e-05,u,0.73383814,0,1
0712_row_00028235,y,09繁昌,04新港,02胡民保,5,4,u,0.75061876,0.0023583972,0.00064423366,0.00052265456,0.005373454,0.75061876,0.23831522,2.0710633e-05,0.0020337675,0.00011286609,u,0.75061876,0,1
0712_row_00028236,u,09繁昌,04新港,02胡民保,4,4,u,0.6513126,0.006753707,0.00068065955,0.003667232,0.032133784,0.6513126,0.30099693,0.00012549026,0.003940432,0.00038913407,u,0.6513126,0,1
0712_row_00028237,y,09繁昌,04新港,02胡民保,5,4,u,0.7255174,0.0007178407,0.00010338267,0.00010900408,0.0056415373,0.7255174,0.26656795,2.6305065e-06,0.0013295623,1.0691608e-05,u,0.7255174,0,1
0712_row_00028238,y,09繁昌,04新港,02胡民保,5,4,u,0.5589725,0.011996004,0.08933621,0.040519085,0.047565077,0.5589725,0.23006338,0.0008220492,0.020027397,0.0006983441,u,0.5589725,0,1
0712_row_00028239,u,09繁昌,04新港,02胡民保,4,4,u,0.756274,0.10154249,0.011738321,0.001130936,0.03730411,0.756274,0.051444385,0.010782064,0.027779583,0.0020041137,u,0.756274,0,1
0712_row_00028240,u,09繁昌,04新港,02胡民保,4,4,u,0.86355424,0.0072645526,0.0026009781,0.0007173204,0.035964873,0.86355424,0.07771713,0.00028559577,0.01165113,0.00024424528,u,0.86355424,0,1
0712_row_00028241,u,09繁昌,04新港,02胡民保,4,4,u,0.7708003,0.055653732,0.00023521994,0.00021911698,0.060209054,0.7708003,0.07259565,0.00026821083,0.039947994,7.0649345e-05,u,0.7708003,0,1
0712_row_00028242,u,09繁昌,04新港,02胡民保,4,4,u,0.65547025,0.14485127,0.011370553,0.00015344046,0.060911946,0.65547025,0.035908964,0.016925633,0.07404113,0.00036682404,u,0.65547025,0,1
0712_row_00028243,u,09繁昌,04新港,02胡民保,4,4,u,0.68263507,0.2056514,0.0014411794,0.0018216554,0.040746767,0.68263507,0.011809648,0.0035991743,0.049732134,0.0025630058,u,0.68263507,0,1
0712_row_00028244,u,09繁昌,04新港,02胡民保,4,2,i,0.90166134,0.0012516733,0.0023675612,0.90166134,0.0002281811,0.02094718,0.06804529,2.296016e-05,0.0022661116,0.0032096603,i,0.90166134,0,1
0712_row_00028245,u,09繁昌,04新港,02胡民保,4,4,u,0.3033492,0.18861614,0.0538196,0.0011082848,0.15743038,0.3033492,0.0083976,0.026387623,0.25262013,0.008271075,u,0.3033492,0,1
0712_row_00028246,u,09繁昌,04新港,02胡民保,4,4,u,0.8481225,0.0055112503,0.001275662,0.00026094777,0.039937127,0.8481225,0.035872143,9.391584e-05,0.06877977,0.00014677766,u,0.8481225,0,1
0712_row_00028247,y,09繁昌,04新港,02胡民保,5,5,y,0.8626187,0.00019010152,0.0050821993,0.033468656,0.003116162,0.06519959,0.8626187,1.9344454e-05,0.030006975,0.00029830937,y,0.8626187,0,1
0712_row_00028248,y,09繁昌,04新港,02胡民保,5,4,u,0.57381916,0.0021477942,0.0007884774,0.021983765,0.02344553,0.57381916,0.36771753,9.54749e-05,0.009860443,0.00014181314,u,0.57381916,0,1
0712_row_00028249,y,09繁昌,04新港,02胡民保,5,5,y,0.9747897,5.369947e-05,0.0040183566,0.008756001,0.001507998,0.0068851872,0.9747897,2.4126248e-06,0.0039541395,3.249616e-05,y,0.9747897,0,1
0712_row_00028250,y,09繁昌,04新港,02胡民保,5,5,y,0.99425757,1.4234428e-05,0.000297579,0.0015465532,0.00046345274,0.0025324833,0.99425757,7.4640917e-07,0.0008849462,2.3186972e-06,y,0.99425757,0,1
0712_row_00028251,y,09繁昌,04新港,02胡民保,5,5,y,0.9942767,6.290173e-06,0.00052042014,0.0028960581,0.00039312703,0.0013491357,0.9942767,5.654298e-07,0.00055457774,3.0700942e-06,y,0.9942767,0,1
0712_row_00028252,a,09繁昌,04新港,02胡民保,0,8,ɛ,0.5855545,0.3931501,0.0035244396,0.013403603,5.11733e-05,0.00058820937,2.4757217e-05,2.1471793e-05,0.0036816646,0.5855545,ɛ,0.5855545,0,1
0712_row_00028253,a,09繁昌,04新港,02胡民保,0,0,a,0.9274306,0.9274306,0.024934065,0.00033325053,0.0005695196,0.00803012,3.3699214e-06,5.4571494e-05,0.03772907,0.0009154106,a,0.9274306,0,1
0712_row_00028254,a,09繁昌,04新港,02胡民保,0,0,a,0.68753934,0.68753934,0.0197398,0.09584836,3.7087273e-05,0.0026717535,3.8576214e-05,1.4610494e-05,0.0007717687,0.19333865,a,0.68753934,0,1
0712_row_00028255,e,09繁昌,04新港,02胡民保,1,1,e,0.6247457,0.32681063,0.6247457,0.038964715,0.00041250171,0.0048804,0.00041948818,0.0004286092,0.003096904,0.00024094166,e,0.6247457,0,1
0712_row_00028256,a,09繁昌,04新港,02胡民保,0,0,a,0.9157124,0.9157124,0.034428563,0.043663904,0.0006441941,0.003233002,3.2996373e-05,0.00015358244,0.000181174,0.0019500358,a,0.9157124,0,1
0712_row_00028257,ɛ,09繁昌,04新港,02胡民保,8,8,ɛ,0.99658465,0.0033109342,4.818341e-05,1.2416547e-05,4.3195652e-07,4.409531e-07,4.2200236e-06,3.762116e-09,3.8588692e-05,0.99658465,ɛ,0.99658465,0,1
0712_row_00028258,a,09繁昌,04新港,02胡民保,0,0,a,0.7696994,0.7696994,0.00093001605,0.04732689,7.68171e-05,0.0003261402,8.006549e-06,5.3790654e-06,0.00010037202,0.18152706,a,0.7696994,0,1
0712_row_00028259,ɛ,09繁昌,04新港,02胡民保,8,8,ɛ,0.99705005,0.0029248209,1.552962e-05,1.0045451e-06,1.9166812e-07,1.6231812e-07,5.8229443e-07,1.46598e-09,7.685219e-06,0.99705005,ɛ,0.99705005,0,1
0712_row_00028260,ɛ,09繁昌,04新港,02胡民保,8,8,ɛ,0.9973694,0.0026139477,8.06247e-06,3.0960816e-06,7.1848255e-08,1.870896e-07,2.6468538e-07,6.176618e-10,4.9579385e-06,0.9973694,ɛ,0.9973694,0,1
0712_row_00028261,ɛ,09繁昌,04新港,02胡民保,8,8,ɛ,0.8315512,0.16577628,0.0014497214,0.0007458915,9.955282e-06,0.00015345057,4.9629634e-06,1.282689e-06,0.00030730476,0.8315512,ɛ,0.8315512,0,1
0712_row_00028262,e,09繁昌,04新港,02胡民保,1,8,ɛ,0.90734893,0.082479216,0.009759945,9.197006e-05,7.880593e-06,6.808911e-05,4.315358e-05,5.404362e-07,0.00020032896,0.90734893,ɛ,0.90734893,0,1
0712_row_00028263,a,09繁昌,04新港,02胡民保,0,0,a,0.90814507,0.90814507,0.02471845,0.0012108773,0.00019772911,0.006991646,8.091329e-06,0.00010410087,0.012553011,0.046070915,a,0.90814507,0,1
0712_row_00028264,i,09繁昌,04新港,02胡民保,2,2,i,0.88765293,0.00014186709,0.015723508,0.88765293,7.944775e-05,0.0017230328,0.08326909,4.189935e-06,0.0107938945,0.00061193283,i,0.88765293,0,1
0712_row_00028265,i,09繁昌,04新港,02胡民保,2,2,i,0.9810836,0.0001489985,0.0028610197,0.9810836,4.9569757e-05,0.00057073974,0.013756462,2.0088412e-06,0.0007283208,0.0007993202,i,0.9810836,0,1
0712_row_00028266,i,09繁昌,04新港,02胡民保,2,2,i,0.8958569,0.00056123553,0.02201773,0.8958569,0.00012118376,0.0015235029,0.07618084,4.8936035e-06,0.0031539993,0.0005796868,i,0.8958569,0,1
0712_row_00028267,i,09繁昌,04新港,02胡民保,2,2,i,0.9647747,0.00019468066,0.021205656,0.9647747,2.0747091e-05,0.0025506853,0.008728673,2.1616963e-06,0.0022289085,0.00029380064,i,0.9647747,0,1
0712_row_00028268,i,09繁昌,04新港,02胡民保,2,2,i,0.43317822,0.13190688,0.41837943,0.43317822,0.0013426512,0.004954579,0.001210482,3.7744077e-05,0.008538019,0.00045198074,i,0.43317822,0,1
0712_row_00028269,i,09繁昌,04新港,02胡民保,2,2,i,0.95440304,0.00036049925,0.026859973,0.95440304,6.3483996e-05,0.0023922217,0.013191069,3.7497573e-06,0.0019064118,0.0008195728,i,0.95440304,0,1
0712_row_00028270,i,09繁昌,04新港,02胡民保,2,2,i,0.99081486,8.167961e-05,0.005084683,0.99081486,1.1130668e-05,0.0009722235,0.0026465722,8.520626e-07,0.00021675462,0.00017126846,i,0.99081486,0,1
0712_row_00028271,i,09繁昌,04新港,02胡民保,2,2,i,0.8170737,0.0014743073,0.15954763,0.8170737,0.00012914433,0.004591122,0.0054242113,5.668462e-06,0.010942687,0.0008115842,i,0.8170737,0,1
0712_row_00028272,i,09繁昌,04新港,02胡民保,2,2,i,0.70039296,0.0017302642,0.013039056,0.70039296,0.000502085,0.0034276017,0.27753252,8.2451825e-06,0.0028454077,0.0005218395,i,0.70039296,0,1
0712_row_00028273,i,09繁昌,04新港,02胡民保,2,2,i,0.957758,0.00052826107,0.0040744306,0.957758,0.00014325175,0.0017768212,0.035413653,3.157665e-06,0.00020848612,9.381133e-05,i,0.957758,0,1
0712_row_00028274,i,09繁昌,04新港,02胡民保,2,2,i,0.9949319,0.00011735444,0.0010153182,0.9949319,4.505357e-06,0.0010821471,0.0023939847,9.1271505e-07,0.00020576043,0.00024802313,i,0.9949319,0,1
0712_row_00028275,i,09繁昌,04新港,02胡民保,2,2,i,0.9820747,0.00020977853,0.0026304158,0.9820747,2.1128228e-05,0.0022172579,0.011461387,3.8892317e-06,0.0004708252,0.000910667,i,0.9820747,0,1
0712_row_00028276,i,09繁昌,04新港,02胡民保,2,2,i,0.96044225,0.00059157185,0.002185135,0.96044225,3.5721987e-05,0.0016184201,0.031508256,7.4968093e-06,0.00090110826,0.0027101988,i,0.96044225,0,1
0712_row_00028277,i,09繁昌,04新港,02胡民保,2,2,i,0.97703344,0.00045046458,0.005357463,0.97703344,2.9686646e-05,0.0029963697,0.012652607,3.2548587e-06,0.0006052262,0.0008714364,i,0.97703344,0,1
0712_row_00028278,i,09繁昌,04新港,02胡民保,2,2,i,0.9774375,0.0016436441,0.0061817905,0.9774375,7.561793e-05,0.0020738947,0.009410647,1.0724106e-05,0.0011789291,0.0019872123,i,0.9774375,0,1
0712_row_00028279,e,09繁昌,04新港,02胡民保,1,1,e,0.67722416,0.21450377,0.67722416,0.094056115,0.00052435364,0.0075841676,0.0021548765,0.0014336541,0.0019973123,0.0005215299,e,0.67722416,0,1
0712_row_00028280,e,09繁昌,04新港,02胡民保,1,0,a,0.7126125,0.7126125,0.120824486,0.0386834,0.00047035873,0.004539409,0.0011138011,0.00017849825,0.0021775423,0.11940002,a,0.7126125,0,1
0712_row_00028281,e,09繁昌,04新港,02胡民保,1,0,a,0.7227235,0.7227235,0.06057029,0.0014991947,0.04163495,0.06889163,0.0003814519,0.032381047,0.07186656,5.1407955e-05,a,0.7227235,0,1
0712_row_00028282,u,09繁昌,04新港,02胡民保,4,0,a,0.6816372,0.6816372,0.14706829,0.092212535,0.0005943335,0.018558275,0.0070209657,0.0012490308,0.023284994,0.028374495,a,0.6816372,0,1
0712_row_00028283,e,09繁昌,04新港,02胡民保,1,0,a,0.81077164,0.81077164,0.029047629,0.0023256326,0.031732563,0.07302575,0.0009816185,0.0259534,0.025496526,0.0006652471,a,0.81077164,0,1
0712_row_00028284,e,09繁昌,04新港,02胡民保,1,1,e,0.80918455,0.017753359,0.80918455,0.00016009617,0.002180481,0.16125616,0.00068440626,0.00092495827,0.0077118543,0.00014417116,e,0.80918455,0,1
0712_row_00028285,u,09繁昌,04新港,02胡民保,4,4,u,0.742435,0.051250294,0.0626974,0.003263152,0.12639558,0.742435,0.01145355,0.0002705374,0.001988692,0.00024590298,u,0.742435,0,1
0712_row_00028286,a,09繁昌,04新港,02胡民保,0,0,a,0.94587725,0.94587725,0.013531388,0.00025578585,0.0068757483,0.018489543,5.6357476e-05,0.0010703346,0.013473904,0.00036967802,a,0.94587725,0,1
0712_row_00028287,u,09繁昌,04新港,02胡民保,4,0,a,0.49573144,0.49573144,0.2792433,5.668702e-05,0.01737698,0.17348106,0.0003651385,0.004248327,0.028830104,0.00066693383,a,0.49573144,0,1
0712_row_00028288,a,09繁昌,04新港,02胡民保,0,0,a,0.9470451,0.9470451,0.007174063,0.0011464902,0.0009025712,0.033318646,3.335161e-05,4.2278076e-05,0.003673055,0.006664482,a,0.9470451,0,1
0712_row_00028289,a,09繁昌,04新港,02胡民保,0,0,a,0.9464297,0.9464297,0.016958268,9.160094e-05,0.0077277943,0.021372378,8.695696e-06,0.0003265344,0.0037504716,0.0033345744,a,0.9464297,0,1
0712_row_00028290,a,09繁昌,04新港,02胡民保,0,0,a,0.9975217,0.9975217,0.00016864808,2.218596e-05,0.0003466191,0.00041472135,1.6116017e-07,2.2255976e-05,0.001424036,7.957609e-05,a,0.9975217,0,1
0712_row_00028291,a,09繁昌,04新港,02胡民保,0,0,a,0.9747161,0.9747161,0.0028797607,0.00017502859,0.000109782435,0.003284335,5.07374e-05,8.046248e-06,0.0055113495,0.013264699,a,0.9747161,0,1
0712_row_00028292,a,09繁昌,04新港,02胡民保,0,0,a,0.9822165,0.9822165,0.002343668,9.706048e-05,0.00030161976,0.006871207,2.5557229e-06,1.34380825e-05,0.006965326,0.0011887415,a,0.9822165,0,1
0712_row_00028293,a,09繁昌,04新港,02胡民保,0,0,a,0.9910904,0.9910904,0.0012272648,0.00027208484,0.0004554398,0.0021391672,2.5103523e-06,1.3742451e-05,0.0021885214,0.0026109447,a,0.9910904,0,1
0712_row_00028294,e,09繁昌,04新港,02胡民保,1,7,ə,0.8117457,0.064173594,0.09708929,1.2297275e-05,0.020136638,0.006330207,2.676197e-05,0.00034415262,0.8117457,0.00014123369,ə,0.8117457,0,1
0712_row_00028295,e,09繁昌,04新港,02胡民保,1,0,a,0.76094145,0.76094145,0.022775957,0.0003682616,0.050829526,0.060498383,0.0025531442,0.0066976384,0.09494388,0.0003918214,a,0.76094145,0,1
0712_row_00028296,e,09繁昌,04新港,02胡民保,1,0,a,0.64522195,0.64522195,0.074971125,5.982244e-05,0.005407108,0.09911808,0.00010782477,0.0006754891,0.17409159,0.00034699115,a,0.64522195,0,1
0712_row_00028297,e,09繁昌,04新港,02胡民保,1,4,u,0.7921144,0.032551546,0.07877403,0.0038863258,0.08213589,0.7921144,0.008417636,0.00052046037,0.0015385242,6.111279e-05,u,0.7921144,0,1
0712_row_00028298,e,09繁昌,04新港,02胡民保,1,1,e,0.8080954,0.10494464,0.8080954,0.07847109,0.00032673255,0.005294287,0.0007891688,0.0007663975,0.0011727755,0.00013954128,e,0.8080954,0,1
0712_row_00028299,i,09繁昌,04新港,02胡民保,2,2,i,0.99606305,8.57601e-05,0.0012664765,0.99606305,2.9263886e-06,0.00044890252,0.0016732146,3.2943194e-07,0.00015021653,0.0003091274,i,0.99606305,0,1
0712_row_00028300,i,09繁昌,04新港,02胡民保,2,4,u,0.62843776,0.06027073,0.016435465,0.16981985,0.0027117573,0.62843776,0.111777514,7.9489175e-05,0.009439916,0.0010275285,u,0.62843776,0,1
0712_row_00028301,i,09繁昌,04新港,02胡民保,2,2,i,0.8850087,0.0015951019,0.0050865,0.8850087,0.00024216453,0.05135804,0.052731033,2.8155371e-05,0.0022575038,0.0016928307,i,0.8850087,0,1
0712_row_00028302,i,09繁昌,04新港,02胡民保,2,4,u,0.39999795,0.09565803,0.05875814,0.094594575,0.003934429,0.39999795,0.3324822,0.00012535276,0.011827554,0.0026217373,u,0.39999795,0,1
0712_row_00028303,i,09繁昌,04新港,02胡民保,2,0,a,0.64763397,0.64763397,0.06264226,0.27214372,0.0002249617,0.005553749,0.0017325353,0.00012153493,0.004527923,0.005419318,a,0.64763397,0,1
0712_row_00028304,i,09繁昌,04新港,02胡民保,2,2,i,0.99903214,3.6856014e-05,0.00030066763,0.99903214,9.3525944e-07,0.00023137499,0.0003168728,2.4347636e-07,2.7824866e-05,5.313217e-05,i,0.99903214,0,1
0712_row_00028305,i,09繁昌,04新港,02胡民保,2,2,i,0.80830026,0.012388027,0.13847192,0.80830026,0.00040933272,0.010899562,0.013895755,5.6676483e-05,0.011455873,0.004122567,i,0.80830026,0,1
0712_row_00028306,i,09繁昌,04新港,02胡民保,2,2,i,0.9873633,7.818884e-05,0.0013816156,0.9873633,1.7642076e-05,0.00024759537,0.009880339,1.0951263e-06,0.00081916084,0.00021109295,i,0.9873633,0,1
0712_row_00028307,i,09繁昌,04新港,02胡民保,2,2,i,0.96159714,0.00029040792,0.011244772,0.96159714,2.4955812e-05,0.0025382787,0.019095711,5.195177e-06,0.004490149,0.00071339944,i,0.96159714,0,1
0712_row_00028308,i,09繁昌,04新港,02胡民保,2,2,i,0.968465,0.000141627,0.0021213358,0.968465,2.6808793e-05,0.0010930928,0.025656933,4.0681216e-06,0.0008446489,0.001646588,i,0.968465,0,1
0712_row_00028309,i,09繁昌,04新港,02胡民保,2,2,i,0.2904597,0.04811583,0.20445487,0.2904597,0.009047257,0.26626608,0.10921551,0.0010375328,0.06757158,0.0038316883,i,0.2904597,0,1
0712_row_00028310,e,09繁昌,04新港,02胡民保,1,0,a,0.67350334,0.67350334,0.18300135,0.008596725,0.047250718,0.042236358,0.0012737941,0.03698155,0.0063906945,0.00076550414,a,0.67350334,0,1
0712_row_00028311,i,09繁昌,04新港,02胡民保,2,2,i,0.99880886,2.77066e-05,0.0006105144,0.99880886,9.748017e-07,0.0001403325,0.0003189565,1.4923144e-07,3.286671e-05,5.9779966e-05,i,0.99880886,0,1
0712_row_00028312,i,09繁昌,04新港,02胡民保,2,2,i,0.9482564,0.00029072343,0.025620356,0.9482564,3.5530255e-05,0.0011351274,0.023990441,1.716728e-06,0.00055594626,0.0001137876,i,0.9482564,0,1
0712_row_00028313,i,09繁昌,04新港,02胡民保,2,2,i,0.9996774,1.8302057e-05,0.000100151796,0.9996774,1.5232918e-07,0.00017028095,2.4368474e-05,6.27699e-08,3.0514832e-06,6.166905e-06,i,0.9996774,0,1
0712_row_00028314,i,09繁昌,04新港,02胡民保,2,2,i,0.9989819,5.7306224e-05,0.00026110112,0.9989819,1.2098889e-06,0.0005556577,0.000119165976,3.1387233e-07,7.869073e-06,1.552168e-05,i,0.9989819,0,1
0712_row_00028315,i,09繁昌,04新港,02胡民保,2,2,i,0.8603833,0.0016208892,0.02302187,0.8603833,0.00014043314,0.07708056,0.032017335,2.5437243e-05,0.004948506,0.00076173735,i,0.8603833,0,1
0712_row_00028316,i,09繁昌,04新港,02胡民保,2,5,y,0.52019334,0.008622066,0.011548651,0.19608293,0.0015429151,0.20490733,0.52019334,7.152221e-05,0.05598531,0.001045903,y,0.52019334,0,1
0712_row_00028317,i,09繁昌,04新港,02胡民保,2,2,i,0.9990289,0.00082129455,3.0300822e-05,0.9990289,1.2387617e-06,2.9805612e-06,1.4118738e-05,5.819724e-07,6.6598964e-06,9.398666e-05,i,0.9990289,0,1
0712_row_00028318,i,09繁昌,04新港,02胡民保,2,2,i,0.98079383,0.00014480905,0.0018718884,0.98079383,1.6789421e-05,0.0012911233,0.014674942,2.4455446e-06,0.00047631245,0.0007278753,i,0.98079383,0,1
0712_row_00028319,i,09繁昌,04新港,02胡民保,2,2,i,0.95216143,0.0003444976,0.015915925,0.95216143,5.194075e-05,0.0018015852,0.028211933,3.1536679e-06,0.0013094698,0.00019994954,i,0.95216143,0,1
0712_row_00028320,i,09繁昌,04新港,02胡民保,2,2,i,0.9998305,1.199892e-05,3.1962107e-05,0.9998305,1.497601e-07,9.826103e-05,2.1006788e-05,3.750481e-08,2.7631486e-06,3.3838955e-06,i,0.9998305,0,1
0712_row_00028321,i,09繁昌,04新港,02胡民保,2,2,i,0.9850609,0.00047220167,0.0012653818,0.9850609,9.134398e-06,0.011276569,0.0017132686,2.9030539e-06,6.078398e-05,0.00013890589,i,0.9850609,0,1
0712_row_00028322,i,09繁昌,04新港,02胡民保,2,2,i,0.90001804,0.0034563981,0.0028105963,0.90001804,0.00014315467,0.083246276,0.010056449,8.189814e-06,0.000107847554,0.00015307557,i,0.90001804,0,1
0712_row_00028324,i,09繁昌,04新港,02胡民保,2,5,y,0.68794674,0.00039143555,0.003510153,0.09602667,0.0019451005,0.19991907,0.68794674,3.712146e-05,0.0098915305,0.00033216982,y,0.68794674,0,1
0712_row_00028325,i,09繁昌,04新港,02胡民保,2,2,i,0.9981452,4.111181e-05,0.0001773137,0.9981452,1.5514057e-06,0.0011228271,0.00048658124,1.6788034e-07,7.860144e-06,1.7368582e-05,i,0.9981452,0,1
0712_row_00028326,i,09繁昌,04新港,02胡民保,2,2,i,0.9934269,0.00012897282,0.000234175,0.9934269,4.5382976e-06,0.005227992,0.000950553,5.228026e-07,1.2389582e-05,1.3956029e-05,i,0.9934269,0,1
0712_row_00028327,i,09繁昌,04新港,02胡民保,2,2,i,0.95892954,0.00022185102,0.0134814745,0.95892954,4.653169e-05,0.008196118,0.016083416,6.768491e-06,0.0021426002,0.0008916716,i,0.95892954,0,1
0712_row_00028328,i,09繁昌,04新港,02胡民保,2,4,u,0.6529265,0.0024633587,0.013506178,0.050558057,0.0048280796,0.6529265,0.27004427,8.567296e-05,0.005062984,0.0005248756,u,0.6529265,0,1
0712_row_00028329,i,09繁昌,04新港,02胡民保,2,2,i,0.9392052,0.028065458,0.00063748285,0.9392052,1.3918402e-05,7.28138e-05,0.000105986095,6.5581307e-06,0.00035903289,0.031533483,i,0.9392052,0,1
0712_row_00028330,i,09繁昌,04新港,02胡民保,2,2,i,0.84679264,0.0016457267,0.021643784,0.84679264,0.00047260843,0.0045111193,0.07890119,0.000101955426,0.033280995,0.012650016,i,0.84679264,0,1
0712_row_00028331,i,09繁昌,04新港,02胡民保,2,2,i,0.9962155,4.0640585e-05,0.0014323711,0.9962155,4.0996165e-06,0.00063564844,0.0014646471,4.4389333e-07,7.871834e-05,0.00012785086,i,0.9962155,0,1
0712_row_00028332,i,09繁昌,04新港,02胡民保,2,2,i,0.98899186,2.6744789e-05,0.002702026,0.98899186,1.2408455e-05,0.00011140889,0.0070180194,6.2436044e-07,0.00079023873,0.0003467965,i,0.98899186,0,1
0712_row_00028333,i,09繁昌,04新港,02胡民保,2,2,i,0.968483,0.0005462017,0.0035592157,0.968483,4.088685e-05,0.0048581804,0.019785522,1.0652269e-05,0.0010899777,0.0016264147,i,0.968483,0,1
0712_row_00028334,i,09繁昌,04新港,02胡民保,2,2,i,0.967582,0.00028908212,0.0047182837,0.967582,4.5682762e-05,0.0032851854,0.021948548,6.7483934e-06,0.0008404561,0.001283909,i,0.967582,0,1
0712_row_00028335,i,09繁昌,04新港,02胡民保,2,2,i,0.9881599,0.00029003722,0.005117881,0.9881599,1.3018946e-05,0.0017850781,0.00385022,1.8820955e-06,0.0003072529,0.0004747654,i,0.9881599,0,1
0712_row_00028336,u,09繁昌,04新港,02胡民保,4,4,u,0.8547441,0.0849854,0.015275552,0.0036015525,0.0031894753,0.8547441,0.031033656,0.00017670554,0.0069605843,3.3107728e-05,u,0.8547441,0,1
0712_row_00028337,u,09繁昌,04新港,02胡民保,4,4,u,0.58345217,0.008796139,0.38111192,0.00086799444,0.020838236,0.58345217,0.0041745068,0.00043324317,0.00027592425,4.988132e-05,u,0.58345217,0,1
0712_row_00028338,u,09繁昌,04新港,02胡民保,4,4,u,0.94489974,0.030746609,0.0035306166,0.0052831722,0.009301052,0.94489974,0.0035469069,0.00021112665,0.0024457953,3.502663e-05,u,0.94489974,0,1
0712_row_00028339,u,09繁昌,04新港,02胡民保,4,0,a,0.45853138,0.45853138,0.16325077,0.00031863674,0.044224203,0.30401757,0.0019955502,0.0032443716,0.0236365,0.0007810984,a,0.45853138,0,1
0712_row_00028340,u,09繁昌,04新港,02胡民保,4,1,e,0.51233494,0.20661019,0.51233494,0.10176368,0.0064474824,0.1178775,0.014130801,0.0053433306,0.035236713,0.00025533012,e,0.51233494,0,1
0712_row_00028341,u,09繁昌,04新港,02胡民保,4,0,a,0.62404144,0.62404144,0.009094945,0.21605548,0.11704845,0.019557925,0.004175973,0.00609887,0.003862315,6.464038e-05,a,0.62404144,0,1
0712_row_00028342,u,09繁昌,04新港,02胡民保,4,7,ə,0.6246572,0.18440172,0.15545838,4.9217386e-05,0.012152552,0.021158187,3.380665e-05,0.0017113166,0.6246572,0.00037758113,ə,0.6246572,0,1
0712_row_00028343,u,09繁昌,04新港,02胡民保,4,4,u,0.5083431,0.10268935,0.13997112,0.0015544938,0.0058130976,0.5083431,0.23625657,0.00034574312,0.004906055,0.00012052088,u,0.5083431,0,1
0712_row_00028345,u,09繁昌,04新港,02胡民保,4,0,a,0.42537335,0.42537335,0.11366281,0.0010589227,0.0034950168,0.30396822,0.0023188828,0.0006613242,0.14856976,0.00089175976,a,0.42537335,0,1
0712_row_00028346,u,09繁昌,04新港,02胡民保,4,4,u,0.83939266,0.0077767875,0.12936133,0.0015898928,0.01805769,0.83939266,0.002832314,0.00037520612,0.000570997,4.3025695e-05,u,0.83939266,0,1
0712_row_00028347,u,09繁昌,04新港,02胡民保,4,1,e,0.61402464,0.12477005,0.61402464,9.07762e-05,0.006569272,0.23697968,0.00060922466,0.0016351565,0.014842769,0.00047846147,e,0.61402464,0,1
0712_row_00028348,e,09繁昌,04新港,02胡民保,1,1,e,0.42513683,0.23730604,0.42513683,0.0006795766,0.006312093,0.06685279,0.0006171424,0.0023204898,0.2593851,0.0013899431,e,0.42513683,0,1
0712_row_00028349,e,09繁昌,04新港,02胡民保,1,0,a,0.4968675,0.4968675,0.19067146,0.0024098633,0.0041894997,0.11164196,0.0008585677,0.00082398136,0.19124134,0.0012958212,a,0.4968675,0,1
0712_row_00028350,e,09繁昌,04新港,02胡民保,1,0,a,0.7623484,0.7623484,0.048140146,0.003547055,0.0022021267,0.06881983,0.00406881,0.0035283254,0.10602761,0.0013176489,a,0.7623484,0,1
0712_row_00028351,e,09繁昌,04新港,02胡民保,1,0,a,0.50590533,0.50590533,0.09124034,0.0026534682,0.09098579,0.08003221,0.039677564,0.018189896,0.17046866,0.0008467606,a,0.50590533,0,1
0712_row_00028352,u,09繁昌,04新港,02胡民保,4,4,u,0.598,0.02438277,0.19423996,0.0018242489,0.17371675,0.598,0.006663754,0.00053193833,0.0004804856,0.00016010817,u,0.598,0,1
0712_row_00028353,u,09繁昌,04新港,02胡民保,4,4,u,0.51846796,0.05506697,0.07482873,0.0023115287,0.33646968,0.51846796,0.011323972,0.0007173341,0.00075813435,5.5686538e-05,u,0.51846796,0,1
0712_row_00028354,u,09繁昌,04新港,02胡民保,4,0,a,0.73259175,0.73259175,0.06345034,0.004963688,0.0107784495,0.069279835,0.0043400982,0.008379472,0.10531178,0.00090454373,a,0.73259175,0,1
0712_row_00028355,u,09繁昌,04新港,02胡民保,4,0,a,0.8728727,0.8728727,0.008752938,0.0013081414,0.006960508,0.029631179,0.002605458,0.0007294999,0.07681062,0.0003289611,a,0.8728727,0,1
0712_row_00028356,ɔ,09繁昌,04新港,02胡民保,6,0,a,0.642241,0.642241,9.687418e-05,0.00024955947,0.017640695,0.005403865,6.3241387e-06,0.33397537,0.00038149313,4.7924855e-06,a,0.642241,0,1
0712_row_00028357,a,09繁昌,04新港,02胡民保,0,0,a,0.7543839,0.7543839,0.00012914819,0.00012082492,0.008871732,0.0039448217,3.9870574e-06,0.23211378,0.00042699274,4.743321e-06,a,0.7543839,0,1
0712_row_00028358,a,09繁昌,04新港,02胡民保,0,6,ɔ,0.84854794,0.14658174,0.0002862705,0.00026597775,0.00094701495,0.00064732064,2.254944e-06,0.84854794,0.002715138,6.3805774e-06,ɔ,0.84854794,0,1
0712_row_00028359,ɔ,09繁昌,04新港,02胡民保,6,0,a,0.9634769,0.9634769,0.00017034238,0.000527266,0.00038395557,0.00017587503,1.2734616e-06,0.03355445,0.0015137286,0.00019618368,a,0.9634769,0,1
0712_row_00028360,a,09繁昌,04新港,02胡民保,0,0,a,0.9492246,0.9492246,3.6765345e-05,1.867498e-05,0.000110696215,3.730374e-05,4.1551225e-08,0.050208446,0.00034226727,2.127391e-05,a,0.9492246,0,1
0712_row_00028362,ɔ,09繁昌,04新港,02胡民保,6,6,ɔ,0.73460275,0.21150395,0.00033307113,7.7315135e-06,0.006790272,0.00044733429,1.636307e-07,0.73460275,0.04631211,2.639675e-06,ɔ,0.73460275,0,1
0712_row_00028363,ɔ,09繁昌,04新港,02胡民保,6,6,ɔ,0.730503,0.23648025,0.00021325318,3.666018e-05,0.0024995687,0.00036028476,1.4290096e-07,0.730503,0.029903328,3.4635668e-06,ɔ,0.730503,0,1
0712_row_00028364,ɔ,09繁昌,04新港,02胡民保,6,6,ɔ,0.41486815,0.39930537,0.0027033698,2.064649e-05,0.005707737,0.0033104953,1.4418817e-06,0.41486815,0.17405193,3.0880936e-05,ɔ,0.41486815,0,1
0712_row_00028365,a,09繁昌,04新港,02胡民保,0,0,a,0.9342478,0.9342478,0.00011653854,0.056080118,0.00029465347,0.0003604758,9.906218e-06,0.00035923588,0.0006421777,0.007889094,a,0.9342478,0,1
0712_row_00028366,a,09繁昌,04新港,02胡民保,0,0,a,0.9606713,0.9606713,0.0022669667,0.00019976217,4.203459e-05,4.2528092e-05,1.1303846e-05,6.1903804e-05,0.0010784315,0.035625782,a,0.9606713,0,1
0712_row_00028367,a,09繁昌,04新港,02胡民保,0,0,a,0.9254216,0.9254216,0.0010944902,0.0074610673,0.0002629732,0.00042171316,6.0945563e-06,0.0004906641,0.0014026186,0.063438706,a,0.9254216,0,1
0712_row_00028368,ɔ,09繁昌,04新港,02胡民保,6,6,ɔ,0.9213396,0.07838342,3.193625e-05,3.929715e-06,0.00017700678,3.9573144e-05,7.03189e-09,0.9213396,2.4488056e-05,5.5947993e-08,ɔ,0.9213396,0,1
0712_row_00028369,ɔ,09繁昌,04新港,02胡民保,6,0,a,0.9463783,0.9463783,0.0003278371,0.00039591457,0.00025964004,0.0014187864,1.2906424e-06,0.048848428,0.0019930992,0.0003767699,a,0.9463783,0,1
0712_row_00028370,a,09繁昌,04新港,02胡民保,0,0,a,0.76162434,0.76162434,0.0010354315,0.027420735,0.0002245046,0.00056935,5.173459e-05,3.412128e-05,0.00067795883,0.20836179,a,0.76162434,0,1
0712_row_00028371,a,09繁昌,04新港,02胡民保,0,0,a,0.8644415,0.8644415,0.0060579777,7.053071e-05,0.00018664083,2.3342067e-05,0.0001149727,1.8492463e-05,0.0024096097,0.12667689,a,0.8644415,0,1
0712_row_00028372,a,09繁昌,04新港,02胡民保,0,0,a,0.4629588,0.4629588,0.04441621,0.0019536123,0.00020659796,0.000263109,0.0012464592,0.00015354945,0.07766066,0.41114098,a,0.4629588,0,1
0712_row_00028373,a,09繁昌,04新港,02胡民保,0,0,a,0.8720206,0.8720206,0.0003718778,0.00022204989,0.00016857147,0.00015707615,2.3705263e-06,0.0011934468,0.012023278,0.113840625,a,0.8720206,0,1
0712_row_00028374,a,09繁昌,04新港,02胡民保,0,0,a,0.6907089,0.6907089,0.00144529,0.10614912,0.024179421,0.00020039095,0.0026836388,0.036410905,0.13296653,0.0052558505,a,0.6907089,0,1
0712_row_00028375,a,09繁昌,04新港,02胡民保,0,0,a,0.61558473,0.61558473,0.0018207724,0.004201512,0.0054489304,0.00017315945,0.00030850677,0.08645088,0.26240763,0.023603829,a,0.61558473,0,1
0712_row_00028376,a,09繁昌,04新港,02胡民保,0,0,a,0.6376524,0.6376524,0.028864615,0.001525658,0.0005770796,0.0003248631,0.00056418835,0.0007109599,0.13833718,0.191443,a,0.6376524,0,1
0712_row_00028377,u,09繁昌,04新港,02胡民保,4,3,o,0.94986874,0.01867288,2.5925132e-05,2.6741272e-05,0.94986874,0.030852828,0.00019829386,0.0002838154,7.065492e-05,1.6326403e-07,o,0.94986874,0,1
0712_row_00028378,o,09繁昌,04新港,02胡民保,3,0,a,0.29607326,0.29607326,0.28784174,0.21604618,0.17630851,0.010883795,0.0052198493,0.000911017,0.0040560914,0.0026595143,a,0.29607326,0,1
0712_row_00028379,o,09繁昌,04新港,02胡民保,3,3,o,0.96732324,0.028931808,0.0012552222,0.00053045567,0.96732324,0.0010944579,0.00011764145,0.00069673144,4.6753143e-05,3.81403e-06,o,0.96732324,0,1
0712_row_00028380,o,09繁昌,04新港,02胡民保,3,7,ə,0.75904447,0.06490102,0.14945617,0.0004904544,0.015831118,0.00078194315,1.6202684e-05,0.009324024,0.75904447,0.00015454025,ə,0.75904447,0,1
0712_row_00028381,o,09繁昌,04新港,02胡民保,3,3,o,0.8871507,0.011734251,0.003560827,0.025470845,0.8871507,8.482115e-05,0.07045625,1.7875214e-05,0.00061744417,0.0009070432,o,0.8871507,0,1
0712_row_00028382,o,09繁昌,04新港,02胡民保,3,3,o,0.977491,0.008774636,0.0013568884,0.003189984,0.977491,0.00014336704,0.008810294,4.3641467e-06,7.947468e-05,0.00015000899,o,0.977491,0,1
0712_row_00028383,o,09繁昌,04新港,02胡民保,3,3,o,0.98236865,0.011055259,2.504422e-05,0.0007678807,0.98236865,0.0043058107,0.0002625527,0.001203381,1.130427e-05,8.654407e-08,o,0.98236865,0,1
0712_row_00028384,o,09繁昌,04新港,02胡民保,3,3,o,0.7776348,0.1320802,0.05622857,0.008588617,0.7776348,0.001425937,0.018846354,0.0012719781,0.0023691473,0.0015544598,o,0.7776348,0,1
0712_row_00028385,o,09繁昌,04新港,02胡民保,3,1,e,0.820928,0.083207764,0.820928,0.00019202405,0.051404286,0.026674924,0.0051712943,0.00016922469,0.009257136,0.0029954086,e,0.820928,0,1
0712_row_00028386,u,09繁昌,04新港,02胡民保,4,4,u,0.65989214,0.0022005057,0.00019248665,0.00016536894,0.004792567,0.65989214,0.33099556,1.568087e-05,0.001676656,6.8956346e-05,u,0.65989214,0,1
0712_row_00028387,u,09繁昌,04新港,02胡民保,4,4,u,0.7688663,0.0020719129,0.000248346,0.00023653988,0.010905654,0.7688663,0.21482834,2.4756813e-05,0.002768176,5.00537e-05,u,0.7688663,0,1
0712_row_00028388,u,09繁昌,04新港,02胡民保,4,4,u,0.7393659,0.0023152153,0.00022733404,0.0006005962,0.006788093,0.7393659,0.24882,1.537098e-05,0.0018002779,6.714786e-05,u,0.7393659,0,1
0712_row_00028389,u,09繁昌,04新港,02胡民保,4,4,u,0.78101474,0.0047199302,0.00038180227,0.00027757743,0.009339511,0.78101474,0.19987988,4.3616183e-05,0.004166099,0.00017684783,u,0.78101474,0,1
0712_row_00028390,o,09繁昌,04新港,02胡民保,3,4,u,0.35105684,0.17640106,0.03025968,0.19588007,0.055553865,0.35105684,0.13068238,0.00346536,0.046329506,0.010371255,u,0.35105684,0,1
0712_row_00028391,o,09繁昌,04新港,02胡民保,3,3,o,0.9881566,0.0053844093,0.001222043,0.00022375124,0.9881566,6.6956e-05,0.0048637167,3.2829603e-06,4.5864625e-05,3.3360066e-05,o,0.9881566,0,1
0712_row_00028392,o,09繁昌,04新港,02胡民保,3,3,o,0.9909827,0.0026807052,0.00096226274,0.000275874,0.9909827,9.3480216e-05,0.004831276,7.2227613e-06,6.5474844e-05,0.00010099662,o,0.9909827,0,1
0712_row_00028393,o,09繁昌,04新港,02胡民保,3,3,o,0.67981637,0.040000867,0.10607563,0.0065242294,0.67981637,0.0019211745,0.1608498,0.00016193013,0.0014707289,0.003179275,o,0.67981637,0,1
0712_row_00028394,o,09繁昌,04新港,02胡民保,3,1,e,0.3094474,0.024955856,0.3094474,0.23365858,0.043966,0.14170645,0.20779854,0.0104219755,0.022220215,0.0058249542,e,0.3094474,0,1
0712_row_00028395,o,09繁昌,04新港,02胡民保,3,3,o,0.9073887,0.00024756344,0.00018291143,0.0015320071,0.9073887,0.00013796678,0.09048592,1.1197308e-06,2.2524264e-05,1.316059e-06,o,0.9073887,0,1
0712_row_00028396,o,09繁昌,04新港,02胡民保,3,3,o,0.9826111,0.008163938,0.001915161,0.00047744307,0.9826111,0.004429697,0.0022355581,5.4018226e-05,8.3027604e-05,3.0075278e-05,o,0.9826111,0,1
0712_row_00028397,o,09繁昌,04新港,02胡民保,3,3,o,0.9876935,0.00021106549,0.00017688323,4.3915694e-05,0.9876935,1.4109213e-05,0.011844327,4.5677552e-07,1.2639689e-05,3.1708198e-06,o,0.9876935,0,1
0712_row_00028398,o,09繁昌,04新港,02胡民保,3,3,o,0.94457394,0.00027658633,0.0001695251,0.00020489369,0.94457394,1.0401619e-05,0.05467077,6.257611e-07,8.015163e-05,1.3055876e-05,o,0.94457394,0,1
0712_row_00028399,o,09繁昌,04新港,02胡民保,3,3,o,0.8196906,0.00018258025,0.0005001289,0.00013606217,0.8196906,2.4860827e-05,0.17940573,4.4868878e-07,4.575415e-05,1.3852316e-05,o,0.8196906,0,1
0712_row_00028400,o,09繁昌,04新港,02胡民保,3,3,o,0.9957724,9.637551e-05,2.9496148e-05,3.4894012e-05,0.9957724,7.209004e-06,0.0040519787,3.3691504e-07,6.5214754e-06,7.848951e-07,o,0.9957724,0,1
0712_row_00028401,o,09繁昌,04新港,02胡民保,3,3,o,0.9405926,0.00022327004,0.00031268277,0.00012474513,0.9405926,1.4522093e-05,0.058696087,3.5390957e-07,2.43187e-05,1.1536756e-05,o,0.9405926,0,1
0712_row_00028402,a,09繁昌,04新港,02胡民保,0,0,a,0.9908433,0.9908433,6.8829555e-05,0.00043858093,6.862218e-05,0.00020051902,1.1895551e-06,9.7717624e-05,0.008191048,9.028116e-05,a,0.9908433,0,1
0712_row_00028403,a,09繁昌,04新港,02胡民保,0,0,a,0.9922174,0.9922174,0.00011316693,3.4101522e-05,1.7147093e-05,0.00025025138,5.965716e-08,4.9594144e-07,0.00729123,7.607688e-05,a,0.9922174,0,1
0712_row_00028404,a,09繁昌,04新港,02胡民保,0,0,a,0.7036051,0.7036051,0.0006197588,0.011106996,0.0013956386,0.003831411,0.06455417,1.4298994e-05,0.20743647,0.0074361446,a,0.7036051,0,1
0712_row_00028405,a,09繁昌,04新港,02胡民保,0,0,a,0.84931517,0.84931517,0.0013293381,0.024685951,4.3264783e-05,0.0006693888,6.443244e-05,1.1458894e-06,0.010046775,0.1138445,a,0.84931517,0,1
0712_row_00028406,a,09繁昌,04新港,02胡民保,0,0,a,0.9960968,0.9960968,0.00022486615,0.0015751012,0.000294033,0.0010508563,1.7849792e-06,9.870747e-06,0.0004557224,0.0002909085,a,0.9960968,0,1
0712_row_00028407,a,09繁昌,04新港,02胡民保,0,8,ɛ,0.70705444,0.28844616,0.0005372499,0.00047471377,1.05762365e-05,3.6010937e-05,9.128854e-05,1.681977e-07,0.0033493876,0.70705444,ɛ,0.70705444,0,1
0712_row_00028408,a,09繁昌,04新港,02胡民保,0,0,a,0.9240918,0.9240918,0.00078296993,0.0142039,5.580759e-05,0.00042064782,1.9504796e-05,1.5526462e-06,0.008523237,0.051900517,a,0.9240918,0,1
0712_row_00028409,a,09繁昌,04新港,02胡民保,0,0,a,0.6406324,0.6406324,0.0023284093,0.1377257,0.0002805526,0.0076525547,0.00025936036,0.00023051439,0.018888693,0.19200175,a,0.6406324,0,1
0712_row_00028410,a,09繁昌,04新港,02胡民保,0,0,a,0.9214934,0.9214934,0.0018537057,0.029733732,0.00015444226,0.0012690416,0.0020939794,1.4421633e-05,0.014361082,0.029026167,a,0.9214934,0,1
0712_row_00028411,a,09繁昌,04新港,02胡民保,0,5,y,0.81739765,0.03010352,0.0035188454,0.076831535,0.01219527,0.020597134,0.81739765,0.00012558968,0.03675704,0.002473418,y,0.81739765,0,1
0712_row_00028412,a,09繁昌,04新港,02胡民保,0,8,ɛ,0.6138768,0.3312617,0.0070233904,0.004400125,0.00030172532,9.8859724e-05,0.001049564,7.97578e-05,0.041908145,0.6138768,ɛ,0.6138768,0,1
0712_row_00028413,i,09繁昌,04新港,02胡民保,2,2,i,0.76241505,0.09285288,0.014777855,0.76241505,0.0011093712,0.09412879,0.0075084865,0.00030363988,0.026463216,0.00044070627,i,0.76241505,0,1
0712_row_00028414,a,09繁昌,04新港,02胡民保,0,0,a,0.98910123,0.98910123,5.6547975e-05,0.0039471225,1.840498e-05,2.2106902e-05,1.0926557e-05,4.9142244e-07,0.005132691,0.0017105732,a,0.98910123,0,1
0712_row_00028415,a,09繁昌,04新港,02胡民保,0,7,ə,0.863082,0.08250136,0.0016317092,0.0010531174,0.00012265405,7.417298e-05,0.004848581,1.8452445e-05,0.863082,0.04666806,ə,0.863082,0,1
0712_row_00028416,a,09繁昌,04新港,02胡民保,0,0,a,0.39835995,0.39835995,0.0016598236,0.16644843,0.000793294,0.00078363664,0.057989415,6.3492516e-05,0.36663297,0.007269033,a,0.39835995,0,1
0712_row_00028417,a,09繁昌,04新港,02胡民保,0,7,ə,0.50425154,0.38871154,0.0010685603,0.043276362,0.00019597185,0.00039504902,0.052631754,2.0400938e-05,0.50425154,0.009448812,ə,0.50425154,0,1
0712_row_00028418,ə,09繁昌,04新港,02胡民保,7,1,e,0.71742797,0.09202311,0.71742797,0.09314244,0.0013170198,0.016925845,0.05309909,5.4058164e-05,0.022615485,0.0033949255,e,0.71742797,0,1
0712_row_00028419,i,09繁昌,04新港,02胡民保,2,8,ɛ,0.4972225,0.047111083,0.057946328,0.2459867,0.0002571463,0.00020322595,0.014907008,0.00026243483,0.13610354,0.4972225,ɛ,0.4972225,0,1
0712_row_00028420,a,09繁昌,04新港,02胡民保,0,2,i,0.6034624,0.057332393,0.0027761343,0.6034624,0.007824994,0.0025673648,0.31376022,2.1892673e-05,0.012027486,0.00022718872,i,0.6034624,0,1
0712_row_00028421,i,09繁昌,04新港,02胡民保,2,2,i,0.4646043,0.07461747,0.45188963,0.4646043,8.6413704e-05,0.0008529088,0.0037913695,5.5224523e-06,0.0008769031,0.0032754557,i,0.4646043,0,1
0712_row_00028422,i,09繁昌,04新港,02胡民保,2,2,i,0.9888649,1.2646294e-05,8.48807e-06,0.9888649,3.3517802e-07,9.073152e-06,0.0034823648,2.698415e-08,0.0076221516,1.09427546e-07,i,0.9888649,0,1
0712_row_00028423,i,09繁昌,04新港,02胡民保,2,2,i,0.8778441,0.0007869731,6.5080356e-05,0.8778441,2.9827628e-05,0.00021188316,0.113163486,3.0100398e-06,0.007524425,0.000371142,i,0.8778441,0,1
0712_row_00028424,y,09繁昌,04新港,02胡民保,5,2,i,0.8276998,2.2108974e-05,1.05771405e-05,0.8276998,2.7237131e-06,0.00034239277,0.1555299,5.770917e-07,0.016382033,9.887952e-06,i,0.8276998,0,1
0712_row_00028425,a,09繁昌,04新港,02胡民保,0,7,ə,0.9031981,0.07779879,0.0022249585,7.340469e-05,0.0016381615,0.015024208,3.0728384e-05,3.8556423e-06,0.9031981,7.76194e-06,ə,0.9031981,0,1
0712_row_00028426,i,09繁昌,04新港,02胡民保,2,5,y,0.39525536,8.510388e-05,5.752039e-05,0.3701853,7.634077e-05,7.851353e-05,0.39525536,2.6850048e-06,0.23424125,1.7969192e-05,y,0.39525536,0,1
0712_row_00028427,i,09繁昌,04新港,02胡民保,2,2,i,0.7123325,0.014120064,0.009660876,0.7123325,0.00029683884,0.0012530918,0.1409697,0.00022612113,0.018619621,0.1025212,i,0.7123325,0,1
0712_row_00028428,a,09繁昌,04新港,02胡民保,0,0,a,0.7910131,0.7910131,0.00020488027,0.20506677,2.5764473e-05,0.0004557254,5.2343808e-06,1.3177887e-06,0.001142087,0.0020850687,a,0.7910131,0,1
0712_row_00028429,a,09繁昌,04新港,02胡民保,0,0,a,0.9910993,0.9910993,0.00039961774,0.0029624177,2.9638022e-05,0.0017757013,1.5304399e-06,6.6721304e-07,0.0030423375,0.00068897393,a,0.9910993,0,1
0712_row_00028430,a,09繁昌,04新港,02胡民保,0,0,a,0.99653864,0.99653864,5.935544e-05,0.00016354013,3.0459938e-05,0.00012901172,5.684883e-07,6.4259402e-06,0.0029573566,0.0001146766,a,0.99653864,0,1
0712_row_00028431,a,09繁昌,04新港,02胡民保,0,0,a,0.9957625,0.9957625,0.00011758062,7.759237e-05,5.492762e-06,0.0006805761,1.1071815e-07,1.7790286e-07,0.0032423509,0.00011368081,a,0.9957625,0,1
0712_row_00028432,a,09繁昌,04新港,02胡民保,0,0,a,0.6881395,0.6881395,0.00053792004,0.011821749,0.0003392071,0.0024001768,0.029639192,1.17903855e-05,0.25497857,0.012131906,a,0.6881395,0,1
0712_row_00028433,a,09繁昌,04新港,02胡民保,0,0,a,0.4099815,0.4099815,0.023000464,0.15135528,0.0034557893,0.14933082,0.14672917,0.00043418314,0.11161163,0.0041011367,a,0.4099815,0,1
0712_row_00028434,a,09繁昌,04新港,02胡民保,0,0,a,0.56271374,0.56271374,0.006708449,0.00044365367,3.100531e-05,0.00013658947,1.2603179e-05,5.5135007e-07,0.005143335,0.42481008,a,0.56271374,0,1
0712_row_00028435,a,09繁昌,04新港,02胡民保,0,2,i,0.6550885,0.3433402,0.0001265192,0.6550885,0.00013867243,0.00054137496,2.031071e-05,3.065373e-05,0.00046298926,0.0002506583,i,0.6550885,0,1
0712_row_00028436,a,09繁昌,04新港,02胡民保,0,0,a,0.9932921,0.9932921,0.00035157692,0.000118223696,0.0024389047,0.0011269962,6.889702e-07,0.0016783815,0.0009832099,9.830965e-06,a,0.9932921,0,1
0712_row_00028437,a,09繁昌,04新港,02胡民保,0,0,a,0.9517169,0.9517169,0.0006105576,0.0009989337,6.206727e-05,0.0011695381,1.0809915e-05,2.6551438e-06,0.012208317,0.033220217,a,0.9517169,0,1
0712_row_00028438,a,09繁昌,04新港,02胡民保,0,0,a,0.98865324,0.98865324,6.3837964e-05,0.0056144097,9.760909e-05,4.5763252e-05,1.4692732e-05,3.1762252e-07,0.0011753323,0.0043349084,a,0.98865324,0,1
0712_row_00028439,a,09繁昌,04新港,02胡民保,0,0,a,0.9965778,0.9965778,7.1888964e-05,0.0006363346,0.00018757785,0.00037028996,7.8730025e-08,0.0017905941,0.0003568329,8.725381e-06,a,0.9965778,0,1
0712_row_00028440,a,09繁昌,04新港,02胡民保,0,0,a,0.88362277,0.88362277,0.002949662,0.00081099314,0.0005051477,0.0012949064,2.2801687e-05,0.0009000157,0.06950927,0.040384516,a,0.88362277,0,1
0712_row_00028441,a,09繁昌,04新港,02胡民保,0,7,ə,0.40365434,0.35066327,0.0021101902,0.16666803,0.0010251652,0.00066636247,0.07044269,5.259686e-05,0.40365434,0.0047173835,ə,0.40365434,0,1
0712_row_00028442,i,09繁昌,04新港,02胡民保,2,5,y,0.43107316,0.047442146,0.0032579023,0.27244338,0.0005161039,0.15930915,0.43107316,0.00011392563,0.08556388,0.0002804312,y,0.43107316,0,1
0712_row_00028443,i,09繁昌,04新港,02胡民保,2,5,y,0.70732695,0.02707392,0.008430234,0.17020994,0.008239477,0.0081916135,0.70732695,0.00011874405,0.069746576,0.00066258607,y,0.70732695,0,1
0712_row_00028444,i,09繁昌,04新港,02胡民保,2,2,i,0.99566936,0.0006368966,0.002489343,0.99566936,0.0002401416,5.3044554e-05,0.0005325877,3.8111525e-06,0.00037344184,1.3453275e-06,i,0.99566936,0,1
0712_row_00028445,i,09繁昌,04新港,02胡民保,2,0,a,0.67844296,0.67844296,0.017129073,0.0018652814,0.0018936318,0.016435886,0.00017090065,0.000114956645,0.2772196,0.006727618,a,0.67844296,0,1
0712_row_00028446,a,09繁昌,04新港,02胡民保,0,7,ə,0.81297565,0.06141223,0.07486205,0.0018127538,0.0013231306,0.04667229,0.00054412,0.00010291961,0.81297565,0.00029487425,ə,0.81297565,0,1
0712_row_00028447,a,09繁昌,04新港,02胡民保,0,0,a,0.79559326,0.79559326,0.003718712,0.0747152,0.0012154456,0.090602845,0.0014726563,6.6250126e-05,0.018965809,0.013649725,a,0.79559326,0,1
0712_row_00028448,e,09繁昌,04新港,02胡民保,1,0,a,0.31860277,0.31860277,0.19404607,0.15256329,0.0011425986,0.04925592,0.056138486,0.00056497176,0.02889634,0.1987895,a,0.31860277,0,1
0712_row_00028449,ə,09繁昌,04新港,02胡民保,7,8,ɛ,0.5983393,0.28666452,0.025454797,0.011449692,0.0018846721,0.0017900056,0.003595036,0.00080276164,0.070019245,0.5983393,ɛ,0.5983393,0,1
0712_row_00028450,i,09繁昌,04新港,02胡民保,2,2,i,0.9898241,0.0003773867,0.003444837,0.9898241,0.000115933464,2.6878392e-05,0.005495856,6.852832e-07,0.00070895714,5.3467597e-06,i,0.9898241,0,1
0712_row_00028451,e,09繁昌,04新港,02胡民保,1,2,i,0.6084723,0.062262755,0.3143433,0.6084723,0.00017718169,0.0023973826,0.006218067,1.7841056e-05,0.0016797949,0.0044313823,i,0.6084723,0,1
0712_row_00028452,i,09繁昌,04新港,02胡民保,2,2,i,0.89039767,0.025741195,0.030764094,0.89039767,0.002087331,0.00040941476,0.04503116,4.9032362e-05,0.0041810474,0.0013390642,i,0.89039767,0,1
0712_row_00028453,a,09繁昌,04新港,02胡民保,0,3,o,0.7842165,0.18446268,0.0010611571,0.0002572161,0.7842165,0.009320718,0.0001926026,0.00022692943,0.020174654,8.759035e-05,o,0.7842165,0,1
0712_row_00028454,a,09繁昌,04新港,02胡民保,0,3,o,0.7661276,0.23198844,1.0606657e-05,2.3984308e-05,0.7661276,0.0003325869,2.67009e-06,2.8979448e-05,0.0014839161,1.2510594e-06,o,0.7661276,0,1
0712_row_00028455,a,09繁昌,04新港,02胡民保,0,3,o,0.8825981,0.03090986,0.0005156428,0.00021327213,0.8825981,0.039213136,0.0005903699,8.634305e-05,0.04585387,1.9310604e-05,o,0.8825981,0,1
0712_row_00028456,a,09繁昌,04新港,02胡民保,0,4,u,0.58777255,0.18257795,0.005454039,0.06366697,0.026289484,0.58777255,0.094827995,0.0009830873,0.028023086,0.01040478,u,0.58777255,0,1
0712_row_00028457,a,09繁昌,04新港,02胡民保,0,4,u,0.8022591,0.027674519,0.0025957793,0.00283533,0.042645585,0.8022591,0.07728764,0.00021066134,0.043450918,0.0010404091,u,0.8022591,0,1
0712_row_00028458,a,09繁昌,04新港,02胡民保,0,0,a,0.9951031,0.9951031,0.00014197713,4.4066644e-05,0.00037864016,0.00034663826,1.0700759e-06,1.5988384e-05,0.0038523283,0.00011621225,a,0.9951031,0,1
0712_row_00028459,a,09繁昌,04新港,02胡民保,0,0,a,0.9904261,0.9904261,0.0006665815,0.0011144854,0.00012464926,0.0024095783,4.006416e-06,4.7638564e-06,0.0043610907,0.0008886753,a,0.9904261,0,1
0712_row_00028460,a,09繁昌,04新港,02胡民保,0,0,a,0.5880772,0.5880772,0.0030696674,0.0023997093,8.141083e-05,0.0001976999,1.39563e-05,2.4551482e-05,0.0038942362,0.40224153,a,0.5880772,0,1
0712_row_00028461,a,09繁昌,04新港,02胡民保,0,0,a,0.9969995,0.9969995,0.000110695066,4.9103404e-05,0.00023116266,0.0002473992,8.7678046e-07,2.8042266e-06,0.0022682385,9.0206864e-05,a,0.9969995,0,1
0712_row_00028462,a,09繁昌,04新港,02胡民保,0,0,a,0.9683357,0.9683357,0.0005922312,0.00071280275,0.01917011,0.0024172494,2.2162906e-06,0.008676476,8.5425905e-05,7.747286e-06,a,0.9683357,0,1
0712_row_00028463,a,09繁昌,04新港,02胡民保,0,0,a,0.828476,0.828476,9.660994e-05,7.71665e-05,0.16457681,0.0024126102,3.963605e-05,0.000118527336,0.0039395206,0.000263069,a,0.828476,0,1
0712_row_00028464,a,09繁昌,04新港,02胡民保,0,0,a,0.6236467,0.6236467,0.0042932564,0.0032210543,0.011451921,0.15458174,0.0039974293,0.0017688483,0.18427296,0.012766096,a,0.6236467,0,1
0712_row_00028465,a,09繁昌,04新港,02胡民保,0,0,a,0.7749336,0.7749336,0.012350256,0.00052151014,0.06474776,0.017206743,0.0005810403,0.0018886703,0.07607145,0.051698957,a,0.7749336,0,1
0712_row_00028466,a,09繁昌,04新港,02胡民保,0,7,ə,0.28362724,0.20963491,0.007246184,0.0016968522,0.23478456,0.24329193,0.012056023,0.00049541733,0.28362724,0.007166926,ə,0.28362724,0,1
0712_row_00028467,a,09繁昌,04新港,02胡民保,0,0,a,0.7234757,0.7234757,0.00075179077,0.00026398152,0.114370085,0.030251997,0.0004617282,0.00067918503,0.12877312,0.0009724136,a,0.7234757,0,1
0712_row_00028468,u,09繁昌,04新港,02胡民保,4,4,u,0.599427,0.12296224,0.0033191382,0.24199884,0.002347076,0.599427,0.017099617,8.3233295e-05,0.012594226,0.00016864657,u,0.599427,0,1
0712_row_00028469,i,09繁昌,04新港,02胡民保,2,2,i,0.86851037,0.07563946,0.010571902,0.86851037,0.00035815424,0.031743824,0.0019397555,8.506905e-05,0.010907438,0.0002440266,i,0.86851037,0,1
0712_row_00028470,y,09繁昌,04新港,02胡民保,5,1,e,0.7727864,0.055025436,0.7727864,0.044524834,0.0031400216,0.010057291,0.07101347,0.00029726487,0.023602735,0.019552546,e,0.7727864,0,1
0712_row_00028471,y,09繁昌,04新港,02胡民保,5,1,e,0.3857412,0.043593783,0.3857412,0.060461383,0.0037168749,0.0018212359,0.10328925,0.0013115781,0.1504746,0.24959014,e,0.3857412,0,1
0712_row_00028472,a,09繁昌,04新港,02胡民保,0,0,a,0.9805653,0.9805653,0.00017313378,0.00054171914,6.764374e-05,0.00075576815,1.658361e-05,1.6014212e-06,0.017672788,0.00020551361,a,0.9805653,0,1
0712_row_00028473,a,09繁昌,04新港,02胡民保,0,0,a,0.99408925,0.99408925,0.00011742625,0.0006324944,0.00015770478,0.0006301949,4.712363e-06,2.5708368e-06,0.004266372,9.9360004e-05,a,0.99408925,0,1
0712_row_00028474,a,09繁昌,04新港,02胡民保,0,0,a,0.989546,0.989546,0.0008264284,9.489734e-05,8.427024e-05,0.004407614,1.3645162e-06,3.3007156e-05,0.004312781,0.0006937203,a,0.989546,0,1
0712_row_00028475,y,09繁昌,04新港,02胡民保,5,5,y,0.70787734,0.0008788986,0.2817059,0.004553532,0.0012022214,3.534632e-05,0.70787734,4.7407634e-06,0.0013531996,0.00238875,y,0.70787734,0,1
0712_row_00028476,e,09繁昌,04新港,02胡民保,1,1,e,0.5433538,0.0010069862,0.5433538,0.00157548,0.0006540282,4.199561e-05,0.4521001,2.2397305e-06,0.00023987271,0.0010254405,e,0.5433538,0,1
0712_row_00028477,e,09繁昌,04新港,02胡民保,1,5,y,0.49903983,0.03479619,0.43292928,0.009777658,0.0016652142,0.011755162,0.49903983,4.1408955e-05,0.0066666533,0.003328584,y,0.49903983,0,1
0712_row_00028478,ə,09繁昌,04新港,02胡民保,7,7,ə,0.8380073,0.000996397,0.00017774568,0.005617676,1.670157e-05,0.00027671902,0.15468843,2.325703e-06,0.8380073,0.00021671344,ə,0.8380073,0,1
0712_row_00028479,ə,09繁昌,04新港,02胡民保,7,7,ə,0.7805608,0.0071513406,0.001229203,0.0059509515,0.0033905576,0.18150975,0.020102702,3.741637e-05,0.7805608,6.72897e-05,ə,0.7805608,0,1
0712_row_00028480,i,09繁昌,04新港,02胡民保,2,2,i,0.9940293,1.3044975e-06,1.1022545e-05,0.9940293,5.64227e-07,1.7034392e-06,0.002330587,8.143974e-09,0.0036254795,5.367647e-08,i,0.9940293,0,1
0712_row_00028481,i,09繁昌,04新港,02胡民保,2,2,i,0.9111872,8.136171e-05,5.311872e-05,0.9111872,4.7020176e-06,8.3872226e-05,0.06816441,8.2294395e-07,0.020309929,0.00011458094,i,0.9111872,0,1
0712_row_00028482,i,09繁昌,04新港,02胡民保,2,2,i,0.7999073,0.00042751827,7.890273e-05,0.7999073,4.104506e-05,0.0011534351,0.18432508,3.494184e-06,0.01388669,0.0001764827,i,0.7999073,0,1
0712_row_00028483,i,09繁昌,04新港,02胡民保,2,5,y,0.7587258,4.5430017e-05,0.00056670315,0.23085299,0.00038207966,0.000658294,0.7587258,3.150513e-06,0.008757993,7.51069e-06,y,0.7587258,0,1
0712_row_00028484,i,09繁昌,04新港,02胡民保,2,5,y,0.5265021,0.0019737538,0.057892174,0.3947815,0.0023236375,0.0016003523,0.5265021,6.667603e-05,0.012239395,0.0026204158,y,0.5265021,0,1
0712_row_00028485,i,09繁昌,04新港,02胡民保,2,2,i,0.93460166,7.383477e-05,4.2555745e-05,0.93460166,1.17841955e-05,0.00018481656,0.050693955,7.685278e-07,0.014331576,5.895296e-05,i,0.93460166,0,1
0712_row_00028486,i,09繁昌,04新港,02胡民保,2,2,i,0.58670187,0.003738537,0.0010535705,0.58670187,0.000447924,0.049599264,0.17486805,2.0168527e-05,0.18324985,0.0003208213,i,0.58670187,0,1
0712_row_00028487,ə,09繁昌,04新港,02胡民保,7,7,ə,0.5816529,5.0296392e-05,3.1982927e-05,0.2825573,1.0653871e-06,0.00019058207,0.13551529,4.2320016e-07,0.5816529,2.0615748e-07,ə,0.5816529,0,1
0712_row_00028488,ə,09繁昌,04新港,02胡民保,7,7,ə,0.9173429,0.00017156453,2.3630619e-05,0.07182105,5.4569e-05,0.00038846536,0.010194929,2.646515e-06,0.9173429,3.0698632e-07,ə,0.9173429,0,1
0712_row_00028489,u,09繁昌,04新港,02胡民保,4,7,ə,0.68283975,0.0030486453,8.5125714e-05,0.00031511617,0.008345839,0.30087602,0.0044592866,2.9194205e-05,0.68283975,9.3144166e-07,ə,0.68283975,0,1
0712_row_00028490,u,09繁昌,04新港,02胡民保,4,7,ə,0.77283174,0.08813449,0.0006770323,0.00013708916,0.00035380386,0.115750775,0.02209397,1.18970665e-05,0.77283174,9.269201e-06,ə,0.77283174,0,1
0712_row_00028491,u,09繁昌,04新港,02胡民保,4,4,u,0.6685804,0.023725972,0.0010632781,0.008199875,0.0019302825,0.6685804,0.0027615274,1.3046764e-05,0.2937134,1.2152215e-05,u,0.6685804,0,1
0712_row_00028493,u,09繁昌,04新港,02胡民保,4,4,u,0.52184516,0.0017669793,0.0001521569,0.015911914,0.00020878483,0.52184516,0.36140677,4.5478628e-06,0.09869863,5.0319422e-06,u,0.52184516,0,1
0712_row_00028494,y,09繁昌,04新港,02胡民保,5,5,y,0.9852116,0.0005016834,6.803903e-05,0.004499697,6.140536e-06,0.003527199,0.9852116,1.974872e-07,0.006184199,1.2618797e-06,y,0.9852116,0,1
0712_row_00028496,ə,09繁昌,04新港,02胡民保,7,7,ə,0.67143273,0.006517509,5.3628977e-05,0.0016161964,0.0004508551,0.2990547,0.020866683,5.91136e-06,0.67143273,1.7765211e-06,ə,0.67143273,0,1
0712_row_00028497,ə,09繁昌,04新港,02胡民保,7,7,ə,0.90693927,0.00067449315,1.9240586e-05,0.029314112,6.6242596e-06,0.00079844944,0.06224668,5.5821005e-07,0.90693927,5.677553e-07,ə,0.90693927,0,1
0712_row_00028498,y,09繁昌,04新港,02胡民保,5,5,y,0.997609,1.9936466e-05,0.0003309516,0.00013355135,2.3983703e-05,0.0009822412,0.997609,6.132018e-08,0.000900074,1.3190802e-07,y,0.997609,0,1
0712_row_00028499,y,09繁昌,04新港,02胡民保,5,5,y,0.9831355,2.7964509e-06,3.4194305e-05,0.0025874616,1.5264937e-05,2.2796181e-05,0.9831355,6.113716e-08,0.014201417,4.190968e-07,y,0.9831355,0,1
0712_row_00028500,a,09繁昌,04新港,02胡民保,0,0,a,0.5321817,0.5321817,0.00046215623,0.00024563936,0.43371016,0.02142099,0.00015493948,0.010504492,0.0013158615,4.105787e-06,a,0.5321817,0,1
0712_row_00028501,o,09繁昌,04新港,02胡民保,3,3,o,0.6699489,0.2877054,0.0001278513,0.00019771275,0.6699489,0.037456192,0.00048578117,0.003615039,0.0004620844,1.0958502e-06,o,0.6699489,0,1
0712_row_00028502,o,09繁昌,04新港,02胡民保,3,3,o,0.61273026,0.125436,0.1956249,0.022004517,0.61273026,0.021040447,0.01703227,0.0008952344,0.003737411,0.0014989931,o,0.61273026,0,1
0712_row_00028503,o,09繁昌,04新港,02胡民保,3,7,ə,0.75654376,0.021236757,0.04111667,5.2750725e-05,0.17261115,0.0056929486,0.00016566104,0.0023152619,0.75654376,0.00026506337,ə,0.75654376,0,1
0712_row_00028504,o,09繁昌,04新港,02胡民保,3,3,o,0.9713274,0.006429993,0.0014641967,0.0032403711,0.9713274,2.0313888e-05,0.016609998,1.776604e-05,0.00063703605,0.0002528706,o,0.9713274,0,1
0712_row_00028505,a,09繁昌,04新港,02胡民保,0,0,a,0.991165,0.991165,0.00037358917,0.0010349216,0.00028597334,0.004148337,5.2372147e-06,2.2911217e-05,0.0020796254,0.0008844247,a,0.991165,0,1
0712_row_00028506,a,09繁昌,04新港,02胡民保,0,0,a,0.9926899,0.9926899,0.00027349798,0.00054478,0.00054357655,0.0019124235,1.2402606e-05,1.7374057e-05,0.0035538452,0.000452138,a,0.9926899,0,1
0712_row_00028507,ə,09繁昌,04新港,02胡民保,7,1,e,0.40536094,0.21373503,0.40536094,0.0033144155,0.08421896,0.13000433,0.03264765,0.0019294077,0.11221436,0.016574977,e,0.40536094,0,1
0712_row_00028508,ə,09繁昌,04新港,02胡民保,7,3,o,0.622647,0.06344058,0.108463764,0.008245251,0.622647,0.002951598,0.01829378,0.005749513,0.15624104,0.013967542,o,0.622647,0,1
0712_row_00028509,a,09繁昌,04新港,02胡民保,0,0,a,0.96719646,0.96719646,0.00038876053,0.0040053884,0.022479655,0.005125995,1.1670916e-05,0.0004199737,0.00035790176,1.4222988e-05,a,0.96719646,0,1
0712_row_00028510,a,09繁昌,04新港,02胡民保,0,0,a,0.9904903,0.9904903,0.00045166543,0.0001290284,5.5376313e-05,0.002421226,1.662349e-06,1.2665988e-06,0.006251461,0.00019804978,a,0.9904903,0,1
0712_row_00028511,a,09繁昌,04新港,02胡民保,0,0,a,0.9701737,0.9701737,0.0002374018,0.023930198,8.554945e-05,0.0027030297,1.0075186e-05,2.9889177e-06,0.0024555179,0.00040156246,a,0.9701737,0,1
0712_row_00028512,a,09繁昌,04新港,02胡民保,0,0,a,0.98893493,0.98893493,0.00020191516,0.00072983664,1.5438607e-05,0.0022570905,3.539901e-06,7.0867054e-07,0.0076115807,0.00024482672,a,0.98893493,0,1
0712_row_00028513,a,09繁昌,04新港,02胡民保,0,0,a,0.8592209,0.8592209,0.0010772948,0.119029485,0.0014664194,0.015698701,0.00011363911,3.70309e-05,0.0017649034,0.0015915988,a,0.8592209,0,1
0712_row_00028514,a,09繁昌,04新港,02胡民保,0,0,a,0.9831728,0.9831728,0.0004772315,0.006376925,6.150965e-05,0.005337501,3.0287792e-05,1.0546846e-06,0.0037482255,0.0007944,a,0.9831728,0,1
0712_row_00028515,a,09繁昌,04新港,02胡民保,0,0,a,0.9050327,0.9050327,0.0025153826,0.054772165,6.751337e-05,0.0022041267,0.0027866801,2.3021594e-06,0.0113880215,0.021231031,a,0.9050327,0,1
0712_row_00028516,a,09繁昌,04新港,02胡民保,0,0,a,0.94612753,0.94612753,0.00010963417,0.00811599,3.1970027e-05,6.130876e-05,6.6698294e-06,2.0802557e-07,0.0012235242,0.04432313,a,0.94612753,0,1
0712_row_00028517,a,09繁昌,04新港,02胡民保,0,2,i,0.5301663,0.37596017,0.002411062,0.5301663,0.0002539922,0.050492305,0.020399557,2.7315305e-05,0.017496478,0.0027927242,i,0.5301663,0,1
0712_row_00028518,e,09繁昌,04新港,02胡民保,1,1,e,0.66331017,0.020184703,0.66331017,0.21950115,0.0034100919,0.007962421,0.048434783,9.850451e-05,0.029172178,0.007925987,e,0.66331017,0,1
0712_row_00028519,o,09繁昌,04新港,02胡民保,3,3,o,0.8570305,0.1221069,0.009287784,0.0018360863,0.8570305,0.003053813,0.003436675,0.00097198907,0.0022321164,4.40667e-05,o,0.8570305,0,1
0712_row_00028520,e,09繁昌,04新港,02胡民保,1,0,a,0.49962655,0.49962655,0.46441075,0.029309327,0.0005223128,0.002289744,0.0004851539,2.0026202e-05,0.0016713501,0.0016648015,a,0.49962655,0,1
0712_row_00028521,e,09繁昌,04新港,02胡民保,1,2,i,0.7273177,0.22200231,0.047679603,0.7273177,0.000332393,0.0014501379,0.00037042203,2.8297816e-05,0.00032201674,0.00049710413,i,0.7273177,0,1
0712_row_00028522,e,09繁昌,04新港,02胡民保,1,2,i,0.335936,0.33221856,0.32299644,0.335936,0.00022392892,0.004444974,0.00043481868,7.798238e-06,0.00046978315,0.0032676936,i,0.335936,0,1
0712_row_00028523,e,09繁昌,04新港,02胡民保,1,0,a,0.6124405,0.6124405,0.06463494,0.00042456936,0.005678738,0.014844008,0.00010378733,0.005738611,0.2937585,0.0023762933,a,0.6124405,0,1
0712_row_00028524,e,09繁昌,04新港,02胡民保,1,1,e,0.4708215,0.20217633,0.4708215,0.2153819,0.014015198,0.018655488,0.037556447,0.0007652798,0.017823791,0.022804044,e,0.4708215,0,1
0712_row_00028525,ə,09繁昌,04新港,02胡民保,7,7,ə,0.39195368,0.010785833,0.0003576221,0.16953643,0.0003621383,0.14523415,0.2817002,9.982343e-06,0.39195368,6.0063026e-05,ə,0.39195368,0,1
0712_row_00028526,e,09繁昌,04新港,02胡民保,1,1,e,0.9371913,0.024701755,0.9371913,0.0013636377,0.00064871914,0.0022232004,6.711966e-05,3.7212005e-05,0.03368094,8.608773e-05,e,0.9371913,0,1
0712_row_00028528,a,09繁昌,04新港,02胡民保,0,0,a,0.9953767,0.9953767,0.00013649398,0.00020979405,2.2935292e-05,5.3983047e-05,6.3367835e-08,1.4738762e-05,0.0011422879,0.0030429445,a,0.9953767,0,1
0712_row_00028529,ə,09繁昌,04新港,02胡民保,7,7,ə,0.8777215,0.09836672,0.0012958738,5.5035205e-05,0.0009965868,0.021504566,4.845491e-05,2.7715655e-06,0.8777215,8.477376e-06,ə,0.8777215,0,1
0712_row_00028530,ə,09繁昌,04新港,02胡民保,7,7,ə,0.93506217,0.031749193,0.0003576288,0.00023226984,0.0015337773,0.030723752,0.00033003764,3.828675e-06,0.93506217,7.388527e-06,ə,0.93506217,0,1
0712_row_00028531,a,09繁昌,04新港,02胡民保,0,0,a,0.89908165,0.89908165,0.057892807,0.030416705,0.00063081505,0.00965025,0.00011225259,2.8968603e-05,0.0012426757,0.0009438698,a,0.89908165,0,1
0712_row_00028532,a,09繁昌,04新港,02胡民保,0,0,a,0.6620623,0.6620623,0.27229646,0.023119595,0.00023528283,0.011954764,0.00023134924,1.78732e-05,0.003011418,0.027071003,a,0.6620623,0,1
0712_row_00028533,e,09繁昌,04新港,02胡民保,1,1,e,0.60695356,0.00869361,0.60695356,7.436772e-06,0.0008481572,0.0003789571,5.5401338e-06,6.253525e-05,0.3830331,1.7081387e-05,e,0.60695356,0,1
0712_row_00028534,i,09繁昌,04新港,02胡民保,2,2,i,0.9914615,8.244067e-07,3.5795467e-06,0.9914615,3.4238474e-07,1.8637029e-06,0.0024447,1.04923705e-08,0.006087142,2.1180906e-08,i,0.9914615,0,1
0712_row_00028535,i,09繁昌,04新港,02胡民保,2,2,i,0.9851253,1.8884509e-06,8.6920045e-06,0.9851253,1.1989331e-06,3.3188292e-06,0.0055023036,2.3871936e-08,0.009357167,9.62698e-08,i,0.9851253,0,1
0712_row_00028536,i,09繁昌,04新港,02胡民保,2,2,i,0.99731976,2.7022015e-06,7.973639e-06,0.99731976,1.5604578e-06,1.361388e-06,0.0004425497,2.8517288e-08,0.0022241445,2.9134094e-08,i,0.99731976,0,1
0712_row_00028537,ə,09繁昌,04新港,02胡民保,7,5,y,0.6069205,0.0029867871,0.00043259436,0.017337851,6.235284e-05,0.00043653557,0.6069205,4.920645e-06,0.371464,0.00035437633,y,0.6069205,0,1
0712_row_00028538,ə,09繁昌,04新港,02胡民保,7,4,u,0.40092373,0.0047694054,7.001648e-05,0.092153706,0.0001955442,0.40092373,0.36462528,6.1025416e-06,0.13724194,1.4291911e-05,u,0.40092373,0,1
0712_row_00028539,i,09繁昌,04新港,02胡民保,2,2,i,0.7964831,0.00013294298,5.177587e-05,0.7964831,2.211436e-06,3.556417e-05,0.04648043,3.2264316e-07,0.15680481,8.832417e-06,i,0.7964831,0,1
0712_row_00028540,i,09繁昌,04新港,02胡民保,2,2,i,0.50378877,4.92394e-05,6.0103514e-05,0.50378877,1.0311744e-05,0.0013292339,0.24491924,9.989867e-07,0.24983464,7.4610552e-06,i,0.50378877,0,1
0712_row_00028541,ə,09繁昌,04新港,02胡民保,7,2,i,0.49829566,0.007968336,0.0018003907,0.49829566,0.00021910679,0.025151437,0.030166127,2.7473552e-05,0.43630603,6.536743e-05,i,0.49829566,0,1
0712_row_00028542,i,09繁昌,04新港,02胡民保,2,2,i,0.995503,1.290552e-05,2.5614096e-05,0.995503,1.3082006e-06,2.922429e-06,0.0014705621,1.7719223e-08,0.002983453,1.7939868e-07,i,0.995503,0,1
0712_row_00028543,ə,09繁昌,04新港,02胡民保,7,7,ə,0.98595583,0.00048749408,4.455466e-05,0.00013287351,0.00010106652,0.0112867765,0.0019891048,2.1115643e-06,0.98595583,1.2634695e-07,ə,0.98595583,0,1
0712_row_00028544,ə,09繁昌,04新港,02胡民保,7,7,ə,0.9963245,5.4829863e-05,3.574865e-06,0.0005293193,2.3971197e-05,2.1386786e-07,0.0029793982,6.36869e-07,0.9963245,8.350834e-05,ə,0.9963245,0,1
0712_row_00028545,o,09繁昌,04新港,02胡民保,3,3,o,0.9984251,0.00011555101,8.5271466e-07,9.57873e-07,0.9984251,6.3407824e-06,6.4912925e-08,3.6501854e-06,0.0014474676,2.4674234e-08,o,0.9984251,0,1
0712_row_00028546,o,09繁昌,04新港,02胡民保,3,3,o,0.98650473,0.0066861706,1.4304123e-05,0.000109918496,0.98650473,0.00019465252,5.244695e-07,2.7375703e-05,0.006462077,2.4850738e-07,o,0.98650473,0,1
0712_row_00028547,o,09繁昌,04新港,02胡民保,3,3,o,0.9969591,0.0017074666,3.626408e-06,1.7774859e-05,0.9969591,1.6469185e-05,2.6243592e-07,7.26518e-05,0.0012224471,2.0074127e-07,o,0.9969591,0,1
0712_row_00028549,o,09繁昌,04新港,02胡民保,3,3,o,0.9899138,0.0014290903,1.8650693e-05,4.8946884e-05,0.9899138,0.0035464088,3.6637743e-05,1.1448968e-05,0.0049937414,1.2816935e-06,o,0.9899138,0,1
0712_row_00028550,o,09繁昌,04新港,02胡民保,3,3,o,0.9993814,5.61842e-06,2.2152722e-07,5.1176053e-06,0.9993814,5.2192205e-05,3.3056622e-06,7.775447e-08,0.0005519024,1.9066187e-08,o,0.9993814,0,1
0712_row_00028551,o,09繁昌,04新港,02胡民保,3,3,o,0.8925532,0.0002093584,2.3118446e-05,0.00023422066,0.8925532,0.027446656,0.0002960959,4.4004435e-05,0.07919186,1.5062718e-06,o,0.8925532,0,1
0712_row_00028552,u,09繁昌,04新港,02胡民保,4,3,o,0.6350906,0.1297148,0.00062753825,0.00018012404,0.6350906,0.2220912,0.008819189,0.0013833795,0.0020808245,1.2339356e-05,o,0.6350906,0,1
0712_row_00028553,o,09繁昌,04新港,02胡民保,3,3,o,0.9992847,0.00016153688,1.2734312e-06,1.6714434e-06,0.9992847,9.700146e-06,5.268876e-08,6.562567e-07,0.0005405078,1.4686386e-08,o,0.9992847,0,1
0712_row_00028554,o,09繁昌,04新港,02胡民保,3,3,o,0.8094592,0.052682437,0.00047158293,5.6054273e-06,0.8094592,0.002369314,2.1673468e-06,7.9276935e-05,0.1349286,1.7633398e-06,o,0.8094592,0,1
0712_row_00028555,u,09繁昌,04新港,02胡民保,4,4,u,0.7431432,0.049821083,0.0021567629,0.00031052687,0.025758957,0.7431432,0.16515428,0.00033981723,0.012558051,0.00075730286,u,0.7431432,0,1
0712_row_00028556,o,09繁昌,04新港,02胡民保,3,3,o,0.4517716,0.010557085,0.0039185104,0.035325352,0.4517716,0.00022360869,0.3638482,0.00021552724,0.12715271,0.006987369,o,0.4517716,0,1
0712_row_00028557,y,09繁昌,04新港,02胡民保,5,5,y,0.8629369,0.0014040704,0.10772158,0.0053734714,0.015058213,1.9376264e-05,0.8629369,4.5606403e-06,0.0034445473,0.0040373164,y,0.8629369,0,1
0712_row_00028558,o,09繁昌,04新港,02胡民保,3,3,o,0.53797156,0.22750895,0.00044318108,9.715042e-06,0.53797156,0.012853612,8.371912e-06,0.00014560779,0.22105162,7.4060767e-06,o,0.53797156,0,1
0712_row_00028559,o,09繁昌,04新港,02胡民保,3,3,o,0.998014,0.00020273244,6.312669e-07,1.226895e-05,0.998014,4.5231707e-05,1.6568716e-05,6.7053656e-07,0.0017077555,1.6637068e-07,o,0.998014,0,1
0712_row_00028560,a,09繁昌,04新港,02胡民保,0,0,a,0.9482409,0.9482409,0.00046818843,0.011021827,0.00012890615,8.3838924e-05,2.1890396e-06,2.37473e-06,0.00028353362,0.039768152,a,0.9482409,0,1
0712_row_00028561,a,09繁昌,04新港,02胡民保,0,0,a,0.99839276,0.99839276,6.84313e-05,4.1938783e-05,9.162409e-06,0.00010713059,5.7904355e-08,4.4750078e-07,0.0010876328,0.00029236817,a,0.99839276,0,1
0712_row_00028562,a,09繁昌,04新港,02胡民保,0,0,a,0.9969145,0.9969145,0.00016072429,2.5695905e-05,4.8542657e-05,0.00036599016,2.5163405e-07,4.786809e-06,0.0023547183,0.00012484126,a,0.9969145,0,1
0712_row_00028563,a,09繁昌,04新港,02胡民保,0,8,ɛ,0.6577767,0.34177607,6.595292e-05,5.9329126e-05,5.8595297e-06,1.9665806e-06,8.9507967e-07,2.1228589e-08,0.00031322823,0.6577767,ɛ,0.6577767,0,1
0712_row_00028564,ə,09繁昌,04新港,02胡民保,7,0,a,0.67745185,0.67745185,0.0015898453,0.0057471404,6.590065e-05,0.004495847,0.00065647444,2.3559956e-05,0.02313485,0.28683448,a,0.67745185,0,1
0712_row_00028565,ə,09繁昌,04新港,02胡民保,7,0,a,0.51395047,0.51395047,0.07638658,0.06709301,0.004563417,0.2694015,0.0069552423,0.0035875454,0.048503336,0.0095589375,a,0.51395047,0,1
0712_row_00028566,u,09繁昌,04新港,02胡民保,4,4,u,0.30311158,0.2783186,0.0135921715,0.0002388874,0.08018184,0.30311158,0.0034124649,0.019123135,0.3016645,0.0003567767,u,0.30311158,0,1
0712_row_00028567,ə,09繁昌,04新港,02胡民保,7,4,u,0.3105546,0.07043627,0.044329744,0.012536512,0.1664135,0.3105546,0.09815865,0.0011558938,0.2832506,0.0131642325,u,0.3105546,0,1
0712_row_00028568,ɛ,09繁昌,04新港,02胡民保,8,8,ɛ,0.6518424,0.04255122,0.11596335,0.068526335,0.0004643192,0.0003474896,0.106832646,0.00018002681,0.013292205,0.6518424,ɛ,0.6518424,0,1
0712_row_00028569,ɛ,09繁昌,04新港,02胡民保,8,8,ɛ,0.64975995,0.14767385,0.093074016,0.078331515,0.00031119617,0.0006975125,0.019940587,0.00018564526,0.010025729,0.64975995,ɛ,0.64975995,0,1
0712_row_00028570,u,09繁昌,04新港,02胡民保,4,0,a,0.36452538,0.36452538,0.22384411,0.06492977,0.010074889,0.20078857,0.0038417026,0.01546535,0.10339776,0.013132502,a,0.36452538,0,1
0712_row_00028571,a,09繁昌,04新港,02胡民保,0,0,a,0.89299303,0.89299303,0.019334784,0.0005902073,0.003011504,0.06841895,8.345683e-05,6.0040595e-05,0.006623603,0.008884387,a,0.89299303,0,1
0712_row_00028572,i,09繁昌,04新港,02胡民保,2,2,i,0.9944411,8.7732835e-05,0.0015232965,0.9944411,5.869421e-06,0.0008177705,0.002694943,7.5079805e-07,0.000117530915,0.00031098208,i,0.9944411,0,1
0712_row_00028573,a,09繁昌,04新港,02胡民保,0,0,a,0.93548715,0.93548715,0.00020998335,1.8477098e-05,0.013580825,0.0052995286,1.6960608e-06,0.044654544,0.0007441266,3.6717918e-06,a,0.93548715,0,1
0712_row_00028574,a,09繁昌,04新港,02胡民保,0,0,a,0.9444953,0.9444953,0.00016822618,0.0003350248,0.0009620561,0.00019251242,9.348234e-07,0.051148996,0.002636905,5.9995076e-05,a,0.9444953,0,1
0712_row_00028575,o,09繁昌,04新港,02胡民保,3,3,o,0.9991691,0.0002776192,2.2402875e-05,3.4442673e-05,0.9991691,0.00027463198,0.00021349292,7.3397196e-06,9.630812e-07,3.4684696e-08,o,0.9991691,0,1
0712_row_00028576,a,09繁昌,04新港,02胡民保,0,0,a,0.8370348,0.8370348,0.00062392093,0.15354349,0.00073545525,0.0020960134,1.3320396e-05,1.43304405e-05,0.0019383697,0.0040002544,a,0.8370348,0,1
0712_row_00028577,a,09繁昌,04新港,02胡民保,0,0,a,0.9295846,0.9295846,0.0005799325,0.012711612,1.6047105e-05,0.00040410785,6.0114003e-06,6.7873975e-07,0.008877,0.047819916,a,0.9295846,0,1
0712_row_00028578,i,09繁昌,04新港,02胡民保,2,2,i,0.77381355,0.025370482,0.004271748,0.77381355,0.000330471,0.051006064,0.041134413,5.6289366e-05,0.10357314,0.00044383027,i,0.77381355,0,1
0712_row_00028579,a,09繁昌,04新港,02胡民保,0,0,a,0.9869299,0.9869299,0.00013184457,0.00045313148,9.966136e-06,0.0005207559,1.816381e-06,2.4760507e-07,0.009203032,0.0027492647,a,0.9869299,0,1
0712_row_00028580,a,09繁昌,04新港,02胡民保,0,2,i,0.39129838,0.012213582,0.0007994088,0.39129838,0.003964589,0.00020001533,0.27773738,7.239065e-06,0.3136721,0.00010722675,i,0.39129838,0,1
0712_row_00028581,i,09繁昌,04新港,02胡民保,2,2,i,0.5523799,0.14391041,0.2763948,0.5523799,0.00025403875,0.004371412,0.00574227,6.0805378e-05,0.0033644477,0.013521936,i,0.5523799,0,1
0712_row_00028582,i,09繁昌,04新港,02胡民保,2,4,u,0.3063243,0.2620861,0.0054827374,0.24177516,0.0028126496,0.3063243,0.105994925,0.00061852625,0.06753984,0.0073657553,u,0.3063243,0,1
0712_row_00028583,i,09繁昌,04新港,02胡民保,2,2,i,0.89953977,0.035531923,0.0061145425,0.89953977,0.010523949,0.00020399202,0.045480914,9.1917034e-05,0.0019417463,0.00057117396,i,0.89953977,0,1
0712_row_00028584,a,09繁昌,04新港,02胡民保,0,4,u,0.6910334,0.1627444,0.0022914126,0.006344221,0.05492097,0.6910334,0.0074002594,0.0009768306,0.07338952,0.0008989369,u,0.6910334,0,1
0712_row_00028585,u,09繁昌,04新港,02胡民保,4,2,i,0.38301557,0.09933352,0.0037102946,0.38301557,0.0035084272,0.24219725,0.15123434,0.00033995372,0.115697995,0.00096270774,i,0.38301557,0,1
0712_row_00028586,e,09繁昌,04新港,02胡民保,1,1,e,0.7144587,0.015354411,0.7144587,0.00221577,0.00024590464,0.00011472648,0.23614031,1.0552475e-05,0.0026375242,0.028822135,e,0.7144587,0,1
0712_row_00028587,ə,09繁昌,04新港,02胡民保,7,7,ə,0.5375139,0.0058287126,0.0004817079,0.0010180795,0.023055721,0.42934364,0.0027215693,2.591673e-05,0.5375139,1.0760431e-05,ə,0.5375139,0,1
0712_row_00028588,e,09繁昌,04新港,02胡民保,1,0,a,0.6077028,0.6077028,0.3373055,0.00012824422,0.0008502204,0.012665208,0.00037456572,0.00015989259,0.014055541,0.026758073,a,0.6077028,0,1
0712_row_00028589,a,09繁昌,04新港,02胡民保,0,3,o,0.6768978,0.22132747,0.00023137011,0.00026925904,0.6768978,0.0925036,0.00077921496,0.0066136825,0.0013757626,1.8311987e-06,o,0.6768978,0,1
0712_row_00028590,a,09繁昌,04新港,02胡民保,0,0,a,0.97253144,0.97253144,0.0003933343,0.0008482291,6.75851e-05,0.0010336516,2.4146702e-05,5.181123e-07,0.0012397552,0.023861188,a,0.97253144,0,1
0712_row_00028591,o,09繁昌,04新港,02胡民保,3,3,o,0.9990928,7.336038e-06,6.4442384e-07,1.1084627e-06,0.9990928,3.0457313e-06,2.8255527e-06,1.4986753e-07,0.000892049,6.0601295e-08,o,0.9990928,0,1
0712_row_00028592,o,09繁昌,04新港,02胡民保,3,0,a,0.9195968,0.9195968,0.014129451,0.00047384299,0.001284248,0.03557511,7.8516074e-05,0.0007608606,0.015917022,0.012184107,a,0.9195968,0,1
0712_row_00028593,a,09繁昌,04新港,02胡民保,0,0,a,0.9975955,0.9975955,0.00011701888,0.0002074202,6.3745414e-05,0.000135498,9.7300806e-08,8.464225e-06,0.0013878185,0.0004845464,a,0.9975955,0,1
0712_row_00028594,a,09繁昌,04新港,02胡民保,0,0,a,0.6806983,0.6806983,0.11817847,0.0463272,0.00079824496,0.08526954,0.0015378654,0.00016637542,0.0059285494,0.061095554,a,0.6806983,0,1
0712_row_00028595,a,09繁昌,04新港,02胡民保,0,4,u,0.72878385,0.104529046,0.0010482108,0.0028900518,0.111189015,0.72878385,0.0114606945,0.00015667458,0.039782688,0.00015984822,u,0.72878385,0,1
0712_row_00028596,o,09繁昌,04新港,02胡民保,3,3,o,0.8673715,0.124346815,0.00031809532,1.9140549e-05,0.8673715,0.0026982334,8.8539055e-06,0.005164813,7.236517e-05,1.6562362e-07,o,0.8673715,0,1
0712_row_00028597,o,09繁昌,04新港,02胡民保,3,3,o,0.9913458,0.000113137314,7.5723724e-06,1.514e-05,0.9913458,0.0015325401,8.940407e-06,1.0466139e-05,0.0069655497,7.5666514e-07,o,0.9913458,0,1
0712_row_00028598,a,09繁昌,04新港,02胡民保,0,0,a,0.66565186,0.66565186,0.0004266719,0.00054946134,0.00491184,0.0012562791,3.098281e-06,0.32672638,0.00045919704,1.5215017e-05,a,0.66565186,0,1
0712_row_00028599,ɛ,09繁昌,04新港,02胡民保,8,2,i,0.34260106,0.028269447,0.16860153,0.34260106,0.0004612762,0.00019731201,0.05394939,0.00028403543,0.09173499,0.31390098,i,0.34260106,0,1
0712_row_00028600,o,09繁昌,04新港,03胡繁凯,3,3,o,0.9518991,0.040050298,0.00048725586,4.0140494e-05,0.9518991,0.0059264544,3.0243542e-05,0.0012971443,0.0002682463,1.1627827e-06,o,0.9518991,0,1
0712_row_00028601,a,09繁昌,04新港,03胡繁凯,0,0,a,0.8931946,0.8931946,0.002567851,0.00025940535,0.00022336456,0.0013955727,1.5055856e-06,0.00032551307,0.0975696,0.0044625774,a,0.8931946,0,1
0712_row_00028602,o,09繁昌,04新港,03胡繁凯,3,3,o,0.9620517,0.03386456,0.00014456546,2.0965668e-05,0.9620517,0.0014762534,2.8636875e-06,0.0023415028,9.749909e-05,3.0065042e-08,o,0.9620517,0,1
0712_row_00028603,o,09繁昌,04新港,03胡繁凯,3,3,o,0.8442591,0.039640907,0.000121010424,7.300205e-05,0.8442591,0.11254641,0.0027930674,0.00025883474,0.00030648633,1.3048495e-06,o,0.8442591,0,1
0712_row_00028604,o,09繁昌,04新港,03胡繁凯,3,3,o,0.7890035,0.1909527,0.0001333837,8.534636e-05,0.7890035,0.01811706,0.00018018593,0.0012187328,0.00030810107,9.814709e-07,o,0.7890035,0,1
0712_row_00028605,o,09繁昌,04新港,03胡繁凯,3,3,o,0.92781126,0.068699434,0.0011960096,0.000111765854,0.92781126,0.001445624,0.00014329494,0.00043741788,0.00015132695,3.835214e-06,o,0.92781126,0,1
0712_row_00028606,a,09繁昌,04新港,03胡繁凯,0,0,a,0.9982674,0.9982674,8.554739e-05,1.4569228e-05,1.2968771e-05,0.00014920213,3.5454278e-08,1.7919252e-06,0.0013692125,9.920359e-05,a,0.9982674,0,1
0712_row_00028607,a,09繁昌,04新港,03胡繁凯,0,0,a,0.99476707,0.99476707,0.00022776762,0.00014044513,0.0014062412,0.0008081674,3.584012e-06,0.00018005396,0.00245543,1.1207107e-05,a,0.99476707,0,1
0712_row_00028608,a,09繁昌,04新港,03胡繁凯,0,0,a,0.9971449,0.9971449,0.00030674675,5.2180917e-06,0.00045383847,0.0005576836,1.4796757e-07,0.00035513352,0.0011517773,2.4545858e-05,a,0.9971449,0,1
0712_row_00028609,a,09繁昌,04新港,03胡繁凯,0,0,a,0.81577885,0.81577885,0.0022877697,0.0015533927,3.947249e-05,0.0010081899,8.9997175e-06,8.308814e-05,0.058748495,0.12049176,a,0.81577885,0,1
0712_row_00028610,a,09繁昌,04新港,03胡繁凯,0,0,a,0.6726497,0.6726497,0.00042791513,1.965594e-05,1.8911389e-05,1.50076385e-05,3.5473518e-06,2.1358244e-07,0.002385132,0.3244799,a,0.6726497,0,1
0712_row_00028611,a,09繁昌,04新港,03胡繁凯,0,0,a,0.7731203,0.7731203,0.0028053068,0.0025647655,0.0016701483,9.0371046e-05,0.0008012615,2.6621641e-05,0.015006856,0.20391436,a,0.7731203,0,1
0712_row_00028612,a,09繁昌,04新港,03胡繁凯,0,8,ɛ,0.58586663,0.35521767,0.0021797444,0.0005709708,2.3835333e-05,6.194207e-05,0.0001458335,2.7187143e-06,0.05593066,0.58586663,ɛ,0.58586663,0,1
0712_row_00028613,ɛ,09繁昌,04新港,03胡繁凯,8,2,i,0.96914625,0.0047499104,0.0007476593,0.96914625,4.437434e-05,0.0006010854,0.012821739,7.984741e-06,0.0033466837,0.008534312,i,0.96914625,0,1
0712_row_00028614,ɛ,09繁昌,04新港,03胡繁凯,8,2,i,0.9244185,0.00026106878,0.000573533,0.9244185,3.497765e-05,0.0017556454,0.06948642,8.391834e-06,0.0012341817,0.002227244,i,0.9244185,0,1
0712_row_00028616,ɛ,09繁昌,04新港,03胡繁凯,8,2,i,0.9904308,0.00015195779,0.00065441686,0.9904308,6.5777654e-06,0.00072984805,0.007037886,1.1962071e-06,0.00038786102,0.0005994707,i,0.9904308,0,1
0712_row_00028617,ə,09繁昌,04新港,03胡繁凯,7,7,ə,0.32670647,0.08422581,0.0617238,0.25201473,0.009228437,0.24559706,0.010275213,0.005316535,0.32670647,0.0049119317,ə,0.32670647,0,1
0712_row_00028618,ə,09繁昌,04新港,03胡繁凯,7,7,ə,0.24285185,0.2315446,0.15608348,0.11051958,0.010185044,0.16549984,0.026622394,0.011576416,0.24285185,0.04511685,ə,0.24285185,0,1
0712_row_00028619,ə,09繁昌,04新港,03胡繁凯,7,7,ə,0.48664296,0.06017545,0.19243868,0.013480918,0.03584612,0.023691945,0.027526168,0.0028944022,0.48664296,0.15730336,ə,0.48664296,0,1
0712_row_00028620,ə,09繁昌,04新港,03胡繁凯,7,2,i,0.3773924,0.22808747,0.017242473,0.3773924,0.0015186789,0.0011784062,0.012004682,0.00020416877,0.2862277,0.07614399,i,0.3773924,0,1
0712_row_00028621,ɛ,09繁昌,04新港,03胡繁凯,8,2,i,0.99232084,0.00012936378,0.00050398626,0.99232084,1.2704441e-05,0.00026770923,0.0052859187,1.922248e-06,0.0010038345,0.0004738524,i,0.99232084,0,1
0712_row_00028622,ə,09繁昌,04新港,03胡繁凯,7,2,i,0.99497014,0.00010770099,0.0017598664,0.99497014,6.281301e-06,0.00023040698,0.0020768277,4.646997e-07,0.0006718498,0.00017639116,i,0.99497014,0,1
0712_row_00028623,a,09繁昌,04新港,03胡繁凯,0,0,a,0.99524575,0.99524575,0.00031186565,0.00024547463,0.0011270155,0.0005756232,1.7582397e-07,0.0020873602,0.00037883423,2.7852566e-05,a,0.99524575,0,1
0712_row_00028624,a,09繁昌,04新港,03胡繁凯,0,0,a,0.9963546,0.9963546,0.0007138415,1.9969095e-05,0.00023193545,0.0010188725,1.8100992e-07,6.5765256e-05,0.001379386,0.00021546987,a,0.9963546,0,1
0712_row_00028625,a,09繁昌,04新港,03胡繁凯,0,0,a,0.9918908,0.9918908,0.0012024757,1.30042245e-05,0.0002564313,0.0014217545,4.4137954e-07,3.1461655e-05,0.0048114606,0.00037226264,a,0.9918908,0,1
0712_row_00028626,a,09繁昌,04新港,03胡繁凯,0,0,a,0.9754352,0.9754352,0.0052310037,7.1130344e-05,0.00047947394,0.0019736865,8.487163e-06,4.618368e-05,0.009573863,0.007181099,a,0.9754352,0,1
0712_row_00028627,u,09繁昌,04新港,03胡繁凯,4,4,u,0.4039174,0.08061633,0.015475531,0.011956564,0.32049924,0.4039174,0.07461954,0.00045746288,0.09158885,0.0008691736,u,0.4039174,0,1
0712_row_00028628,u,09繁昌,04新港,03胡繁凯,4,4,u,0.79413164,0.0075368895,0.001746858,0.001148685,0.050581213,0.79413164,0.061925646,0.00015495495,0.08255511,0.00021893826,u,0.79413164,0,1
0712_row_00028629,u,09繁昌,04新港,03胡繁凯,4,4,u,0.5876116,0.023477787,0.038989566,0.014658158,0.122991756,0.5876116,0.03647149,0.0014392983,0.17313993,0.001220378,u,0.5876116,0,1
0712_row_00028630,u,09繁昌,04新港,03胡繁凯,4,3,o,0.62495536,0.05436362,0.0008206536,0.00012917392,0.62495536,0.25073266,0.0019094782,0.0018131213,0.06523038,4.5553046e-05,o,0.62495536,0,1
0712_row_00028631,u,09繁昌,04新港,03胡繁凯,4,3,o,0.88706535,0.09371659,0.014918401,0.0001350024,0.88706535,0.0006955338,0.0009476012,0.00011683606,0.0021049161,0.00029979026,o,0.88706535,0,1
0712_row_00028632,u,09繁昌,04新港,03胡繁凯,4,3,o,0.49745184,0.36722308,0.0011695627,0.0008133706,0.49745184,0.113175444,0.01085416,0.0018123059,0.0074280384,7.2274925e-05,o,0.49745184,0,1
0712_row_00028633,u,09繁昌,04新港,03胡繁凯,4,4,u,0.74265623,0.035593577,0.015657883,0.00018046347,0.054018006,0.74265623,0.13967718,0.00014304974,0.010954494,0.0011190809,u,0.74265623,0,1
0712_row_00028634,u,09繁昌,04新港,03胡繁凯,4,4,u,0.627149,0.020858236,0.00043606598,0.0006554103,0.021405855,0.627149,0.32655242,5.9665403e-05,0.002793236,9.016341e-05,u,0.627149,0,1
0712_row_00028635,y,09繁昌,04新港,03胡繁凯,5,5,y,0.9594056,2.2953423e-05,0.0014154626,0.037209135,0.00044185758,0.0010609375,0.9594056,7.523561e-07,0.00043520075,8.040959e-06,y,0.9594056,0,1
0712_row_00028636,u,09繁昌,04新港,03胡繁凯,4,3,o,0.7671502,0.17512704,0.0010476578,8.4093284e-05,0.7671502,0.042396985,0.0009877499,0.0006561677,0.012348413,0.00020161812,o,0.7671502,0,1
0712_row_00028637,u,09繁昌,04新港,03胡繁凯,4,7,ə,0.3734291,0.09832752,0.02900477,0.001014245,0.14390042,0.30544147,0.026554162,0.0011409718,0.3734291,0.021187374,ə,0.3734291,0,1
0712_row_00028638,u,09繁昌,04新港,03胡繁凯,4,3,o,0.37092978,0.12731075,0.013138103,0.0017551467,0.37092978,0.24833113,0.0010341796,0.0175807,0.21974775,0.00017247573,o,0.37092978,0,1
0712_row_00028639,o,09繁昌,04新港,03胡繁凯,3,4,u,0.7062322,0.031228876,0.0012550311,0.00039209178,0.03265771,0.7062322,0.21204565,0.00022620772,0.0149916215,0.0009706378,u,0.7062322,0,1
0712_row_00028640,u,09繁昌,04新港,03胡繁凯,4,4,u,0.78262424,0.049745195,0.00047427855,0.008302783,0.077959664,0.78262424,0.044100612,0.00047134177,0.03552182,0.00079996197,u,0.78262424,0,1
0712_row_00028641,u,09繁昌,04新港,03胡繁凯,4,4,u,0.77713686,0.0117405215,0.0015053535,0.011743046,0.03485439,0.77713686,0.09774022,0.000105624786,0.063219,0.0019549546,u,0.77713686,0,1
0712_row_00028642,u,09繁昌,04新港,03胡繁凯,4,3,o,0.61733735,0.024560912,0.00012326127,7.816626e-05,0.61733735,0.34170514,0.010779986,0.00020327678,0.005196625,1.5288653e-05,o,0.61733735,0,1
0712_row_00028643,y,09繁昌,04新港,03胡繁凯,5,2,i,0.8009245,0.0007275022,0.00053435634,0.8009245,0.00019316115,0.008705746,0.18237215,3.7969327e-05,0.0032666218,0.0032379841,i,0.8009245,0,1
0712_row_00028644,y,09繁昌,04新港,03胡繁凯,5,2,i,0.8702205,0.0005273138,0.0002289365,0.8702205,5.4613858e-05,0.0032554641,0.12181998,1.5482989e-05,0.0025351257,0.0013426036,i,0.8702205,0,1
0712_row_00028645,y,09繁昌,04新港,03胡繁凯,5,2,i,0.9728589,0.00031290782,0.0012104496,0.9728589,2.3921302e-05,0.0011169758,0.022221768,3.6851584e-06,0.0010611233,0.0011902921,i,0.9728589,0,1
0712_row_00028646,y,09繁昌,04新港,03胡繁凯,5,2,i,0.8475427,0.00048057537,0.00027306305,0.8475427,9.6580145e-05,0.0034139701,0.14346449,2.559031e-05,0.0019093386,0.0027937342,i,0.8475427,0,1
0712_row_00028647,y,09繁昌,04新港,03胡繁凯,5,5,y,0.623912,0.0009784563,0.00124043,0.34042692,0.0012858904,0.019457178,0.623912,3.612957e-05,0.010430553,0.0022324305,y,0.623912,0,1
0712_row_00028648,y,09繁昌,04新港,03胡繁凯,5,2,i,0.823961,0.00034165394,9.7000535e-05,0.823961,6.644984e-05,0.0013859792,0.17031716,1.7258151e-05,0.0012240215,0.002589449,i,0.823961,0,1
0712_row_00028649,y,09繁昌,04新港,03胡繁凯,5,2,i,0.8324634,0.00037271788,0.0045897993,0.8324634,0.00017603429,0.001183191,0.15332474,4.0996383e-06,0.0073700338,0.000515966,i,0.8324634,0,1
0712_row_00028650,y,09繁昌,04新港,03胡繁凯,5,4,u,0.59917533,0.0008849454,0.0001557356,0.0007402543,0.002019036,0.59917533,0.39657933,5.7485804e-06,0.0004047358,3.4906814e-05,u,0.59917533,0,1
0712_row_00028651,y,09繁昌,04新港,03胡繁凯,5,4,u,0.66371936,0.0002645041,0.00030249785,0.0007051506,0.003131926,0.66371936,0.3309733,3.8904027e-06,0.00086923223,3.0166222e-05,u,0.66371936,0,1
0712_row_00028652,y,09繁昌,04新港,03胡繁凯,5,2,i,0.7044442,0.0026491107,0.016941302,0.7044442,0.0010996948,0.19337192,0.07961953,1.9763116e-05,0.0010195646,0.0008349107,i,0.7044442,0,1
0712_row_00028653,u,09繁昌,04新港,03胡繁凯,4,5,y,0.50107807,0.019515045,0.0013721462,0.0012027811,0.05484096,0.41367674,0.50107807,9.722909e-05,0.008042853,0.00017418514,y,0.50107807,0,1
0712_row_00028654,y,09繁昌,04新港,03胡繁凯,5,5,y,0.51822066,0.00078756036,0.00011310378,0.00030183638,0.005575763,0.473842,0.51822066,5.4943434e-06,0.001142273,1.1303331e-05,y,0.51822066,0,1
0712_row_00028655,y,09繁昌,04新港,03胡繁凯,5,2,i,0.75188595,0.0013442513,0.00011397519,0.75188595,0.00014896416,0.0023606152,0.23896594,6.8238565e-05,0.0014802751,0.003631863,i,0.75188595,0,1
0712_row_00028656,u,09繁昌,04新港,03胡繁凯,4,4,u,0.2957413,0.17106241,0.19516931,0.0040388056,0.0348909,0.2957413,0.036376897,0.001912356,0.18699124,0.07381676,u,0.2957413,0,1
0712_row_00028657,u,09繁昌,04新港,03胡繁凯,4,0,a,0.70581675,0.70581675,0.18103637,0.00028023205,0.015350641,0.017803693,0.0036241454,0.0011706211,0.033192378,0.04172522,a,0.70581675,0,1
0712_row_00028658,u,09繁昌,04新港,03胡繁凯,4,4,u,0.83333826,0.027123239,0.00023244179,0.0014289806,0.029120237,0.83333826,0.07925392,6.619678e-05,0.028723711,0.00071294734,u,0.83333826,0,1
0712_row_00028659,u,09繁昌,04新港,03胡繁凯,4,4,u,0.66754806,0.017788708,0.0024710612,0.034651674,0.028579598,0.66754806,0.10237916,0.0001258397,0.14035656,0.006099329,u,0.66754806,0,1
0712_row_00028660,u,09繁昌,04新港,03胡繁凯,4,4,u,0.70010424,0.0030150127,0.000110521585,0.00015472317,0.014211154,0.70010424,0.27828297,1.5356705e-05,0.0040946375,1.1343547e-05,u,0.70010424,0,1
0712_row_00028661,u,09繁昌,04新港,03胡繁凯,4,2,i,0.972233,0.00042447532,0.0008747159,0.972233,2.5852325e-05,0.004410437,0.019495757,7.4730415e-06,0.0014221919,0.0011062408,i,0.972233,0,1
0712_row_00028662,u,09繁昌,04新港,03胡繁凯,4,4,u,0.6849084,0.07730992,0.028288843,0.0026389358,0.04826419,0.6849084,0.052420266,0.001741426,0.098986626,0.0054414193,u,0.6849084,0,1
0712_row_00028663,u,09繁昌,04新港,03胡繁凯,4,4,u,0.70349187,0.058058783,0.011464006,0.0026738895,0.03942453,0.70349187,0.0664446,0.00060566555,0.11246032,0.0053763953,u,0.70349187,0,1
0712_row_00028664,y,09繁昌,04新港,03胡繁凯,5,2,i,0.9294693,0.00048869493,0.00040494747,0.9294693,3.63901e-05,0.003860454,0.06265063,9.640044e-06,0.0013715184,0.0017084228,i,0.9294693,0,1
0712_row_00028665,y,09繁昌,04新港,03胡繁凯,5,2,i,0.752341,0.0011325134,0.0061765183,0.752341,0.00041551917,0.12321117,0.11197928,4.36128e-05,0.0039364565,0.000763979,i,0.752341,0,1
0712_row_00028666,y,09繁昌,04新港,03胡繁凯,5,2,i,0.8382808,0.0009720327,0.0012902019,0.8382808,0.00020805007,0.0035036723,0.14928626,1.2074563e-05,0.0041103307,0.0023365358,i,0.8382808,0,1
0712_row_00028667,y,09繁昌,04新港,03胡繁凯,5,5,y,0.83627236,0.000107349784,0.0011166452,0.15791345,0.00065778254,0.0009944764,0.83627236,1.6151128e-06,0.0028849714,5.140497e-05,y,0.83627236,0,1
0712_row_00028668,y,09繁昌,04新港,03胡繁凯,5,5,y,0.59016776,0.0005927262,0.006404921,0.39573652,0.00037591503,0.0011969683,0.59016776,2.642177e-06,0.005239518,0.00028306892,y,0.59016776,0,1
0712_row_00028669,a,09繁昌,04新港,03胡繁凯,0,0,a,0.68439394,0.68439394,0.16482364,0.09738105,0.0001818757,0.0424402,0.00021900603,5.27322e-05,0.00744842,0.0030591178,a,0.68439394,0,1
0712_row_00028670,a,09繁昌,04新港,03胡繁凯,0,0,a,0.627078,0.627078,0.33498743,0.0062272213,0.0001716771,0.021162247,2.7463935e-05,1.1495507e-05,0.009954532,0.0003799028,a,0.627078,0,1
0712_row_00028671,a,09繁昌,04新港,03胡繁凯,0,2,i,0.4978799,0.38206765,0.020424908,0.4978799,0.00024224981,0.08734975,0.0030729866,2.351571e-05,0.0030832007,0.0058558104,i,0.4978799,0,1
0712_row_00028672,e,09繁昌,04新港,03胡繁凯,1,1,e,0.7611919,0.043216657,0.7611919,0.17195806,0.00016423955,0.016813496,0.0019154007,0.0006339274,0.0040384457,6.7937355e-05,e,0.7611919,0,1
0712_row_00028673,a,09繁昌,04新港,03胡繁凯,0,0,a,0.89069235,0.89069235,0.09001138,0.006870594,0.0005304148,0.0064899707,5.0733663e-05,6.140717e-05,0.005010696,0.00028251234,a,0.89069235,0,1
0712_row_00028674,ɛ,09繁昌,04新港,03胡繁凯,8,8,ɛ,0.9947031,0.005252976,1.3704657e-05,2.3522903e-06,3.5789094e-07,6.906803e-07,1.0509102e-06,2.4581395e-09,2.5734565e-05,0.9947031,ɛ,0.9947031,0,1
0712_row_00028675,ɛ,09繁昌,04新港,03胡繁凯,8,2,i,0.99437124,0.00013015869,0.0004332338,0.99437124,4.9515747e-06,0.00025097237,0.0040185973,5.551313e-07,0.000615249,0.00017500872,i,0.99437124,0,1
0712_row_00028677,ɛ,09繁昌,04新港,03胡繁凯,8,8,ɛ,0.936816,0.06194713,5.1040868e-05,2.144447e-05,1.2015172e-06,7.278586e-06,2.3495699e-05,2.3669307e-08,0.0011325182,0.936816,ɛ,0.936816,0,1
0712_row_00028678,ɛ,09繁昌,04新港,03胡繁凯,8,8,ɛ,0.996738,0.0031099576,3.1409007e-05,8.671498e-06,3.263476e-07,1.5512595e-07,2.2951515e-06,4.239365e-09,0.00010912502,0.996738,ɛ,0.996738,0,1
0712_row_00028679,ɛ,09繁昌,04新港,03胡繁凯,8,1,e,0.48309252,0.17426214,0.48309252,0.00010472701,0.0002313129,7.709981e-05,0.0005356087,1.2241931e-05,0.017712282,0.32397208,e,0.48309252,0,1
0712_row_00028680,e,09繁昌,04新港,03胡繁凯,1,1,e,0.7188772,0.19921306,0.7188772,5.4006792e-05,9.370419e-05,0.00062761613,5.7679557e-05,1.763587e-05,0.004900722,0.07615842,e,0.7188772,0,1
0712_row_00028681,a,09繁昌,04新港,03胡繁凯,0,0,a,0.7591862,0.7591862,0.06430836,0.0015381658,0.0006832499,0.1537806,9.146954e-05,0.0001272574,0.019823678,0.00046104591,a,0.7591862,0,1
0712_row_00028683,i,09繁昌,04新港,03胡繁凯,2,2,i,0.9975758,4.550435e-05,0.00029273023,0.9975758,2.4193914e-06,8.966463e-05,0.0014954841,2.423256e-07,0.0003560188,0.00014219276,i,0.9975758,0,1
0712_row_00028684,i,09繁昌,04新港,03胡繁凯,2,2,i,0.9751508,6.356013e-05,0.0027969086,0.9751508,4.28472e-05,5.9184076e-05,0.020308444,9.405975e-07,0.0014916952,8.5720756e-05,i,0.9751508,0,1
0712_row_00028685,i,09繁昌,04新港,03胡繁凯,2,2,i,0.98739666,0.000111296264,0.003243411,0.98739666,1.8317156e-05,0.00047980656,0.005564147,2.3126133e-06,0.0029629753,0.00022113016,i,0.98739666,0,1
0712_row_00028686,i,09繁昌,04新港,03胡繁凯,2,2,i,0.81537396,0.070020564,0.05353683,0.81537396,0.0027976886,0.028790532,0.0019603986,9.295643e-05,0.027061595,0.0003654712,i,0.81537396,0,1
0712_row_00028687,i,09繁昌,04新港,03胡繁凯,2,2,i,0.99081427,0.000110548805,0.001403122,0.99081427,1.44335045e-05,0.00067100365,0.006280167,1.4626297e-06,0.00026815227,0.00043690077,i,0.99081427,0,1
0712_row_00028688,i,09繁昌,04新港,03胡繁凯,2,2,i,0.9850328,0.00016384825,0.0023815727,0.9850328,1.4956025e-05,0.0010768523,0.009985576,1.922124e-06,0.0005871239,0.00075546146,i,0.9850328,0,1
0712_row_00028689,i,09繁昌,04新港,03胡繁凯,2,2,i,0.9756579,0.00019981165,0.008084909,0.9756579,5.3183776e-05,0.0005966776,0.013133332,1.7904869e-06,0.0009573578,0.001315022,i,0.9756579,0,1
0712_row_00028690,i,09繁昌,04新港,03胡繁凯,2,2,i,0.9518437,5.018629e-05,0.0028708328,0.9518437,4.7339658e-05,0.00017621186,0.04419986,8.140772e-07,0.0007337822,7.727002e-05,i,0.9518437,0,1
0712_row_00028691,i,09繁昌,04新港,03胡繁凯,2,2,i,0.9839752,0.0001078233,0.0023566682,0.9839752,1.9225918e-05,0.0008130576,0.011025681,1.0487242e-06,0.0015064973,0.00019473214,i,0.9839752,0,1
0712_row_00028692,i,09繁昌,04新港,03胡繁凯,2,2,i,0.99215066,0.00011929901,0.0005226745,0.99215066,7.8112025e-06,0.0008568875,0.005479811,1.5799202e-06,0.00037728765,0.0004839697,i,0.99215066,0,1
0712_row_00028693,i,09繁昌,04新港,03胡繁凯,2,2,i,0.97659063,0.00017214987,0.00028711095,0.97659063,1.3873023e-05,0.00075386954,0.02047714,4.347828e-06,0.00042673666,0.0012741254,i,0.97659063,0,1
0712_row_00028694,i,09繁昌,04新港,03胡繁凯,2,2,i,0.9767144,0.00018537414,0.0008878827,0.9767144,1.9619605e-05,0.0022196919,0.017697923,5.2618752e-06,0.0017216069,0.0005483021,i,0.9767144,0,1
0712_row_00028695,i,09繁昌,04新港,03胡繁凯,2,2,i,0.9922809,0.00010052574,0.0012130734,0.9922809,6.1670985e-06,0.0014081537,0.0042702463,1.0881176e-06,0.00038388002,0.0003358642,i,0.9922809,0,1
0712_row_00028696,i,09繁昌,04新港,03胡繁凯,2,2,i,0.9852674,0.00023903289,0.0014977626,0.9852674,1.4538764e-05,0.0005226085,0.010662285,1.3978067e-06,0.0006806755,0.001114316,i,0.9852674,0,1
0712_row_00028697,e,09繁昌,04新港,03胡繁凯,1,1,e,0.76856834,0.0064729163,0.76856834,0.19648327,4.9375416e-05,0.01956065,0.0005694053,0.00038855334,0.007848451,5.8956786e-05,e,0.76856834,0,1
0712_row_00028698,e,09繁昌,04新港,03胡繁凯,1,2,i,0.69620633,0.030548722,0.2666568,0.69620633,0.0015481728,0.0024661983,0.00082413055,4.754016e-05,0.0016546381,4.7488415e-05,i,0.69620633,0,1
0712_row_00028699,e,09繁昌,04新港,03胡繁凯,1,1,e,0.8186853,0.016810145,0.8186853,0.12302202,0.002193744,0.02050586,0.0029822327,0.0040379697,0.011697324,6.5436936e-05,e,0.8186853,0,1
0712_row_00028700,u,09繁昌,04新港,03胡繁凯,4,4,u,0.45992595,0.06850969,0.3193853,0.045356885,0.002144027,0.45992595,0.0018639786,0.0026668245,0.096505165,0.0036422662,u,0.45992595,0,1
0712_row_00028701,e,09繁昌,04新港,03胡繁凯,1,1,e,0.54413694,0.07232444,0.54413694,0.047297906,0.011205825,0.3082287,0.003668146,0.009108842,0.0033712492,0.00065795286,e,0.54413694,0,1
0712_row_00028702,e,09繁昌,04新港,03胡繁凯,1,1,e,0.95696557,0.0009146432,0.95696557,3.4359244e-05,9.8670454e-05,0.041352544,5.009502e-05,4.1334835e-05,0.0005297796,1.3009424e-05,e,0.95696557,0,1
0712_row_00028703,u,09繁昌,04新港,03胡繁凯,4,1,e,0.8491146,0.011259916,0.8491146,6.508631e-05,0.009508173,0.12534945,0.0006157063,0.0007799244,0.0031748891,0.00013217996,e,0.8491146,0,1
0712_row_00028704,a,09繁昌,04新港,03胡繁凯,0,0,a,0.9809533,0.9809533,0.0007306449,5.594539e-05,0.0031644981,0.0024823642,8.223169e-06,0.00013886305,0.012442333,2.382582e-05,a,0.9809533,0,1
0712_row_00028705,u,09繁昌,04新港,03胡繁凯,4,1,e,0.8665283,0.047420047,0.8665283,8.128348e-05,0.007856979,0.07128946,0.00033498096,0.00086476357,0.0050816834,0.0005425308,e,0.8665283,0,1
0712_row_00028706,a,09繁昌,04新港,03胡繁凯,0,0,a,0.87256753,0.87256753,0.057299074,0.00014027696,0.007889601,0.049074028,3.902914e-05,0.0005435506,0.011566192,0.0008806721,a,0.87256753,0,1
0712_row_00028707,a,09繁昌,04新港,03胡繁凯,0,0,a,0.7595083,0.7595083,0.11902647,1.8207018e-05,0.023494923,0.068361156,5.4962922e-05,0.0013878698,0.027800705,0.00034746167,a,0.7595083,0,1
0712_row_00028708,a,09繁昌,04新港,03胡繁凯,0,0,a,0.997566,0.997566,0.00020021507,6.087179e-05,0.0009325057,0.00028294476,1.6351778e-07,0.00018001914,0.00074122055,3.6147605e-05,a,0.997566,0,1
0712_row_00028709,a,09繁昌,04新港,03胡繁凯,0,0,a,0.85546833,0.85546833,0.0029464355,0.00019623477,0.0029732853,0.022609675,0.00022452344,5.8924634e-05,0.11546659,5.59793e-05,a,0.85546833,0,1
0712_row_00028710,a,09繁昌,04新港,03胡繁凯,0,0,a,0.9822318,0.9822318,0.0034131478,3.3938963e-05,0.0005130868,0.0029919245,1.6953403e-06,8.396331e-05,0.009998937,0.0007315421,a,0.9822318,0,1
0712_row_00028711,a,09繁昌,04新港,03胡繁凯,0,0,a,0.988394,0.988394,0.0016324319,7.772916e-05,0.0009305832,0.0010337383,3.3680064e-06,2.8686132e-05,0.007571366,0.00032811167,a,0.988394,0,1
0712_row_00028712,e,09繁昌,04新港,03胡繁凯,1,7,ə,0.56095034,0.073087916,0.28165457,0.00042038306,0.01586118,0.064436965,0.00018273856,0.00090891373,0.56095034,0.0024969839,ə,0.56095034,0,1
0712_row_00028713,e,09繁昌,04新港,03胡繁凯,1,1,e,0.583254,0.12979117,0.583254,0.00061404676,0.011469335,0.2479255,0.0049176025,0.003958903,0.017159663,0.00090976217,e,0.583254,0,1
0712_row_00028714,e,09繁昌,04新港,03胡繁凯,1,1,e,0.9224713,0.011539757,0.9224713,0.0014580617,0.00069178117,0.040334877,0.00039128136,0.00021433763,0.022627333,0.00027136685,e,0.9224713,0,1
0712_row_00028715,e,09繁昌,04新港,03胡繁凯,1,4,u,0.7122762,0.007570125,0.25358692,0.00055157015,0.022762805,0.7122762,0.0026546118,0.00027780718,0.00029391944,2.597948e-05,u,0.7122762,0,1
0712_row_00028716,e,09繁昌,04新港,03胡繁凯,1,1,e,0.8648191,0.004473169,0.8648191,0.08250109,2.2598395e-05,0.04316003,0.0005825691,0.00032791396,0.004071662,4.178025e-05,e,0.8648191,0,1
0712_row_00028717,i,09繁昌,04新港,03胡繁凯,2,2,i,0.9823856,8.807474e-05,0.0007037152,0.9823856,9.831066e-06,0.00084628304,0.014585302,1.5779151e-06,0.0009504374,0.00042928194,i,0.9823856,0,1
0712_row_00028718,i,09繁昌,04新港,03胡繁凯,2,2,i,0.44931877,0.003605784,0.0126087535,0.44931877,0.0010010999,0.051847927,0.3743258,0.00011855031,0.105588034,0.001585279,i,0.44931877,0,1
0712_row_00028719,i,09繁昌,04新港,03胡繁凯,2,2,i,0.71174574,0.0018182214,0.0071241693,0.71174574,0.0008387441,0.04448465,0.20009877,8.74224e-05,0.025892818,0.007909511,i,0.71174574,0,1
0712_row_00028720,i,09繁昌,04新港,03胡繁凯,2,2,i,0.80299073,0.00010865064,0.00037017197,0.80299073,6.579463e-05,0.006550825,0.18064018,1.0298767e-05,0.008979948,0.00028339928,i,0.80299073,0,1
0712_row_00028721,i,09繁昌,04新港,03胡繁凯,2,2,i,0.98557657,0.0130972685,0.00010474612,0.98557657,4.771512e-05,7.416788e-05,0.0004307737,8.155321e-06,0.000488624,0.0001720588,i,0.98557657,0,1
0712_row_00028722,i,09繁昌,04新港,03胡繁凯,2,2,i,0.9804247,0.00016075074,0.0002677842,0.9804247,1.3129286e-05,0.000386519,0.01668013,2.6682364e-06,0.0004659998,0.0015982875,i,0.9804247,0,1
0712_row_00028723,i,09繁昌,04新港,03胡繁凯,2,2,i,0.9936557,0.00014690109,0.0007246126,0.9936557,5.229437e-06,0.00056828326,0.0041448874,8.250595e-07,0.00031473048,0.00043885893,i,0.9936557,0,1
0712_row_00028724,i,09繁昌,04新港,03胡繁凯,2,2,i,0.9964116,6.056477e-05,0.00070503034,0.9964116,4.8391344e-06,9.011087e-05,0.001979662,4.6924754e-07,0.00047645264,0.00027123114,i,0.9964116,0,1
0712_row_00028725,i,09繁昌,04新港,03胡繁凯,2,2,i,0.985274,6.182208e-05,0.0009158901,0.985274,8.251304e-06,0.0006858068,0.0117275985,1.2951575e-06,0.0008833358,0.00044203954,i,0.985274,0,1
0712_row_00028726,i,09繁昌,04新港,03胡繁凯,2,2,i,0.9530825,0.00032562963,0.005277374,0.9530825,2.7322052e-05,0.0028860993,0.032126974,5.9542317e-06,0.005226128,0.0010420451,i,0.9530825,0,1
0712_row_00028727,i,09繁昌,04新港,03胡繁凯,2,2,i,0.8362963,0.008756802,0.10534338,0.8362963,0.001342567,0.021935849,0.0029187615,5.909205e-05,0.022622995,0.0007242284,i,0.8362963,0,1
0712_row_00028728,e,09繁昌,04新港,03胡繁凯,1,2,i,0.90523684,0.0054753046,0.07935744,0.90523684,0.0018250908,0.002532884,0.0038383768,0.0002789251,0.0014194913,3.5607543e-05,i,0.90523684,0,1
0712_row_00028729,i,09繁昌,04新港,03胡繁凯,2,2,i,0.9889102,0.00011507454,0.0027378828,0.9889102,9.4976795e-06,0.0003788424,0.0062819375,9.98112e-07,0.0005577156,0.0010078835,i,0.9889102,0,1
0712_row_00028730,i,09繁昌,04新港,03胡繁凯,2,2,i,0.9803411,4.2806285e-05,0.0070941374,0.9803411,1.5302694e-05,0.0003666573,0.010809122,6.681373e-07,0.0010931703,0.00023703005,i,0.9803411,0,1
0712_row_00028731,i,09繁昌,04新港,03胡繁凯,2,2,i,0.9999243,4.6188734e-06,3.5068686e-05,0.9999243,3.9543536e-08,2.033838e-05,1.1034894e-05,7.235572e-09,2.6703656e-06,1.8462962e-06,i,0.9999243,0,1
0712_row_00028732,i,09繁昌,04新港,03胡繁凯,2,2,i,0.9998393,9.734415e-06,8.050846e-05,0.9998393,1.085709e-07,2.5936046e-05,3.304902e-05,9.385509e-09,6.6934986e-06,4.668245e-06,i,0.9998393,0,1
0712_row_00028733,i,09繁昌,04新港,03胡繁凯,2,5,y,0.6279212,0.0004137835,0.0049194735,0.1967123,0.0014206062,0.13575134,0.6279212,5.5480894e-05,0.03195881,0.0008469042,y,0.6279212,0,1
0712_row_00028734,i,09繁昌,04新港,03胡繁凯,2,2,i,0.8258616,9.4188785e-05,0.00032614553,0.8258616,3.6900306e-05,0.0070445663,0.15893754,6.9369994e-06,0.0072696814,0.00042249906,i,0.8258616,0,1
0712_row_00028735,i,09繁昌,04新港,03胡繁凯,2,2,i,0.9552451,0.02797296,0.0022118818,0.9552451,0.00045329498,0.0003534528,0.0023195702,7.4297415e-05,0.009051093,0.0023183185,i,0.9552451,0,1
0712_row_00028736,i,09繁昌,04新港,03胡繁凯,2,2,i,0.9945785,8.696146e-05,0.0006103391,0.9945785,5.3665376e-06,0.00023563557,0.0038947118,5.0845637e-07,0.00020490558,0.00038306272,i,0.9945785,0,1
0712_row_00028737,i,09繁昌,04新港,03胡繁凯,2,2,i,0.998329,1.4970742e-05,0.00022421563,0.998329,1.4261027e-06,0.00014108438,0.001054084,1.7567235e-07,0.00016570238,6.942605e-05,i,0.998329,0,1
0712_row_00028738,i,09繁昌,04新港,03胡繁凯,2,2,i,0.99924964,1.1550023e-05,0.00025119167,0.99924964,6.913748e-07,0.0001358912,0.0003118856,5.4583058e-08,2.71062e-05,1.2041881e-05,i,0.99924964,0,1
0712_row_00028739,i,09繁昌,04新港,03胡繁凯,2,2,i,0.99956733,2.2301105e-05,0.00017448213,0.99956733,2.1566706e-07,0.00015577643,4.7835696e-05,4.5361094e-08,1.7635519e-05,1.4346768e-05,i,0.99956733,0,1
0712_row_00028740,i,09繁昌,04新港,03胡繁凯,2,2,i,0.9999007,2.2003669e-05,2.1674974e-05,0.9999007,2.1398274e-07,2.7481852e-05,1.7228564e-05,2.4687099e-08,7.133843e-06,3.6159902e-06,i,0.9999007,0,1
0712_row_00028741,i,09繁昌,04新港,03胡繁凯,2,2,i,0.99993646,9.749474e-06,2.354869e-05,0.99993646,3.8384737e-08,1.6051139e-05,8.323617e-06,3.986023e-09,4.0429736e-06,1.780199e-06,i,0.99993646,0,1
0712_row_00028742,i,09繁昌,04新港,03胡繁凯,2,2,i,0.60366493,0.0004821627,0.0027908671,0.60366493,0.00038142825,0.023378188,0.3532328,2.793138e-05,0.015020972,0.0010206986,i,0.60366493,0,1
0712_row_00028743,i,09繁昌,04新港,03胡繁凯,2,2,i,0.99990356,6.2952226e-06,6.0304857e-05,0.99990356,4.6641258e-08,1.5954496e-05,9.638826e-06,4.7908952e-09,1.9624265e-06,2.1893889e-06,i,0.99990356,0,1
0712_row_00028744,i,09繁昌,04新港,03胡繁凯,2,2,i,0.9990225,1.0867886e-05,0.00021203609,0.9990225,1.4838065e-06,7.5454984e-05,0.0005170212,9.502661e-08,0.00012314944,3.746041e-05,i,0.9990225,0,1
0712_row_00028745,i,09繁昌,04新港,03胡繁凯,2,2,i,0.8725798,0.0020630762,0.0085273525,0.8725798,0.00027268182,0.04340184,0.058296885,6.481253e-05,0.011082468,0.0037110678,i,0.8725798,0,1
0712_row_00028746,i,09繁昌,04新港,03胡繁凯,2,2,i,0.87110835,0.001638318,0.0100982515,0.87110835,0.00020876981,0.039108887,0.063107766,5.011455e-05,0.011221686,0.003457818,i,0.87110835,0,1
0712_row_00028747,i,09繁昌,04新港,03胡繁凯,2,2,i,0.57807595,0.2510395,0.008886451,0.57807595,0.004149201,0.036177125,0.006196826,0.0011851396,0.10360375,0.010686082,i,0.57807595,0,1
0712_row_00028748,i,09繁昌,04新港,03胡繁凯,2,2,i,0.95909965,0.00035867587,0.0012387683,0.95909965,2.5821495e-05,0.0022960007,0.032006018,5.5963233e-06,0.00415448,0.0008149668,i,0.95909965,0,1
0712_row_00028749,i,09繁昌,04新港,03胡繁凯,2,2,i,0.9881732,0.00014291599,0.00088514877,0.9881732,9.375435e-06,0.0005427284,0.008950119,1.2855958e-06,0.0005440024,0.00075124466,i,0.9881732,0,1
0712_row_00028750,i,09繁昌,04新港,03胡繁凯,2,2,i,0.99048483,0.00029198296,0.0021386687,0.99048483,1.1333086e-05,0.00043290865,0.004325787,1.011384e-06,0.0020351629,0.00027830113,i,0.99048483,0,1
0712_row_00028751,i,09繁昌,04新港,03胡繁凯,2,2,i,0.97435045,0.00021051147,0.0005360374,0.97435045,2.7413289e-05,0.00065619074,0.020967646,5.382811e-06,0.0013161121,0.001930237,i,0.97435045,0,1
0712_row_00028752,i,09繁昌,04新港,03胡繁凯,2,2,i,0.9905695,0.00019046567,0.0008759265,0.9905695,1.038846e-05,0.00047199297,0.006916206,8.41965e-07,0.0006229877,0.00034174955,i,0.9905695,0,1
0712_row_00028753,i,09繁昌,04新港,03胡繁凯,2,2,i,0.9910226,0.00014411347,0.0013222053,0.9910226,7.986251e-06,0.0009657128,0.005628874,9.2789566e-07,0.00054616755,0.0003613726,i,0.9910226,0,1
0712_row_00028754,u,09繁昌,04新港,03胡繁凯,4,4,u,0.9479435,0.01403752,0.0048044776,0.0044654645,0.007887676,0.9479435,0.014685207,0.00018979318,0.0059729964,1.3387223e-05,u,0.9479435,0,1
0712_row_00028755,u,09繁昌,04新港,03胡繁凯,4,4,u,0.91984224,0.00027201232,0.07750755,0.00030011436,0.0013138556,0.91984224,0.0004908228,1.9027724e-05,0.00025027664,4.10554e-06,u,0.91984224,0,1
0712_row_00028756,u,09繁昌,04新港,03胡繁凯,4,4,u,0.98547643,0.0008630276,0.0053001987,0.00058700476,0.0047754636,0.98547643,0.0024979603,1.1180821e-05,0.00048700316,1.7311736e-06,u,0.98547643,0,1
0712_row_00028757,u,09繁昌,04新港,03胡繁凯,4,1,e,0.8086618,0.062013365,0.8086618,6.189165e-05,0.0076995003,0.11435531,0.00055101805,0.00077511196,0.00543638,0.000445612,e,0.8086618,0,1
0712_row_00028758,u,09繁昌,04新港,03胡繁凯,4,4,u,0.54857403,0.004254827,0.4212964,0.007135627,0.00089308573,0.54857403,0.014559149,0.00022681536,0.0030260498,3.4062057e-05,u,0.54857403,0,1
0712_row_00028759,u,09繁昌,04新港,03胡繁凯,4,1,e,0.46724883,0.10627784,0.46724883,0.11081556,0.02238178,0.27198234,0.0074241185,0.0075586108,0.005281722,0.0010292481,e,0.46724883,0,1
0712_row_00028760,u,09繁昌,04新港,03胡繁凯,4,7,ə,0.58218014,0.029875008,0.09218376,0.0024131315,0.019569512,0.2661524,0.0003236097,0.005268254,0.58218014,0.002034144,ə,0.58218014,0,1
0712_row_00028761,u,09繁昌,04新港,03胡繁凯,4,4,u,0.921339,0.020600045,0.026272738,0.00029776146,0.0021704908,0.921339,0.027707744,7.8713e-05,0.001525116,8.425169e-06,u,0.921339,0,1
0712_row_00028762,u,09繁昌,04新港,03胡繁凯,4,1,e,0.6218782,0.014298545,0.6218782,0.03148441,0.00057293713,0.30496353,0.00247775,0.00047959748,0.023172555,0.00067242474,e,0.6218782,0,1
0712_row_00028763,u,09繁昌,04新港,03胡繁凯,4,1,e,0.5540786,0.002198011,0.5540786,0.004946829,0.00050682895,0.40661085,0.0011182174,0.0004179834,0.029512875,0.0006097974,e,0.5540786,0,1
0712_row_00028764,u,09繁昌,04新港,03胡繁凯,4,4,u,0.8134895,0.00034954277,0.1830561,0.0003069679,0.002079086,0.8134895,0.0005721122,4.6913574e-05,9.585668e-05,3.91671e-06,u,0.8134895,0,1
0712_row_00028765,u,09繁昌,04新港,03胡繁凯,4,1,e,0.91762525,0.008759348,0.91762525,0.00028231737,0.0069732354,0.0615739,0.0003866169,0.0002467225,0.0038241912,0.00032852567,e,0.91762525,0,1
0712_row_00028766,e,09繁昌,04新港,03胡繁凯,1,1,e,0.9356003,0.0015110843,0.9356003,0.0050292597,7.456431e-05,0.041326348,8.962347e-05,8.255619e-05,0.016231036,5.5284287e-05,e,0.9356003,0,1
0712_row_00028767,e,09繁昌,04新港,03胡繁凯,1,1,e,0.9839806,0.0019139311,0.9839806,0.0010489733,4.5464465e-05,0.006628533,3.5998397e-05,7.233793e-05,0.006259045,1.5032262e-05,e,0.9839806,0,1
0712_row_00028768,e,09繁昌,04新港,03胡繁凯,1,1,e,0.58648574,0.020670578,0.58648574,0.23607938,0.0016559835,0.115902044,0.022648403,0.0023727766,0.013848897,0.00033620826,e,0.58648574,0,1
0712_row_00028769,e,09繁昌,04新港,03胡繁凯,1,1,e,0.70435476,0.005289166,0.70435476,0.005485235,0.0018201963,0.27322483,0.0056284005,0.00079777814,0.0031572408,0.00024245247,e,0.70435476,0,1
0712_row_00028770,u,09繁昌,04新港,03胡繁凯,4,4,u,0.913169,0.0013486672,0.06935558,0.0006466063,0.008153875,0.913169,0.0063533946,2.6211626e-05,0.00092652196,2.0132678e-05,u,0.913169,0,1
0712_row_00028771,u,09繁昌,04新港,03胡繁凯,4,4,u,0.84169275,0.0006784295,0.152411,0.00024477782,0.003333551,0.84169275,0.0015190103,2.0852636e-05,9.548713e-05,4.2016018e-06,u,0.84169275,0,1
0712_row_00028772,u,09繁昌,04新港,03胡繁凯,4,1,e,0.42061216,0.10776809,0.42061216,0.0139990505,0.0018463857,0.399713,0.011541026,0.0076295687,0.035029802,0.0018608955,e,0.42061216,0,1
0712_row_00028773,u,09繁昌,04新港,03胡繁凯,4,1,e,0.67621917,0.0034364138,0.67621917,0.0030442793,0.0022754471,0.30706945,0.0065715495,0.00030604348,0.0010257945,5.1964234e-05,e,0.67621917,0,1
0712_row_00028774,ɔ,09繁昌,04新港,03胡繁凯,6,3,o,0.8238856,0.15152507,0.00018045133,7.617421e-05,0.8238856,0.01950091,8.229353e-05,0.004614559,0.00013428241,7.426848e-07,o,0.8238856,0,1
0712_row_00028775,a,09繁昌,04新港,03胡繁凯,0,3,o,0.8439525,0.13739252,0.0005419227,9.595115e-05,0.8439525,0.0077513214,2.537845e-05,0.010067906,0.00017118949,1.2857107e-06,o,0.8439525,0,1
0712_row_00028776,a,09繁昌,04新港,03胡繁凯,0,0,a,0.40171528,0.40171528,0.029062329,0.0014521175,0.23516113,0.008407254,0.00029720608,0.15855618,0.16416933,0.0011792186,a,0.40171528,0,1
0712_row_00028777,ɔ,09繁昌,04新港,03胡繁凯,6,3,o,0.42214394,0.41619298,0.00012054902,0.00012623772,0.42214394,0.010094958,2.2721108e-05,0.15044472,0.0008528334,1.0456046e-06,o,0.42214394,0,1
0712_row_00028778,a,09繁昌,04新港,03胡繁凯,0,0,a,0.55692095,0.55692095,7.867719e-05,2.19178e-05,0.053712524,0.0023250016,1.928804e-06,0.38658693,0.0003513716,6.973884e-07,a,0.55692095,0,1
0712_row_00028779,ɔ,09繁昌,04新港,03胡繁凯,6,6,ɔ,0.61878526,0.22800796,0.00032803393,6.7002155e-05,0.08627822,0.0062128087,3.2606458e-06,0.61878526,0.060310826,6.701541e-06,ɔ,0.61878526,0,1
0712_row_00028780,ɔ,09繁昌,04新港,03胡繁凯,6,3,o,0.85895836,0.061406247,0.0019174479,4.6482008e-05,0.85895836,0.0049122325,1.490748e-05,0.03937101,0.033362485,1.0878746e-05,o,0.85895836,0,1
0712_row_00028782,ɔ,09繁昌,04新港,03胡繁凯,6,0,a,0.3540124,0.3540124,0.011779325,5.2670628e-05,0.008664622,0.009334454,2.5605677e-05,0.3184857,0.29743558,0.00020961593,a,0.3540124,0,1
0712_row_00028783,a,09繁昌,04新港,03胡繁凯,0,3,o,0.5618902,0.43625316,0.0016416139,3.391526e-05,0.5618902,4.0533072e-05,7.714139e-06,0.0001147773,9.674526e-06,8.500797e-06,o,0.5618902,0,1
0712_row_00028784,a,09繁昌,04新港,03胡繁凯,0,0,a,0.9057623,0.9057623,0.052580066,0.00018290742,0.0013811627,0.001707046,0.00033525383,0.00069853815,0.0065001007,0.030852677,a,0.9057623,0,1
0712_row_00028785,a,09繁昌,04新港,03胡繁凯,0,0,a,0.8957733,0.8957733,0.085843876,2.4670817e-05,0.0022116676,0.000422109,7.654212e-05,0.00020101169,0.0029957425,0.012451053,a,0.8957733,0,1
0712_row_00028786,ɔ,09繁昌,04新港,03胡繁凯,6,3,o,0.5415605,0.21471357,0.0005889458,5.653227e-05,0.5415605,0.002605935,4.5311313e-06,0.24036048,0.00010931249,1.9770172e-07,o,0.5415605,0,1
0712_row_00028787,ɔ,09繁昌,04新港,03胡繁凯,6,3,o,0.7653356,0.15843405,0.00090089894,5.824865e-05,0.7653356,0.00076229917,4.8114293e-06,0.07388224,0.0006211987,6.465178e-07,o,0.7653356,0,1
0712_row_00028788,a,09繁昌,04新港,03胡繁凯,0,0,a,0.74750745,0.74750745,0.0027434533,3.7201527e-05,0.24924235,0.00010251659,1.2958674e-05,0.00030141056,2.3964723e-05,2.8694689e-05,a,0.74750745,0,1
0712_row_00028789,a,09繁昌,04新港,03胡繁凯,0,0,a,0.78545344,0.78545344,0.07455111,0.0013555926,0.021190198,3.5017736e-05,0.01658693,3.4248984e-05,0.029793369,0.07100023,a,0.78545344,0,1
0712_row_00028790,a,09繁昌,04新港,03胡繁凯,0,0,a,0.7115742,0.7115742,0.036924135,0.0010650405,0.0032287743,0.0018179442,0.00037043824,0.0014819112,0.19750461,0.046032917,a,0.7115742,0,1
0712_row_00028791,a,09繁昌,04新港,03胡繁凯,0,0,a,0.37480462,0.37480462,0.0005655099,4.223174e-05,0.37221023,0.0014695326,3.714878e-06,0.24102712,0.00985603,2.098509e-05,a,0.37480462,0,1
0712_row_00028792,a,09繁昌,04新港,03胡繁凯,0,0,a,0.39414543,0.39414543,0.040541753,0.0045456416,0.045563485,0.00012286042,0.028295,0.00029305584,0.25417686,0.23231596,a,0.39414543,0,1
0712_row_00028793,a,09繁昌,04新港,03胡繁凯,0,0,a,0.42085853,0.42085853,0.058973987,0.00039242863,0.0004123523,1.9954521e-05,0.0013457875,3.992084e-06,0.09800683,0.41998607,a,0.42085853,0,1
0712_row_00028794,u,09繁昌,04新港,03胡繁凯,4,3,o,0.9066249,0.029044988,0.00010830626,7.132364e-05,0.9066249,0.06165722,0.0020006862,0.0002233591,0.00026804957,1.0881084e-06,o,0.9066249,0,1
0712_row_00028795,o,09繁昌,04新港,03胡繁凯,3,3,o,0.9943159,0.003031821,0.00039721798,0.000182658,0.9943159,0.0016801539,0.00015808741,0.00018197657,5.127259e-05,8.5027e-07,o,0.9943159,0,1
0712_row_00028796,o,09繁昌,04新港,03胡繁凯,3,3,o,0.642052,0.0342234,0.019949263,0.09668434,0.642052,0.106882885,0.0740137,0.003923987,0.021663072,0.00060737,o,0.642052,0,1
0712_row_00028798,o,09繁昌,04新港,03胡繁凯,3,3,o,0.9951237,0.0033873622,5.4450793e-05,0.0010285754,0.9951237,2.1380598e-05,0.00028039893,1.48511635e-05,8.885428e-05,3.826965e-07,o,0.9951237,0,1
0712_row_00028799,o,09繁昌,04新港,03胡繁凯,3,3,o,0.99949586,0.00019210488,1.9765468e-05,1.1393016e-05,0.99949586,2.3308143e-05,0.00025588917,3.6389636e-07,1.2389875e-06,3.564581e-08,o,0.99949586,0,1
0712_row_00028800,o,09繁昌,04新港,03胡繁凯,3,3,o,0.5919045,0.00092604454,0.0008785517,0.041984525,0.5919045,0.0009385649,0.36175257,1.3160854e-05,0.0015982435,3.7611014e-06,o,0.5919045,0,1
0712_row_00028801,o,09繁昌,04新港,03胡繁凯,3,3,o,0.99508435,0.0011505159,0.0002873781,0.0015737871,0.99508435,6.099157e-05,0.0017630907,1.8149052e-05,6.073577e-05,9.5333235e-07,o,0.99508435,0,1
0712_row_00028802,o,09繁昌,04新港,03胡繁凯,3,3,o,0.8305797,0.013167571,0.012904842,0.10821203,0.8305797,0.0012146933,0.03161594,0.0005163315,0.0017335695,5.5298147e-05,o,0.8305797,0,1
0712_row_00028803,u,09繁昌,04新港,03胡繁凯,4,4,u,0.66359365,0.0009279138,0.00077235425,0.009432439,0.001495255,0.66359365,0.32274804,1.1178083e-05,0.00094077614,7.8413104e-05,u,0.66359365,0,1
0712_row_00028804,u,09繁昌,04新港,03胡繁凯,4,4,u,0.63951,0.0028489097,0.0018449916,0.007955757,0.003473974,0.63951,0.3434204,3.598194e-05,0.00077961397,0.00013036463,u,0.63951,0,1
0712_row_00028805,u,09繁昌,04新港,03胡繁凯,4,4,u,0.5892886,0.0002479149,0.000120881174,0.00014073626,0.0036395283,0.5892886,0.40534478,3.0491913e-06,0.0012054513,9.078478e-06,u,0.5892886,0,1
0712_row_00028806,u,09繁昌,04新港,03胡繁凯,4,4,u,0.67566085,0.001112922,0.00043996287,0.0006066527,0.0028242823,0.67566085,0.31836316,9.924862e-06,0.00091788615,6.431123e-05,u,0.67566085,0,1
0712_row_00028807,o,09繁昌,04新港,03胡繁凯,3,3,o,0.46746036,0.057194147,0.00048369984,0.029929746,0.46746036,0.41734895,0.018141389,0.007049446,0.0023736514,1.8582163e-05,o,0.46746036,0,1
0712_row_00028808,o,09繁昌,04新港,03胡繁凯,3,3,o,0.9975057,0.0012482424,1.467985e-05,5.834757e-05,0.9975057,0.00048557247,0.0005252003,3.4974357e-05,0.00012638197,8.4533843e-07,o,0.9975057,0,1
0712_row_00028809,o,09繁昌,04新港,03胡繁凯,3,3,o,0.9926569,0.0019786516,0.00058156025,0.00025829946,0.9926569,0.0005244568,0.003877004,1.7612536e-05,9.807665e-05,7.3964984e-06,o,0.9926569,0,1
0712_row_00028810,o,09繁昌,04新港,03胡繁凯,3,3,o,0.99735886,0.0011061259,0.00027274736,3.739771e-05,0.99735886,2.4750692e-05,0.0011852855,2.84654e-06,1.0256436e-05,1.7324547e-06,o,0.99735886,0,1
0712_row_00028811,o,09繁昌,04新港,03胡繁凯,3,3,o,0.9968681,0.001472816,0.0003684801,5.2201645e-05,0.9968681,3.9583225e-05,0.0011864665,3.1219681e-06,7.258558e-06,1.928375e-06,o,0.9968681,0,1
0712_row_00028812,o,09繁昌,04新港,03胡繁凯,3,3,o,0.99851793,0.00022521353,1.1299554e-05,0.00063553633,0.99851793,1.2220574e-05,0.0005919756,1.7338363e-06,3.997722e-06,1.3732697e-08,o,0.99851793,0,1
0712_row_00028813,o,09繁昌,04新港,03胡繁凯,3,3,o,0.998197,0.0009969273,0.00011586642,1.817023e-05,0.998197,0.00012828204,0.00052123435,1.2128259e-05,9.547957e-06,8.4817555e-07,o,0.998197,0,1
0712_row_00028814,o,09繁昌,04新港,03胡繁凯,3,3,o,0.9968876,3.7576727e-05,1.2388736e-05,6.462071e-06,0.9968876,1.3865005e-05,0.0030359456,2.7597346e-07,5.7093034e-06,1.3508797e-07,o,0.9968876,0,1
0712_row_00028815,o,09繁昌,04新港,03胡繁凯,3,3,o,0.9714318,5.8612575e-05,2.4649213e-05,0.000113191905,0.9714318,1.0276408e-05,0.028323911,3.71351e-07,3.6533092e-05,7.0894504e-07,o,0.9714318,0,1
0712_row_00028816,o,09繁昌,04新港,03胡繁凯,3,3,o,0.95467186,8.013614e-05,0.0001116186,0.00010531679,0.95467186,4.4212243e-06,0.04500479,4.3089352e-07,1.8758736e-05,2.7458632e-06,o,0.95467186,0,1
0712_row_00028817,o,09繁昌,04新港,03胡繁凯,3,3,o,0.97484905,5.0487804e-05,4.2036674e-05,0.00011519745,0.97484905,6.3462608e-06,0.024895065,4.0266124e-07,3.9694594e-05,1.700671e-06,o,0.97484905,0,1
0712_row_00028818,o,09繁昌,04新港,03胡繁凯,3,3,o,0.9535013,0.00017047787,0.00028661,0.00037498088,0.9535013,1.576516e-05,0.045564592,1.5541916e-06,7.8783414e-05,5.928019e-06,o,0.9535013,0,1
0712_row_00028819,a,09繁昌,04新港,03胡繁凯,0,0,a,0.55528337,0.55528337,0.00013745135,0.0023410683,0.18937355,0.010972273,4.1736603e-05,0.24130832,0.0005406439,1.5695537e-06,a,0.55528337,0,1
0712_row_00028820,a,09繁昌,04新港,03胡繁凯,0,0,a,0.9935162,0.9935162,9.900694e-05,4.8780003e-05,0.00029449433,0.00087376736,3.1159203e-07,5.2617706e-05,0.0050834585,3.1324085e-05,a,0.9935162,0,1
0712_row_00028821,a,09繁昌,04新港,03胡繁凯,0,2,i,0.42729747,0.37625813,0.002923655,0.42729747,0.0025111807,0.0016924657,0.040570732,5.9767535e-05,0.14725707,0.0014294802,i,0.42729747,0,1
0712_row_00028822,a,09繁昌,04新港,03胡繁凯,0,0,a,0.9204109,0.9204109,0.0032982763,0.005221329,0.003143377,0.0022972205,0.00056467665,4.36557e-05,0.0628994,0.0021211908,a,0.9204109,0,1
0712_row_00028823,a,09繁昌,04新港,03胡繁凯,0,0,a,0.9927331,0.9927331,0.00011356716,6.3946136e-05,0.0038675596,0.00015164608,2.5945328e-06,0.0004111069,0.0023292748,0.00032727703,a,0.9927331,0,1
0712_row_00028824,a,09繁昌,04新港,03胡繁凯,0,0,a,0.92568904,0.92568904,0.0003892807,0.03908063,0.000361494,0.00036149417,0.0019308337,6.6508583e-06,0.028139494,0.0040410846,a,0.92568904,0,1
0712_row_00028825,a,09繁昌,04新港,03胡繁凯,0,0,a,0.84788555,0.84788555,0.0076637114,0.010175698,0.072055675,0.006350578,0.00030464798,0.00031375457,0.049331103,0.005919254,a,0.84788555,0,1
0712_row_00028826,a,09繁昌,04新港,03胡繁凯,0,1,e,0.4463982,0.16197851,0.4463982,0.0021431497,0.04004899,0.023638656,0.0004058674,0.06345075,0.26147,0.0004658881,e,0.4463982,0,1
0712_row_00028827,a,09繁昌,04新港,03胡繁凯,0,2,i,0.6398279,0.29793108,0.0046510748,0.6398279,0.0006067227,0.0071880454,0.014967918,4.6664336e-05,0.031702824,0.0030777783,i,0.6398279,0,1
0712_row_00028828,a,09繁昌,04新港,03胡繁凯,0,2,i,0.88327456,0.05797477,0.0043720324,0.88327456,0.00031082518,0.00015212935,0.020272098,6.7353776e-06,0.028644368,0.0049924743,i,0.88327456,0,1
0712_row_00028829,a,09繁昌,04新港,03胡繁凯,0,0,a,0.4454367,0.4454367,0.042949747,0.028129043,0.018870613,0.0007834786,0.027212566,0.0010887397,0.01113837,0.42439076,a,0.4454367,0,1
0712_row_00028830,i,09繁昌,04新港,03胡繁凯,2,2,i,0.9654589,0.0055305,0.014603208,0.9654589,0.00018557104,0.0052649765,0.003199175,1.9111681e-05,0.005366029,0.00037252315,i,0.9654589,0,1
0712_row_00028831,a,09繁昌,04新港,03胡繁凯,0,0,a,0.9958246,0.9958246,3.602718e-05,0.000100887926,0.00016401702,4.413726e-05,3.5050127e-07,1.9849042e-05,0.0034144449,0.00039572344,a,0.9958246,0,1
0712_row_00028833,a,09繁昌,04新港,03胡繁凯,0,2,i,0.8329674,0.07277553,0.0012036744,0.8329674,0.000162402,4.5451372e-05,0.01007487,3.0272072e-06,0.08092795,0.0018397899,i,0.8329674,0,1
0712_row_00028834,a,09繁昌,04新港,03胡繁凯,0,2,i,0.89777744,0.04252709,0.0038554214,0.89777744,0.00093493727,0.00010932375,0.02634447,8.959585e-06,0.026224712,0.0022176013,i,0.89777744,0,1
0712_row_00028835,ə,09繁昌,04新港,03胡繁凯,7,8,ɛ,0.5467372,0.13031892,0.0922652,0.055989444,0.00040238566,0.00020971881,0.012021368,0.00016324595,0.16189244,0.5467372,ɛ,0.5467372,0,1
0712_row_00028836,i,09繁昌,04新港,03胡繁凯,2,8,ɛ,0.4609183,0.08611902,0.049581416,0.16078514,0.00042445384,0.00031566186,0.022230143,0.0001641186,0.21946181,0.4609183,ɛ,0.4609183,0,1
0712_row_00028837,a,09繁昌,04新港,03胡繁凯,0,2,i,0.95523334,0.008911501,0.0021003683,0.95523334,0.00018173982,3.203184e-05,0.016381875,2.5166394e-06,0.016400296,0.00075638684,i,0.95523334,0,1
0712_row_00028838,i,09繁昌,04新港,03胡繁凯,2,2,i,0.7977905,0.0060566794,0.17077315,0.7977905,0.00010789432,0.0012191675,0.013552896,5.1398542e-06,0.009211202,0.0012832842,i,0.7977905,0,1
0712_row_00028839,i,09繁昌,04新港,03胡繁凯,2,2,i,0.9897718,6.5756462e-06,2.995859e-05,0.9897718,1.0093826e-06,2.2950526e-06,0.0030092574,1.3251985e-08,0.0071783597,6.629618e-07,i,0.9897718,0,1
0712_row_00028840,i,09繁昌,04新港,03胡繁凯,2,2,i,0.7678421,0.00025366727,3.05267e-06,0.7678421,2.120296e-06,2.5447229e-05,0.22843175,1.4908587e-06,0.0033535194,8.688832e-05,i,0.7678421,0,1
0712_row_00028841,y,09繁昌,04新港,03胡繁凯,5,2,i,0.7425807,3.33809e-05,3.653961e-05,0.7425807,3.2257735e-06,0.00019784084,0.22326593,5.015426e-07,0.033846468,3.544768e-05,i,0.7425807,0,1
0712_row_00028842,a,09繁昌,04新港,03胡繁凯,0,7,ə,0.81606895,0.08321495,0.0017191396,0.0044754967,0.0061781467,0.0855762,0.0026224214,1.5786458e-05,0.81606895,0.00012893596,ə,0.81606895,0,1
0712_row_00028843,i,09繁昌,04新港,03胡繁凯,2,2,i,0.8640122,6.411308e-05,0.0001452017,0.8640122,8.776078e-06,2.6024814e-05,0.10416044,9.875847e-07,0.031489898,9.231844e-05,i,0.8640122,0,1
0712_row_00028844,i,09繁昌,04新港,03胡繁凯,2,2,i,0.42381752,0.20731135,0.01133243,0.42381752,0.005889934,0.0017015806,0.05708605,0.00065361004,0.10915519,0.18305232,i,0.42381752,0,1
0712_row_00028845,a,09繁昌,04新港,03胡繁凯,0,3,o,0.86965364,0.12862843,0.000309464,0.00014983308,0.86965364,0.00016021315,2.8912111e-06,0.00041790016,0.0006654474,1.2087233e-05,o,0.86965364,0,1
0712_row_00028846,a,09繁昌,04新港,03胡繁凯,0,0,a,0.75860935,0.75860935,0.0027446332,0.019563466,0.17695083,0.015192468,0.00017744215,0.004172964,0.022254348,0.00033462173,a,0.75860935,0,1
0712_row_00028847,a,09繁昌,04新港,03胡繁凯,0,0,a,0.52741987,0.52741987,0.00032615467,0.001337824,0.3401024,0.012171694,0.00017219604,0.11589254,0.0025738622,3.4184707e-06,a,0.52741987,0,1
0712_row_00028848,a,09繁昌,04新港,03胡繁凯,0,0,a,0.94703376,0.94703376,0.00030478777,0.00020360113,0.013252066,0.011735844,1.1477148e-05,0.0011669183,0.026262982,2.8549857e-05,a,0.94703376,0,1
0712_row_00028849,a,09繁昌,04新港,03胡繁凯,0,0,a,0.7145192,0.7145192,0.00034185106,0.00588065,0.00093929557,0.005972579,0.12903023,9.855836e-06,0.14265703,0.0006492869,a,0.7145192,0,1
0712_row_00028850,a,09繁昌,04新港,03胡繁凯,0,0,a,0.4946406,0.4946406,0.03267447,0.263321,0.012909687,0.07457038,0.06899214,0.00016179292,0.04988975,0.0028400891,a,0.4946406,0,1
0712_row_00028851,a,09繁昌,04新港,03胡繁凯,0,0,a,0.6434943,0.6434943,0.03192074,0.0011832427,0.04261327,0.0012011707,0.0010552705,0.00012298726,0.077577606,0.20083143,a,0.6434943,0,1
0712_row_00028852,a,09繁昌,04新港,03胡繁凯,0,0,a,0.50743055,0.50743055,0.00023483919,0.009497884,0.37315235,0.04184889,0.0004948755,0.06631342,0.0010209865,6.1803826e-06,a,0.50743055,0,1
0712_row_00028853,a,09繁昌,04新港,03胡繁凯,0,0,a,0.8098536,0.8098536,0.004217833,7.3121824e-05,0.14462903,0.0062048994,3.812548e-05,0.030219164,0.0047105653,5.370251e-05,a,0.8098536,0,1
0712_row_00028854,a,09繁昌,04新港,03胡繁凯,0,0,a,0.7666801,0.7666801,0.0014130617,0.0019453228,0.0048027444,0.0006844331,0.0017749856,6.0743263e-05,0.18538801,0.037250523,a,0.7666801,0,1
0712_row_00028855,a,09繁昌,04新港,03胡繁凯,0,0,a,0.6246046,0.6246046,0.00022858863,0.00033151152,0.37276715,2.4286765e-05,4.8609974e-05,0.0009917334,0.0008783539,0.00012516697,a,0.6246046,0,1
0712_row_00028856,a,09繁昌,04新港,03胡繁凯,0,6,ɔ,0.5184329,0.47090882,0.00025682466,4.632688e-05,0.0094449045,0.000870436,1.3559422e-07,0.5184329,3.9526745e-05,6.0281806e-08,ɔ,0.5184329,0,1
0712_row_00028857,a,09繁昌,04新港,03胡繁凯,0,7,ə,0.5184185,0.07049025,0.1606992,0.003404579,0.093908906,0.008904987,0.007302162,0.0004838707,0.5184185,0.1363876,ə,0.5184185,0,1
0712_row_00028858,a,09繁昌,04新港,03胡繁凯,0,2,i,0.9548515,0.016824188,0.0062673436,0.9548515,0.00015176399,0.000104846105,0.009214763,3.6447102e-06,0.010420688,0.0021613068,i,0.9548515,0,1
0712_row_00028859,i,09繁昌,04新港,03胡繁凯,2,2,i,0.9440665,0.0042954655,0.03291362,0.9440665,0.00013173342,0.007558062,0.0008173795,1.261192e-05,0.010155349,4.917681e-05,i,0.9440665,0,1
0712_row_00028860,i,09繁昌,04新港,03胡繁凯,2,2,i,0.9895586,0.0011686316,0.007808034,0.9895586,0.000105944346,0.00017315893,0.0005124969,4.314973e-06,0.00066231954,6.465779e-06,i,0.9895586,0,1
0712_row_00028861,i,09繁昌,04新港,03胡繁凯,2,2,i,0.9850079,0.0011026431,0.011271544,0.9850079,0.00094488496,0.00023426293,0.00092215295,2.3613258e-05,0.0004886878,4.2545944e-06,i,0.9850079,0,1
0712_row_00028862,i,09繁昌,04新港,03胡繁凯,2,2,i,0.90551513,0.003845759,0.04671634,0.90551513,7.5101336e-05,0.0114289755,0.0012611417,1.743605e-05,0.02785099,0.0032890704,i,0.90551513,0,1
0712_row_00028863,a,09繁昌,04新港,03胡繁凯,0,2,i,0.83304995,0.022044279,0.0051768743,0.83304995,0.00013774468,0.0017782385,0.022246879,5.023816e-05,0.027666142,0.08784964,i,0.83304995,0,1
0712_row_00028864,a,09繁昌,04新港,03胡繁凯,0,0,a,0.6846651,0.6846651,0.08566144,0.0011108236,0.0064578927,0.006730097,0.000752612,0.0015714538,0.05889796,0.15415266,a,0.6846651,0,1
0712_row_00028866,ə,09繁昌,04新港,03胡繁凯,7,2,i,0.33712494,0.008451375,0.049456194,0.33712494,0.008589247,0.02166853,0.2931016,0.00049528334,0.19481663,0.08629621,i,0.33712494,0,1
0712_row_00028867,i,09繁昌,04新港,03胡繁凯,2,2,i,0.98324597,0.0004287024,0.014493111,0.98324597,0.00015514354,0.00026828368,0.0005014205,7.689282e-06,0.0008960354,3.616095e-06,i,0.98324597,0,1
0712_row_00028868,e,09繁昌,04新港,03胡繁凯,1,2,i,0.7960165,0.007379357,0.15883273,0.7960165,0.00030290682,0.00094837387,0.02583876,7.440134e-06,0.007921565,0.002752434,i,0.7960165,0,1
0712_row_00028869,i,09繁昌,04新港,03胡繁凯,2,2,i,0.9901614,0.0013294698,0.00062574213,0.9901614,0.0026414515,1.710042e-05,0.0036242525,2.8146864e-05,0.0014106629,0.00016183675,i,0.9901614,0,1
0712_row_00028870,a,09繁昌,04新港,03胡繁凯,0,3,o,0.9292686,0.060790926,0.00047847486,0.00028401657,0.9292686,0.0070511205,0.00025437598,0.00086277316,0.0010040796,5.612668e-06,o,0.9292686,0,1
0712_row_00028871,a,09繁昌,04新港,03胡繁凯,0,3,o,0.75037396,0.20943676,0.0013644409,0.0010933041,0.75037396,0.012973226,0.0013762419,0.0021896863,0.021107638,8.47576e-05,o,0.75037396,0,1
0712_row_00028872,a,09繁昌,04新港,03胡繁凯,0,3,o,0.52262837,0.111725755,0.024552148,0.007573555,0.52262837,0.044179454,0.035259213,0.0011445519,0.25144923,0.0014876615,o,0.52262837,0,1
0712_row_00028873,a,09繁昌,04新港,03胡繁凯,0,3,o,0.3134833,0.29001594,0.0060562645,0.05128796,0.3134833,0.046270657,0.22892748,0.0017446466,0.061150048,0.0010637471,o,0.3134833,0,1
0712_row_00028874,a,09繁昌,04新港,03胡繁凯,0,3,o,0.2892977,0.28355587,0.094036825,0.0051586363,0.2892977,0.20317525,0.04429387,0.004394849,0.07286793,0.003219114,o,0.2892977,0,1
0712_row_00028875,a,09繁昌,04新港,03胡繁凯,0,3,o,0.4489002,0.2477706,0.022507628,0.0017514741,0.4489002,0.24458446,0.016591122,0.0032215826,0.014427496,0.0002454762,o,0.4489002,0,1
0712_row_00028876,a,09繁昌,04新港,03胡繁凯,0,0,a,0.9308678,0.9308678,0.010429918,0.00040382615,0.008650009,0.0028021284,0.00017017938,0.0005381628,0.041207198,0.0049307845,a,0.9308678,0,1
0712_row_00028877,a,09繁昌,04新港,03胡繁凯,0,0,a,0.9856413,0.9856413,0.000104089464,0.0011372424,1.4290282e-05,1.8145034e-05,7.032843e-07,4.182472e-07,0.0048540113,0.008229938,a,0.9856413,0,1
0712_row_00028878,a,09繁昌,04新港,03胡繁凯,0,0,a,0.73968214,0.73968214,0.0030366713,0.0051212683,0.037041787,0.05925104,0.002660874,0.007826426,0.14528829,9.144487e-05,a,0.73968214,0,1
0712_row_00028879,a,09繁昌,04新港,03胡繁凯,0,0,a,0.5501881,0.5501881,0.005012176,0.00010944258,0.44348925,0.00018871826,2.8993316e-05,0.00091771147,5.2554413e-05,1.3083562e-05,a,0.5501881,0,1
0712_row_00028880,a,09繁昌,04新港,03胡繁凯,0,0,a,0.4859745,0.4859745,0.00029908953,9.3269584e-05,0.46887678,0.014206576,0.0018291759,0.00031175627,0.02837594,3.2824835e-05,a,0.4859745,0,1
0712_row_00028881,a,09繁昌,04新港,03胡繁凯,0,4,u,0.39273244,0.15909022,0.009875681,0.00066880963,0.15001848,0.39273244,0.0327832,0.0021943925,0.25065178,0.001985027,u,0.39273244,0,1
0712_row_00028882,a,09繁昌,04新港,03胡繁凯,0,3,o,0.96264094,0.033467293,0.0002475136,3.783756e-05,0.96264094,0.001064262,3.1287236e-05,0.00034773903,0.0021603475,2.7386857e-06,o,0.96264094,0,1
0712_row_00028883,a,09繁昌,04新港,03胡繁凯,0,3,o,0.7484704,0.23961437,0.00028751732,0.00016751891,0.7484704,0.0014450056,0.00021030866,0.00044331257,0.009348937,1.2579276e-05,o,0.7484704,0,1
0712_row_00028884,a,09繁昌,04新港,03胡繁凯,0,7,ə,0.61638737,0.18045743,0.0028376526,0.0005824098,0.18943267,0.0028721453,0.0058883666,0.0005104989,0.61638737,0.001031454,ə,0.61638737,0,1
0712_row_00028885,u,09繁昌,04新港,03胡繁凯,4,5,y,0.5611504,0.004000639,0.00036008394,0.07761387,0.0022724478,0.33912727,0.5611504,2.9035818e-05,0.015411068,3.5152312e-05,y,0.5611504,0,1
0712_row_00028887,y,09繁昌,04新港,03胡繁凯,5,2,i,0.7972973,0.0042924276,0.041214317,0.7972973,0.0005336586,0.024503173,0.118629344,0.000119498465,0.009168389,0.0042419597,i,0.7972973,0,1
0712_row_00028888,y,09繁昌,04新港,03胡繁凯,5,5,y,0.7575996,0.020851241,0.020892262,0.06003799,0.001698973,0.00074286835,0.7575996,6.824508e-05,0.017388523,0.1207203,y,0.7575996,0,1
0712_row_00028889,a,09繁昌,04新港,03胡繁凯,0,0,a,0.7821332,0.7821332,0.01975576,0.0015354926,0.13306935,0.035013538,0.0007996251,0.012728,0.014860199,0.0001048652,a,0.7821332,0,1
0712_row_00028890,a,09繁昌,04新港,03胡繁凯,0,0,a,0.8126795,0.8126795,0.0124783935,0.0035262457,0.10228958,0.02994946,0.00062015123,0.009525009,0.028877767,5.391365e-05,a,0.8126795,0,1
0712_row_00028891,a,09繁昌,04新港,03胡繁凯,0,0,a,0.7377503,0.7377503,0.023848783,1.3277711e-05,0.043236032,0.14487489,4.4858585e-05,0.0035888664,0.046581462,6.160737e-05,a,0.7377503,0,1
0712_row_00028892,y,09繁昌,04新港,03胡繁凯,5,5,y,0.89271986,0.0038354355,0.094072916,0.00078571367,0.0021725935,3.7435104e-05,0.89271986,1.9143527e-06,0.0056401156,0.0007339483,y,0.89271986,0,1
0712_row_00028893,e,09繁昌,04新港,03胡繁凯,1,5,y,0.57043177,0.002458165,0.42497104,0.00059046695,0.00034374953,0.0001784941,0.57043177,1.5994095e-06,0.00066289294,0.00036175622,y,0.57043177,0,1
0712_row_00028894,e,09繁昌,04新港,03胡繁凯,1,1,e,0.47102174,0.13500972,0.47102174,0.0390347,0.00053154764,0.007674559,0.3023012,5.3977677e-05,0.00776692,0.036605634,e,0.47102174,0,1
0712_row_00028895,ə,09繁昌,04新港,03胡繁凯,7,7,ə,0.9653279,6.900446e-05,2.7194792e-05,0.0015145916,0.00014630427,7.851189e-05,0.03275926,6.324857e-06,0.9653279,7.095319e-05,ə,0.9653279,0,1
0712_row_00028896,ə,09繁昌,04新港,03胡繁凯,7,7,ə,0.76965314,0.0017045878,0.0028599543,0.04415256,0.0006740831,0.1657073,0.015220423,7.388559e-06,0.76965314,2.0544712e-05,ə,0.76965314,0,1
0712_row_00028897,i,09繁昌,04新港,03胡繁凯,2,2,i,0.99903166,7.5659017e-07,5.47931e-06,0.99903166,4.2007136e-07,1.4692634e-07,0.00019109821,2.7439615e-09,0.00077035726,2.1093497e-08,i,0.99903166,0,1
0712_row_00028898,i,09繁昌,04新港,03胡繁凯,2,2,i,0.92733395,9.695019e-05,1.931332e-05,0.92733395,2.006888e-06,2.1672244e-05,0.050416924,4.7687774e-07,0.022073803,3.4929675e-05,i,0.92733395,0,1
0712_row_00028899,i,09繁昌,04新港,03胡繁凯,2,2,i,0.88787824,6.113318e-05,8.798381e-06,0.88787824,2.4169212e-06,3.113819e-05,0.10829844,5.0030286e-07,0.0036420312,7.7314886e-05,i,0.88787824,0,1
0712_row_00028900,i,09繁昌,04新港,03胡繁凯,2,2,i,0.862269,5.7399513e-05,5.3464533e-05,0.862269,6.662039e-06,9.6199055e-06,0.086027384,7.7142533e-07,0.051516894,5.8816993e-05,i,0.862269,0,1
0712_row_00028901,i,09繁昌,04新港,03胡繁凯,2,2,i,0.7919879,0.008865153,0.030643145,0.7919879,0.0005287308,0.000860927,0.033937827,0.00018012077,0.03608997,0.096906245,i,0.7919879,0,1
0712_row_00028902,i,09繁昌,04新港,03胡繁凯,2,2,i,0.88954514,0.00016827395,4.143872e-05,0.88954514,2.2790557e-06,1.7338794e-05,0.059774455,5.500381e-07,0.05039967,5.081707e-05,i,0.88954514,0,1
0712_row_00028903,i,09繁昌,04新港,03胡繁凯,2,2,i,0.87487346,2.412266e-05,3.530442e-05,0.87487346,3.5570133e-06,0.00040632155,0.10460295,3.3504793e-07,0.020035384,1.8578943e-05,i,0.87487346,0,1
0712_row_00028904,ə,09繁昌,04新港,03胡繁凯,7,2,i,0.5210266,2.708593e-05,0.00018593177,0.5210266,9.09612e-06,0.0010608566,0.16177729,1.565987e-06,0.3159091,2.4400922e-06,i,0.5210266,0,1
0712_row_00028905,ə,09繁昌,04新港,03胡繁凯,7,7,ə,0.9151501,0.00033794998,9.575656e-05,0.08165824,3.0476604e-05,0.0005667199,0.0021565175,3.9928673e-06,0.9151501,3.0848292e-07,ə,0.9151501,0,1
0712_row_00028906,u,09繁昌,04新港,03胡繁凯,4,7,ə,0.684772,0.008202904,0.0005466832,0.00054741855,0.09111741,0.20554733,0.009107569,0.00015633203,0.684772,2.3560767e-06,ə,0.684772,0,1
0712_row_00028907,u,09繁昌,04新港,03胡繁凯,4,4,u,0.52419025,0.0026374562,0.0001526069,0.0017493021,0.00070745905,0.52419025,0.46783766,6.0963753e-06,0.002718146,1.0586015e-06,u,0.52419025,0,1
0712_row_00028908,u,09繁昌,04新港,03胡繁凯,4,4,u,0.5544429,0.0004697212,7.671352e-05,0.012742348,0.00047884107,0.5544429,0.36024946,4.2812303e-06,0.071532734,2.9809014e-06,u,0.5544429,0,1
0712_row_00028909,u,09繁昌,04新港,03胡繁凯,4,7,ə,0.8766081,0.008756651,0.00049188,0.00058247626,0.0028530739,0.07650703,0.034151718,3.481609e-05,0.8766081,1.433449e-05,ə,0.8766081,0,1
0712_row_00028910,u,09繁昌,04新港,03胡繁凯,4,5,y,0.6153989,0.00067722215,7.605787e-05,0.009889616,0.0003402833,0.3390142,0.6153989,6.5711743e-06,0.0345935,3.6765593e-06,y,0.6153989,0,1
0712_row_00028911,y,09繁昌,04新港,03胡繁凯,5,5,y,0.9955449,0.00014846212,0.00047451622,0.00085492694,6.146548e-05,0.0012814009,0.9955449,5.2358513e-07,0.0016311355,2.697583e-06,y,0.9955449,0,1
0712_row_00028912,ə,09繁昌,04新港,03胡繁凯,7,7,ə,0.9678449,0.00729413,0.00050767814,0.00012546768,4.071401e-05,0.023484075,0.00069904706,1.4860914e-06,0.9678449,2.4613614e-06,ə,0.9678449,0,1
0712_row_00028913,ə,09繁昌,04新港,03胡繁凯,7,7,ə,0.99293035,0.00036589347,2.9779696e-05,0.00052689185,6.070723e-06,0.0019468284,0.0041934694,6.369898e-07,0.99293035,1.6104285e-07,ə,0.99293035,0,1
0712_row_00028914,ə,09繁昌,04新港,03胡繁凯,7,7,ə,0.78707576,0.00048726817,0.00017205338,0.17368565,1.6583026e-05,0.0022480804,0.036311034,2.2663965e-06,0.78707576,1.2407178e-06,ə,0.78707576,0,1
0712_row_00028915,y,09繁昌,04新港,03胡繁凯,5,5,y,0.9477533,8.988349e-05,3.691306e-05,0.04370515,5.3478216e-06,0.00020282736,0.9477533,2.2165551e-07,0.008204249,2.0381315e-06,y,0.9477533,0,1
0712_row_00028916,y,09繁昌,04新港,03胡繁凯,5,5,y,0.9712024,8.310868e-06,6.716641e-05,0.00078397576,0.00012581362,1.9460645e-05,0.9712024,1.4031622e-07,0.027791254,1.580528e-06,y,0.9712024,0,1
0712_row_00028917,a,09繁昌,04新港,03胡繁凯,0,3,o,0.86219436,0.12717071,0.00028210474,8.5814434e-05,0.86219436,0.0025568285,1.1097594e-05,0.0076326104,6.631668e-05,1.3637431e-07,o,0.86219436,0,1
0712_row_00028918,o,09繁昌,04新港,03胡繁凯,3,3,o,0.9380942,0.034091502,7.30932e-05,6.335227e-05,0.9380942,0.026899105,0.00029002424,0.0003744483,0.00011401028,2.4247765e-07,o,0.9380942,0,1
0712_row_00028919,o,09繁昌,04新港,03胡繁凯,3,3,o,0.8438041,0.07092837,0.013228572,0.0013362665,0.8438041,0.040245146,0.0006168706,0.002108191,0.02770524,2.7253463e-05,o,0.8438041,0,1
0712_row_00028920,o,09繁昌,04新港,03胡繁凯,3,3,o,0.8893375,0.07312349,0.00060527987,3.4041797e-05,0.8893375,0.027004056,8.685404e-05,0.0022557774,0.0075395103,1.346285e-05,o,0.8893375,0,1
0712_row_00028921,o,09繁昌,04新港,03胡繁凯,3,3,o,0.99372673,0.004791227,0.0001936487,0.00026625503,0.99372673,1.6842543e-05,0.0007407522,1.1116762e-05,0.00024801728,5.314348e-06,o,0.99372673,0,1
0712_row_00028922,a,09繁昌,04新港,03胡繁凯,0,0,a,0.99238855,0.99238855,9.5547446e-05,6.6783636e-05,0.0037574486,0.00026568456,1.3837857e-05,5.08854e-05,0.0027989615,0.00056220166,a,0.99238855,0,1
0712_row_00028923,a,09繁昌,04新港,03胡繁凯,0,0,a,0.9938694,0.9938694,6.9582726e-05,8.1252976e-05,0.0038090951,7.615487e-05,5.058344e-06,4.93087e-05,0.001689739,0.00035034434,a,0.9938694,0,1
0712_row_00028924,ə,09繁昌,04新港,03胡繁凯,7,3,o,0.97751343,0.01686796,0.00027448393,0.000127006,0.97751343,0.003079707,0.000504151,0.0004764922,0.0011442892,1.2359336e-05,o,0.97751343,0,1
0712_row_00028925,a,09繁昌,04新港,03胡繁凯,0,0,a,0.61473966,0.61473966,0.00068650383,0.00013958987,0.3805583,0.00141733,9.880066e-06,0.0022260677,0.00021977111,2.9610446e-06,a,0.61473966,0,1
0712_row_00028926,a,09繁昌,04新港,03胡繁凯,0,0,a,0.959742,0.959742,0.0066617294,0.00010960513,0.0062753125,0.017242866,2.1228783e-05,0.0030112294,0.0066044056,0.00033158765,a,0.959742,0,1
0712_row_00028927,a,09繁昌,04新港,03胡繁凯,0,0,a,0.89818484,0.89818484,0.0042356863,0.0034589902,0.0032634346,0.06778619,0.0009941775,0.0014006187,0.019031035,0.0016450483,a,0.89818484,0,1
0712_row_00028928,a,09繁昌,04新港,03胡繁凯,0,4,u,0.51036865,0.256957,0.004486034,0.016927589,0.17021458,0.51036865,0.020818695,0.01538819,0.0045643793,0.0002749472,u,0.51036865,0,1
0712_row_00028929,a,09繁昌,04新港,03胡繁凯,0,0,a,0.97413856,0.97413856,0.006602127,0.00026548427,0.00600644,0.007505788,1.3203863e-05,0.0014463329,0.0032456839,0.00077636173,a,0.97413856,0,1
0712_row_00028930,a,09繁昌,04新港,03胡繁凯,0,0,a,0.7695908,0.7695908,0.003442243,0.022803558,0.017698951,0.17043592,0.0010346696,0.0011626974,0.010007887,0.003823308,a,0.7695908,0,1
0712_row_00028931,a,09繁昌,04新港,03胡繁凯,0,0,a,0.9743706,0.9743706,0.00039478397,0.008775723,5.7180518e-05,8.268066e-05,0.0005348423,2.498332e-07,0.013093733,0.002690132,a,0.9743706,0,1
0712_row_00028932,a,09繁昌,04新港,03胡繁凯,0,3,o,0.8991746,0.09455825,0.00010335448,0.0025068433,0.8991746,3.8228067e-05,0.00022689193,3.538075e-05,0.0033419153,1.4528322e-05,o,0.8991746,0,1
0712_row_00028933,a,09繁昌,04新港,03胡繁凯,0,2,i,0.605953,0.0010745618,0.00018592659,0.605953,2.0044426e-05,0.005608774,0.28726098,4.281439e-06,0.09982943,6.297777e-05,i,0.605953,0,1
0712_row_00028934,e,09繁昌,04新港,03胡繁凯,1,2,i,0.48315808,0.034423444,0.059532695,0.48315808,0.14519407,0.06972405,0.18993023,0.0010568748,0.013087089,0.0038934334,i,0.48315808,0,1
0712_row_00028935,o,09繁昌,04新港,03胡繁凯,3,3,o,0.9648727,0.023599686,0.0004905367,0.00036679071,0.9648727,0.0076287896,0.0026288067,0.00019023953,0.0002180115,4.429268e-06,o,0.9648727,0,1
0712_row_00028936,e,09繁昌,04新港,03胡繁凯,1,1,e,0.5828111,0.35728315,0.5828111,0.025924858,0.00041948573,0.0096808085,0.0014634769,0.00022683348,0.021792514,0.00039777762,e,0.5828111,0,1
0712_row_00028937,e,09繁昌,04新港,03胡繁凯,1,2,i,0.395703,0.0620554,0.3718453,0.395703,0.0026421363,0.036633775,0.010287061,0.0007674747,0.114052884,0.0060129897,i,0.395703,0,1
0712_row_00028938,e,09繁昌,04新港,03胡繁凯,1,1,e,0.87598425,0.031932633,0.87598425,0.04533298,0.00061167986,0.034519628,0.0030620329,0.00011070795,0.008009993,0.00043605262,e,0.87598425,0,1
0712_row_00028939,e,09繁昌,04新港,03胡繁凯,1,7,ə,0.48743868,0.035492156,0.2783489,0.020135207,0.0051986584,0.1642247,0.0010359349,0.0016959376,0.48743868,0.0064298348,ə,0.48743868,0,1
0712_row_00028940,e,09繁昌,04新港,03胡繁凯,1,2,i,0.6676051,0.07912016,0.20415442,0.6676051,0.0071119242,0.018456297,0.014718299,0.00014313767,0.006277906,0.0024127204,i,0.6676051,0,1
0712_row_00028941,ə,09繁昌,04新港,03胡繁凯,7,7,ə,0.63796455,0.05758881,0.00047527897,0.09765412,0.003860379,0.05347129,0.14810589,3.3359927e-05,0.63796455,0.0008463231,ə,0.63796455,0,1
0712_row_00028942,e,09繁昌,04新港,03胡繁凯,1,1,e,0.896562,0.025438985,0.896562,0.06180326,0.00026830108,0.01090567,0.0006881253,2.7946042e-05,0.004132553,0.00017323198,e,0.896562,0,1
0712_row_00028943,o,09繁昌,04新港,03胡繁凯,3,3,o,0.5176238,0.4770043,0.0040194527,0.0002141477,0.5176238,0.0002898623,6.3905194e-05,0.0006278037,0.0001461622,1.0602879e-05,o,0.5176238,0,1
0712_row_00028944,a,09繁昌,04新港,03胡繁凯,0,0,a,0.99835324,0.99835324,2.812683e-05,0.00016196958,5.2876047e-05,0.00014446776,3.275997e-08,1.8379473e-05,0.0012246867,1.6290207e-05,a,0.99835324,0,1
0712_row_00028945,ə,09繁昌,04新港,03胡繁凯,7,7,ə,0.8817854,0.036246408,0.00853078,0.01747701,0.007211776,0.044039376,0.0041309255,3.8411596e-05,0.8817854,0.00053992873,ə,0.8817854,0,1
0712_row_00028946,ə,09繁昌,04新港,03胡繁凯,7,7,ə,0.6369193,0.06263169,0.00168363,0.023939924,0.0023732234,0.26894984,0.0034099605,3.1994594e-05,0.6369193,6.0352762e-05,ə,0.6369193,0,1
0712_row_00028947,a,09繁昌,04新港,03胡繁凯,0,1,e,0.4648247,0.054463632,0.4648247,0.214969,0.0013958712,0.021920614,0.048043996,0.0017900859,0.19195876,0.0006333337,e,0.4648247,0,1
0712_row_00028948,a,09繁昌,04新港,03胡繁凯,0,1,e,0.6675131,0.09356853,0.6675131,0.0090516545,0.0025084792,0.20506458,0.0040994207,0.00022630849,0.01712642,0.0008415304,e,0.6675131,0,1
0712_row_00028949,e,09繁昌,04新港,03胡繁凯,1,7,ə,0.59095013,0.0119040515,0.376242,0.0015029621,0.0025212474,0.01558856,0.00049001037,0.00024860393,0.59095013,0.00055240345,ə,0.59095013,0,1
0712_row_00028950,i,09繁昌,04新港,03胡繁凯,2,2,i,0.99880993,8.8844956e-07,6.4296805e-06,0.99880993,5.743148e-07,1.7477667e-07,0.00018876475,5.0202904e-09,0.000993223,4.5944457e-08,i,0.99880993,0,1
0712_row_00028951,i,09繁昌,04新港,03胡繁凯,2,2,i,0.9985531,1.8572578e-06,6.648984e-06,0.9985531,2.5322183e-06,1.7710005e-07,0.0003643996,1.560227e-08,0.0010711332,1.6126604e-07,i,0.9985531,0,1
0712_row_00028952,i,09繁昌,04新港,03胡繁凯,2,2,i,0.99896777,1.8245295e-06,7.177382e-06,0.99896777,2.4644632e-07,2.0133074e-07,0.0003089634,3.987086e-09,0.00071382517,3.7585547e-08,i,0.99896777,0,1
0712_row_00028953,ə,09繁昌,04新港,03胡繁凯,7,7,ə,0.70485264,0.0019417168,0.0002205621,0.23461446,0.00013298508,0.002034113,0.05608526,5.1753336e-06,0.70485264,0.0001131053,ə,0.70485264,0,1
0712_row_00028954,ə,09繁昌,04新港,03胡繁凯,7,7,ə,0.4880471,0.0621775,0.0007469615,0.2027933,0.0015526337,0.029186066,0.21347746,4.7177895e-05,0.4880471,0.0019718008,ə,0.4880471,0,1
0712_row_00028955,i,09繁昌,04新港,03胡繁凯,2,2,i,0.77329624,0.00020259076,0.0016151619,0.77329624,2.2726499e-05,0.0006956875,0.027657753,1.7473042e-06,0.1964434,6.463085e-05,i,0.77329624,0,1
0712_row_00028956,i,09繁昌,04新港,03胡繁凯,2,2,i,0.8050253,1.6935137e-05,6.3209576e-05,0.8050253,2.1592996e-06,0.00018973878,0.11267771,1.9636482e-07,0.08201497,9.82843e-06,i,0.8050253,0,1
0712_row_00028957,ə,09繁昌,04新港,03胡繁凯,7,2,i,0.8180368,4.2365467e-05,3.0120014e-05,0.8180368,1.9538265e-06,0.0013404367,0.15324256,3.320024e-07,0.02729789,7.616651e-06,i,0.8180368,0,1
0712_row_00028958,i,09繁昌,04新港,03胡繁凯,2,2,i,0.9948607,8.7532335e-06,4.523325e-05,0.9948607,1.7953728e-06,1.1121962e-06,0.0016943603,2.2108896e-08,0.0033871292,9.2834284e-07,i,0.9948607,0,1
0712_row_00028960,ə,09繁昌,04新港,03胡繁凯,7,7,ə,0.95332825,4.179281e-05,1.2529834e-05,0.018844351,0.0009911178,1.9955144e-06,0.026729027,2.9463006e-06,0.95332825,4.7978887e-05,ə,0.95332825,0,1
0712_row_00028961,o,09繁昌,04新港,03胡繁凯,3,3,o,0.99544865,8.655204e-06,2.6366724e-05,1.1329972e-05,0.99544865,6.2856445e-05,2.0863135e-06,1.3641729e-06,0.004438333,3.1317114e-07,o,0.99544865,0,1
0712_row_00028962,o,09繁昌,04新港,03胡繁凯,3,3,o,0.96139765,0.0073202,0.0005882457,0.0005258886,0.96139765,0.02606385,0.00019079381,1.6015958e-05,0.0038959708,1.4754387e-06,o,0.96139765,0,1
0712_row_00028964,o,09繁昌,04新港,03胡繁凯,3,3,o,0.99995553,7.6214305e-06,6.3626527e-07,4.002544e-07,0.99995553,1.7855618e-06,2.1499712e-08,9.608139e-08,3.382391e-05,2.3274568e-10,o,0.99995553,0,1
0712_row_00028965,o,09繁昌,04新港,03胡繁凯,3,3,o,0.96306247,0.0027021372,0.0004620394,0.00022253049,0.96306247,0.00682906,2.1943604e-05,5.969756e-05,0.026639294,7.8074873e-07,o,0.96306247,0,1
0712_row_00028966,o,09繁昌,04新港,03胡繁凯,3,3,o,0.99961084,1.665453e-06,7.573648e-08,9.512707e-07,0.99961084,7.5340854e-06,5.371103e-07,1.407216e-08,0.00037840343,1.3185042e-09,o,0.99961084,0,1
0712_row_00028967,o,09繁昌,04新港,03胡繁凯,3,3,o,0.67103374,6.9612426e-05,8.493106e-06,5.162963e-05,0.67103374,0.00036056497,6.024258e-05,1.0912918e-05,0.32840434,5.200733e-07,o,0.67103374,0,1
0712_row_00028968,u,09繁昌,04新港,03胡繁凯,4,3,o,0.9632385,0.02870432,0.00011300903,0.00021247269,0.9632385,0.0070210574,0.00018073212,0.0004216873,0.000107944885,3.0166058e-07,o,0.9632385,0,1
0712_row_00028969,o,09繁昌,04新港,03胡繁凯,3,3,o,0.99917334,4.916335e-06,4.0485434e-06,5.296532e-07,0.99917334,9.222473e-06,4.1768126e-07,1.1040179e-07,0.00080730993,5.692653e-08,o,0.99917334,0,1
0712_row_00028970,o,09繁昌,04新港,03胡繁凯,3,3,o,0.97125334,0.0044422727,4.2262265e-05,2.002992e-06,0.97125334,0.00026205013,3.4799345e-07,1.0792062e-05,0.023986628,3.5438322e-07,o,0.97125334,0,1
0712_row_00028971,u,09繁昌,04新港,03胡繁凯,4,4,u,0.5649812,0.001269801,0.00013900438,9.2151015e-05,0.0054581594,0.5649812,0.42657816,8.126388e-06,0.0014463902,2.696931e-05,u,0.5649812,0,1
0712_row_00028972,o,09繁昌,04新港,03胡繁凯,3,3,o,0.8800622,0.0014896484,0.0018300555,0.0036639895,0.8800622,2.9094304e-05,0.10405974,1.4075435e-05,0.008381614,0.00046958475,o,0.8800622,0,1
0712_row_00028973,y,09繁昌,04新港,03胡繁凯,5,2,i,0.79140455,0.00032135437,0.004176845,0.79140455,7.4248215e-05,0.0031593088,0.18160698,6.1962937e-06,0.018539768,0.0007107353,i,0.79140455,0,1
0712_row_00028974,o,09繁昌,04新港,03胡繁凯,3,3,o,0.99375445,0.00096784765,1.4039844e-05,6.324805e-07,0.99375445,5.204356e-05,1.2270799e-07,3.8018243e-06,0.005206871,1.3759022e-07,o,0.99375445,0,1
0712_row_00028975,o,09繁昌,04新港,03胡繁凯,3,3,o,0.990537,0.00010751355,2.1033457e-06,3.96375e-06,0.990537,1.6916714e-05,2.3279104e-05,1.5995215e-06,0.009307559,1.1778097e-07,o,0.990537,0,1
0712_row_00028976,a,09繁昌,04新港,03胡繁凯,0,0,a,0.9741858,0.9741858,0.0003490312,0.022710228,0.0008565023,0.000100652935,2.0794441e-06,8.288885e-05,0.00047948107,0.001233368,a,0.9741858,0,1
0712_row_00028977,a,09繁昌,04新港,03胡繁凯,0,0,a,0.998365,0.998365,6.450682e-05,0.00022692415,4.5803252e-05,0.00016775845,4.667282e-08,3.360607e-05,0.0010673419,2.8984527e-05,a,0.998365,0,1
0712_row_00028978,a,09繁昌,04新港,03胡繁凯,0,0,a,0.994995,0.994995,0.00019712401,8.105645e-05,0.0017205272,0.0007140861,1.2720584e-06,0.001318635,0.0009661408,6.205388e-06,a,0.994995,0,1
0712_row_00028979,a,09繁昌,04新港,03胡繁凯,0,0,a,0.68711865,0.68711865,3.5791334e-05,3.657649e-05,2.2568167e-05,1.1313263e-06,2.0422742e-06,7.925042e-08,0.00093208114,0.31185105,a,0.68711865,0,1
0712_row_00028980,ə,09繁昌,04新港,03胡繁凯,7,7,ə,0.6184201,0.104144074,0.004430089,0.023311084,0.007403645,0.10995333,0.0028780443,0.002800399,0.6184201,0.12665926,ə,0.6184201,0,1
0712_row_00028981,ə,09繁昌,04新港,03胡繁凯,7,4,u,0.5566408,0.03783401,0.22461063,0.039916426,0.008962649,0.5566408,0.012634727,0.0014725676,0.115264356,0.0026638294,u,0.5566408,0,1
0712_row_00028982,u,09繁昌,04新港,03胡繁凯,4,4,u,0.87855864,0.009880646,0.00029304033,0.0004943271,0.038215563,0.87855864,0.006530621,0.0001009411,0.065807976,0.000118268086,u,0.87855864,0,1
0712_row_00028984,ɛ,09繁昌,04新港,03胡繁凯,8,2,i,0.978297,0.00027896842,0.00065259705,0.978297,1.2810477e-05,0.0013805918,0.017216638,3.1070201e-06,0.0016230806,0.0005351015,i,0.978297,0,1
0712_row_00028985,u,09繁昌,04新港,03胡繁凯,4,1,e,0.5139762,0.013625777,0.5139762,0.16187584,0.003953293,0.22787538,0.0045666564,0.0013521892,0.07031102,0.0024636916,e,0.5139762,0,1
0712_row_00028986,a,09繁昌,04新港,03胡繁凯,0,0,a,0.8744986,0.8744986,0.030273411,5.0961105e-05,0.041454192,0.019260723,0.0001096573,0.00043068264,0.033226784,0.0006950647,a,0.8744986,0,1
0712_row_00028987,i,09繁昌,04新港,03胡繁凯,2,2,i,0.99479717,0.00013762004,0.001507435,0.99479717,4.7082103e-06,0.0006341988,0.0023613905,4.4295663e-07,0.00036909958,0.00018789561,i,0.99479717,0,1
0712_row_00028988,a,09繁昌,04新港,03胡繁凯,0,3,o,0.85869634,0.1276757,0.00043734763,7.527541e-05,0.85869634,0.0043546273,2.3218154e-05,0.008559655,0.00017708483,7.338467e-07,o,0.85869634,0,1
0712_row_00028989,a,09繁昌,04新港,03胡繁凯,0,0,a,0.76992,0.76992,0.00059498433,0.00027531481,0.1328295,0.004496369,5.8972724e-05,0.09116268,0.0006432606,1.8940822e-05,a,0.76992,0,1
0712_row_00028990,o,09繁昌,04新港,03胡繁凯,3,3,o,0.98489743,0.0015021351,0.00066672923,0.001736246,0.98489743,0.00042694563,0.010583511,3.625706e-05,0.00014868357,2.069372e-06,o,0.98489743,0,1
0712_row_00028991,a,09繁昌,04新港,03胡繁凯,0,0,a,0.6656414,0.6656414,0.0020547798,0.010156728,0.28544253,0.01699853,0.00082595897,0.0010016221,0.016104106,0.0017743681,a,0.6656414,0,1
0712_row_00028992,a,09繁昌,04新港,03胡繁凯,0,3,o,0.8152025,0.12562397,0.026203923,0.004352874,0.8152025,0.009586206,0.005278974,0.0009328745,0.010005106,0.0028135239,o,0.8152025,0,1
0712_row_00028993,i,09繁昌,04新港,03胡繁凯,2,2,i,0.96081734,0.015351298,0.0069541754,0.96081734,0.0006289057,0.010920492,0.0021019077,3.9014747e-05,0.0031328832,5.397314e-05,i,0.96081734,0,1
0712_row_00028994,a,09繁昌,04新港,03胡繁凯,0,7,ə,0.80154455,0.036473535,0.0007587934,0.12596384,0.0069118375,0.0007489511,0.025616268,0.00044442364,0.80154455,0.001537711,ə,0.80154455,0,1
0712_row_00028995,a,09繁昌,04新港,03胡繁凯,0,3,o,0.9304653,0.04925154,5.803106e-05,0.00078640674,0.9304653,0.017142938,0.00022361094,0.0019535227,0.000118526244,8.6296936e-08,o,0.9304653,0,1
0712_row_00028996,i,09繁昌,04新港,03胡繁凯,2,2,i,0.7369968,0.006975271,0.20599212,0.7369968,0.0004959128,0.006899791,0.033432536,5.7557314e-05,0.008091378,0.0010585584,i,0.7369968,0,1
0712_row_00028997,i,09繁昌,04新港,03胡繁凯,2,2,i,0.85755247,0.0032375942,0.102907956,0.85755247,0.00026586174,0.018219016,0.0008038833,5.882107e-05,0.016881442,7.310479e-05,i,0.85755247,0,1
0712_row_00028998,i,09繁昌,04新港,03胡繁凯,2,2,i,0.9883039,0.0019403205,0.000553187,0.9883039,0.0022438187,1.1242946e-05,0.006755735,1.358599e-06,0.00018186585,8.548428e-06,i,0.9883039,0,1
0712_row_00028999,a,09繁昌,04新港,03胡繁凯,0,0,a,0.56350505,0.56350505,0.05001486,0.00085914583,0.22566055,0.035998657,0.014280458,0.0016633222,0.107713744,0.00030426815,a,0.56350505,0,1
0712_row_00029000,u,09繁昌,04新港,03胡繁凯,4,5,y,0.63336,0.014299812,0.00042800163,0.01865373,0.005509556,0.31866422,0.63336,4.7428235e-05,0.009009763,2.7388067e-05,y,0.63336,0,1
0712_row_00029001,e,09繁昌,04新港,03胡繁凯,1,5,y,0.86488473,0.01633593,0.10526921,0.0023403142,0.00044534187,0.0078050285,0.86488473,7.720263e-06,0.0026030298,0.00030869571,y,0.86488473,0,1
0712_row_00029002,ə,09繁昌,04新港,03胡繁凯,7,4,u,0.82393366,0.017402893,0.0012042765,0.00185784,0.0018598778,0.82393366,0.0016174502,4.395469e-05,0.15207005,1.0071289e-05,u,0.82393366,0,1
0712_row_00029003,e,09繁昌,04新港,03胡繁凯,1,1,e,0.34759998,0.09250043,0.34759998,0.1259107,0.030248959,0.2146017,0.14865729,0.0007529372,0.031317513,0.008410457,e,0.34759998,0,1
0712_row_00029004,a,09繁昌,04新港,03胡繁凯,0,3,o,0.9015185,0.08710888,0.00017121033,0.000101011785,0.9015185,0.0026818428,7.421443e-06,0.008372335,3.883392e-05,5.4055825e-08,o,0.9015185,0,1
0712_row_00029005,a,09繁昌,04新港,03胡繁凯,0,0,a,0.9397661,0.9397661,0.00050342095,0.00027376425,0.051803842,0.002945214,0.00010558981,0.00047005937,0.002450422,0.0016815343,a,0.9397661,0,1
0712_row_00029006,o,09繁昌,04新港,03胡繁凯,3,3,o,0.99870384,7.2201524e-06,1.2602338e-06,8.122299e-07,0.99870384,1.3917307e-06,2.6123537e-06,1.3395119e-07,0.0012825537,6.4699485e-08,o,0.99870384,0,1
0712_row_00029007,o,09繁昌,04新港,03胡繁凯,3,8,ɛ,0.28176978,0.13264732,0.2477331,0.0020883672,0.0593921,0.0038103077,0.004608272,0.00057562464,0.26737517,0.28176978,ɛ,0.28176978,0,1
0712_row_00029008,a,09繁昌,04新港,03胡繁凯,0,0,a,0.9982173,0.9982173,8.017949e-05,1.5624217e-05,7.2849914e-05,0.00033202712,5.5827503e-08,8.4665735e-05,0.0011715817,2.5740703e-05,a,0.9982173,0,1
0712_row_00029009,a,09繁昌,04新港,03胡繁凯,0,1,e,0.75812626,0.11820755,0.75812626,0.013926626,0.0015678873,0.089729674,0.003500235,0.00020816117,0.013996683,0.00073689275,e,0.75812626,0,1
0712_row_00029010,a,09繁昌,04新港,03胡繁凯,0,0,a,0.6021795,0.6021795,0.0015467358,0.00039915842,0.22405894,0.112972915,0.01957143,0.0037553576,0.035488922,2.6998123e-05,a,0.6021795,0,1
0712_row_00029011,o,09繁昌,04新港,03胡繁凯,3,3,o,0.96950555,0.027851308,0.00029855268,2.5316036e-05,0.96950555,0.0011787004,8.459011e-06,0.0010993409,3.26671e-05,1.4197217e-07,o,0.96950555,0,1
0712_row_00029012,o,09繁昌,04新港,03胡繁凯,3,3,o,0.989113,5.7739658e-06,1.1897936e-06,6.2409313e-06,0.989113,2.3872337e-05,4.43323e-06,8.3167424e-07,0.01084453,4.5830685e-08,o,0.989113,0,1
0712_row_00029013,a,09繁昌,04新港,03胡繁凯,0,2,i,0.33561173,0.04537606,0.023670418,0.33561173,0.017605143,7.4629184e-05,0.06887324,0.00030699372,0.30127153,0.20721029,i,0.33561173,0,1
0712_row_00029014,ɛ,09繁昌,04新港,03胡繁凯,8,8,ɛ,0.46859977,0.03828017,0.032435734,0.31738555,0.00049453345,0.00020373533,0.01302517,0.00025886766,0.12931643,0.46859977,ɛ,0.46859977,0,1
