sample_id,vowel,paper_region,site,speaker_id,true_label_id,pred_label_id,pred_vowel,pred_confidence,prob_a,prob_e,prob_i,prob_o,prob_u,prob_y,prob_ɔ,prob_ə,prob_ɛ,global_pred_vowel,global_pred_confidence,is_support_item,is_query_item
0712_row_00041490,o,12宁国,12宁国,宁国南极吴志周单字,3,3,o,0.82679564,0.007163697,0.0044042575,9.6665695e-05,0.82679564,0.14975324,0.00017138546,0.006616853,0.004990166,8.0591435e-06,o,0.82679564,0,1
0712_row_00041491,a,12宁国,12宁国,宁国南极吴志周单字,0,3,o,0.90514123,0.0008451963,0.00072339684,5.1496323e-07,0.90514123,0.09313964,8.2460065e-06,8.583003e-05,5.4480977e-05,1.6344019e-06,o,0.90514123,0,1
0712_row_00041492,o,12宁国,12宁国,宁国南极吴志周单字,3,3,o,0.8663829,0.002192008,0.010763918,1.0700935e-05,0.8663829,0.10865818,5.5630804e-05,0.011598177,0.00033716043,1.3140582e-06,o,0.8663829,0,1
0712_row_00041493,o,12宁国,12宁国,宁国南极吴志周单字,3,4,u,0.61039805,0.037105102,0.026971903,0.00021164774,0.17933019,0.61039805,9.468737e-05,0.14357032,0.002316677,1.3939087e-06,u,0.61039805,0,1
0712_row_00041494,o,12宁国,12宁国,宁国南极吴志周单字,3,3,o,0.7216073,0.0038132654,0.001279908,4.6637115e-06,0.7216073,0.26707992,8.325934e-05,0.0060525006,7.623639e-05,2.8320744e-06,o,0.7216073,0,1
0712_row_00041495,o,12宁国,12宁国,宁国南极吴志周单字,3,3,o,0.86921066,0.041419547,0.00018175728,0.000100884434,0.86921066,0.08670177,0.0019053912,0.00015189605,0.000273312,5.470349e-05,o,0.86921066,0,1
0712_row_00041496,a,12宁国,12宁国,宁国南极吴志周单字,0,0,a,0.5402488,0.5402488,0.371372,8.204566e-05,0.013271269,0.06018628,4.3252185e-05,0.014222675,0.0005656688,7.967499e-06,a,0.5402488,0,1
0712_row_00041497,a,12宁国,12宁国,宁国南极吴志周单字,0,4,u,0.45830998,0.28669366,0.094103806,0.0011635219,0.1491385,0.45830998,0.0024796636,0.0011228658,0.0069610276,2.6944062e-05,u,0.45830998,0,1
0712_row_00041498,a,12宁国,12宁国,宁国南极吴志周单字,0,6,ɔ,0.3541682,0.29511604,0.079877324,0.00015593895,0.04700089,0.22272415,0.00020031667,0.3541682,0.00073886616,1.8199762e-05,ɔ,0.3541682,0,1
0712_row_00041499,a,12宁国,12宁国,宁国南极吴志周单字,0,4,u,0.31912145,0.29485244,0.25437438,0.00018660285,0.074759774,0.31912145,0.0005893655,0.0012626438,0.05449996,0.00035329923,u,0.31912145,0,1
0712_row_00041500,a,12宁国,12宁国,宁国南极吴志周单字,0,0,a,0.6574304,0.6574304,0.08872295,3.91572e-05,0.098386265,0.084696665,3.228897e-05,0.019643068,0.050748993,0.0003003561,a,0.6574304,0,1
0712_row_00041501,a,12宁国,12宁国,宁国南极吴志周单字,0,0,a,0.6087889,0.6087889,0.08222247,0.009158482,0.005134962,0.0027639268,0.00430321,4.1453677e-05,0.14428407,0.14330246,a,0.6087889,0,1
0712_row_00041502,a,12宁国,12宁国,宁国南极吴志周单字,0,0,a,0.8722914,0.8722914,0.02069943,4.738424e-05,0.07465376,0.028239083,0.0002141487,0.0035851737,9.211378e-05,0.00017747101,a,0.8722914,0,1
0712_row_00041503,ɛ,12宁国,12宁国,宁国南极吴志周单字,8,0,a,0.63938206,0.63938206,0.07644287,0.00085940456,0.009664408,0.0050951773,0.0132518355,1.3971321e-05,0.10132545,0.15396501,a,0.63938206,0,1
0712_row_00041504,ɛ,12宁国,12宁国,宁国南极吴志周单字,8,0,a,0.8258128,0.8258128,0.0064713694,0.00042111526,0.002236998,0.0002541454,0.0008342712,3.3711267e-06,0.053538613,0.11042732,a,0.8258128,0,1
0712_row_00041505,ɛ,12宁国,12宁国,宁国南极吴志周单字,8,0,a,0.56734425,0.56734425,0.08754289,0.0018721208,0.0103254225,0.003282519,0.05697777,1.1385075e-06,0.018232387,0.25442153,a,0.56734425,0,1
0712_row_00041506,ɛ,12宁国,12宁国,宁国南极吴志周单字,8,2,i,0.78570527,0.012770744,0.0044849883,0.78570527,0.0057461523,0.04141091,0.061431333,6.673149e-05,0.05634718,0.032036707,i,0.78570527,0,1
0712_row_00041507,ə,12宁国,12宁国,宁国南极吴志周单字,7,1,e,0.44654593,0.22465251,0.44654593,0.0013530641,0.052923437,0.16712639,0.00084884017,0.0034628233,0.10290365,0.0001833221,e,0.44654593,0,1
0712_row_00041509,ə,12宁国,12宁国,宁国南极吴志周单字,7,0,a,0.9234651,0.9234651,0.019230472,0.0020871353,0.0033344743,0.0014095347,0.005926261,1.1632327e-06,0.0108812945,0.033664472,a,0.9234651,0,1
0712_row_00041510,ə,12宁国,12宁国,宁国南极吴志周单字,7,7,ə,0.81865263,0.0782358,0.0018482185,0.032997757,0.0006673913,0.00036153954,0.00620691,4.652016e-06,0.81865263,0.0610251,ə,0.81865263,0,1
0712_row_00041511,ɛ,12宁国,12宁国,宁国南极吴志周单字,8,0,a,0.5163581,0.5163581,0.018418018,0.014649845,0.0020847574,0.00065303996,0.022470314,2.5686238e-06,0.26550364,0.15985969,a,0.5163581,0,1
0712_row_00041513,a,12宁国,12宁国,宁国南极吴志周单字,0,0,a,0.93544525,0.93544525,0.015186107,0.0005333995,0.044381946,0.0030272908,0.00036273221,0.0004452191,0.000107052496,0.0005110344,a,0.93544525,0,1
0712_row_00041514,a,12宁国,12宁国,宁国南极吴志周单字,0,0,a,0.71932244,0.71932244,0.2578137,0.0030585798,0.0070179775,0.00076254143,0.0022311702,0.000683897,0.008461907,0.0006478373,a,0.71932244,0,1
0712_row_00041515,a,12宁国,12宁国,宁国南极吴志周单字,0,0,a,0.65493083,0.65493083,0.22997805,0.00024924419,0.076650634,0.021602826,0.0031863563,0.0015511528,0.011005311,0.0008457271,a,0.65493083,0,1
0712_row_00041516,a,12宁国,12宁国,宁国南极吴志周单字,0,0,a,0.9535528,0.9535528,0.010197486,5.307006e-05,0.005631657,0.0051005813,0.00029721824,3.8956423e-06,0.024820864,0.00034254952,a,0.9535528,0,1
0712_row_00041517,u,12宁国,12宁国,宁国南极吴志周单字,4,4,u,0.7596678,0.13988368,0.012117746,0.011326792,0.04712022,0.7596678,0.021333458,0.00035953204,0.0066490793,0.0015417978,u,0.7596678,0,1
0712_row_00041518,u,12宁国,12宁国,宁国南极吴志周单字,4,4,u,0.82279146,0.009431704,0.001561208,0.008235698,0.056452233,0.82279146,0.09530318,0.0014215157,0.0040344936,0.00076846115,u,0.82279146,0,1
0712_row_00041519,u,12宁国,12宁国,宁国南极吴志周单字,4,4,u,0.851291,0.060431294,0.0050705713,0.008438538,0.048031386,0.851291,0.022818517,0.00015873628,0.0028318255,0.00092815945,u,0.851291,0,1
0712_row_00041520,u,12宁国,12宁国,宁国南极吴志周单字,4,4,u,0.9131908,0.024274679,0.0009990995,0.0017734288,0.034141455,0.9131908,0.0030042336,0.0036633525,0.018623939,0.000328949,u,0.9131908,0,1
0712_row_00041521,u,12宁国,12宁国,宁国南极吴志周单字,4,4,u,0.63713473,0.21711762,0.012641587,0.0017665885,0.059808187,0.63713473,0.06515346,0.0021095884,0.0019887374,0.0022794192,u,0.63713473,0,1
0712_row_00041522,u,12宁国,12宁国,宁国南极吴志周单字,4,4,u,0.41950068,0.20825693,0.05747627,0.0019393526,0.18057051,0.41950068,0.12517743,0.00075889815,0.0045801015,0.0017397911,u,0.41950068,0,1
0712_row_00041523,u,12宁国,12宁国,宁国南极吴志周单字,4,4,u,0.74651843,0.057327345,0.016707312,0.00014103786,0.041795854,0.74651843,0.1317131,0.000120067816,0.0052449494,0.0004319831,u,0.74651843,0,1
0712_row_00041524,u,12宁国,12宁国,宁国南极吴志周单字,4,4,u,0.53133947,0.016756235,0.008656334,0.003981429,0.023113534,0.53133947,0.41552407,3.014105e-05,0.0004455181,0.00015337486,u,0.53133947,0,1
0712_row_00041525,y,12宁国,12宁国,宁国南极吴志周单字,5,5,y,0.51015747,0.01940554,0.013410241,0.20543636,0.22846131,0.021488465,0.51015747,1.2140261e-05,0.0011751034,0.00045343995,y,0.51015747,0,1
0712_row_00041526,u,12宁国,12宁国,宁国南极吴志周单字,4,5,y,0.68093216,0.0065507307,0.0036446208,0.010379718,0.0153570995,0.2643829,0.68093216,2.6709038e-06,0.017832786,0.0009173802,y,0.68093216,0,1
0712_row_00041527,u,12宁国,12宁国,宁国南极吴志周单字,4,4,u,0.40784293,0.06851514,0.054637805,0.02023848,0.027850958,0.40784293,0.38391498,2.1667438e-05,0.018038843,0.018939191,u,0.40784293,0,1
0712_row_00041528,u,12宁国,12宁国,宁国南极吴志周单字,4,4,u,0.88638335,0.013860012,0.009432163,0.0076240213,0.021081442,0.88638335,0.011752709,0.005045742,0.044462763,0.00035783692,u,0.88638335,0,1
0712_row_00041529,o,12宁国,12宁国,宁国南极吴志周单字,3,5,y,0.4800322,0.000528874,0.0060292925,0.17738892,0.00028100022,0.33223456,0.4800322,2.40621e-07,0.0014678137,0.00203706,y,0.4800322,0,1
0712_row_00041530,u,12宁国,12宁国,宁国南极吴志周单字,4,4,u,0.77304786,0.029395767,0.06936231,0.0011707848,0.1024578,0.77304786,0.0014151615,0.00038324832,0.022599192,0.0001679245,u,0.77304786,0,1
0712_row_00041531,u,12宁国,12宁国,宁国南极吴志周单字,4,4,u,0.8235868,0.00044523337,0.0009878983,0.0028092437,0.0074296095,0.8235868,0.16379589,8.537122e-08,0.0007715149,0.00017373552,u,0.8235868,0,1
0712_row_00041533,y,12宁国,12宁国,宁国南极吴志周单字,5,5,y,0.5472059,0.034604963,0.01416004,0.06502161,0.05728465,0.16547343,0.5472059,4.8914717e-05,0.095264785,0.020935671,y,0.5472059,0,1
0712_row_00041534,y,12宁国,12宁国,宁国南极吴志周单字,5,5,y,0.27424985,0.07077028,0.022630533,0.18559864,0.076724224,0.1770637,0.27424985,0.0001213581,0.12716243,0.065678984,y,0.27424985,0,1
0712_row_00041535,y,12宁国,12宁国,宁国南极吴志周单字,5,2,i,0.8109765,0.0008278671,0.002498075,0.8109765,0.0003564154,0.026996827,0.15019834,1.0373055e-05,0.0044196094,0.0037159813,i,0.8109765,0,1
0712_row_00041537,y,12宁国,12宁国,宁国南极吴志周单字,5,3,o,0.71737796,0.022485206,0.024804126,0.07627202,0.71737796,0.03236138,0.12561151,2.833157e-05,0.0007649134,0.00029462125,o,0.71737796,0,1
0712_row_00041538,y,12宁国,12宁国,宁国南极吴志周单字,5,5,y,0.50359184,0.0073366743,0.0037405924,0.05243484,0.013823905,0.4000894,0.50359184,3.574968e-06,0.008852577,0.010126559,y,0.50359184,0,1
0712_row_00041539,y,12宁国,12宁国,宁国南极吴志周单字,5,5,y,0.5608539,0.019793188,0.0016010102,0.032998826,0.32580757,0.012620302,0.5608539,7.14823e-05,0.034969863,0.011283786,y,0.5608539,0,1
0712_row_00041540,y,12宁国,12宁国,宁国南极吴志周单字,5,0,a,0.42005575,0.42005575,0.026186857,0.0015015232,0.103178166,0.31988245,0.087281674,0.006887793,0.022516467,0.01250941,a,0.42005575,0,1
0712_row_00041541,y,12宁国,12宁国,宁国南极吴志周单字,5,4,u,0.826841,0.02583347,0.0022049616,3.9312283e-05,0.09551945,0.826841,0.047811322,0.00021283863,0.0012810937,0.00025660117,u,0.826841,0,1
0712_row_00041544,y,12宁国,12宁国,宁国南极吴志周单字,5,5,y,0.44742966,0.02629261,0.005012456,0.078470394,0.07957413,0.3536393,0.44742966,0.00038325487,0.008929541,0.00026876785,y,0.44742966,0,1
0712_row_00041545,y,12宁国,12宁国,宁国南极吴志周单字,5,5,y,0.49113435,0.0025883676,0.004159292,0.024795646,0.005483291,0.4577347,0.49113435,5.4012075e-06,0.009066607,0.0050324704,y,0.49113435,0,1
0712_row_00041546,u,12宁国,12宁国,宁国南极吴志周单字,4,5,y,0.5305101,0.009608922,0.015805589,0.0058284197,0.01506118,0.4171877,0.5305101,1.0501053e-06,0.0022261038,0.0037707966,y,0.5305101,0,1
0712_row_00041547,u,12宁国,12宁国,宁国南极吴志周单字,4,4,u,0.30947235,0.047540504,0.010488561,0.15106218,0.09266747,0.30947235,0.29537725,0.00010750804,0.07714354,0.016140657,u,0.30947235,0,1
0712_row_00041548,u,12宁国,12宁国,宁国南极吴志周单字,4,5,y,0.42302957,0.0032993648,0.016444214,0.25185895,0.0030871753,0.2799717,0.42302957,2.0394923e-06,0.011170062,0.011136944,y,0.42302957,0,1
0712_row_00041549,u,12宁国,12宁国,宁国南极吴志周单字,4,4,u,0.914799,0.004071708,0.0092396485,0.00047197624,0.057247423,0.914799,0.00077149033,8.370268e-05,0.013114071,0.00020097544,u,0.914799,0,1
0712_row_00041550,u,12宁国,12宁国,宁国南极吴志周单字,4,5,y,0.58848953,0.06571716,0.05161952,0.0072030937,0.015852112,0.24450041,0.58848953,2.7913302e-05,0.015898414,0.010691883,y,0.58848953,0,1
0712_row_00041551,u,12宁国,12宁国,宁国南极吴志周单字,4,4,u,0.7819077,0.0005480683,0.0018746365,0.020642992,0.007889554,0.7819077,0.18019111,6.6261106e-07,0.006064825,0.0008804572,u,0.7819077,0,1
0712_row_00041552,u,12宁国,12宁国,宁国南极吴志周单字,4,5,y,0.68307847,0.0021712112,0.0064203683,0.0066816676,0.0033108343,0.2965658,0.68307847,6.133776e-07,0.00060666795,0.0011643699,y,0.68307847,0,1
0712_row_00041553,u,12宁国,12宁国,宁国南极吴志周单字,4,4,u,0.58659685,0.009674299,0.0070344443,0.08597613,0.016384555,0.58659685,0.27672833,6.321768e-06,0.0062271846,0.01137185,u,0.58659685,0,1
0712_row_00041554,y,12宁国,12宁国,宁国南极吴志周单字,5,4,u,0.4835057,0.030049413,0.010221765,0.0474129,0.0722881,0.4835057,0.2791317,5.179873e-05,0.072309375,0.005029299,u,0.4835057,0,1
0712_row_00041555,y,12宁国,12宁国,宁国南极吴志周单字,5,5,y,0.5314942,0.001639496,0.0029159146,0.0010766812,0.01195403,0.4498974,0.5314942,3.8033394e-07,0.00088663324,0.000135228,y,0.5314942,0,1
0712_row_00041556,y,12宁国,12宁国,宁国南极吴志周单字,5,3,o,0.5122249,0.055781107,0.0036602034,0.14470606,0.5122249,0.019385979,0.20827769,8.5347e-05,0.052348994,0.0035297757,o,0.5122249,0,1
0712_row_00041557,y,12宁国,12宁国,宁国南极吴志周单字,5,5,y,0.76900375,0.0063452185,0.0012205676,0.014233471,0.19205129,0.0031204035,0.76900375,1.588658e-05,0.013534562,0.00047489422,y,0.76900375,0,1
0712_row_00041558,y,12宁国,12宁国,宁国南极吴志周单字,5,5,y,0.5801382,0.022684122,0.00067631475,0.02403703,0.31584257,0.005237816,0.5801382,1.45868335e-05,0.048165534,0.003203708,y,0.5801382,0,1
0712_row_00041559,a,12宁国,12宁国,宁国南极吴志周单字,0,0,a,0.77362674,0.77362674,0.009995022,0.0011336098,0.023222018,0.018949442,0.00020595996,0.00034581934,0.005753367,0.16676801,a,0.77362674,0,1
0712_row_00041560,a,12宁国,12宁国,宁国南极吴志周单字,0,4,u,0.56897026,0.21387179,0.15647261,0.00025724628,0.024826417,0.56897026,0.00089047506,0.0021118377,0.02481376,0.0077855946,u,0.56897026,0,1
0712_row_00041561,a,12宁国,12宁国,宁国南极吴志周单字,0,0,a,0.50427395,0.50427395,0.041106272,0.021481412,0.099107035,0.012131614,0.00092577003,0.00020531712,0.002996543,0.31777206,a,0.50427395,0,1
0712_row_00041562,e,12宁国,12宁国,宁国南极吴志周单字,1,1,e,0.9264772,0.0018816781,0.9264772,0.0023863507,0.0011518626,0.067500524,0.00032780512,5.5212946e-05,0.00013639868,8.301673e-05,e,0.9264772,0,1
0712_row_00041563,a,12宁国,12宁国,宁国南极吴志周单字,0,0,a,0.988497,0.988497,0.0073393136,8.195631e-05,2.3396626e-05,0.00054543646,3.8695882e-07,5.922619e-05,0.0034404001,1.28243655e-05,a,0.988497,0,1
0712_row_00041564,ɛ,12宁国,12宁国,宁国南极吴志周单字,8,0,a,0.98343474,0.98343474,0.0011213287,0.00013984971,0.003717308,0.00026032678,3.2215747e-05,4.346178e-06,0.0058764606,0.0054133027,a,0.98343474,0,1
0712_row_00041565,a,12宁国,12宁国,宁国南极吴志周单字,0,0,a,0.9857479,0.9857479,0.003387539,2.5782392e-05,7.264429e-05,0.0008929127,1.3681823e-06,7.871611e-06,0.0098512005,1.2635644e-05,a,0.9857479,0,1
0712_row_00041566,ɛ,12宁国,12宁国,宁国南极吴志周单字,8,0,a,0.9462457,0.9462457,0.010122509,0.00047929844,0.016953725,0.00059160066,0.00076968706,4.621554e-06,0.009147651,0.01568519,a,0.9462457,0,1
0712_row_00041568,ɛ,12宁国,12宁国,宁国南极吴志周单字,8,0,a,0.7437306,0.7437306,0.15640493,0.00064104167,0.03946735,0.0027635351,0.00083704886,2.3651208e-05,0.051437072,0.0046948097,a,0.7437306,0,1
0712_row_00041569,e,12宁国,12宁国,宁国南极吴志周单字,1,0,a,0.7247522,0.7247522,0.229665,0.0003915345,0.014040699,0.0013757708,0.0008292023,8.663122e-06,0.025020069,0.0039168205,a,0.7247522,0,1
0712_row_00041570,a,12宁国,12宁国,宁国南极吴志周单字,0,0,a,0.9952004,0.9952004,0.0018561466,2.7867314e-05,4.724738e-05,0.00026110242,8.566139e-07,4.783626e-06,0.0025906446,1.09254e-05,a,0.9952004,0,1
0712_row_00041571,i,12宁国,12宁国,宁国南极吴志周单字,2,2,i,0.98232967,0.00027591133,0.008410812,0.98232967,0.000119090626,0.000938685,0.005443534,1.3675035e-06,0.0016415928,0.00083935243,i,0.98232967,0,1
0712_row_00041572,i,12宁国,12宁国,宁国南极吴志周单字,2,2,i,0.93728113,0.021231376,0.0023106462,0.93728113,0.0009465927,0.001734778,0.013065441,5.4155724e-05,0.009405862,0.0139699625,i,0.93728113,0,1
0712_row_00041573,i,12宁国,12宁国,宁国南极吴志周单字,2,2,i,0.8935895,0.024266794,0.0072965343,0.8935895,0.033294395,0.002820737,0.031782098,0.00018042965,0.0054359203,0.0013335735,i,0.8935895,0,1
0712_row_00041574,i,12宁国,12宁国,宁国南极吴志周单字,2,2,i,0.74617374,0.0111347055,0.003422369,0.74617374,0.0015058712,0.003967809,0.027482972,8.290316e-05,0.02304169,0.18318802,i,0.74617374,0,1
0712_row_00041575,i,12宁国,12宁国,宁国南极吴志周单字,2,0,a,0.66499245,0.66499245,0.012804079,0.04787477,0.07261376,0.02423089,0.0006793629,0.00059610046,0.03065834,0.14555019,a,0.66499245,0,1
0712_row_00041576,i,12宁国,12宁国,宁国南极吴志周单字,2,2,i,0.9603358,0.0009199255,0.002186227,0.9603358,0.00043587602,0.0018431166,0.003644926,5.537331e-05,0.015126684,0.015452086,i,0.9603358,0,1
0712_row_00041577,i,12宁国,12宁国,宁国南极吴志周单字,2,2,i,0.8987499,0.006670027,0.012176232,0.8987499,0.0015672966,0.0023209145,0.046634465,5.205058e-05,0.024004089,0.007824922,i,0.8987499,0,1
0712_row_00041578,i,12宁国,12宁国,宁国南极吴志周单字,2,2,i,0.97993165,0.0009024746,0.0008048403,0.97993165,0.00019224243,0.0019903516,0.0066557447,5.887798e-06,0.005603232,0.003913593,i,0.97993165,0,1
0712_row_00041579,i,12宁国,12宁国,宁国南极吴志周单字,2,2,i,0.56360984,0.054724287,0.030600138,0.56360984,0.3082582,0.014754186,0.020904593,0.00035623068,0.005568826,0.0012237312,i,0.56360984,0,1
0712_row_00041580,i,12宁国,12宁国,宁国南极吴志周单字,2,2,i,0.9497871,0.004525443,0.027817158,0.9497871,0.0020431217,0.011370401,0.0036260784,1.9049472e-05,0.00041052498,0.00040118236,i,0.9497871,0,1
0712_row_00041581,i,12宁国,12宁国,宁国南极吴志周单字,2,2,i,0.9811317,4.9212686e-05,0.0005095819,0.9811317,1.3912127e-05,0.00077786477,0.016345935,2.2873683e-08,0.00045662833,0.00071503967,i,0.9811317,0,1
0712_row_00041582,i,12宁国,12宁国,宁国南极吴志周单字,2,2,i,0.992566,3.118717e-05,0.00049746427,0.992566,4.3813607e-06,0.00017005944,0.0060716704,2.07084e-08,0.00021008632,0.00044920426,i,0.992566,0,1
0712_row_00041583,i,12宁国,12宁国,宁国南极吴志周单字,2,2,i,0.99524873,1.3731372e-05,2.8137325e-05,0.99524873,3.394312e-06,0.00018804152,0.004273467,7.9641104e-08,9.3842624e-05,0.00015040408,i,0.99524873,0,1
0712_row_00041584,i,12宁国,12宁国,宁国南极吴志周单字,2,2,i,0.9942614,1.5351434e-05,4.0045215e-05,0.9942614,9.553845e-06,0.00041776453,0.004751226,2.3646174e-07,0.00036269988,0.00014178075,i,0.9942614,0,1
0712_row_00041585,i,12宁国,12宁国,宁国南极吴志周单字,2,2,i,0.96331346,0.0003029216,0.0005579339,0.96331346,9.927668e-05,0.004125301,0.028768834,4.6616339e-07,0.001164376,0.0016675394,i,0.96331346,0,1
0712_row_00041586,e,12宁国,12宁国,宁国南极吴志周单字,1,1,e,0.6368497,0.004213502,0.6368497,0.0008391441,0.0013817234,0.35600948,0.00019149826,0.0001337285,0.00012749735,0.00025384512,e,0.6368497,0,1
0712_row_00041587,e,12宁国,12宁国,宁国南极吴志周单字,1,1,e,0.597378,0.0043089013,0.597378,0.00973477,0.046821974,0.33560872,0.0022526176,8.7375076e-05,0.0033169377,0.0004907088,e,0.597378,0,1
0712_row_00041588,e,12宁国,12宁国,宁国南极吴志周单字,1,0,a,0.70136917,0.70136917,0.16394164,0.012946553,0.003664844,0.07001248,0.000119340584,0.0008215048,0.04523058,0.0018940379,a,0.70136917,0,1
0712_row_00041589,e,12宁国,12宁国,宁国南极吴志周单字,1,4,u,0.57699853,0.0031252939,0.40804383,0.008131952,0.0030112455,0.57699853,0.00037893478,9.584408e-05,0.00013822083,7.615683e-05,u,0.57699853,0,1
0712_row_00041590,e,12宁国,12宁国,宁国南极吴志周单字,1,0,a,0.632981,0.632981,0.290962,0.0001417466,0.007560832,0.03193932,9.139977e-05,0.0015195513,0.032374088,0.002430022,a,0.632981,0,1
0712_row_00041591,u,12宁国,12宁国,宁国南极吴志周单字,4,4,u,0.89162314,0.0026401447,0.097557284,0.0005623887,0.006423575,0.89162314,0.00073274365,9.158369e-06,0.00028913005,0.00016243014,u,0.89162314,0,1
0712_row_00041592,a,12宁国,12宁国,宁国南极吴志周单字,0,0,a,0.93404776,0.93404776,0.020821506,7.888201e-05,0.031686023,0.0027010662,3.720526e-05,0.0001008291,0.01047963,4.7108304e-05,a,0.93404776,0,1
0712_row_00041593,u,12宁国,12宁国,宁国南极吴志周单字,4,4,u,0.84924036,0.002001156,0.14422223,0.000109792265,0.0033547848,0.84924036,0.00036871166,2.2555676e-05,0.00061301456,6.7304456e-05,u,0.84924036,0,1
0712_row_00041594,a,12宁国,12宁国,宁国南极吴志周单字,0,0,a,0.9580409,0.9580409,0.00776752,5.2450137e-06,0.008109986,0.02065683,2.7413535e-05,6.7717214e-05,0.0012516227,0.0040728967,a,0.9580409,0,1
0712_row_00041595,a,12宁国,12宁国,宁国南极吴志周单字,0,0,a,0.6834486,0.6834486,0.027938457,0.00054159435,0.2447013,0.0052028946,0.00061951875,0.00034590016,0.036719058,0.0004826775,a,0.6834486,0,1
0712_row_00041596,a,12宁国,12宁国,宁国南极吴志周单字,0,0,a,0.88396984,0.88396984,0.020292437,7.665727e-05,0.07993092,0.007476591,0.00038864414,0.007459068,0.00013085187,0.00027503938,a,0.88396984,0,1
0712_row_00041597,a,12宁国,12宁国,宁国南极吴志周单字,0,0,a,0.8936949,0.8936949,0.095402114,0.00030701884,0.00227705,0.0012753302,0.0002557244,1.8872186e-05,0.006731798,3.7197868e-05,a,0.8936949,0,1
0712_row_00041598,a,12宁国,12宁国,宁国南极吴志周单字,0,0,a,0.54392546,0.54392546,0.06410394,0.008125721,0.18053414,0.03505177,0.05152514,0.0081117265,0.09746895,0.011153081,a,0.54392546,0,1
0712_row_00041599,a,12宁国,12宁国,宁国南极吴志周单字,0,0,a,0.5160802,0.5160802,0.039631933,0.0003498568,0.4154474,0.014791875,0.0029377472,0.0054071434,0.0047849067,0.0005689104,a,0.5160802,0,1
0712_row_00041600,e,12宁国,12宁国,宁国南极吴志周单字,1,1,e,0.36519966,0.022829931,0.36519966,0.004211965,0.028483553,0.22008626,0.0025181177,0.00015663182,0.34157094,0.014942935,e,0.36519966,0,1
0712_row_00041601,e,12宁国,12宁国,宁国南极吴志周单字,1,4,u,0.5972304,0.0009201135,0.39300734,0.00017194402,0.007295894,0.5972304,0.00081292243,5.088956e-05,0.0004054123,0.00010505215,u,0.5972304,0,1
0712_row_00041602,e,12宁国,12宁国,宁国南极吴志周单字,1,1,e,0.66943556,0.0013397158,0.66943556,1.4761905e-05,0.000570503,0.3273998,0.0005237862,4.1583244e-05,0.00062001176,5.4333654e-05,e,0.66943556,0,1
0712_row_00041603,e,12宁国,12宁国,宁国南极吴志周单字,1,4,u,0.9086549,0.0002116142,0.08978975,2.949807e-05,0.0010983412,0.9086549,0.00015787034,1.7381345e-06,1.8206454e-05,3.807572e-05,u,0.9086549,0,1
0712_row_00041604,e,12宁国,12宁国,宁国南极吴志周单字,1,1,e,0.89493614,0.00034946008,0.89493614,0.0006265883,0.0027641722,0.100300856,0.0005661388,8.721327e-06,0.00027096702,0.00017672667,e,0.89493614,0,1
0712_row_00041605,i,12宁国,12宁国,宁国南极吴志周单字,2,2,i,0.9784309,0.006776701,0.0031637386,0.9784309,0.0003185268,0.00062254857,0.0067421426,5.893533e-06,0.002857438,0.0010820429,i,0.9784309,0,1
0712_row_00041606,i,12宁国,12宁国,宁国南极吴志周单字,2,2,i,0.97940457,7.5453194e-05,0.00037936505,0.97940457,2.2087315e-05,0.00083896506,0.017454496,3.78979e-07,0.0006244641,0.001200106,i,0.97940457,0,1
0712_row_00041607,i,12宁国,12宁国,宁国南极吴志周单字,2,2,i,0.939801,0.0004814812,0.0042434707,0.939801,8.239828e-05,0.0015287942,0.047143433,6.5328396e-07,0.0017579874,0.004960694,i,0.939801,0,1
0712_row_00041608,i,12宁国,12宁国,宁国南极吴志周单字,2,2,i,0.99482167,8.336075e-05,0.00048341206,0.99482167,1.4176334e-05,0.00010044596,0.0035467802,1.651041e-07,0.00052680314,0.0004232843,i,0.99482167,0,1
0712_row_00041609,i,12宁国,12宁国,宁国南极吴志周单字,2,2,i,0.90846217,0.05729857,0.006687932,0.90846217,0.0022207052,8.5755426e-05,0.003154823,2.7933595e-06,0.0021171311,0.019970115,i,0.90846217,0,1
0712_row_00041610,i,12宁国,12宁国,宁国南极吴志周单字,2,2,i,0.97890294,0.0002300583,0.0010555347,0.97890294,5.048633e-05,0.0007199697,0.01621503,1.6732444e-07,0.0009149896,0.0019107286,i,0.97890294,0,1
0712_row_00041612,i,12宁国,12宁国,宁国南极吴志周单字,2,2,i,0.9002843,0.029045807,0.0012266473,0.9002843,0.002015871,0.00081240176,0.012447713,4.1563995e-05,0.020067597,0.034058094,i,0.9002843,0,1
0712_row_00041613,i,12宁国,12宁国,宁国南极吴志周单字,2,2,i,0.9912418,0.0005008253,0.0003744032,0.9912418,0.00013069487,0.00034357377,0.002051526,1.2154529e-06,0.001406779,0.003949068,i,0.9912418,0,1
0712_row_00041614,i,12宁国,12宁国,宁国南极吴志周单字,2,2,i,0.99608517,1.126793e-05,0.00010303234,0.99608517,1.2984319e-05,3.376698e-05,0.0015971748,7.6471345e-08,0.00068590854,0.0014705783,i,0.99608517,0,1
0712_row_00041615,i,12宁国,12宁国,宁国南极吴志周单字,2,2,i,0.99134266,0.0002589666,0.00031513968,0.99134266,6.5818655e-05,0.0002851193,0.0029893331,1.101906e-06,0.0020089042,0.0027329824,i,0.99134266,0,1
0712_row_00041616,e,12宁国,12宁国,宁国南极吴志周单字,1,1,e,0.7988653,0.0014798796,0.7988653,0.009507066,0.0023803276,0.18612018,0.0007576625,5.308426e-05,0.000683162,0.00015335776,e,0.7988653,0,1
0712_row_00041617,i,12宁国,12宁国,宁国南极吴志周单字,2,2,i,0.99470633,8.684176e-05,0.00029031606,0.99470633,4.248242e-05,0.00032616904,0.0014574479,1.5747207e-06,0.00181462,0.0012742126,i,0.99470633,0,1
0712_row_00041618,i,12宁国,12宁国,宁国南极吴志周单字,2,2,i,0.7476532,0.011551432,0.04765418,0.7476532,0.08736959,0.022369664,0.08050334,5.9732894e-05,0.0013569251,0.0014819367,i,0.7476532,0,1
0712_row_00041619,i,12宁国,12宁国,宁国南极吴志周单字,2,2,i,0.9771488,5.7809728e-05,0.0010917642,0.9771488,8.77153e-06,0.0003471284,0.020490484,1.3095609e-08,0.0002009096,0.00065436726,i,0.9771488,0,1
0712_row_00041620,i,12宁国,12宁国,宁国南极吴志周单字,2,2,i,0.9981741,1.0363586e-05,7.3343304e-05,0.9981741,2.1390445e-06,8.5094e-05,0.0014592367,2.0947068e-08,4.797968e-05,0.00014790244,i,0.9981741,0,1
0712_row_00041621,i,12宁国,12宁国,宁国南极吴志周单字,2,2,i,0.9359365,0.00013779617,0.0009872222,0.9359365,2.2568029e-05,0.0008149836,0.059103075,4.7662947e-08,0.0005007323,0.0024971007,i,0.9359365,0,1
0712_row_00041622,i,12宁国,12宁国,宁国南极吴志周单字,2,2,i,0.99491334,1.932662e-05,0.00020831327,0.99491334,7.9931515e-06,0.00011134554,0.0041335165,1.6564546e-07,0.00012123824,0.0004848591,i,0.99491334,0,1
0712_row_00041623,i,12宁国,12宁国,宁国南极吴志周单字,2,2,i,0.99372756,0.0022859764,0.00011142611,0.99372756,0.00012354205,0.00023602838,0.0013667096,5.9883725e-08,0.0005624582,0.0015861702,i,0.99372756,0,1
0712_row_00041624,i,12宁国,12宁国,宁国南极吴志周单字,2,2,i,0.98682714,0.00017702799,0.0002328703,0.98682714,4.2765747e-05,0.0009675149,0.009622909,1.4078466e-06,0.0008238198,0.001304561,i,0.98682714,0,1
0712_row_00041625,i,12宁国,12宁国,宁国南极吴志周单字,2,2,i,0.59066117,0.07394913,0.09681989,0.59066117,0.03553003,0.027703129,0.15255257,0.00016622947,0.012169217,0.010448558,i,0.59066117,0,1
0712_row_00041626,i,12宁国,12宁国,宁国南极吴志周单字,2,2,i,0.9891747,6.006907e-05,0.00029812942,0.9891747,6.2466206e-06,0.00016592372,0.009633988,8.942999e-08,0.00017251034,0.00048826446,i,0.9891747,0,1
0712_row_00041627,i,12宁国,12宁国,宁国南极吴志周单字,2,2,i,0.94859856,0.0010397348,0.003028897,0.94859856,0.0003603801,0.00978693,0.032619692,9.559809e-07,0.0018560997,0.0027087394,i,0.94859856,0,1
0712_row_00041628,i,12宁国,12宁国,宁国南极吴志周单字,2,2,i,0.9877143,1.1213214e-05,0.00018926593,0.9877143,3.3374224e-06,0.0002791746,0.011619553,8.7873575e-09,8.521931e-05,9.7983706e-05,i,0.9877143,0,1
0712_row_00041629,i,12宁国,12宁国,宁国南极吴志周单字,2,2,i,0.8910346,0.024188131,0.0073278216,0.8910346,0.0010206676,0.008641134,0.024513712,5.4836964e-05,0.010704423,0.03251463,i,0.8910346,0,1
0712_row_00041630,i,12宁国,12宁国,宁国南极吴志周单字,2,2,i,0.99658126,5.3905474e-05,0.00013262258,0.99658126,3.850996e-05,0.0002555158,0.0018970892,3.199586e-07,0.00052399177,0.00051667175,i,0.99658126,0,1
0712_row_00041631,i,12宁国,12宁国,宁国南极吴志周单字,2,2,i,0.96444494,0.00046628257,0.0018904302,0.96444494,0.00019384835,0.0038693103,0.025818357,1.2083368e-06,0.0020489118,0.0012667037,i,0.96444494,0,1
0712_row_00041632,i,12宁国,12宁国,宁国南极吴志周单字,2,2,i,0.9636762,0.00011157335,0.00095597206,0.9636762,2.5246725e-05,0.0010275458,0.031995542,7.2808184e-08,0.0006070559,0.00160058,i,0.9636762,0,1
0712_row_00041633,i,12宁国,12宁国,宁国南极吴志周单字,2,2,i,0.98153967,0.00019324572,0.0016104211,0.98153967,4.1325162e-05,0.0010561993,0.012604071,2.2574395e-07,0.0014885532,0.0014662631,i,0.98153967,0,1
0712_row_00041634,i,12宁国,12宁国,宁国南极吴志周单字,2,2,i,0.98560494,0.00012659641,0.00063353404,0.98560494,8.332236e-05,0.0011070975,0.010134563,5.042303e-07,0.0009861276,0.0013232649,i,0.98560494,0,1
0712_row_00041635,i,12宁国,12宁国,宁国南极吴志周单字,2,2,i,0.7598986,0.021001056,0.02761574,0.7598986,0.005323105,0.002568673,0.14546712,1.1549844e-06,0.0069717183,0.031152887,i,0.7598986,0,1
0712_row_00041636,i,12宁国,12宁国,宁国南极吴志周单字,2,2,i,0.99684805,3.988249e-05,0.0003066019,0.99684805,1.1492994e-05,9.4455565e-05,0.002040982,1.5127296e-07,0.00027962652,0.00037872704,i,0.99684805,0,1
0712_row_00041637,i,12宁国,12宁国,宁国南极吴志周单字,2,2,i,0.97870433,7.779045e-05,0.00073579827,0.97870433,1.4547417e-05,0.0003054555,0.018290702,6.385898e-08,0.00042149102,0.0014497814,i,0.97870433,0,1
0712_row_00041638,i,12宁国,12宁国,宁国南极吴志周单字,2,2,i,0.7702548,0.048738424,0.002702964,0.7702548,0.0034450912,0.0043028914,0.04819327,0.00020629152,0.06535585,0.0568004,i,0.7702548,0,1
0712_row_00041639,i,12宁国,12宁国,宁国南极吴志周单字,2,2,i,0.9980336,1.823575e-05,5.3864213e-05,0.9980336,2.1215976e-06,2.6647074e-05,0.0010866263,9.5278295e-08,0.000100574216,0.00067832397,i,0.9980336,0,1
0712_row_00041641,i,12宁国,12宁国,宁国南极吴志周单字,2,2,i,0.99525,2.1471067e-06,4.6235422e-05,0.99525,1.3112402e-06,0.00023246268,0.0043459516,2.2888407e-09,1.5618843e-05,0.0001063266,i,0.99525,0,1
0712_row_00041642,u,12宁国,12宁国,宁国南极吴志周单字,4,4,u,0.8452861,0.0031053007,0.040069863,0.053198498,0.0056120926,0.8452861,0.010115152,6.780292e-05,0.025225304,0.017319886,u,0.8452861,0,1
0712_row_00041643,u,12宁国,12宁国,宁国南极吴志周单字,4,4,u,0.95551646,0.00027242824,0.042138882,6.0714425e-05,0.001415266,0.95551646,0.00023273219,8.4280924e-07,1.2870532e-05,0.0003498637,u,0.95551646,0,1
0712_row_00041644,u,12宁国,12宁国,宁国南极吴志周单字,4,4,u,0.98260397,9.44568e-05,0.014285299,3.2403732e-05,0.0025640945,0.98260397,0.00037979666,1.4976762e-06,2.1568398e-05,1.6982754e-05,u,0.98260397,0,1
0712_row_00041645,u,12宁国,12宁国,宁国南极吴志周单字,4,4,u,0.95094764,0.00036131576,0.047639336,1.5055793e-05,0.00089432264,0.95094764,7.479014e-05,9.630506e-06,2.981651e-06,5.4816144e-05,u,0.95094764,0,1
0712_row_00041646,u,12宁国,12宁国,宁国南极吴志周单字,4,4,u,0.72737604,0.0012725696,0.2685013,0.00027449938,0.00070241257,0.72737604,0.0010628247,4.572309e-06,0.00022941756,0.00057633565,u,0.72737604,0,1
0712_row_00041647,u,12宁国,12宁国,宁国南极吴志周单字,4,1,e,0.74641246,0.0017643756,0.74641246,0.012600666,0.001000779,0.237557,0.0004285601,0.0001356678,5.979539e-05,4.0790565e-05,e,0.74641246,0,1
0712_row_00041648,u,12宁国,12宁国,宁国南极吴志周单字,4,4,u,0.87304395,0.0036654149,0.049434617,0.0014854341,0.010530257,0.87304395,0.006211252,6.861186e-05,0.050109815,0.0054506604,u,0.87304395,0,1
0712_row_00041649,u,12宁国,12宁国,宁国南极吴志周单字,4,8,ɛ,0.48345214,0.005285657,0.16022351,0.073047735,0.0033874447,0.21558884,0.021079872,2.414414e-05,0.037910745,0.48345214,ɛ,0.48345214,0,1
0712_row_00041650,u,12宁国,12宁国,宁国南极吴志周单字,4,4,u,0.77603734,0.02483964,0.06797929,0.0017996199,0.049941316,0.77603734,0.0032386628,0.0012522517,0.043617435,0.031294547,u,0.77603734,0,1
0712_row_00041651,u,12宁国,12宁国,宁国南极吴志周单字,4,1,e,0.6423,0.0027594238,0.6423,0.0030670906,0.00058644323,0.34697947,0.0015305692,2.214477e-05,0.0015278282,0.0012270497,e,0.6423,0,1
0712_row_00041652,u,12宁国,12宁国,宁国南极吴志周单字,4,4,u,0.89530706,0.00047341143,0.1015708,0.00015758086,0.0022499515,0.89530706,0.000135708,7.521455e-06,5.807446e-05,3.989827e-05,u,0.89530706,0,1
0712_row_00041653,u,12宁国,12宁国,宁国南极吴志周单字,4,4,u,0.9517794,0.00011466972,0.04690077,6.34335e-05,0.00089333835,0.9517794,0.00019954117,2.277717e-06,8.743973e-06,3.7732752e-05,u,0.9517794,0,1
0712_row_00041656,e,12宁国,12宁国,宁国南极吴志周单字,1,4,u,0.7158328,0.002747672,0.27607554,0.00046442728,0.0009804061,0.7158328,0.0029318007,7.438306e-06,0.00029775125,0.00066220504,u,0.7158328,0,1
0712_row_00041657,e,12宁国,12宁国,宁国南极吴志周单字,1,4,u,0.7894035,0.0012483811,0.20844436,8.326121e-05,0.00042812034,0.7894035,0.00020490313,1.7400364e-05,8.53959e-05,8.4815016e-05,u,0.7894035,0,1
0712_row_00041658,u,12宁国,12宁国,宁国南极吴志周单字,4,4,u,0.9655624,0.0005646868,0.03302132,0.00016216114,0.00049708126,0.9655624,0.00012066536,1.0532814e-06,8.238552e-06,6.244064e-05,u,0.9655624,0,1
0712_row_00041659,u,12宁国,12宁国,宁国南极吴志周单字,4,4,u,0.9146111,9.25498e-05,0.083465435,4.90529e-05,0.0016482769,0.9146111,9.438347e-05,1.5479462e-05,1.6391974e-05,7.285627e-06,u,0.9146111,0,1
0712_row_00041660,u,12宁国,12宁国,宁国南极吴志周单字,4,4,u,0.5428994,0.0051042503,0.44523692,0.0005614102,0.003985931,0.5428994,0.0009914858,5.7314046e-05,0.0006881819,0.00047508013,u,0.5428994,0,1
0712_row_00041661,u,12宁国,12宁国,宁国南极吴志周单字,4,4,u,0.76955557,0.0013317647,0.22567214,8.000485e-05,0.0022202546,0.76955557,0.0005995122,3.809768e-05,0.00037775852,0.00012495015,u,0.76955557,0,1
0712_row_00041663,a,12宁国,12宁国,宁国南极吴志周单字,0,6,ɔ,0.81769216,0.066539966,0.034076177,8.756866e-05,0.006171469,0.07525555,6.613194e-05,0.81769216,9.864999e-05,1.2376496e-05,ɔ,0.81769216,0,1
0712_row_00041664,a,12宁国,12宁国,宁国南极吴志周单字,0,0,a,0.49554515,0.49554515,0.14239511,0.0001770391,0.09366529,0.033231404,1.6506177e-05,0.23329076,0.0016566303,2.2129116e-05,a,0.49554515,0,1
0712_row_00041665,ɔ,12宁国,12宁国,宁国南极吴志周单字,6,0,a,0.70765215,0.70765215,0.10025172,0.006186156,0.013881849,0.036256466,0.0013692719,0.13356052,0.0007739667,6.780611e-05,a,0.70765215,0,1
0712_row_00041666,a,12宁国,12宁国,宁国南极吴志周单字,0,0,a,0.86834127,0.86834127,0.040495347,0.002087714,0.0072688847,0.04467288,0.0002872699,0.03656099,0.00018941262,9.6380034e-05,a,0.86834127,0,1
0712_row_00041667,ɔ,12宁国,12宁国,宁国南极吴志周单字,6,6,ɔ,0.6268118,0.17504153,0.11100279,5.7047422e-05,0.021017522,0.049510837,3.2222204e-05,0.6268118,0.016457863,6.8419904e-05,ɔ,0.6268118,0,1
0712_row_00041668,ɔ,12宁国,12宁国,宁国南极吴志周单字,6,6,ɔ,0.8085052,0.089615665,0.020187011,1.8274254e-06,0.061176218,0.012589746,1.3457644e-05,0.8085052,0.0078880135,2.280428e-05,ɔ,0.8085052,0,1
0712_row_00041670,ɔ,12宁国,12宁国,宁国南极吴志周单字,6,6,ɔ,0.756234,0.13686186,0.056639064,4.985461e-05,0.0128134545,0.028282333,2.3215545e-05,0.756234,0.009079707,1.6516997e-05,ɔ,0.756234,0,1
0712_row_00041671,a,12宁国,12宁国,宁国南极吴志周单字,0,3,o,0.66480815,0.27337906,0.008286486,0.0012790501,0.66480815,0.04167522,0.0061253607,0.0024760559,0.00023627884,0.0017342994,o,0.66480815,0,1
0712_row_00041672,a,12宁国,12宁国,宁国南极吴志周单字,0,3,o,0.8038397,0.11065684,0.037193973,0.00032304588,0.8038397,0.025635697,0.012637847,0.00013364792,0.008676609,0.0009027057,o,0.8038397,0,1
0712_row_00041673,a,12宁国,12宁国,宁国南极吴志周单字,0,0,a,0.4353161,0.4353161,0.123425275,0.0051899715,0.36291862,0.054265287,0.0049537723,0.010736937,0.0018530819,0.0013408896,a,0.4353161,0,1
0712_row_00041674,ɔ,12宁国,12宁国,宁国南极吴志周单字,6,6,ɔ,0.9279652,0.004356317,0.061107926,1.4403114e-05,0.00034504235,0.006158626,6.843981e-06,0.9279652,4.466677e-05,9.116244e-07,ɔ,0.9279652,0,1
0712_row_00041676,a,12宁国,12宁国,宁国南极吴志周单字,0,3,o,0.6455386,0.20615272,0.028749876,0.00025926734,0.6455386,0.100709625,0.013424474,0.0039668395,0.0003300124,0.00086853787,o,0.6455386,0,1
0712_row_00041677,a,12宁国,12宁国,宁国南极吴志周单字,0,0,a,0.86379004,0.86379004,0.030799482,0.0005682537,0.08768804,0.0032139588,0.0037292708,2.0473593e-05,0.0010779431,0.009112614,a,0.86379004,0,1
0712_row_00041678,a,12宁国,12宁国,宁国南极吴志周单字,0,0,a,0.8012652,0.8012652,0.1091915,0.0037428506,0.010974899,0.066089846,0.0044503906,0.0014892207,0.00058338937,0.0022127097,a,0.8012652,0,1
0712_row_00041679,a,12宁国,12宁国,宁国南极吴志周单字,0,6,ɔ,0.6160846,0.06956222,0.03816253,7.1038005e-07,0.07958306,0.19269598,2.0372032e-05,0.6160846,0.0038546158,3.597879e-05,ɔ,0.6160846,0,1
0712_row_00041680,a,12宁国,12宁国,宁国南极吴志周单字,0,3,o,0.39582095,0.26303396,0.059911203,0.21769546,0.39582095,0.025743384,0.008458231,0.028662303,0.0005174058,0.0001571038,o,0.39582095,0,1
0712_row_00041681,a,12宁国,12宁国,宁国南极吴志周单字,0,1,e,0.3949051,0.35231417,0.3949051,0.00031905386,0.08226998,0.14030373,0.018934058,0.005157852,0.005224221,0.0005718204,e,0.3949051,0,1
0712_row_00041682,u,12宁国,12宁国,宁国南极吴志周单字,4,4,u,0.53274035,0.007387259,0.023421861,0.00024092369,0.43216524,0.53274035,0.0013460738,0.0024280252,0.00025987954,1.0428314e-05,u,0.53274035,0,1
0712_row_00041683,o,12宁国,12宁国,宁国南极吴志周单字,3,4,u,0.71557856,0.018690325,0.011442848,0.090677075,0.108284764,0.71557856,0.034978043,0.00019795532,0.018427862,0.001722511,u,0.71557856,0,1
0712_row_00041684,o,12宁国,12宁国,宁国南极吴志周单字,3,3,o,0.71028954,0.03704437,0.021354305,0.011868233,0.71028954,0.11002958,0.08912819,0.00011921264,0.015742304,0.0044242353,o,0.71028954,0,1
0712_row_00041685,o,12宁国,12宁国,宁国南极吴志周单字,3,4,u,0.84532374,0.014776996,0.011613163,4.210636e-05,0.113134,0.84532374,0.00029092163,0.003920254,0.01084999,4.8910002e-05,u,0.84532374,0,1
0712_row_00041686,o,12宁国,12宁国,宁国南极吴志周单字,3,1,e,0.35888964,0.1074759,0.35888964,0.011045516,0.062138245,0.013203034,0.15909499,5.6105444e-05,0.111094944,0.17700167,e,0.35888964,0,1
0712_row_00041687,o,12宁国,12宁国,宁国南极吴志周单字,3,3,o,0.6550013,0.052731615,0.011012864,0.0011377223,0.6550013,0.034723975,0.226766,0.00022658882,0.016648158,0.0017518037,o,0.6550013,0,1
0712_row_00041689,o,12宁国,12宁国,宁国南极吴志周单字,3,3,o,0.99568236,0.0015245369,0.00021918814,1.1799411e-05,0.99568236,0.0023078092,0.00011581717,0.00010384765,3.4118577e-05,6.109856e-07,o,0.99568236,0,1
0712_row_00041690,o,12宁国,12宁国,宁国南极吴志周单字,3,3,o,0.40965706,0.1541867,0.05929268,0.01638378,0.40965706,0.23095192,0.048887264,0.0006845116,0.075161956,0.0047941925,o,0.40965706,0,1
0712_row_00041691,o,12宁国,12宁国,宁国南极吴志周单字,3,3,o,0.4678583,0.055204585,0.03357729,0.0018163453,0.4678583,0.36589324,0.0565391,5.88799e-05,0.017041348,0.0020110076,o,0.4678583,0,1
0712_row_00041692,u,12宁国,12宁国,宁国南极吴志周单字,4,4,u,0.7112084,0.045387946,0.0031086574,0.0003944913,0.041854803,0.7112084,0.1907961,9.328031e-05,0.0041309246,0.0030254242,u,0.7112084,0,1
0712_row_00041693,u,12宁国,12宁国,宁国南极吴志周单字,4,4,u,0.6395883,0.007843181,0.0031703762,0.00031270174,0.038269684,0.6395883,0.30812114,2.1225324e-05,0.0021943534,0.00047914023,u,0.6395883,0,1
0712_row_00041694,u,12宁国,12宁国,宁国南极吴志周单字,4,5,y,0.5313876,0.04147574,0.010106245,0.0005302149,0.015454206,0.3989927,0.5313876,3.108324e-05,0.000806993,0.0012151647,y,0.5313876,0,1
0712_row_00041695,u,12宁国,12宁国,宁国南极吴志周单字,4,4,u,0.79978436,0.05869934,0.00821523,0.0005045745,0.07392466,0.79978436,0.05220165,0.0022821191,0.0039314404,0.00045658313,u,0.79978436,0,1
0712_row_00041696,o,12宁国,12宁国,宁国南极吴志周单字,3,4,u,0.511405,0.015822954,0.0129338205,0.21053307,0.08282741,0.511405,0.14021462,0.00018455466,0.024905017,0.0011735546,u,0.511405,0,1
0712_row_00041697,o,12宁国,12宁国,宁国南极吴志周单字,3,3,o,0.56702036,0.120171554,0.022675816,0.027506974,0.56702036,0.12694421,0.099473946,0.000584396,0.018322615,0.017300084,o,0.56702036,0,1
0712_row_00041698,o,12宁国,12宁国,宁国南极吴志周单字,3,3,o,0.52309006,0.016610958,0.018554095,0.003676569,0.52309006,0.2832044,0.13745654,1.0647751e-05,0.0146893505,0.0027073473,o,0.52309006,0,1
0712_row_00041699,o,12宁国,12宁国,宁国南极吴志周单字,3,3,o,0.32249403,0.060484316,0.034999568,0.0017773702,0.32249403,0.2916779,0.25297663,6.7282075e-05,0.029987387,0.0055355257,o,0.32249403,0,1
0712_row_00041700,o,12宁国,12宁国,宁国南极吴志周单字,3,3,o,0.9585725,0.011469716,0.003617982,2.2206037e-05,0.9585725,0.023982568,0.0014786276,1.9562662e-05,0.0007995607,3.724263e-05,o,0.9585725,0,1
0712_row_00041701,o,12宁国,12宁国,宁国南极吴志周单字,3,3,o,0.91116583,0.04659304,0.017137319,0.007781612,0.91116583,0.011232756,0.004380717,0.0013951848,0.00021634685,9.715528e-05,o,0.91116583,0,1
0712_row_00041702,o,12宁国,12宁国,宁国南极吴志周单字,3,3,o,0.67805386,0.053732216,0.006595144,0.014090688,0.67805386,0.17651209,0.05070209,0.00016455547,0.017417945,0.0027313204,o,0.67805386,0,1
0712_row_00041703,o,12宁国,12宁国,宁国南极吴志周单字,3,3,o,0.97326523,0.006273229,0.0006947484,0.00029116523,0.97326523,0.0030838468,0.013671051,1.0610649e-05,0.0025325743,0.00017768452,o,0.97326523,0,1
0712_row_00041704,o,12宁国,12宁国,宁国南极吴志周单字,3,3,o,0.8435987,0.018241404,0.0008092243,0.004626297,0.8435987,0.0036513961,0.12376254,2.993469e-05,0.004358027,0.0009224954,o,0.8435987,0,1
0712_row_00041705,o,12宁国,12宁国,宁国南极吴志周单字,3,3,o,0.51008356,0.0022218104,0.0003452838,0.0050546164,0.51008356,0.008451652,0.4564722,3.499975e-06,0.017054979,0.00031239743,o,0.51008356,0,1
0712_row_00041706,o,12宁国,12宁国,宁国南极吴志周单字,3,5,y,0.58439106,0.0069050738,0.0018605705,0.03491306,0.35902083,0.0039920816,0.58439106,4.081267e-05,0.0074858675,0.0013906771,y,0.58439106,0,1
0712_row_00041707,o,12宁国,12宁国,宁国南极吴志周单字,3,3,o,0.9119649,0.0278387,0.00021469685,0.0022663102,0.9119649,0.0037453275,0.035367765,6.5662556e-05,0.01690456,0.0016320904,o,0.9119649,0,1
0712_row_00041708,a,12宁国,12宁国,宁国南极吴志周单字,0,0,a,0.3253382,0.3253382,0.22261229,0.15382333,0.09253719,0.10693658,0.0021846911,0.05132005,0.041014437,0.0042332103,a,0.3253382,0,1
0712_row_00041709,a,12宁国,12宁国,宁国南极吴志周单字,0,1,e,0.4907256,0.03251388,0.4907256,0.008354078,0.006843441,0.3659339,0.0021168718,0.00027479656,0.06894699,0.024290541,e,0.4907256,0,1
0712_row_00041710,a,12宁国,12宁国,宁国南极吴志周单字,0,2,i,0.49578127,0.19635846,0.045715537,0.49578127,0.022340927,0.033992536,0.0124080675,0.0010514167,0.06197718,0.13037463,i,0.49578127,0,1
0712_row_00041711,a,12宁国,12宁国,宁国南极吴志周单字,0,3,o,0.8909364,0.071129434,0.00650023,6.828283e-05,0.8909364,0.012673934,0.00074868544,0.015649173,0.0019536533,0.00034021598,o,0.8909364,0,1
0712_row_00041712,a,12宁国,12宁国,宁国南极吴志周单字,0,4,u,0.7941135,0.002418928,0.05388352,0.047484607,0.014808809,0.7941135,0.0840391,1.20902805e-05,0.0025952386,0.0006441349,u,0.7941135,0,1
0712_row_00041713,a,12宁国,12宁国,宁国南极吴志周单字,0,2,i,0.40749812,0.06336806,0.00092519715,0.40749812,0.0031354285,0.00937369,0.10012556,4.697338e-05,0.029811643,0.38571528,i,0.40749812,0,1
0712_row_00041714,a,12宁国,12宁国,宁国南极吴志周单字,0,8,ɛ,0.9131576,0.07167818,0.0012326521,0.0004254382,0.0060727242,0.0010064854,8.7433924e-05,0.0002723955,0.00606713,0.9131576,ɛ,0.9131576,0,1
0712_row_00041715,a,12宁国,12宁国,宁国南极吴志周单字,0,1,e,0.7551725,0.08784884,0.7551725,0.0021289731,0.021831533,0.020446653,0.0022937574,0.0001917423,0.10958344,0.00050241296,e,0.7551725,0,1
0712_row_00041716,a,12宁国,12宁国,宁国南极吴志周单字,0,2,i,0.86581,0.005504402,0.00076366187,0.86581,0.00015667209,0.006059345,0.044734426,5.238874e-06,0.006260227,0.070706,i,0.86581,0,1
0712_row_00041717,a,12宁国,12宁国,宁国南极吴志周单字,0,0,a,0.68538415,0.68538415,0.04034103,0.022784416,0.08035477,0.1070936,0.0022942326,0.0022326133,0.014259533,0.045255657,a,0.68538415,0,1
0712_row_00041718,a,12宁国,12宁国,宁国南极吴志周单字,0,1,e,0.43445724,0.2913883,0.43445724,0.026967049,0.019259697,0.004988041,0.07046352,8.360775e-05,0.0643963,0.08799633,e,0.43445724,0,1
0712_row_00041719,i,12宁国,12宁国,宁国南极吴志周单字,2,2,i,0.93024975,0.0013453565,0.0021019382,0.93024975,0.00025283286,0.013289607,0.041762806,8.057395e-06,0.0027022,0.008287419,i,0.93024975,0,1
0712_row_00041720,a,12宁国,12宁国,宁国南极吴志周单字,0,4,u,0.8571886,0.005970368,0.029531525,0.0054210094,0.021522319,0.8571886,0.07490784,2.7779673e-05,0.0045353724,0.0008951893,u,0.8571886,0,1
0712_row_00041721,a,12宁国,12宁国,宁国南极吴志周单字,0,1,e,0.33836234,0.15317976,0.33836234,0.1398345,0.012615408,0.08316406,0.22291897,3.552414e-05,0.013201626,0.036687836,e,0.33836234,0,1
0712_row_00041722,a,12宁国,12宁国,宁国南极吴志周单字,0,0,a,0.47637028,0.47637028,0.0059430376,0.38845518,0.0046935617,0.0010404411,0.017657915,8.762817e-05,0.03399462,0.07175734,a,0.47637028,0,1
0712_row_00041723,a,12宁国,12宁国,宁国南极吴志周单字,0,0,a,0.61639935,0.61639935,0.012852052,0.2204953,0.010429542,0.0055456655,0.010483245,0.0003501367,0.022359734,0.10108498,a,0.61639935,0,1
0712_row_00041724,ə,12宁国,12宁国,宁国南极吴志周单字,7,1,e,0.7382096,0.024991557,0.7382096,0.00016405454,0.0024753136,0.004947208,0.0010363148,0.0002929363,0.22637887,0.0015042012,e,0.7382096,0,1
0712_row_00041725,i,12宁国,12宁国,宁国南极吴志周单字,2,8,ɛ,0.31938574,0.14384334,0.03275207,0.25411192,0.017076373,0.0010321259,0.15663613,9.324294e-05,0.07506905,0.31938574,ɛ,0.31938574,0,1
0712_row_00041726,a,12宁国,12宁国,宁国南极吴志周单字,0,2,i,0.9540096,0.023161212,0.006746311,0.9540096,0.004327803,0.001508547,0.0071295695,9.887539e-06,0.0011517768,0.0019553204,i,0.9540096,0,1
0712_row_00041727,i,12宁国,12宁国,宁国南极吴志周单字,2,1,e,0.6622146,0.11276173,0.6622146,0.111032695,0.023906317,0.04051463,0.012932612,0.00053268974,0.023833081,0.012271608,e,0.6622146,0,1
0712_row_00041728,i,12宁国,12宁国,宁国南极吴志周单字,2,2,i,0.98829204,4.9660848e-05,0.0002944207,0.98829204,3.3866047e-05,0.0003595844,0.008411019,3.6783916e-08,0.0025373462,2.1983302e-05,i,0.98829204,0,1
0712_row_00041729,i,12宁国,12宁国,宁国南极吴志周单字,2,2,i,0.604008,0.010929285,0.00407364,0.604008,0.008008387,0.047515363,0.26234642,1.1783908e-06,0.05958665,0.003531089,i,0.604008,0,1
0712_row_00041730,y,12宁国,12宁国,宁国南极吴志周单字,5,4,u,0.41811275,0.0039369846,0.007697751,0.11570919,0.094960466,0.41811275,0.28166187,5.093077e-06,0.07738236,0.000533668,u,0.41811275,0,1
0712_row_00041731,a,12宁国,12宁国,宁国南极吴志周单字,0,3,o,0.7540793,0.011707555,0.00046427822,0.00016475646,0.7540793,0.035529952,9.1594324e-05,8.883864e-06,0.19782944,0.0001242522,o,0.7540793,0,1
0712_row_00041732,i,12宁国,12宁国,宁国南极吴志周单字,2,2,i,0.98367786,0.00029924882,3.0797266e-05,0.98367786,0.0011809375,9.576624e-05,0.011271331,1.615989e-07,0.0034312303,1.2597404e-05,i,0.98367786,0,1
0712_row_00041733,i,12宁国,12宁国,宁国南极吴志周单字,2,1,e,0.4475726,0.112502836,0.4475726,0.11901107,0.006789015,0.005950778,0.14087147,2.3070941e-05,0.011590846,0.1556883,e,0.4475726,0,1
0712_row_00041734,a,12宁国,12宁国,宁国南极吴志周单字,0,4,u,0.76422787,0.010381768,0.21277724,0.0007890455,0.004705939,0.76422787,0.0002842539,0.0013729102,0.0012173441,0.0042438074,u,0.76422787,0,1
0712_row_00041735,a,12宁国,12宁国,宁国南极吴志周单字,0,0,a,0.5234471,0.5234471,0.045538478,0.026591353,0.02506734,0.09768434,0.0014952224,0.016779149,0.13547795,0.12791908,a,0.5234471,0,1
0712_row_00041736,a,12宁国,12宁国,宁国南极吴志周单字,0,0,a,0.3270801,0.3270801,0.11035223,0.07455674,0.19589481,0.22232212,0.008781968,0.013570927,0.039654788,0.007786531,a,0.3270801,0,1
0712_row_00041737,a,12宁国,12宁国,宁国南极吴志周单字,0,0,a,0.7279362,0.7279362,0.06925767,0.0006136238,0.012704934,0.052030943,0.00027709466,0.019235658,0.11251116,0.005432848,a,0.7279362,0,1
0712_row_00041738,a,12宁国,12宁国,宁国南极吴志周单字,0,2,i,0.7996962,0.07255219,0.0066263136,0.7996962,0.0065220203,0.025292724,0.010907137,0.00023452764,0.017251197,0.060917668,i,0.7996962,0,1
0712_row_00041739,a,12宁国,12宁国,宁国南极吴志周单字,0,2,i,0.587687,0.058551546,0.030096574,0.587687,0.09697248,0.062111642,0.018696826,0.0018808789,0.12298531,0.0210177,i,0.587687,0,1
0712_row_00041740,a,12宁国,12宁国,宁国南极吴志周单字,0,1,e,0.7082689,0.121300764,0.7082689,0.002314262,0.07060393,0.06408165,0.0004374866,0.00034432075,0.031725284,0.0009233792,e,0.7082689,0,1
0712_row_00041741,a,12宁国,12宁国,宁国南极吴志周单字,0,0,a,0.46615565,0.46615565,0.08262893,0.2650098,0.06652882,0.059591316,0.008329653,0.0017861043,0.044962686,0.0050070803,a,0.46615565,0,1
0712_row_00041742,a,12宁国,12宁国,宁国南极吴志周单字,0,0,a,0.4333655,0.4333655,0.3866951,0.046453763,0.057193585,0.014440688,0.0036021569,0.002016995,0.05593992,0.00029246742,a,0.4333655,0,1
0712_row_00041743,a,12宁国,12宁国,宁国南极吴志周单字,0,1,e,0.3917539,0.101946265,0.3917539,0.00048726785,0.029635835,0.11887159,0.00023648494,0.0015231319,0.34642428,0.009121242,e,0.3917539,0,1
0712_row_00041744,a,12宁国,12宁国,宁国南极吴志周单字,0,8,ɛ,0.65165514,0.21235275,0.062166546,0.0067156227,0.03955749,0.0136212865,0.009328245,0.0011557094,0.0034472519,0.65165514,ɛ,0.65165514,0,1
0712_row_00041745,a,12宁国,12宁国,宁国南极吴志周单字,0,0,a,0.67946535,0.67946535,0.25901437,0.00013262317,0.0035888,0.022225644,1.4202055e-05,0.00019250899,0.035343457,2.3123066e-05,a,0.67946535,0,1
0712_row_00041746,a,12宁国,12宁国,宁国南极吴志周单字,0,0,a,0.80754364,0.80754364,0.019061951,7.1480995e-06,0.015459024,0.0022105107,8.913252e-06,8.074831e-06,0.15555038,0.00015046222,a,0.80754364,0,1
0712_row_00041747,a,12宁国,12宁国,宁国南极吴志周单字,0,0,a,0.8393084,0.8393084,0.033762112,0.011168836,0.04442196,0.027990408,0.0004169558,0.012164487,0.010421496,0.02034531,a,0.8393084,0,1
0712_row_00041748,i,12宁国,12宁国,宁国南极吴志周单字,2,2,i,0.91593176,0.03205824,0.0007007843,0.91593176,0.008509164,0.0022444534,0.00820184,6.760745e-05,0.030262435,0.0020236678,i,0.91593176,0,1
0712_row_00041749,i,12宁国,12宁国,宁国南极吴志周单字,2,2,i,0.9592994,0.002104959,0.029059919,0.9592994,0.0008710758,0.0027994583,0.0028842434,2.8847042e-05,0.0023108453,0.00064132636,i,0.9592994,0,1
0712_row_00041750,i,12宁国,12宁国,宁国南极吴志周单字,2,2,i,0.8802557,0.0033708443,0.09231225,0.8802557,0.0026053118,0.015124287,0.004245368,5.4053664e-05,0.0011671822,0.0008649493,i,0.8802557,0,1
0712_row_00041751,i,12宁国,12宁国,宁国南极吴志周单字,2,2,i,0.9122307,0.008010067,0.0022979986,0.9122307,0.0010075578,0.0011850672,0.006920688,1.3789469e-05,0.012338996,0.055995062,i,0.9122307,0,1
0712_row_00041752,a,12宁国,12宁国,宁国南极吴志周单字,0,2,i,0.5262565,0.043808777,0.04495267,0.5262565,0.066615835,0.1394828,0.07052748,0.000104589344,0.07718486,0.03106646,i,0.5262565,0,1
0712_row_00041753,a,12宁国,12宁国,宁国南极吴志周单字,0,7,ə,0.4238668,0.2779461,0.20684488,0.0029053334,0.016892646,0.041910563,0.0015538492,0.0021347902,0.4238668,0.025945088,ə,0.4238668,0,1
0712_row_00041754,e,12宁国,12宁国,宁国南极吴志周单字,1,0,a,0.57015216,0.57015216,0.1175041,0.27470478,0.0028577398,0.0055546095,0.008625928,9.033001e-05,0.008482095,0.01202827,a,0.57015216,0,1
0712_row_00041755,ə,12宁国,12宁国,宁国南极吴志周单字,7,7,ə,0.39430898,0.020142812,0.1215798,0.09894854,0.018255066,0.024528546,0.30445692,8.934489e-06,0.39430898,0.017770465,ə,0.39430898,0,1
0712_row_00041756,i,12宁国,12宁国,宁国南极吴志周单字,2,2,i,0.93954164,0.0019496374,0.046899773,0.93954164,0.00052958267,0.002858037,0.006857722,1.0969189e-05,0.0006976526,0.00065501593,i,0.93954164,0,1
0712_row_00041757,e,12宁国,12宁国,宁国南极吴志周单字,1,2,i,0.40688136,0.19513446,0.2821333,0.40688136,0.021337979,0.052598808,0.0137568135,0.0016016191,0.015913883,0.010641673,i,0.40688136,0,1
0712_row_00041758,i,12宁国,12宁国,宁国南极吴志周单字,2,2,i,0.7636133,0.06987676,0.053794708,0.7636133,0.095414616,0.005140894,0.00779832,0.00047966337,0.0022825375,0.001599235,i,0.7636133,0,1
0712_row_00041759,a,12宁国,12宁国,宁国南极吴志周单字,0,4,u,0.82901376,0.013701686,0.13736251,0.0028747683,0.0073490934,0.82901376,0.00032776574,0.002020146,0.0009477241,0.006402521,u,0.82901376,0,1
0712_row_00041760,a,12宁国,12宁国,宁国南极吴志周单字,0,1,e,0.5969555,0.1623042,0.5969555,0.0037881809,0.011296839,0.19103988,0.00041928623,0.013694369,0.0040143756,0.01648733,e,0.5969555,0,1
0712_row_00041761,a,12宁国,12宁国,宁国南极吴志周单字,0,8,ɛ,0.4648135,0.35684553,0.02637645,0.029760221,0.016783448,0.037050273,0.0011993551,0.009333451,0.057837762,0.4648135,ɛ,0.4648135,0,1
0712_row_00041762,a,12宁国,12宁国,宁国南极吴志周单字,0,4,u,0.6204851,0.1393829,0.21667491,0.0007861861,0.012929769,0.6204851,0.0023884994,0.00086010323,0.0013182157,0.0051743053,u,0.6204851,0,1
0712_row_00041763,a,12宁国,12宁国,宁国南极吴志周单字,0,3,o,0.5098769,0.4104793,0.0013946937,0.00020204482,0.5098769,0.05676659,0.0035441495,0.016183093,0.0009622175,0.0005909851,o,0.5098769,0,1
0712_row_00041764,a,12宁国,12宁国,宁国南极吴志周单字,0,0,a,0.7759544,0.7759544,0.055299986,0.00025144638,0.13048016,0.010163559,0.00032540044,0.00050613034,0.026834428,0.00018454531,a,0.7759544,0,1
0712_row_00041765,a,12宁国,12宁国,宁国南极吴志周单字,0,0,a,0.34423298,0.34423298,0.17847449,0.000729233,0.07207845,0.2782916,0.00451335,0.0003044381,0.10483414,0.01654125,a,0.34423298,0,1
0712_row_00041766,a,12宁国,12宁国,宁国南极吴志周单字,0,0,a,0.9199275,0.9199275,0.013019205,0.016061539,0.0035346323,0.0009642664,0.00029719586,1.4556392e-05,0.043047428,0.003133623,a,0.9199275,0,1
0712_row_00041767,a,12宁国,12宁国,宁国南极吴志周单字,0,1,e,0.49031734,0.045924466,0.49031734,0.00018673681,0.011314888,0.4428137,0.00057491456,0.00073142984,0.0048049656,0.0033315846,e,0.49031734,0,1
0712_row_00041768,a,12宁国,12宁国,宁国南极吴志周单字,0,0,a,0.7474964,0.7474964,0.07575717,0.00012688787,0.14368309,0.027228098,0.0017198877,0.00010249689,0.0034128914,0.00047306024,a,0.7474964,0,1
0712_row_00041769,a,12宁国,12宁国,宁国南极吴志周单字,0,4,u,0.78634995,0.011706214,0.09016652,0.07897725,0.0020876534,0.78634995,0.01978039,3.4231114e-06,0.0003823153,0.010546319,u,0.78634995,0,1
0712_row_00041770,a,12宁国,12宁国,宁国南极吴志周单字,0,4,u,0.5024626,0.040058773,0.091987476,0.046558715,0.0061576036,0.5024626,0.097419135,3.7522113e-05,0.04466385,0.17065433,u,0.5024626,0,1
0712_row_00041771,a,12宁国,12宁国,宁国南极吴志周单字,0,4,u,0.9455492,0.00268053,0.017993754,0.009980724,0.0018004993,0.9455492,0.021118456,3.0441055e-05,0.000514867,0.0003314721,u,0.9455492,0,1
0712_row_00041772,a,12宁国,12宁国,宁国南极吴志周单字,0,2,i,0.76908094,0.015984003,0.02215205,0.76908094,0.008429231,0.14215344,0.033390988,0.0002170688,0.002511684,0.0060806125,i,0.76908094,0,1
0712_row_00041773,a,12宁国,12宁国,宁国南极吴志周单字,0,8,ɛ,0.36328706,0.31149036,0.036051,0.049677156,0.03632102,0.060960386,0.011234157,0.0003056598,0.13067317,0.36328706,ɛ,0.36328706,0,1
0712_row_00041774,u,12宁国,12宁国,宁国南极吴志周单字,4,4,u,0.508514,0.01069469,0.009463948,0.31012785,0.0061455597,0.508514,0.111010745,2.184973e-05,0.014916556,0.029104907,u,0.508514,0,1
0712_row_00041776,y,12宁国,12宁国,宁国南极吴志周单字,5,1,e,0.6493868,0.06645457,0.6493868,0.0054873433,0.08540902,0.11227435,0.05953689,4.2732736e-05,0.016275786,0.005132562,e,0.6493868,0,1
0712_row_00041777,y,12宁国,12宁国,宁国南极吴志周单字,5,5,y,0.44793013,0.045750752,0.02976576,0.072495155,0.02036278,0.011369106,0.44793013,1.7779372e-05,0.2945377,0.07777076,y,0.44793013,0,1
0712_row_00041778,a,12宁国,12宁国,宁国南极吴志周单字,0,4,u,0.37386176,0.22568521,0.3354312,0.0008263688,0.018803736,0.37386176,0.0025530362,0.0022198283,0.0056652064,0.03495361,u,0.37386176,0,1
0712_row_00041779,a,12宁国,12宁国,宁国南极吴志周单字,0,1,e,0.52464986,0.16060452,0.52464986,0.014701608,0.021900287,0.16965723,0.0025198122,0.016118245,0.07726062,0.012587787,e,0.52464986,0,1
0712_row_00041780,a,12宁国,12宁国,宁国南极吴志周单字,0,1,e,0.863691,0.08715066,0.863691,0.0032863442,0.0022579455,0.03868548,0.00015786845,0.0022085207,0.0008847408,0.0016775554,e,0.863691,0,1
0712_row_00041781,a,12宁国,12宁国,宁国南极吴志周单字,0,0,a,0.7161034,0.7161034,0.19833691,1.2425581e-05,0.002177581,0.049900383,0.002429509,1.88362e-05,0.03086678,0.00015417846,a,0.7161034,0,1
0712_row_00041782,y,12宁国,12宁国,宁国南极吴志周单字,5,5,y,0.36551765,0.10058384,0.2139523,0.005503111,0.24463469,0.027300281,0.36551765,0.00013646104,0.02864209,0.013729652,y,0.36551765,0,1
0712_row_00041783,e,12宁国,12宁国,宁国南极吴志周单字,1,5,y,0.55324644,0.0031463276,0.40125963,0.005175432,0.019462401,0.016066536,0.55324644,3.919815e-06,0.00048161563,0.0011577199,y,0.55324644,0,1
0712_row_00041784,e,12宁国,12宁国,宁国南极吴志周单字,1,1,e,0.57668513,0.30391288,0.57668513,0.0030173878,0.008238132,0.030970948,0.036732744,2.6880747e-05,0.0058297142,0.03458626,e,0.57668513,0,1
0712_row_00041785,ə,12宁国,12宁国,宁国南极吴志周单字,7,5,y,0.41645372,0.00017581109,6.760477e-05,0.18989474,0.0024508226,0.00023381128,0.41645372,4.077636e-07,0.38716695,0.0035561586,y,0.41645372,0,1
0712_row_00041786,ə,12宁国,12宁国,宁国南极吴志周单字,7,7,ə,0.61350787,0.0018665182,0.00036126142,0.00088495476,0.37468842,0.008144853,0.00040663875,5.5773294e-06,0.61350787,0.00013393433,ə,0.61350787,0,1
0712_row_00041787,i,12宁国,12宁国,宁国南极吴志周单字,2,2,i,0.9970407,1.5640404e-06,0.00011394686,0.9970407,1.8614827e-06,4.3587854e-05,0.0020527707,4.6749067e-09,0.00074166403,3.8510284e-06,i,0.9970407,0,1
0712_row_00041788,i,12宁国,12宁国,宁国南极吴志周单字,2,2,i,0.83340925,0.0006763599,8.703911e-05,0.83340925,0.00019843523,0.0011461962,0.08429546,5.740356e-07,0.07477428,0.005412402,i,0.83340925,0,1
0712_row_00041789,i,12宁国,12宁国,宁国南极吴志周单字,2,2,i,0.89661586,0.0010830542,8.64457e-05,0.89661586,0.0011502227,0.0010894558,0.038994018,7.2362604e-07,0.060091775,0.000888439,i,0.89661586,0,1
0712_row_00041790,i,12宁国,12宁国,宁国南极吴志周单字,2,2,i,0.99291176,0.0011123107,8.580323e-05,0.99291176,0.003135161,0.00023396987,0.001861018,1.8816149e-06,0.0006550184,3.0760243e-06,i,0.99291176,0,1
0712_row_00041791,i,12宁国,12宁国,宁国南极吴志周单字,2,2,i,0.515733,0.051436063,0.045941405,0.515733,0.31601056,0.03061522,0.030111313,0.00052410463,0.0084453095,0.0011830237,i,0.515733,0,1
0712_row_00041792,i,12宁国,12宁国,宁国南极吴志周单字,2,2,i,0.82308596,0.03807372,0.00016292921,0.82308596,0.0008068412,0.0021899373,0.051941663,1.760159e-05,0.072811164,0.010910274,i,0.82308596,0,1
0712_row_00041793,i,12宁国,12宁国,宁国南极吴志周单字,2,4,u,0.46802798,0.0019126732,0.001915816,0.16379867,0.0029350559,0.46802798,0.33801427,4.257571e-07,0.02321954,0.00017550545,u,0.46802798,0,1
0712_row_00041794,ə,12宁国,12宁国,宁国南极吴志周单字,7,7,ə,0.982129,0.0006796704,0.00015434781,0.000109960594,0.011114522,0.0057829237,2.3070368e-05,4.639688e-06,0.982129,1.8349053e-06,ə,0.982129,0,1
0712_row_00041796,u,12宁国,12宁国,宁国南极吴志周单字,4,3,o,0.45259765,0.0016085408,0.0028954924,0.0007489107,0.45259765,0.24259596,0.005422213,3.286603e-05,0.29409343,4.9460123e-06,o,0.45259765,0,1
0712_row_00041797,u,12宁国,12宁国,宁国南极吴志周单字,4,4,u,0.41225874,0.0030809466,0.005571422,0.039371952,0.12735513,0.41225874,0.039087974,5.021216e-05,0.37307647,0.00014710917,u,0.41225874,0,1
0712_row_00041798,u,12宁国,12宁国,宁国南极吴志周单字,4,4,u,0.70181465,0.0038588687,0.0055595995,0.00027989992,0.23695236,0.70181465,0.0055829477,1.6603452e-06,0.045910798,3.9113307e-05,u,0.70181465,0,1
0712_row_00041799,u,12宁国,12宁国,宁国南极吴志周单字,4,4,u,0.71093476,0.012943503,0.0066287736,0.0018602771,0.029985683,0.71093476,0.010333829,2.165743e-06,0.22720186,0.00010905839,u,0.71093476,0,1
0712_row_00041800,u,12宁国,12宁国,宁国南极吴志周单字,4,4,u,0.8724299,0.0012603472,0.001800597,0.00015527534,0.073304154,0.8724299,0.029881971,1.4490936e-07,0.02112453,4.318536e-05,u,0.8724299,0,1
0712_row_00041801,y,12宁国,12宁国,宁国南极吴志周单字,5,5,y,0.39800784,0.0002574612,0.0005207703,0.021326408,0.1734765,0.040631548,0.39800784,5.879139e-07,0.36451864,0.001260302,y,0.39800784,0,1
0712_row_00041802,ə,12宁国,12宁国,宁国南极吴志周单字,7,7,ə,0.9765648,0.0008237106,0.0007736448,1.182451e-05,0.011966103,0.009596611,0.00025831378,1.4433172e-06,0.9765648,3.5224605e-06,ə,0.9765648,0,1
0712_row_00041803,ə,12宁国,12宁国,宁国南极吴志周单字,7,7,ə,0.7594591,0.027425384,0.015099106,0.000130773,0.13246594,0.063919194,0.0012716805,3.8496317e-05,0.7594591,0.00019037488,ə,0.7594591,0,1
0712_row_00041804,ə,12宁国,12宁国,宁国南极吴志周单字,7,7,ə,0.9447456,0.0074245883,0.000436566,0.0002607071,0.039843783,0.007132483,0.00010812075,2.8381328e-06,0.9447456,4.526165e-05,ə,0.9447456,0,1
0712_row_00041805,y,12宁国,12宁国,宁国南极吴志周单字,5,3,o,0.4313208,0.0017227912,0.00046068814,0.059756666,0.4313208,0.024837714,0.11668951,3.311979e-06,0.36397308,0.0012354606,o,0.4313208,0,1
0712_row_00041806,y,12宁国,12宁国,宁国南极吴志周单字,5,7,ə,0.9683917,0.0024187083,0.0004888262,0.012895853,0.008558526,0.00404316,0.0031165064,5.325164e-06,0.9683917,8.137118e-05,ə,0.9683917,0,1
0712_row_00041807,a,12宁国,12宁国,宁国南极吴志周单字,0,0,a,0.86191034,0.86191034,0.116838634,0.0025920959,0.004273397,0.01135022,0.00019839435,0.002045738,0.0006701226,0.00012106617,a,0.86191034,0,1
0712_row_00041808,o,12宁国,12宁国,宁国南极吴志周单字,3,3,o,0.9023433,0.00074878434,0.00018485892,5.302194e-07,0.9023433,0.09632813,1.552072e-05,0.0003180305,5.98156e-05,9.963768e-07,o,0.9023433,0,1
0712_row_00041809,o,12宁国,12宁国,宁国南极吴志周单字,3,1,e,0.3574577,0.25311399,0.3574577,0.00020679976,0.23483703,0.13533783,0.0007130381,0.004344892,0.013773434,0.00021540481,e,0.3574577,0,1
0712_row_00041810,o,12宁国,12宁国,宁国南极吴志周单字,3,1,e,0.39568186,0.091858,0.39568186,0.00014437368,0.32804227,0.12756169,0.00093443715,0.0040702033,0.050513033,0.001194265,e,0.39568186,0,1
0712_row_00041811,o,12宁国,12宁国,宁国南极吴志周单字,3,3,o,0.59663796,0.31446376,0.052631676,9.570631e-05,0.59663796,0.03208944,0.0011466541,0.00041498675,0.0017333233,0.00078647904,o,0.59663796,0,1
0712_row_00041812,a,12宁国,12宁国,宁国南极吴志周单字,0,6,ɔ,0.77127415,0.10728448,0.0045234836,0.00013220242,0.05093746,0.047458194,7.067458e-05,0.77127415,0.017646182,0.0006732515,ɔ,0.77127415,0,1
0712_row_00041813,a,12宁国,12宁国,宁国南极吴志周单字,0,6,ɔ,0.51621795,0.36037013,0.0024224024,1.0755575e-05,0.077324726,0.02935631,4.9055758e-05,0.51621795,0.012316608,0.0019321367,ɔ,0.51621795,0,1
0712_row_00041814,ə,12宁国,12宁国,宁国南极吴志周单字,7,0,a,0.4549182,0.4549182,0.24915113,0.00015988627,0.06555653,0.15902273,0.05635268,0.00013846548,0.009746571,0.004953953,a,0.4549182,0,1
0712_row_00041815,a,12宁国,12宁国,宁国南极吴志周单字,0,3,o,0.9261099,0.03334498,0.00035126516,5.4738168e-05,0.9261099,0.038180035,0.0011648845,0.00023114942,0.00046490936,9.8183045e-05,o,0.9261099,0,1
0712_row_00041816,a,12宁国,12宁国,宁国南极吴志周单字,0,0,a,0.6043618,0.6043618,0.035700813,0.00018397474,0.22101745,0.10816187,0.005324885,0.016352145,0.008440543,0.00045640633,a,0.6043618,0,1
0712_row_00041817,a,12宁国,12宁国,宁国南极吴志周单字,0,6,ɔ,0.6309839,0.26546773,0.0039902786,6.298583e-05,0.06732513,0.030757096,0.000517328,0.6309839,0.0008350807,6.0462764e-05,ɔ,0.6309839,0,1
0712_row_00041818,a,12宁国,12宁国,宁国南极吴志周单字,0,0,a,0.36581254,0.36581254,0.0814816,0.0013939405,0.15641004,0.22712202,0.0053074434,0.15534371,0.006766974,0.00036181367,a,0.36581254,0,1
0712_row_00041819,a,12宁国,12宁国,宁国南极吴志周单字,0,0,a,0.8855917,0.8855917,0.01766995,0.000729591,0.0674652,0.009618247,0.002462493,0.015213676,0.0002458914,0.0010032192,a,0.8855917,0,1
0712_row_00041820,a,12宁国,12宁国,宁国南极吴志周单字,0,6,ɔ,0.31752783,0.11522448,0.0037547692,7.208036e-05,0.29867673,0.22088408,0.00038012,0.31752783,0.04228237,0.0011976742,ɔ,0.31752783,0,1
0712_row_00041822,a,12宁国,12宁国,宁国南极吴志周单字,0,0,a,0.6125886,0.6125886,0.0049013975,6.737028e-05,0.32523715,0.049156096,0.0019249123,0.004656228,0.0005047856,0.00096348935,a,0.6125886,0,1
0712_row_00041823,a,12宁国,12宁国,宁国南极吴志周单字,0,0,a,0.8357261,0.8357261,0.046606254,4.3266682e-05,0.033896692,0.055010673,0.0020959047,0.0068107364,0.015798066,0.004012378,a,0.8357261,0,1
0712_row_00041825,o,12宁国,12宁国,宁国南极吴志周单字,3,3,o,0.8783012,0.029117385,0.022711027,0.00012900897,0.8783012,0.06432379,0.0037246863,0.0001421598,0.0014563877,9.430446e-05,o,0.8783012,0,1
0712_row_00041826,e,12宁国,12宁国,宁国南极吴志周单字,1,1,e,0.7974669,0.093137495,0.7974669,0.0011159461,0.0041678147,0.09249317,0.00015585197,0.00012670385,0.011263924,7.211152e-05,e,0.7974669,0,1
0712_row_00041827,e,12宁国,12宁国,宁国南极吴志周单字,1,1,e,0.7652919,0.09713233,0.7652919,0.0007939602,0.051641665,0.07343081,0.0007293036,2.9794854e-05,0.010593761,0.0003564629,e,0.7652919,0,1
0712_row_00041828,e,12宁国,12宁国,宁国南极吴志周单字,1,1,e,0.81406295,0.049969204,0.81406295,0.030695703,0.026827274,0.056345366,0.0010558236,0.00010193784,0.020901453,4.0311985e-05,e,0.81406295,0,1
0712_row_00041829,e,12宁国,12宁国,宁国南极吴志周单字,1,4,u,0.4804829,0.014922558,0.4359233,0.003094067,0.0059753875,0.4804829,0.010623605,0.00045954454,0.044073258,0.004445493,u,0.4804829,0,1
0712_row_00041830,e,12宁国,12宁国,宁国南极吴志周单字,1,1,e,0.73023796,0.13310295,0.73023796,0.0027707983,0.04970232,0.041656546,0.007750144,2.1283808e-05,0.031316645,0.003441307,e,0.73023796,0,1
0712_row_00041831,ə,12宁国,12宁国,宁国南极吴志周单字,7,2,i,0.5348591,0.0009798674,0.00022305484,0.5348591,0.0025914512,0.0038083475,0.38982436,1.9703911e-07,0.061517935,0.0061957226,i,0.5348591,0,1
0712_row_00041832,e,12宁国,12宁国,宁国南极吴志周单字,1,1,e,0.89010864,0.013818712,0.89010864,0.024741456,0.0026292193,0.015529307,0.025506835,1.8286071e-05,0.017070001,0.0105776265,e,0.89010864,0,1
0712_row_00041833,o,12宁国,12宁国,宁国南极吴志周单字,3,3,o,0.65981406,0.08487592,0.0712289,0.00051008456,0.65981406,0.16980293,0.007624984,4.2952277e-05,0.005661807,0.00043833954,o,0.65981406,0,1
0712_row_00041834,a,12宁国,12宁国,宁国南极吴志周单字,0,0,a,0.97665536,0.97665536,0.018492488,1.0911218e-05,0.00063343416,0.0008235941,1.4300806e-06,0.0001114665,0.003264308,7.029229e-06,a,0.97665536,0,1
0712_row_00041835,ə,12宁国,12宁国,宁国南极吴志周单字,7,3,o,0.74616486,0.005801641,0.0011482243,7.656157e-05,0.74616486,0.030445904,9.98734e-05,3.0016246e-05,0.2161777,5.5227072e-05,o,0.74616486,0,1
0712_row_00041836,ə,12宁国,12宁国,宁国南极吴志周单字,7,7,ə,0.60844946,0.09882558,0.0028704314,0.00046449818,0.2594129,0.028913388,0.00011035419,0.00017413119,0.60844946,0.0007792405,ə,0.60844946,0,1
0712_row_00041837,a,12宁国,12宁国,宁国南极吴志周单字,0,1,e,0.92285275,0.04188265,0.92285275,6.817817e-05,0.0045256913,0.027390998,0.00011644676,4.8660513e-05,0.0030449466,6.976714e-05,e,0.92285275,0,1
0712_row_00041838,a,12宁国,12宁国,宁国南极吴志周单字,0,0,a,0.8445077,0.8445077,0.13873746,0.00062060775,0.0026131119,0.009033925,2.8963692e-05,5.1894018e-05,0.004112637,0.00029378588,a,0.8445077,0,1
0712_row_00041839,e,12宁国,12宁国,宁国南极吴志周单字,1,1,e,0.9081314,0.005654823,0.9081314,0.0015556511,0.012117977,0.007104323,0.0019024443,2.4444027e-05,0.06264668,0.0008622925,e,0.9081314,0,1
0712_row_00041840,i,12宁国,12宁国,宁国南极吴志周单字,2,2,i,0.9982495,1.7628989e-05,0.00015538318,0.9982495,5.5682813e-06,4.0507963e-05,0.0004681296,2.1445466e-07,0.0010593717,3.6454976e-06,i,0.9982495,0,1
0712_row_00041841,i,12宁国,12宁国,宁国南极吴志周单字,2,2,i,0.9945861,2.8140912e-05,0.00019657226,0.9945861,1.1246026e-05,3.5453722e-05,0.0028301454,8.038122e-08,0.0023065207,5.6947915e-06,i,0.9945861,0,1
0712_row_00041842,i,12宁国,12宁国,宁国南极吴志周单字,2,2,i,0.9969309,1.7124195e-06,0.000120742916,0.9969309,1.8988752e-06,3.1902924e-05,0.0015538943,2.680154e-09,0.0013559641,3.131588e-06,i,0.9969309,0,1
0712_row_00041843,ə,12宁国,12宁国,宁国南极吴志周单字,7,2,i,0.58098644,0.004939319,0.0004731494,0.58098644,0.002540641,0.002640958,0.19495922,3.7701577e-06,0.20359349,0.0098630395,i,0.58098644,0,1
0712_row_00041844,ə,12宁国,12宁国,宁国南极吴志周单字,7,7,ə,0.59619653,0.02164983,0.0012377051,0.14208509,0.018583806,0.053608313,0.15569222,1.5145377e-05,0.59619653,0.010931424,ə,0.59619653,0,1
0712_row_00041845,i,12宁国,12宁国,宁国南极吴志周单字,2,2,i,0.81565464,0.0014461663,0.00047060175,0.81565464,0.0014397316,0.0059382706,0.025133444,3.2666547e-05,0.14855896,0.0013255596,i,0.81565464,0,1
0712_row_00041846,i,12宁国,12宁国,宁国南极吴志周单字,2,2,i,0.6582197,0.00067170936,3.6478345e-05,0.6582197,0.00014411128,0.00019263395,0.0110770175,8.1935264e-07,0.3293618,0.00029576893,i,0.6582197,0,1
0712_row_00041847,ə,12宁国,12宁国,宁国南极吴志周单字,7,7,ə,0.77380615,0.020770784,9.259162e-05,0.1755659,0.0021972018,0.00069837883,0.017690204,1.9390754e-05,0.77380615,0.009159392,ə,0.77380615,0,1
0712_row_00041848,i,12宁国,12宁国,宁国南极吴志周单字,2,2,i,0.9939522,7.174834e-05,0.00034062524,0.9939522,3.9971306e-05,0.00038360507,0.0032589238,1.7173566e-07,0.0019359634,1.6970138e-05,i,0.9939522,0,1
0712_row_00041849,ə,12宁国,12宁国,宁国南极吴志周单字,7,4,u,0.3691942,0.24470028,0.3447573,0.00026340983,0.02695191,0.3691942,0.00040976418,0.0019710478,0.009201593,0.0025505477,u,0.3691942,0,1
0712_row_00041850,ə,12宁国,12宁国,宁国南极吴志周单字,7,7,ə,0.7554847,6.0047918e-05,7.264822e-05,0.07780645,0.0020259921,0.00071923045,0.16210939,3.189475e-08,0.7554847,0.0017214776,ə,0.7554847,0,1
0712_row_00041851,o,12宁国,12宁国,宁国南极吴志周单字,3,3,o,0.9976305,2.4608615e-05,3.5802182e-07,1.0410195e-06,0.9976305,9.149115e-05,5.7990104e-07,3.9379844e-07,0.002250916,7.885408e-08,o,0.9976305,0,1
0712_row_00041852,o,12宁国,12宁国,宁国南极吴志周单字,3,3,o,0.9967353,7.741165e-05,5.5308597e-06,9.8934215e-06,0.9967353,0.0013969803,1.2915112e-05,2.5369897e-07,0.0017606438,1.011913e-06,o,0.9967353,0,1
0712_row_00041853,o,12宁国,12宁国,宁国南极吴志周单字,3,3,o,0.9803011,0.000120197095,1.7923163e-05,2.0703096e-06,0.9803011,0.00060821243,1.6138503e-05,1.4339959e-06,0.018932512,4.0363247e-07,o,0.9803011,0,1
0712_row_00041854,o,12宁国,12宁国,宁国南极吴志周单字,3,3,o,0.9492915,0.00024199543,0.00050705584,0.00048130946,0.9492915,0.021908307,4.1292693e-05,4.1630387e-06,0.027523963,4.0279562e-07,o,0.9492915,0,1
0712_row_00041855,o,12宁国,12宁国,宁国南极吴志周单字,3,3,o,0.9885902,0.00032566013,7.2320204e-06,5.993818e-06,0.9885902,0.001340477,1.0384039e-05,1.0063827e-07,0.009717545,2.2748359e-06,o,0.9885902,0,1
0712_row_00041856,o,12宁国,12宁国,宁国南极吴志周单字,3,3,o,0.9968629,0.00026258704,3.0941563e-05,3.914225e-06,0.9968629,0.00090048014,3.0748244e-05,2.9217308e-06,0.0019011295,4.2300353e-06,o,0.9968629,0,1
0712_row_00041857,o,12宁国,12宁国,宁国南极吴志周单字,3,3,o,0.9873427,0.0003023029,7.4288255e-05,4.5619636e-05,0.9873427,0.0011913374,0.00047803338,1.5809273e-06,0.010495634,6.865405e-05,o,0.9873427,0,1
0712_row_00041858,u,12宁国,12宁国,宁国南极吴志周单字,4,3,o,0.5360481,0.017131051,0.023584563,7.3749856e-05,0.5360481,0.41975203,0.00021989635,0.0028878918,0.00028250858,2.0208616e-05,o,0.5360481,0,1
0712_row_00041859,o,12宁国,12宁国,宁国南极吴志周单字,3,3,o,0.9958405,3.6548132e-05,2.3050277e-06,1.225113e-07,0.9958405,0.00041703667,8.867946e-07,9.81128e-07,0.0037017183,2.786013e-08,o,0.9958405,0,1
0712_row_00041860,o,12宁国,12宁国,宁国南极吴志周单字,3,3,o,0.923036,0.011451862,0.00052411295,2.4184992e-05,0.923036,0.023552096,1.6272224e-05,8.483236e-05,0.041295134,1.546569e-05,o,0.923036,0,1
0712_row_00041861,u,12宁国,12宁国,宁国南极吴志周单字,4,4,u,0.49161676,0.13012171,0.2057156,0.00062505214,0.030774293,0.49161676,0.080730215,0.0001673267,0.057467025,0.0027821655,u,0.49161676,0,1
0712_row_00041862,o,12宁国,12宁国,宁国南极吴志周单字,3,3,o,0.9264426,0.0077030165,0.005255333,0.020502139,0.9264426,0.013715353,0.025642952,4.2855245e-05,0.0006664101,2.9217435e-05,o,0.9264426,0,1
0712_row_00041863,y,12宁国,12宁国,宁国南极吴志周单字,5,7,ə,0.78163433,0.038090672,0.0032180084,0.031199383,0.023124266,0.00022876108,0.05274749,1.1083352e-05,0.78163433,0.06974606,ə,0.78163433,0,1
0712_row_00041864,o,12宁国,12宁国,宁国南极吴志周单字,3,3,o,0.9447324,0.008589532,0.000102809114,2.8911286e-06,0.9447324,0.0032430193,4.860457e-06,5.5702167e-05,0.043259956,8.730003e-06,o,0.9447324,0,1
0712_row_00041865,o,12宁国,12宁国,宁国南极吴志周单字,3,3,o,0.9937453,4.4465418e-05,2.5610639e-06,1.9441763e-06,0.9937453,0.0001903105,6.655913e-06,1.3575258e-06,0.006006586,9.1090095e-07,o,0.9937453,0,1
0712_row_00041866,a,12宁国,12宁国,宁国南极吴志周单字,0,0,a,0.81721324,0.81721324,0.11216936,0.016807174,0.011729024,0.0015339203,0.00011490575,2.3358549e-05,0.038379814,0.0020291135,a,0.81721324,0,1
0712_row_00041867,a,12宁国,12宁国,宁国南极吴志周单字,0,2,i,0.57168067,0.29632065,0.0038532251,0.57168067,0.0051821647,0.0011689224,0.027506368,5.523044e-05,0.018590678,0.07564217,i,0.57168067,0,1
0712_row_00041869,a,12宁国,12宁国,宁国南极吴志周单字,0,4,u,0.5745125,0.05689924,0.1094353,0.0004284916,0.24964902,0.5745125,0.0007847327,0.0068849376,0.0013908055,1.4981407e-05,u,0.5745125,0,1
0712_row_00041870,a,12宁国,12宁国,宁国南极吴志周单字,0,0,a,0.88124007,0.88124007,0.007129601,0.00015904338,0.08636065,0.023204787,0.00093061023,0.0006616524,0.00014465275,0.0001689732,a,0.88124007,0,1
0712_row_00041871,ə,12宁国,12宁国,宁国南极吴志周单字,7,7,ə,0.33695507,0.31842273,0.04601521,0.009109586,0.01113963,0.16181414,0.0015950684,0.037512206,0.33695507,0.07743625,ə,0.33695507,0,1
0712_row_00041872,ə,12宁国,12宁国,宁国南极吴志周单字,7,4,u,0.39760932,0.17894399,0.23549014,0.00011709055,0.04929959,0.39760932,0.0005023288,0.0008620527,0.13700227,0.0001732243,u,0.39760932,0,1
0712_row_00041873,u,12宁国,12宁国,宁国南极吴志周单字,4,4,u,0.96827716,0.0012740701,0.0031953908,0.0006079727,0.021797454,0.96827716,0.0023403952,6.9483626e-06,0.0022980475,0.00020256637,u,0.96827716,0,1
0712_row_00041874,ə,12宁国,12宁国,宁国南极吴志周单字,7,4,u,0.5198239,0.03054479,0.03358624,0.073654115,0.09726766,0.5198239,0.17797191,6.0367944e-05,0.060314715,0.0067763263,u,0.5198239,0,1
0712_row_00041875,ɛ,12宁国,12宁国,宁国南极吴志周单字,8,0,a,0.9533476,0.9533476,0.002747975,0.00070171827,0.019278828,0.00028856852,0.00010122069,8.9017185e-06,0.0062742764,0.017250946,a,0.9533476,0,1
0712_row_00041876,ɛ,12宁国,12宁国,宁国南极吴志周单字,8,0,a,0.82425284,0.82425284,0.038089234,0.0032420116,0.0021800445,0.0003116624,0.0048934105,5.9271247e-06,0.027052464,0.09997238,a,0.82425284,0,1
0712_row_00041877,u,12宁国,12宁国,宁国南极吴志周单字,4,4,u,0.9633773,0.009266551,0.013334177,0.00093902956,0.005431847,0.9633773,0.0015765624,0.00013523089,0.0017768079,0.0041623926,u,0.9633773,0,1
0712_row_00041878,a,12宁国,12宁国,宁国南极吴志周单字,0,0,a,0.6523657,0.6523657,0.03900736,0.000112533504,0.005818976,0.27486596,0.00084373,9.156406e-05,0.0071817352,0.019712497,a,0.6523657,0,1
0712_row_00041879,i,12宁国,12宁国,宁国南极吴志周单字,2,2,i,0.9917464,6.591175e-05,0.0002335774,0.9917464,1.3539744e-05,0.00088367006,0.0066272537,8.2754866e-08,0.00023905656,0.00019042208,i,0.9917464,0,1
0712_row_00041880,a,12宁国,12宁国,宁国南极吴志周单字,0,6,ɔ,0.5907817,0.12108009,0.0692597,8.11641e-05,0.021061735,0.1967225,8.4803454e-05,0.5907817,0.0009150812,1.3273109e-05,ɔ,0.5907817,0,1
0712_row_00041881,a,12宁国,12宁国,宁国南极吴志周单字,0,6,ɔ,0.6820577,0.15826058,0.063102834,0.0061964416,0.039168067,0.048828337,0.00064838276,0.6820577,0.0016654268,7.22785e-05,ɔ,0.6820577,0,1
0712_row_00041882,o,12宁国,12宁国,宁国南极吴志周单字,3,3,o,0.4865489,0.047160428,0.051538125,0.0053348774,0.4865489,0.2585109,0.11984711,0.0001534658,0.027218994,0.0036872665,o,0.4865489,0,1
0712_row_00041883,a,12宁国,12宁国,宁国南极吴志周单字,0,0,a,0.43199143,0.43199143,0.24963492,0.09172926,0.029572248,0.024475543,0.0037833934,0.006885927,0.14289518,0.019032046,a,0.43199143,0,1
0712_row_00041884,a,12宁国,12宁国,宁国南极吴志周单字,0,0,a,0.5602397,0.5602397,0.016738228,0.00024744993,0.044224706,0.006424469,0.0005060419,0.0041066594,0.02249094,0.3450219,a,0.5602397,0,1
0712_row_00041885,i,12宁国,12宁国,宁国南极吴志周单字,2,2,i,0.89777493,0.0048368177,0.002017968,0.89777493,0.00077046803,0.023488684,0.050954398,2.3343662e-05,0.010718876,0.0094144745,i,0.89777493,0,1
0712_row_00041886,a,12宁国,12宁国,宁国南极吴志周单字,0,0,a,0.5210181,0.5210181,0.013431352,0.00015998012,0.018123569,0.025936123,0.00035254483,0.0074275983,0.39548102,0.018069806,a,0.5210181,0,1
0712_row_00041887,a,12宁国,12宁国,宁国南极吴志周单字,0,0,a,0.8193686,0.8193686,0.0017879356,0.010297365,0.03128318,0.0021785875,0.0018604439,0.00041206862,0.0147322705,0.11807957,a,0.8193686,0,1
0712_row_00041888,i,12宁国,12宁国,宁国南极吴志周单字,2,1,e,0.64699763,0.20069462,0.64699763,0.047188107,0.011340779,0.031377994,0.019586587,0.0003279382,0.026291948,0.016194375,e,0.64699763,0,1
0712_row_00041889,i,12宁国,12宁国,宁国南极吴志周单字,2,2,i,0.98612064,0.00096428534,0.0062040593,0.98612064,0.00075935037,0.0010095678,0.00088311057,8.854136e-06,0.0039555626,9.4525836e-05,i,0.98612064,0,1
0712_row_00041890,i,12宁国,12宁国,宁国南极吴志周单字,2,2,i,0.47736022,0.07703978,0.057572823,0.47736022,0.3063829,0.01790561,0.04498185,0.00047714513,0.0142895095,0.003990263,i,0.47736022,0,1
0712_row_00041891,a,12宁国,12宁国,宁国南极吴志周单字,0,2,i,0.7175654,0.00974105,0.044953026,0.7175654,0.009764469,0.086189516,0.10569542,4.7876387e-05,0.0177432,0.008300017,i,0.7175654,0,1
0712_row_00041892,u,12宁国,12宁国,宁国南极吴志周单字,4,2,i,0.8007761,0.02498829,0.00369998,0.8007761,0.017093519,0.03827422,0.027726904,0.00010978554,0.06315461,0.024176566,i,0.8007761,0,1
0712_row_00041893,e,12宁国,12宁国,宁国南极吴志周单字,1,1,e,0.48915195,0.028119102,0.48915195,0.072461754,0.011677176,0.00998771,0.35839856,3.9639876e-06,0.0027437392,0.027456108,e,0.48915195,0,1
0712_row_00041894,ə,12宁国,12宁国,宁国南极吴志周单字,7,7,ə,0.9956801,0.00018608652,7.824041e-05,1.3550115e-05,0.0014460832,0.0025547682,4.0289346e-05,5.968911e-07,0.9956801,2.1033472e-07,ə,0.9956801,0,1
0712_row_00041895,e,12宁国,12宁国,宁国南极吴志周单字,1,0,a,0.88850063,0.88850063,0.07784536,0.00052366493,0.00560929,0.0009930466,0.00075946184,1.0222863e-06,0.019887079,0.005880451,a,0.88850063,0,1
0712_row_00041896,e,12宁国,12宁国,宁国南极吴志周单字,1,1,e,0.6176149,0.24113354,0.6176149,0.0038764891,0.057561122,0.03737006,0.0020825595,0.00014471554,0.024854874,0.015361834,e,0.6176149,0,1
0712_row_00041897,e,12宁国,12宁国,宁国南极吴志周单字,1,1,e,0.645617,0.064022444,0.645617,0.010519069,0.22083072,0.0347448,0.014502045,5.3309464e-05,0.006126135,0.0035844168,e,0.645617,0,1
0712_row_00041898,a,12宁国,12宁国,宁国南极吴志周单字,0,1,e,0.5172291,0.41326937,0.5172291,0.0008163438,0.01353511,0.03328015,0.0005657852,0.014985664,0.0062801004,3.8399714e-05,e,0.5172291,0,1
0712_row_00041899,a,12宁国,12宁国,宁国南极吴志周单字,0,6,ɔ,0.40450233,0.34503025,0.011885163,1.649447e-05,0.17462143,0.029935023,3.7557587e-05,0.40450233,0.03299947,0.0009723501,ɔ,0.40450233,0,1
0712_row_00041900,o,12宁国,12宁国,宁国南极吴志周单字,3,3,o,0.9952655,6.778078e-05,7.2026405e-06,3.2548703e-06,0.9952655,0.00010137084,1.80349e-05,9.4118013e-07,0.004530846,5.2516243e-06,o,0.9952655,0,1
0712_row_00041901,o,12宁国,12宁国,宁国南极吴志周单字,3,4,u,0.41275275,0.21819699,0.09177651,7.02262e-05,0.1655253,0.41275275,0.0017673259,0.0005685079,0.10883091,0.00051152124,u,0.41275275,0,1
0712_row_00041902,a,12宁国,12宁国,宁国南极吴志周单字,0,0,a,0.88884974,0.88884974,0.09998319,5.243373e-05,0.0003681173,0.007351107,4.116954e-06,0.0016911818,0.0016920449,8.105052e-06,a,0.88884974,0,1
0712_row_00041903,a,12宁国,12宁国,宁国南极吴志周单字,0,0,a,0.9652916,0.9652916,0.030134467,0.00096742826,0.0009359411,0.0009358483,2.8203198e-05,2.0194553e-05,0.0008496376,0.0008365637,a,0.9652916,0,1
0712_row_00041904,a,12宁国,12宁国,宁国南极吴志周单字,0,2,i,0.6561493,0.0075970627,0.036854286,0.6561493,0.007442964,0.19955994,0.07766427,1.0604042e-05,0.0066327117,0.008088778,i,0.6561493,0,1
0712_row_00041905,o,12宁国,12宁国,宁国南极吴志周单字,3,3,o,0.6827784,0.0070987903,0.0058010262,1.1045482e-05,0.6827784,0.21469082,5.764905e-05,0.08912371,0.00043366832,4.8757615e-06,o,0.6827784,0,1
0712_row_00041906,o,12宁国,12宁国,宁国南极吴志周单字,3,3,o,0.94984907,0.0006025166,0.00011084639,0.00011298759,0.94984907,0.0036592118,0.0005093478,3.3367946e-06,0.0450127,0.00014020772,o,0.94984907,0,1
0712_row_00041907,a,12宁国,12宁国,宁国南极吴志周单字,0,3,o,0.33006254,0.12958698,0.18842693,0.07034398,0.33006254,0.08471135,0.017295787,0.00026181218,0.17873944,0.0005712339,o,0.33006254,0,1
0712_row_00041909,o,12宁国,12宁国,宁国南极汪灶荣单字,3,3,o,0.8443262,0.007422644,0.11375892,0.008239702,0.8443262,0.018196292,0.0009126413,0.0006023748,0.0063378233,0.00020343902,o,0.8443262,0,1
0712_row_00041910,a,12宁国,12宁国,宁国南极汪灶荣单字,0,3,o,0.7165446,0.016956735,0.19176583,0.0037163422,0.7165446,0.06389245,0.0041501755,9.180377e-05,0.0027252047,0.00015681998,o,0.7165446,0,1
0712_row_00041911,o,12宁国,12宁国,宁国南极汪灶荣单字,3,3,o,0.9818363,0.0027751573,0.0010657131,3.1349286e-06,0.9818363,0.013796853,3.672985e-05,0.00036242246,0.0001233439,4.9187145e-07,o,0.9818363,0,1
0712_row_00041912,o,12宁国,12宁国,宁国南极汪灶荣单字,3,3,o,0.87093854,0.016073788,0.026104368,0.013097616,0.87093854,0.070054814,0.00031016546,0.0004595852,0.0028800496,8.111337e-05,o,0.87093854,0,1
0712_row_00041913,o,12宁国,12宁国,宁国南极汪灶荣单字,3,3,o,0.9078067,0.0051710936,0.01333188,0.009599956,0.9078067,0.05985602,0.00038870753,0.00181203,0.0020197486,1.3733751e-05,o,0.9078067,0,1
0712_row_00041914,o,12宁国,12宁国,宁国南极汪灶荣单字,3,3,o,0.9857378,0.013084103,6.9559424e-06,2.003336e-06,0.9857378,0.00089078565,8.914995e-06,5.074041e-05,0.00017039703,4.818716e-05,o,0.9857378,0,1
0712_row_00041915,a,12宁国,12宁国,宁国南极汪灶荣单字,0,0,a,0.56199884,0.56199884,0.13713942,0.00051509705,0.009361423,0.029648816,4.369573e-05,0.2593536,0.0018298691,0.000109280234,a,0.56199884,0,1
0712_row_00041916,a,12宁国,12宁国,宁国南极汪灶荣单字,0,0,a,0.38924918,0.38924918,0.08197433,0.00182008,0.15674983,0.09892705,0.001024674,0.26046082,0.009709442,8.450587e-05,a,0.38924918,0,1
0712_row_00041917,a,12宁国,12宁国,宁国南极汪灶荣单字,0,6,ɔ,0.7546998,0.10839463,0.009402025,0.00017725359,0.09007213,0.03675441,5.8230868e-05,0.7546998,0.00040613857,3.53403e-05,ɔ,0.7546998,0,1
0712_row_00041918,a,12宁国,12宁国,宁国南极汪灶荣单字,0,6,ɔ,0.38946787,0.36950818,0.058222596,6.54046e-05,0.065564714,0.067389235,0.0003770482,0.38946787,0.048709106,0.00069586886,ɔ,0.38946787,0,1
0712_row_00041919,a,12宁国,12宁国,宁国南极汪灶荣单字,0,0,a,0.7477454,0.7477454,0.033102322,0.00034416592,0.06810869,0.038370527,7.5266325e-05,0.0498422,0.06043639,0.0019750043,a,0.7477454,0,1
0712_row_00041920,a,12宁国,12宁国,宁国南极汪灶荣单字,0,0,a,0.6581607,0.6581607,0.09705029,0.0058161044,0.01648166,0.0056633065,0.022032233,2.4181247e-05,0.035744026,0.15902746,a,0.6581607,0,1
0712_row_00041921,a,12宁国,12宁国,宁国南极汪灶荣单字,0,0,a,0.90985405,0.90985405,0.0049926876,0.0001360556,0.03377789,0.0018042816,0.00012524865,0.048906453,7.498586e-05,0.00032838865,a,0.90985405,0,1
0712_row_00041922,ɛ,12宁国,12宁国,宁国南极汪灶荣单字,8,0,a,0.579072,0.579072,0.027837181,0.009556474,0.009339755,0.0021916153,0.017352074,6.818185e-05,0.024347277,0.33023542,a,0.579072,0,1
0712_row_00041923,ɛ,12宁国,12宁国,宁国南极汪灶荣单字,8,8,ɛ,0.57244515,0.39609748,0.0024529987,0.003141439,0.0015072594,0.00048143812,0.014701354,2.216223e-05,0.009150797,0.57244515,ɛ,0.57244515,0,1
0712_row_00041924,ɛ,12宁国,12宁国,宁国南极汪灶荣单字,8,8,ɛ,0.5532725,0.21425505,0.07109913,0.0038453115,0.0048718727,0.003870643,0.13991535,1.13412725e-05,0.008858846,0.5532725,ɛ,0.5532725,0,1
0712_row_00041925,ɛ,12宁国,12宁国,宁国南极汪灶荣单字,8,2,i,0.39115745,0.09451183,0.01503117,0.39115745,0.010351754,0.0067085573,0.09589176,0.00027549168,0.11263907,0.27343282,i,0.39115745,0,1
0712_row_00041926,ə,12宁国,12宁国,宁国南极汪灶荣单字,7,6,ɔ,0.61990917,0.29250926,0.024221132,0.0003107279,0.013377602,0.0200208,0.00041419565,0.61990917,0.028701784,0.00053533335,ɔ,0.61990917,0,1
0712_row_00041927,ə,12宁国,12宁国,宁国南极汪灶荣单字,7,0,a,0.4509363,0.4509363,0.09084959,0.00016184463,0.042154167,0.02602621,0.0007002715,0.34602398,0.04234999,0.00079760706,a,0.4509363,0,1
0712_row_00041928,ə,12宁国,12宁国,宁国南极汪灶荣单字,7,5,y,0.7822871,0.019598262,0.014664847,0.115066476,0.002988183,0.002839342,0.7822871,4.986019e-05,0.017666427,0.04483944,y,0.7822871,0,1
0712_row_00041929,ə,12宁国,12宁国,宁国南极汪灶荣单字,7,8,ɛ,0.48819655,0.29143697,0.022629341,0.08659951,0.0041071787,0.00013934693,0.00854292,0.0010004955,0.09734771,0.48819655,ɛ,0.48819655,0,1
0712_row_00041930,ɛ,12宁国,12宁国,宁国南极汪灶荣单字,8,8,ɛ,0.5313977,0.0057515325,0.0098605305,0.02075989,0.0016724296,0.0010555182,0.10300155,1.6935408e-06,0.32649913,0.5313977,ɛ,0.5313977,0,1
0712_row_00041931,ə,12宁国,12宁国,宁国南极汪灶荣单字,7,7,ə,0.79152334,0.04861155,0.0022289434,0.036459003,0.0034765385,0.000357075,0.00578343,1.1158089e-05,0.79152334,0.11154898,ə,0.79152334,0,1
0712_row_00041932,a,12宁国,12宁国,宁国南极汪灶荣单字,0,0,a,0.98928946,0.98928946,0.0030837588,0.00032811527,0.0012554651,0.0024391816,0.00025751998,0.0028068533,0.00020175305,0.0003375858,a,0.98928946,0,1
0712_row_00041933,a,12宁国,12宁国,宁国南极汪灶荣单字,0,0,a,0.96074283,0.96074283,0.014097158,0.002809684,0.0038555844,0.00093998306,0.0006690452,0.0019106368,0.005416495,0.0095586255,a,0.96074283,0,1
0712_row_00041934,a,12宁国,12宁国,宁国南极汪灶荣单字,0,0,a,0.8411668,0.8411668,0.006824874,0.0018857634,0.1079796,0.0027206966,0.0011425524,0.03288764,0.0047583743,0.0006337756,a,0.8411668,0,1
0712_row_00041935,a,12宁国,12宁国,宁国南极汪灶荣单字,0,0,a,0.9558701,0.9558701,0.0318068,0.0011229529,0.0053542904,0.0025789067,5.6116223e-05,5.5469114e-05,0.0029671711,0.00018809967,a,0.9558701,0,1
0712_row_00041936,u,12宁国,12宁国,宁国南极汪灶荣单字,4,4,u,0.6077603,0.014981427,0.004725308,0.00013071416,0.3453699,0.6077603,0.0016240337,0.02483536,0.000536824,3.608065e-05,u,0.6077603,0,1
0712_row_00041937,u,12宁国,12宁国,宁国南极汪灶荣单字,4,4,u,0.86523587,0.005529319,0.00794355,0.00048561557,0.102619395,0.86523587,0.010398824,0.001338203,0.006406193,4.3102147e-05,u,0.86523587,0,1
0712_row_00041938,u,12宁国,12宁国,宁国南极汪灶荣单字,4,3,o,0.66912484,0.020237828,0.00030864158,9.940787e-06,0.66912484,0.30641854,0.00027902168,0.0022719519,0.0013292948,1.9912912e-05,o,0.66912484,0,1
0712_row_00041939,u,12宁国,12宁国,宁国南极汪灶荣单字,4,4,u,0.80311143,0.06106589,0.0029359173,0.0009692247,0.07750968,0.80311143,0.004481709,0.02182057,0.027055856,0.0010497472,u,0.80311143,0,1
0712_row_00041940,u,12宁国,12宁国,宁国南极汪灶荣单字,4,4,u,0.912101,0.013827271,0.0017854245,0.000645355,0.03649332,0.912101,0.032061968,0.00011913374,0.0026586705,0.00030787545,u,0.912101,0,1
0712_row_00041941,u,12宁国,12宁国,宁国南极汪灶荣单字,4,4,u,0.7388411,0.020451522,0.004742013,0.0005064489,0.10417682,0.7388411,0.12952559,8.495983e-05,0.00155884,0.000112671194,u,0.7388411,0,1
0712_row_00041942,u,12宁国,12宁国,宁国南极汪灶荣单字,4,4,u,0.7442393,0.015593033,0.0014092092,0.00021076371,0.025842344,0.7442393,0.20764992,0.00017748914,0.0030925118,0.0017854571,u,0.7442393,0,1
0712_row_00041943,u,12宁国,12宁国,宁国南极汪灶荣单字,4,4,u,0.69265634,0.038197637,0.0034226766,0.0030862563,0.17552622,0.69265634,0.083716,0.00020705635,0.0029848733,0.00020298433,u,0.69265634,0,1
0712_row_00041944,y,12宁国,12宁国,宁国南极汪灶荣单字,5,3,o,0.7407569,0.017094666,0.016514132,0.051888455,0.7407569,0.0049834303,0.16783145,5.048248e-05,0.00068357174,0.00019685963,o,0.7407569,0,1
0712_row_00041945,u,12宁国,12宁国,宁国南极汪灶荣单字,4,5,y,0.6062579,0.017274374,0.14569364,0.006356031,0.03716961,0.17287603,0.6062579,2.2666593e-06,0.013411448,0.0009586882,y,0.6062579,0,1
0712_row_00041946,u,12宁国,12宁国,宁国南极汪灶荣单字,4,3,o,0.395904,0.029812802,0.01842248,0.01045288,0.395904,0.32875997,0.19803976,4.7555437e-05,0.016856153,0.0017044434,o,0.395904,0,1
0712_row_00041947,u,12宁国,12宁国,宁国南极汪灶荣单字,4,4,u,0.9360706,0.012589763,0.0032443658,0.0027919638,0.025084715,0.9360706,0.009606066,0.0029407474,0.007582392,8.924299e-05,u,0.9360706,0,1
0712_row_00041948,o,12宁国,12宁国,宁国南极汪灶荣单字,3,5,y,0.7934353,0.0002829818,0.0019086734,0.04220102,0.0008424728,0.1584921,0.7934353,2.1524497e-07,0.0024851845,0.0003520389,y,0.7934353,0,1
0712_row_00041949,u,12宁国,12宁国,宁国南极汪灶荣单字,4,4,u,0.78450364,0.013883648,0.038828965,0.001253256,0.11577895,0.78450364,0.0016568793,9.4731586e-05,0.04356589,0.0004339894,u,0.78450364,0,1
0712_row_00041950,u,12宁国,12宁国,宁国南极汪灶荣单字,4,5,y,0.6855626,0.00038779838,0.0015314966,0.040978223,0.0050090454,0.26223907,0.6855626,1.155206e-06,0.0041155214,0.00017506217,y,0.6855626,0,1
0712_row_00041951,u,12宁国,12宁国,宁国南极汪灶荣单字,4,5,y,0.75498897,0.00027317964,0.0042941547,0.010840579,0.004927881,0.21861918,0.75498897,4.76688e-07,0.0055454713,0.0005101709,y,0.75498897,0,1
0712_row_00041952,y,12宁国,12宁国,宁国南极汪灶荣单字,5,5,y,0.69084316,0.009556821,0.029069873,0.005165188,0.024038104,0.22750548,0.69084316,1.4685133e-06,0.008966674,0.0048532635,y,0.69084316,0,1
0712_row_00041953,y,12宁国,12宁国,宁国南极汪灶荣单字,5,5,y,0.6767625,0.001771055,0.0019329604,0.0114373425,0.031499367,0.26317546,0.6767625,8.127917e-06,0.013267794,0.00014540208,y,0.6767625,0,1
0712_row_00041954,y,12宁国,12宁国,宁国南极汪灶荣单字,5,5,y,0.5932033,0.0021451805,0.008408955,0.023403786,0.012732764,0.3333059,0.5932033,6.1962282e-06,0.026442863,0.0003511278,y,0.5932033,0,1
0712_row_00041955,y,12宁国,12宁国,宁国南极汪灶荣单字,5,4,u,0.51195246,0.005000926,0.011792012,0.0013046241,0.08555137,0.51195246,0.379613,2.7644599e-06,0.0033892265,0.0013936716,u,0.51195246,0,1
0712_row_00041957,y,12宁国,12宁国,宁国南极汪灶荣单字,5,5,y,0.6490244,0.00052099494,0.0028500075,0.011160796,0.003066245,0.3287396,0.6490244,3.4654266e-07,0.00396846,0.0006690834,y,0.6490244,0,1
0712_row_00041958,y,12宁国,12宁国,宁国南极汪灶荣单字,5,5,y,0.963217,0.00013203638,0.0007304673,0.0013666905,0.030349389,0.0032081613,0.963217,1.399619e-07,0.00090284843,9.320793e-05,y,0.963217,0,1
0712_row_00041959,y,12宁国,12宁国,宁国南极汪灶荣单字,5,5,y,0.85051936,0.0009563926,0.0009306888,0.007925807,0.00071905437,0.13718003,0.85051936,7.086274e-07,0.0009879317,0.00077994907,y,0.85051936,0,1
0712_row_00041960,y,12宁国,12宁国,宁国南极汪灶荣单字,5,4,u,0.70130676,0.045826424,0.0024726805,0.0025020412,0.011008,0.70130676,0.22288026,0.0015982825,0.010264083,0.0021413628,u,0.70130676,0,1
0712_row_00041961,y,12宁国,12宁国,宁国南极汪灶荣单字,5,5,y,0.5584537,0.01047993,0.0015953021,0.013590317,0.011510528,0.39372498,0.5584537,0.000112066235,0.0058885147,0.0046447483,y,0.5584537,0,1
0712_row_00041962,u,12宁国,12宁国,宁国南极汪灶荣单字,4,4,u,0.8102179,0.010861846,0.011022861,0.0005277241,0.063788444,0.8102179,0.10296389,4.1516672e-05,0.0005224636,5.332641e-05,u,0.8102179,0,1
0712_row_00041964,y,12宁国,12宁国,宁国南极汪灶荣单字,5,4,u,0.5713182,0.010676872,0.004735972,0.0017588148,0.05982239,0.5713182,0.34767982,5.540302e-06,0.0032457856,0.0007565766,u,0.5713182,0,1
0712_row_00041965,u,12宁国,12宁国,宁国南极汪灶荣单字,4,5,y,0.43637946,0.012674792,0.055069283,0.00300515,0.088852815,0.39527777,0.43637946,7.816185e-06,0.0064033456,0.0023296163,y,0.43637946,0,1
0712_row_00041967,u,12宁国,12宁国,宁国南极汪灶荣单字,4,4,u,0.7258591,0.025338015,0.06546106,0.0077103367,0.11231427,0.7258591,0.0009879664,0.00031550947,0.060555447,0.0014582411,u,0.7258591,0,1
0712_row_00041968,u,12宁国,12宁国,宁国南极汪灶荣单字,4,4,u,0.8433463,0.015226216,0.0066061337,0.0014561707,0.1139612,0.8433463,0.0029108378,1.944877e-05,0.011280303,0.0051934565,u,0.8433463,0,1
0712_row_00041969,u,12宁国,12宁国,宁国南极汪灶荣单字,4,5,y,0.8724457,0.0011963886,0.0016435025,0.008164675,0.0033647039,0.10682378,0.8724457,1.5276293e-06,0.0054589016,0.00090077426,y,0.8724457,0,1
0712_row_00041970,u,12宁国,12宁国,宁国南极汪灶荣单字,4,4,u,0.5704832,0.0002523282,0.003500123,0.024406547,0.0058958493,0.5704832,0.38683984,4.6434073e-07,0.0082711335,0.00035051635,u,0.5704832,0,1
0712_row_00041971,u,12宁国,12宁国,宁国南极汪灶荣单字,4,4,u,0.9304743,0.00296473,0.0022889848,0.0015021926,0.048353784,0.9304743,0.0120322425,6.7069313e-06,0.00231131,6.588417e-05,u,0.9304743,0,1
0712_row_00041972,u,12宁国,12宁国,宁国南极汪灶荣单字,4,4,u,0.6579585,0.0005655037,0.004262729,0.021189794,0.014301004,0.6579585,0.29668126,7.4268473e-07,0.004837898,0.00020251825,u,0.6579585,0,1
0712_row_00041973,y,12宁国,12宁国,宁国南极汪灶荣单字,5,5,y,0.6066449,0.013498837,0.0078761475,0.014853017,0.06285688,0.27241397,0.6066449,1.870831e-05,0.021289535,0.0005479712,y,0.6066449,0,1
0712_row_00041974,y,12宁国,12宁国,宁国南极汪灶荣单字,5,5,y,0.5474683,0.0030870293,0.0101491865,0.0021553095,0.024009595,0.41042194,0.5474683,2.25267e-06,0.0025427232,0.00016364003,y,0.5474683,0,1
0712_row_00041975,y,12宁国,12宁国,宁国南极汪灶荣单字,5,5,y,0.9347863,0.00013161545,0.00033740097,0.03932444,0.022976723,0.00091833726,0.9347863,1.14329026e-07,0.0014950789,2.9877421e-05,y,0.9347863,0,1
0712_row_00041976,y,12宁国,12宁国,宁国南极汪灶荣单字,5,5,y,0.9957801,7.902795e-06,0.00022557144,0.0025592924,0.00069593027,0.0005741617,0.9957801,8.861752e-09,0.00014914367,7.90627e-06,y,0.9957801,0,1
0712_row_00041977,y,12宁国,12宁国,宁国南极汪灶荣单字,5,5,y,0.8895926,0.000273226,0.0002475815,0.029672567,0.065022424,0.011892087,0.8895926,1.4078988e-06,0.0032518443,4.6315294e-05,y,0.8895926,0,1
0712_row_00041978,a,12宁国,12宁国,宁国南极汪灶荣单字,0,8,ɛ,0.5448111,0.42681903,0.01530531,0.0068005174,0.002447829,0.0019358353,0.000128829,1.5643553e-05,0.0017359569,0.5448111,ɛ,0.5448111,0,1
0712_row_00041979,a,12宁国,12宁国,宁国南极汪灶荣单字,0,0,a,0.6912297,0.6912297,0.23974364,0.0001786012,0.013327158,0.02770817,0.00046805898,0.0028358568,0.011748613,0.01276027,a,0.6912297,0,1
0712_row_00041980,a,12宁国,12宁国,宁国南极汪灶荣单字,0,8,ɛ,0.5018961,0.2036074,0.1022359,0.06653814,0.01460417,0.051481485,0.013226501,0.0015556276,0.04485474,0.5018961,ɛ,0.5018961,0,1
0712_row_00041981,e,12宁国,12宁国,宁国南极汪灶荣单字,1,1,e,0.9078371,0.0011154803,0.9078371,0.0029117228,0.00031663274,0.08764196,0.000117181495,6.860092e-06,2.094401e-05,3.209533e-05,e,0.9078371,0,1
0712_row_00041982,a,12宁国,12宁国,宁国南极汪灶荣单字,0,0,a,0.9399744,0.9399744,0.044518992,0.0003056326,0.0015941153,0.003840001,1.039988e-05,0.00047622656,0.009246648,3.3508626e-05,a,0.9399744,0,1
0712_row_00041983,ɛ,12宁国,12宁国,宁国南极汪灶荣单字,8,0,a,0.87247616,0.87247616,0.02219126,0.0022049733,0.0096861245,0.0021700868,0.0018738341,7.786086e-05,0.014614584,0.07470504,a,0.87247616,0,1
0712_row_00041984,a,12宁国,12宁国,宁国南极汪灶荣单字,0,0,a,0.88128144,0.88128144,0.0055370335,0.00068032247,0.0035988903,0.0014644593,5.54501e-05,9.460036e-05,0.10686096,0.00042669885,a,0.88128144,0,1
0712_row_00041985,ɛ,12宁国,12宁国,宁国南极汪灶荣单字,8,0,a,0.95227927,0.95227927,0.001278929,0.0003458396,0.009212122,0.00017621266,0.0004392534,2.3958806e-05,0.0014477402,0.034796916,a,0.95227927,0,1
0712_row_00041987,ɛ,12宁国,12宁国,宁国南极汪灶荣单字,8,0,a,0.79806733,0.79806733,0.08874457,0.0009356946,0.038974777,0.004416693,0.0018178622,9.215666e-06,0.043047234,0.023986556,a,0.79806733,0,1
0712_row_00041988,e,12宁国,12宁国,宁国南极汪灶荣单字,1,1,e,0.51706797,0.3640699,0.51706797,0.002808883,0.008177404,0.002691922,0.0072195353,7.05444e-06,0.04871235,0.049244963,e,0.51706797,0,1
0712_row_00041989,a,12宁国,12宁国,宁国南极汪灶荣单字,0,0,a,0.9612853,0.9612853,0.026180329,0.0008057951,0.0013650473,0.0016992241,1.4782612e-05,0.00010279326,0.008515362,3.140215e-05,a,0.9612853,0,1
0712_row_00041990,i,12宁国,12宁国,宁国南极汪灶荣单字,2,1,e,0.98483443,0.005194322,0.98483443,0.0007097423,0.0015905915,0.0072953575,0.00015347572,5.5772503e-05,6.740974e-05,9.906774e-05,e,0.98483443,0,1
0712_row_00041991,i,12宁国,12宁国,宁国南极汪灶荣单字,2,0,a,0.72156703,0.72156703,0.0030883104,0.026439063,0.0056786444,8.9881854e-05,0.0061930004,0.00018776215,0.07401893,0.16273749,a,0.72156703,0,1
0712_row_00041992,i,12宁国,12宁国,宁国南极汪灶荣单字,2,2,i,0.85325176,0.006529106,0.022049803,0.85325176,0.05635018,0.010906939,0.048649665,5.470203e-05,0.0018452599,0.0003626169,i,0.85325176,0,1
0712_row_00041993,i,12宁国,12宁国,宁国南极汪灶荣单字,2,8,ɛ,0.42055395,0.08368938,0.008232476,0.27586013,0.047465608,0.0022971146,0.007327833,1.7240232e-05,0.15455626,0.42055395,ɛ,0.42055395,0,1
0712_row_00041994,i,12宁国,12宁国,宁国南极汪灶荣单字,2,0,a,0.527833,0.527833,0.28625974,0.04991591,0.04580916,0.009352462,0.00033123794,0.0028759246,0.022438142,0.055184457,a,0.527833,0,1
0712_row_00041995,i,12宁国,12宁国,宁国南极汪灶荣单字,2,2,i,0.8752618,0.025955597,0.012403384,0.8752618,0.0035236045,0.0048054056,0.034364868,0.0002824932,0.01950438,0.023898376,i,0.8752618,0,1
0712_row_00041996,i,12宁国,12宁国,宁国南极汪灶荣单字,2,2,i,0.89574003,0.026514435,0.0064304117,0.89574003,0.009921691,0.0008025893,0.0010517831,0.000109649285,0.029747311,0.02968203,i,0.89574003,0,1
0712_row_00041997,i,12宁国,12宁国,宁国南极汪灶荣单字,2,8,ɛ,0.51227385,0.35083473,0.004150063,0.07963397,0.010807494,0.00019984275,0.0035128575,0.00020028997,0.038386807,0.51227385,ɛ,0.51227385,0,1
0712_row_00041998,i,12宁国,12宁国,宁国南极汪灶荣单字,2,2,i,0.9425847,0.017833348,0.005098532,0.9425847,0.006595735,0.0014481538,0.020292183,4.2671592e-05,0.0038793706,0.0022252372,i,0.9425847,0,1
0712_row_00041999,i,12宁国,12宁国,宁国南极汪灶荣单字,2,2,i,0.91863626,0.00036395533,0.0019591816,0.91863626,0.0016551481,0.002075526,0.070445016,9.1654994e-07,0.0046851267,0.00017884816,i,0.91863626,0,1
0712_row_00042000,i,12宁国,12宁国,宁国南极汪灶荣单字,2,2,i,0.9630167,5.3993757e-05,0.0010237073,0.9630167,1.9154968e-05,0.001756594,0.03348678,9.894933e-09,0.00028268617,0.00036050632,i,0.9630167,0,1
0712_row_00042001,i,12宁国,12宁国,宁国南极汪灶荣单字,2,2,i,0.9969265,3.7099203e-06,0.00017808628,0.9969265,2.1441476e-06,0.00013876914,0.0026326138,4.9113263e-10,1.7687516e-05,0.00010048057,i,0.9969265,0,1
0712_row_00042002,i,12宁国,12宁国,宁国南极汪灶荣单字,2,2,i,0.99249506,2.2419383e-05,0.0003293634,0.99249506,1.3677209e-05,0.00035558868,0.006384855,3.4545668e-08,0.00012952501,0.00026950342,i,0.99249506,0,1
0712_row_00042003,i,12宁国,12宁国,宁国南极汪灶荣单字,2,2,i,0.79689467,0.0049577,0.0016603619,0.79689467,0.00079264736,0.013857061,0.13484292,7.4830655e-06,0.010100059,0.03688715,i,0.79689467,0,1
0712_row_00042004,i,12宁国,12宁国,宁国南极汪灶荣单字,2,2,i,0.9936226,5.5989214e-05,0.00086894457,0.9936226,2.044824e-05,0.00027716896,0.0037313101,2.2924462e-08,0.00069586304,0.00072760205,i,0.9936226,0,1
0712_row_00042005,e,12宁国,12宁国,宁国南极汪灶荣单字,1,1,e,0.9664302,0.00290661,0.9664302,0.01591871,0.00056994066,0.01367576,0.00016332064,6.476935e-05,0.00013944837,0.00013132348,e,0.9664302,0,1
0712_row_00042006,e,12宁国,12宁国,宁国南极汪灶荣单字,1,1,e,0.9530577,0.0067322347,0.9530577,0.009876915,0.01715453,0.011779875,0.00023906547,0.0009836566,0.00016659262,9.582574e-06,e,0.9530577,0,1
0712_row_00042007,e,12宁国,12宁国,宁国南极汪灶荣单字,1,1,e,0.93970823,0.00031215977,0.93970823,0.005128311,0.0014182304,0.053045094,0.00025068445,4.323055e-05,5.6914105e-05,3.712227e-05,e,0.93970823,0,1
0712_row_00042008,e,12宁国,12宁国,宁国南极汪灶荣单字,1,1,e,0.50078106,0.0013609497,0.50078106,0.011837807,0.0014034581,0.48411924,0.0003455468,1.8950434e-05,4.8428843e-05,8.466842e-05,e,0.50078106,0,1
0712_row_00042009,e,12宁国,12宁国,宁国南极汪灶荣单字,1,1,e,0.94941,0.02073142,0.94941,6.366279e-05,0.0004653289,0.023290873,8.254046e-05,5.8177793e-05,0.004554142,0.0013438798,e,0.94941,0,1
0712_row_00042010,u,12宁国,12宁国,宁国南极汪灶荣单字,4,4,u,0.81592846,0.0002450201,0.18107818,7.409866e-05,0.0016619392,0.81592846,0.0007888905,3.5560943e-06,0.00020379825,1.5989846e-05,u,0.81592846,0,1
0712_row_00042011,a,12宁国,12宁国,宁国南极汪灶荣单字,0,0,a,0.8400586,0.8400586,0.03496825,0.0002741615,0.07965113,0.036801837,0.00011008063,0.0010230344,0.0069890916,0.00012368603,a,0.8400586,0,1
0712_row_00042012,u,12宁国,12宁国,宁国南极汪灶荣单字,4,4,u,0.75694185,0.0014822384,0.22870584,0.00058924523,0.011575771,0.75694185,0.00042672816,7.7272725e-06,0.00010054212,0.0001700944,u,0.75694185,0,1
0712_row_00042013,a,12宁国,12宁国,宁国南极汪灶荣单字,0,0,a,0.9461092,0.9461092,0.0061677387,0.0004967292,0.0032820494,0.0039970777,3.489308e-05,0.00020731403,0.0036162417,0.036088873,a,0.9461092,0,1
0712_row_00042014,a,12宁国,12宁国,宁国南极汪灶荣单字,0,0,a,0.93866396,0.93866396,0.007930468,2.4186975e-05,0.044653397,0.0051232623,2.0819518e-05,0.00019852136,0.0033259632,5.9584076e-05,a,0.93866396,0,1
0712_row_00042015,a,12宁国,12宁国,宁国南极汪灶荣单字,0,0,a,0.92200613,0.92200613,0.0034187539,7.748181e-05,0.022131806,0.0026602768,7.65678e-05,0.049210962,0.0002813428,0.00013649049,a,0.92200613,0,1
0712_row_00042016,a,12宁国,12宁国,宁国南极汪灶荣单字,0,1,e,0.50990456,0.23119876,0.50990456,0.00027188152,0.01670299,0.23593533,0.00033895724,0.00078175816,0.0021545135,0.0027112842,e,0.50990456,0,1
0712_row_00042017,a,12宁国,12宁国,宁国南极汪灶荣单字,0,0,a,0.77501655,0.77501655,0.015657473,0.00043632608,0.07220134,0.004019862,0.00011558696,0.13167492,0.0007671577,0.00011080391,a,0.77501655,0,1
0712_row_00042018,a,12宁国,12宁国,宁国南极汪灶荣单字,0,0,a,0.63301283,0.63301283,0.11514715,0.04829824,0.16585398,0.016533272,0.011979903,0.008160425,0.00082628924,0.00018794312,a,0.63301283,0,1
0712_row_00042019,e,12宁国,12宁国,宁国南极汪灶荣单字,1,1,e,0.31871328,0.021543194,0.31871328,0.045398563,0.032567378,0.23292308,0.003171864,0.00016985166,0.236259,0.109253794,e,0.31871328,0,1
0712_row_00042020,e,12宁国,12宁国,宁国南极汪灶荣单字,1,4,u,0.8397624,0.00052948424,0.1567169,7.119355e-05,0.0024514573,0.8397624,0.00021844309,3.1786522e-06,8.99359e-05,0.00015710131,u,0.8397624,0,1
0712_row_00042021,e,12宁国,12宁国,宁国南极汪灶荣单字,1,1,e,0.75486135,0.0003782192,0.75486135,6.0668575e-05,0.00019942739,0.24420159,0.00015282,1.6968365e-06,8.570233e-05,5.8591242e-05,e,0.75486135,0,1
0712_row_00042022,e,12宁国,12宁国,宁国南极汪灶荣单字,1,4,u,0.8526371,0.00027309376,0.14540546,1.991385e-05,0.0014133976,0.8526371,0.00017419092,8.5429167e-07,7.787221e-06,6.823263e-05,u,0.8526371,0,1
0712_row_00042023,e,12宁国,12宁国,宁国南极汪灶荣单字,1,1,e,0.920965,0.0005522136,0.920965,0.0006348325,0.0005470394,0.07711495,0.00011836808,6.8417685e-06,2.2698727e-05,3.813602e-05,e,0.920965,0,1
0712_row_00042024,i,12宁国,12宁国,宁国南极汪灶荣单字,2,2,i,0.99753284,0.0001748707,0.00051622395,0.99753284,2.5235602e-05,0.00029915952,0.00060499035,7.032069e-08,0.00048620708,0.0003601374,i,0.99753284,0,1
0712_row_00042025,i,12宁国,12宁国,宁国南极汪灶荣单字,2,2,i,0.9929939,2.9662073e-05,0.0002175199,0.9929939,1.1065899e-05,0.00026554865,0.0060916864,5.5667936e-08,0.00018979373,0.0002009598,i,0.9929939,0,1
0712_row_00042026,i,12宁国,12宁国,宁国南极汪灶荣单字,2,2,i,0.9975368,6.9560256e-06,0.0004447524,0.9975368,6.3582074e-06,0.00013769524,0.0017738272,2.1948148e-09,1.8835943e-05,7.483512e-05,i,0.9975368,0,1
0712_row_00042027,i,12宁国,12宁国,宁国南极汪灶荣单字,2,2,i,0.9964874,0.00017658401,0.00023717238,0.9964874,2.8354527e-05,0.0004987414,0.0015214416,4.1356554e-07,0.00041615305,0.0006338125,i,0.9964874,0,1
0712_row_00042028,i,12宁国,12宁国,宁国南极汪灶荣单字,2,2,i,0.76705,0.18781336,0.0051981346,0.76705,0.0013858989,0.00047501724,0.0063823643,6.711273e-06,0.004032217,0.027656317,i,0.76705,0,1
0712_row_00042029,i,12宁国,12宁国,宁国南极汪灶荣单字,2,2,i,0.99885106,9.174564e-06,0.000185542,0.99885106,1.8492864e-06,6.951789e-05,0.0007803193,9.846277e-10,2.2266684e-05,8.022755e-05,i,0.99885106,0,1
0712_row_00042030,i,12宁国,12宁国,宁国南极汪灶荣单字,2,2,i,0.99627835,2.9894743e-06,6.940506e-05,0.99627835,1.7087822e-06,0.00016257104,0.003415815,1.9050819e-09,2.74897e-05,4.1686606e-05,i,0.99627835,0,1
0712_row_00042031,i,12宁国,12宁国,宁国南极汪灶荣单字,2,0,a,0.3894449,0.3894449,0.006636072,0.26736677,0.054540165,0.00072050944,0.026720015,0.00033354454,0.10125971,0.15297824,a,0.3894449,0,1
0712_row_00042032,i,12宁国,12宁国,宁国南极汪灶荣单字,2,2,i,0.9044917,0.001451198,0.06357418,0.9044917,0.0033457577,0.015387052,0.007904469,1.3240175e-06,0.003072696,0.0007716779,i,0.9044917,0,1
0712_row_00042033,i,12宁国,12宁国,宁国南极汪灶荣单字,2,2,i,0.91429,0.0011868152,0.0022769137,0.91429,0.0014883528,0.004377571,0.025166053,8.098333e-06,0.017083177,0.03412306,i,0.91429,0,1
0712_row_00042034,i,12宁国,12宁国,宁国南极汪灶荣单字,2,2,i,0.9350175,0.0005694151,0.047112267,0.9350175,0.0026010831,0.00574644,0.0024322143,1.0455342e-06,0.0064849467,3.5098714e-05,i,0.9350175,0,1
0712_row_00042035,e,12宁国,12宁国,宁国南极汪灶荣单字,1,1,e,0.9010209,0.0009418832,0.9010209,0.013972243,0.0046049627,0.07825968,0.0006191651,5.2088035e-05,0.0003745342,0.00015455844,e,0.9010209,0,1
0712_row_00042036,i,12宁国,12宁国,宁国南极汪灶荣单字,2,2,i,0.98450893,0.00017568552,0.003602065,0.98450893,7.3052186e-05,0.0018914173,0.006474365,2.5234195e-07,0.0026901052,0.0005842294,i,0.98450893,0,1
0712_row_00042037,i,12宁国,12宁国,宁国南极汪灶荣单字,2,2,i,0.9550603,0.0011619735,0.0081526805,0.9550603,0.004517102,0.0023165795,0.024918316,2.4194358e-05,0.0038127014,3.6099336e-05,i,0.9550603,0,1
0712_row_00042038,i,12宁国,12宁国,宁国南极汪灶荣单字,2,2,i,0.9904484,1.2441234e-05,0.00013939402,0.9904484,5.499508e-06,0.00034980895,0.00887723,6.6375674e-09,2.86857e-05,0.00013833141,i,0.9904484,0,1
0712_row_00042039,i,12宁国,12宁国,宁国南极汪灶荣单字,2,2,i,0.99702424,2.046257e-05,0.00017000825,0.99702424,4.570731e-06,0.00025467528,0.0022854684,1.1565681e-08,0.00013447655,0.00010613075,i,0.99702424,0,1
0712_row_00042040,i,12宁国,12宁国,宁国南极汪灶荣单字,2,2,i,0.99575543,4.2768046e-05,0.0012047337,0.99575543,1.5593756e-05,0.00048468346,0.0020998567,6.8233725e-09,0.00011495325,0.0002822166,i,0.99575543,0,1
0712_row_00042041,i,12宁国,12宁国,宁国南极汪灶荣单字,2,2,i,0.9977163,0.000104557665,0.00022566802,0.9977163,8.735249e-06,9.857332e-05,0.0007785068,1.2285261e-07,0.00043379402,0.00063376257,i,0.9977163,0,1
0712_row_00042042,i,12宁国,12宁国,宁国南极汪灶荣单字,2,2,i,0.9227573,0.045790136,0.00056721887,0.9227573,0.00044479783,9.487151e-05,0.0005092136,3.120833e-07,0.0012227852,0.028613249,i,0.9227573,0,1
0712_row_00042043,i,12宁国,12宁国,宁国南极汪灶荣单字,2,2,i,0.9950636,5.585205e-06,0.00013212266,0.9950636,1.305693e-06,8.153678e-05,0.004538764,5.9835674e-09,5.6411158e-05,0.00012063682,i,0.9950636,0,1
0712_row_00042044,i,12宁国,12宁国,宁国南极汪灶荣单字,2,2,i,0.9745439,0.00010752932,0.0005881628,0.9745439,0.001060207,0.00025738127,0.023062661,7.2753045e-07,0.0003368184,4.270748e-05,i,0.9745439,0,1
0712_row_00042045,i,12宁国,12宁国,宁国南极汪灶荣单字,2,2,i,0.9929818,9.157971e-05,0.0003595405,0.9929818,4.3185817e-05,0.0006657396,0.004710372,1.4371123e-07,0.0006247186,0.00052287977,i,0.9929818,0,1
0712_row_00042046,i,12宁国,12宁国,宁国南极汪灶荣单字,2,2,i,0.9987029,2.2515064e-06,6.569032e-05,0.9987029,1.1627293e-06,8.614366e-05,0.001075116,1.6314508e-09,1.7990944e-05,4.87236e-05,i,0.9987029,0,1
0712_row_00042047,i,12宁国,12宁国,宁国南极汪灶荣单字,2,2,i,0.9935051,1.6135398e-05,0.00021354487,0.9935051,9.183666e-06,0.0005736752,0.005463515,5.8285177e-09,0.00010712896,0.00011160012,i,0.9935051,0,1
0712_row_00042048,i,12宁国,12宁国,宁国南极汪灶荣单字,2,2,i,0.99888927,7.2369294e-06,9.420692e-05,0.99888927,3.2336827e-06,8.2282124e-05,0.00077877485,1.8404464e-09,4.8159152e-05,9.690646e-05,i,0.99888927,0,1
0712_row_00042049,i,12宁国,12宁国,宁国南极汪灶荣单字,2,2,i,0.9960102,0.00028740222,0.00046035825,0.9960102,7.145586e-05,0.0002726938,0.001929475,1.0821902e-06,0.00072202116,0.00024533796,i,0.9960102,0,1
0712_row_00042050,i,12宁国,12宁国,宁国南极汪灶荣单字,2,2,i,0.9990847,2.6188013e-06,0.00012943882,0.9990847,1.9280242e-06,4.3470933e-05,0.000581134,8.448475e-10,2.7928687e-05,0.00012885638,i,0.9990847,0,1
0712_row_00042051,i,12宁国,12宁国,宁国南极汪灶荣单字,2,2,i,0.99775225,5.552212e-06,0.000116503405,0.99775225,1.7715635e-06,0.00014109004,0.0019192828,9.116569e-10,1.1039901e-05,5.254005e-05,i,0.99775225,0,1
0712_row_00042052,i,12宁国,12宁国,宁国南极汪灶荣单字,2,2,i,0.99864274,1.25195675e-05,0.00011494942,0.99864274,3.9192214e-06,0.00019789877,0.0008963568,8.335905e-09,3.458821e-05,9.7052325e-05,i,0.99864274,0,1
0712_row_00042053,i,12宁国,12宁国,宁国南极汪灶荣单字,2,2,i,0.99837095,5.968493e-06,0.00020086949,0.99837095,2.16634e-06,9.453936e-05,0.0012027461,4.5528457e-09,4.7402376e-05,7.54408e-05,i,0.99837095,0,1
0712_row_00042054,i,12宁国,12宁国,宁国南极汪灶荣单字,2,2,i,0.5593474,0.34914532,0.059289046,0.5593474,0.0013683899,0.0015611983,0.0013577326,4.261282e-06,0.0068525774,0.021074016,i,0.5593474,0,1
0712_row_00042055,i,12宁国,12宁国,宁国南极汪灶荣单字,2,2,i,0.9988733,1.7110108e-06,0.00014403966,0.9988733,7.868079e-07,2.2399552e-05,0.0008639059,1.17622845e-08,3.0748113e-05,6.3121e-05,i,0.9988733,0,1
0712_row_00042056,i,12宁国,12宁国,宁国南极汪灶荣单字,2,2,i,0.9990433,7.954025e-06,0.00019405042,0.9990433,1.1934229e-06,2.5028894e-05,0.0005130737,1.9704658e-09,3.3657132e-05,0.00018175675,i,0.9990433,0,1
0712_row_00042057,i,12宁国,12宁国,宁国南极汪灶荣单字,2,0,a,0.8291886,0.8291886,0.0010802529,0.04723869,0.017997209,0.0003995151,0.0033875622,0.0002512551,0.053172097,0.047284797,a,0.8291886,0,1
0712_row_00042058,i,12宁国,12宁国,宁国南极汪灶荣单字,2,2,i,0.99735755,7.577537e-05,0.0001723095,0.99735755,3.532082e-05,0.00019141,0.0009508201,1.4936802e-07,0.00013288825,0.0010837157,i,0.99735755,0,1
0712_row_00042059,i,12宁国,12宁国,宁国南极汪灶荣单字,2,2,i,0.99734604,6.0305632e-05,0.0004274094,0.99734604,1.3475642e-05,0.00023269381,0.0015233795,7.594056e-08,0.00024946863,0.00014716796,i,0.99734604,0,1
0712_row_00042060,i,12宁国,12宁国,宁国南极汪灶荣单字,2,2,i,0.9934436,5.123279e-05,0.0003800173,0.9934436,2.4460953e-05,0.0012752728,0.004353701,3.1776608e-08,0.00017386742,0.00029789057,i,0.9934436,0,1
0712_row_00042061,u,12宁国,12宁国,宁国南极汪灶荣单字,4,2,i,0.76854354,0.0071863336,0.033240553,0.76854354,0.012640815,0.10991925,0.0065485095,0.0005430197,0.051896404,0.009481565,i,0.76854354,0,1
0712_row_00042062,u,12宁国,12宁国,宁国南极汪灶荣单字,4,4,u,0.87538767,0.00014322052,0.12216793,6.166414e-05,0.0020523572,0.87538767,0.0001234466,3.1196268e-07,3.2996933e-05,3.0392806e-05,u,0.87538767,0,1
0712_row_00042063,u,12宁国,12宁国,宁国南极汪灶荣单字,4,4,u,0.96917737,0.00032729047,0.023449255,0.00015068369,0.0062790355,0.96917737,0.0005075838,6.5407144e-06,1.9776862e-05,8.25436e-05,u,0.96917737,0,1
0712_row_00042065,u,12宁国,12宁国,宁国南极汪灶荣单字,4,4,u,0.6906686,0.0017033998,0.29949233,0.00029736361,0.005960551,0.6906686,0.0005704268,5.6603978e-05,0.0010433464,0.00020742268,u,0.6906686,0,1
0712_row_00042066,u,12宁国,12宁国,宁国南极汪灶荣单字,4,4,u,0.6928236,0.0012500532,0.3029805,0.00040458335,0.0022930247,0.6928236,6.163452e-05,2.8996043e-05,5.4136413e-05,0.00010359441,u,0.6928236,0,1
0712_row_00042067,u,12宁国,12宁国,宁国南极汪灶荣单字,4,4,u,0.65440804,0.0055191983,0.04395277,0.012822854,0.021462819,0.65440804,0.0069423444,4.4887627e-05,0.10851966,0.14632757,u,0.65440804,0,1
0712_row_00042068,u,12宁国,12宁国,宁国南极汪灶荣单字,4,4,u,0.81000894,0.0033883145,0.023710813,0.008542237,0.021103289,0.81000894,0.0069118743,0.00011967319,0.044978485,0.08123645,u,0.81000894,0,1
0712_row_00042069,u,12宁国,12宁国,宁国南极汪灶荣单字,4,4,u,0.62771374,0.013565383,0.09274405,0.05928714,0.02538762,0.62771374,0.016468309,0.0017023116,0.12313219,0.039999217,u,0.62771374,0,1
0712_row_00042070,u,12宁国,12宁国,宁国南极汪灶荣单字,4,4,u,0.55667883,0.019345336,0.34444383,0.011961323,0.0055069253,0.55667883,0.0018893029,0.00015210445,0.045038227,0.014984176,u,0.55667883,0,1
0712_row_00042071,u,12宁国,12宁国,宁国南极汪灶荣单字,4,4,u,0.90163565,9.598702e-05,0.097407155,1.5155001e-05,0.0006535305,0.90163565,0.000116243595,3.6964846e-07,4.841968e-06,7.103613e-05,u,0.90163565,0,1
0712_row_00042072,u,12宁国,12宁国,宁国南极汪灶荣单字,4,4,u,0.95721257,0.00012423664,0.0417824,2.9187247e-06,0.0008118699,0.95721257,4.2958873e-05,8.230553e-07,2.0429022e-06,2.0176245e-05,u,0.95721257,0,1
0712_row_00042073,e,12宁国,12宁国,宁国南极汪灶荣单字,1,4,u,0.6389348,0.00010583342,0.36017284,6.653546e-05,0.00026277013,0.6389348,0.0003589514,1.0993657e-06,4.488253e-05,5.2308613e-05,u,0.6389348,0,1
0712_row_00042074,e,12宁国,12宁国,宁国南极汪灶荣单字,1,1,e,0.8911146,0.00037482844,0.8911146,7.8630605e-05,0.0009031789,0.107233636,0.000104418374,1.3311691e-05,0.00016889736,8.650278e-06,e,0.8911146,0,1
0712_row_00042075,e,12宁国,12宁国,宁国南极汪灶荣单字,1,4,u,0.60956454,0.0057002027,0.37914997,0.00030344524,0.00483001,0.60956454,0.00015135172,6.4365863e-06,0.00014143836,0.00015267791,u,0.60956454,0,1
0712_row_00042076,e,12宁国,12宁国,宁国南极汪灶荣单字,1,4,u,0.7121864,0.00061978615,0.2834868,4.354305e-05,0.0033801487,0.7121864,7.914076e-05,1.7927649e-06,0.00011858361,8.377916e-05,u,0.7121864,0,1
0712_row_00042077,u,12宁国,12宁国,宁国南极汪灶荣单字,4,4,u,0.94481075,0.00032760794,0.051688842,4.283433e-05,0.002600726,0.94481075,0.00022379913,1.5731997e-07,1.213306e-05,0.00029314164,u,0.94481075,0,1
0712_row_00042078,u,12宁国,12宁国,宁国南极汪灶荣单字,4,4,u,0.8453018,0.00023876403,0.15280214,1.8465824e-05,0.0014118861,0.8453018,0.00015035283,6.915283e-07,6.1437945e-06,6.972579e-05,u,0.8453018,0,1
0712_row_00042079,u,12宁国,12宁国,宁国南极汪灶荣单字,4,4,u,0.72379655,0.00036009168,0.27133003,9.483046e-05,0.0036062333,0.72379655,0.00035687565,1.5966806e-06,0.00026063295,0.0001931387,u,0.72379655,0,1
0712_row_00042080,u,12宁国,12宁国,宁国南极汪灶荣单字,4,4,u,0.7636452,0.001326648,0.2292837,4.621778e-05,0.0051952284,0.7636452,0.000117683274,1.0410347e-05,0.00022217669,0.00015268961,u,0.7636452,0,1
0712_row_00042081,ɔ,12宁国,12宁国,宁国南极汪灶荣单字,6,6,ɔ,0.9391966,0.013681117,0.0033431235,5.3013566e-05,0.011121964,0.032269023,2.0013378e-05,0.9391966,0.00031135138,3.853747e-06,ɔ,0.9391966,0,1
0712_row_00042082,a,12宁国,12宁国,宁国南极汪灶荣单字,0,6,ɔ,0.93582386,0.02188245,0.0052232635,0.0001780584,0.0073132506,0.029229892,6.361647e-06,0.93582386,0.00034076264,2.0485231e-06,ɔ,0.93582386,0,1
0712_row_00042083,a,12宁国,12宁国,宁国南极汪灶荣单字,0,0,a,0.7364654,0.7364654,0.011790859,0.000376626,0.015286241,0.018641189,7.294627e-05,0.21653457,0.00059307925,0.00023915764,a,0.7364654,0,1
0712_row_00042084,ɔ,12宁国,12宁国,宁国南极汪灶荣单字,6,0,a,0.5084294,0.5084294,0.0125733325,0.0009950505,0.04080001,0.038039383,0.00074993266,0.3957219,0.002546511,0.00014453103,a,0.5084294,0,1
0712_row_00042085,a,12宁国,12宁国,宁国南极汪灶荣单字,0,0,a,0.793479,0.793479,0.01037744,0.00025103427,0.0047406917,0.005099882,3.9475934e-05,0.185385,0.0005579947,6.940967e-05,a,0.793479,0,1
0712_row_00042087,ɔ,12宁国,12宁国,宁国南极汪灶荣单字,6,6,ɔ,0.9169893,0.052836303,0.0040798844,1.5837128e-06,0.01476777,0.009671197,7.6220813e-06,0.9169893,0.0016271556,1.9241717e-05,ɔ,0.9169893,0,1
0712_row_00042088,ɔ,12宁国,12宁国,宁国南极汪灶荣单字,6,6,ɔ,0.9365275,0.0072993333,0.011070718,3.9699713e-05,0.0065940144,0.037890896,9.525655e-05,0.9365275,0.00047553118,7.025724e-06,ɔ,0.9365275,0,1
0712_row_00042089,ɔ,12宁国,12宁国,宁国南极汪灶荣单字,6,6,ɔ,0.98008305,0.0067142085,0.004378928,1.7112921e-05,0.0034966653,0.0047888765,3.1323464e-06,0.98008305,0.0005176245,4.8979683e-07,ɔ,0.98008305,0,1
0712_row_00042090,a,12宁国,12宁国,宁国南极汪灶荣单字,0,0,a,0.5607577,0.5607577,0.0013780976,1.6580469e-05,0.35645968,0.012389855,0.0006329499,0.06772752,0.00016417171,0.000473367,a,0.5607577,0,1
0712_row_00042091,a,12宁国,12宁国,宁国南极汪灶荣单字,0,0,a,0.48602456,0.48602456,0.062612124,0.00022907105,0.30324784,0.04077889,0.0007645087,0.10231111,0.0034741,0.00055775145,a,0.48602456,0,1
0712_row_00042092,a,12宁国,12宁国,宁国南极汪灶荣单字,0,0,a,0.49857333,0.49857333,0.17338856,0.0014345606,0.05534807,0.062952854,0.0033639162,0.2031643,0.0012144239,0.0005600018,a,0.49857333,0,1
0712_row_00042093,ɔ,12宁国,12宁国,宁国南极汪灶荣单字,6,6,ɔ,0.99361455,0.0006203192,0.0037388813,6.004002e-07,0.00029728815,0.0017150821,7.591406e-07,0.99361455,1.2297444e-05,1.1386245e-07,ɔ,0.99361455,0,1
0712_row_00042094,ɔ,12宁国,12宁国,宁国南极汪灶荣单字,6,6,ɔ,0.9812506,0.003519178,0.002893167,1.9006433e-05,0.009012477,0.003253224,1.1621979e-05,0.9812506,4.0469673e-05,3.0768683e-07,ɔ,0.9812506,0,1
0712_row_00042095,a,12宁国,12宁国,宁国南极汪灶荣单字,0,0,a,0.83198917,0.83198917,0.048093818,0.00019393812,0.058913033,0.04142809,0.015987644,0.002343677,0.00018807258,0.00086268643,a,0.83198917,0,1
0712_row_00042096,a,12宁国,12宁国,宁国南极汪灶荣单字,0,0,a,0.9884694,0.9884694,0.0035755783,8.202043e-06,0.0023703284,0.00030699966,0.0003316401,0.00023853197,0.00038073232,0.004318659,a,0.9884694,0,1
0712_row_00042097,a,12宁国,12宁国,宁国南极汪灶荣单字,0,7,ə,0.5892726,0.066233106,0.02871916,0.08264219,0.13409959,0.006379095,0.06391655,0.007141434,0.5892726,0.021596218,ə,0.5892726,0,1
0712_row_00042098,a,12宁国,12宁国,宁国南极汪灶荣单字,0,6,ɔ,0.9485846,0.04422307,0.0012636894,1.0393809e-06,0.0032292437,0.0021383197,2.5543713e-05,0.9485846,0.0005031797,3.116909e-05,ɔ,0.9485846,0,1
0712_row_00042099,a,12宁国,12宁国,宁国南极汪灶荣单字,0,2,i,0.5763979,0.1540667,0.05268511,0.5763979,0.15996726,0.0048139547,0.01792995,0.029944543,0.004000704,0.00019380671,i,0.5763979,0,1
0712_row_00042100,a,12宁国,12宁国,宁国南极汪灶荣单字,0,0,a,0.6376383,0.6376383,0.23687312,0.0040856195,0.014947761,0.071773104,0.02369385,0.0032128182,0.0014863069,0.0062892223,a,0.6376383,0,1
0712_row_00042101,u,12宁国,12宁国,宁国南极汪灶荣单字,4,4,u,0.4927454,0.033755176,0.071962476,0.0038422763,0.34396482,0.4927454,0.0015336075,0.046697643,0.005488297,1.0391172e-05,u,0.4927454,0,1
0712_row_00042102,o,12宁国,12宁国,宁国南极汪灶荣单字,3,3,o,0.6024992,0.038387746,0.027814943,0.11557058,0.6024992,0.13930655,0.054867174,0.00028335923,0.016948147,0.0043223673,o,0.6024992,0,1
0712_row_00042103,o,12宁国,12宁国,宁国南极汪灶荣单字,3,3,o,0.61493915,0.01715006,0.04675717,0.021294255,0.61493915,0.16037084,0.12442256,0.0003220287,0.012600657,0.0021433313,o,0.61493915,0,1
0712_row_00042104,o,12宁国,12宁国,宁国南极汪灶荣单字,3,1,e,0.33570978,0.15559755,0.33570978,0.009843315,0.10083799,0.0062131668,0.029490687,0.00037906162,0.12471541,0.237213,e,0.33570978,0,1
0712_row_00042105,o,12宁国,12宁国,宁国南极汪灶荣单字,3,3,o,0.91531897,0.03866249,0.0033750792,0.000988044,0.91531897,0.010889763,0.020493155,0.00010636604,0.0042492445,0.0059169615,o,0.91531897,0,1
0712_row_00042106,o,12宁国,12宁国,宁国南极汪灶荣单字,3,5,y,0.36694512,0.024862003,0.042232387,0.035589933,0.28522715,0.20876504,0.36694512,5.5490866e-05,0.026478201,0.009844659,y,0.36694512,0,1
0712_row_00042107,o,12宁国,12宁国,宁国南极汪灶荣单字,3,3,o,0.9486828,0.0032905224,0.00034690782,0.009313642,0.9486828,0.020770004,0.0018230652,0.00017563975,0.015466371,0.00013118178,o,0.9486828,0,1
0712_row_00042108,o,12宁国,12宁国,宁国南极汪灶荣单字,3,3,o,0.38172433,0.022759197,0.07891494,0.0058890237,0.38172433,0.37130454,0.115170166,9.635982e-05,0.019654183,0.0044872803,o,0.38172433,0,1
0712_row_00042109,o,12宁国,12宁国,宁国南极汪灶荣单字,3,4,u,0.3767706,0.016036313,0.068424165,0.0032894998,0.33843416,0.3767706,0.18063816,1.7775516e-05,0.013797324,0.0025920116,u,0.3767706,0,1
0712_row_00042110,u,12宁国,12宁国,宁国南极汪灶荣单字,4,4,u,0.7261006,0.0023182738,0.001369308,0.013299577,0.0061475146,0.7261006,0.24518397,4.1759322e-05,0.004041659,0.0014972797,u,0.7261006,0,1
0712_row_00042111,u,12宁国,12宁国,宁国南极汪灶荣单字,4,4,u,0.47744954,0.0024704477,0.0023645014,0.026481297,0.008336084,0.47744954,0.4769189,6.8639056e-05,0.0041156835,0.0017949337,u,0.47744954,0,1
0712_row_00042112,u,12宁国,12宁国,宁国南极汪灶荣单字,4,5,y,0.65241605,0.0010912452,0.0004020185,0.0009534472,0.0014331186,0.34279206,0.65241605,5.69174e-06,0.0006758329,0.0002304956,y,0.65241605,0,1
0712_row_00042113,u,12宁国,12宁国,宁国南极汪灶荣单字,4,4,u,0.53974813,0.009871772,0.0023818652,0.00027551406,0.013255989,0.53974813,0.4314019,1.769424e-05,0.0015772284,0.0014699402,u,0.53974813,0,1
0712_row_00042114,o,12宁国,12宁国,宁国南极汪灶荣单字,3,3,o,0.66616195,0.009522383,0.007755532,0.0066399397,0.66616195,0.24708037,0.05879691,1.9950408e-05,0.0036053986,0.00041756697,o,0.66616195,0,1
0712_row_00042115,o,12宁国,12宁国,宁国南极汪灶荣单字,3,3,o,0.5289505,0.04966685,0.02469484,0.005742577,0.5289505,0.18018657,0.20075223,6.513956e-05,0.0074301492,0.0025110869,o,0.5289505,0,1
0712_row_00042116,o,12宁国,12宁国,宁国南极汪灶荣单字,3,3,o,0.48420033,0.014622943,0.050744843,0.0022844863,0.48420033,0.2507993,0.17905234,2.0009486e-05,0.013951719,0.0043241624,o,0.48420033,0,1
0712_row_00042117,o,12宁国,12宁国,宁国南极汪灶荣单字,3,3,o,0.67991143,0.054602228,0.026388075,0.002186195,0.67991143,0.17098285,0.048238512,8.865822e-05,0.014880132,0.0027219004,o,0.67991143,0,1
0712_row_00042118,o,12宁国,12宁国,宁国南极汪灶荣单字,3,3,o,0.83881086,0.010679921,0.0043917084,0.00015564465,0.83881086,0.13486817,0.008777526,1.8059942e-05,0.0022003234,9.773994e-05,o,0.83881086,0,1
0712_row_00042119,o,12宁国,12宁国,宁国南极汪灶荣单字,3,3,o,0.8562124,0.051688932,0.024331035,0.011939099,0.8562124,0.040253155,0.014222096,0.00039879608,0.00087531935,7.921237e-05,o,0.8562124,0,1
0712_row_00042120,o,12宁国,12宁国,宁国南极汪灶荣单字,3,3,o,0.7653714,0.03757752,0.007040076,0.0033083723,0.7653714,0.12094785,0.058920376,5.32352e-05,0.004386743,0.0023945824,o,0.7653714,0,1
0712_row_00042121,o,12宁国,12宁国,宁国南极汪灶荣单字,3,3,o,0.9417232,0.0064704493,0.0027958604,0.00066989777,0.9417232,0.0007566218,0.04209117,3.927399e-06,0.004997182,0.00049162674,o,0.9417232,0,1
0712_row_00042122,o,12宁国,12宁国,宁国南极汪灶荣单字,3,3,o,0.722513,0.0010839581,0.0012098193,0.00026241282,0.722513,0.003548223,0.26765153,1.8520758e-06,0.0031577111,0.0005714766,o,0.722513,0,1
0712_row_00042123,o,12宁国,12宁国,宁国南极汪灶荣单字,3,3,o,0.88802844,0.0018646235,0.00016179518,0.00060510583,0.88802844,0.00066062086,0.10337649,3.12515e-06,0.0051460224,0.00015380188,o,0.88802844,0,1
0712_row_00042124,o,12宁国,12宁国,宁国南极汪灶荣单字,3,3,o,0.95096296,0.00043036023,0.00012093752,6.052371e-05,0.95096296,0.0002972197,0.047570553,6.337201e-07,0.0005271888,2.9578734e-05,o,0.95096296,0,1
0712_row_00042125,o,12宁国,12宁国,宁国南极汪灶荣单字,3,3,o,0.9582554,0.0019190703,0.00016016932,0.00032313648,0.9582554,0.0016553291,0.03598691,1.3199642e-06,0.0015561824,0.00014241925,o,0.9582554,0,1
0712_row_00042126,a,12宁国,12宁国,宁国南极汪灶荣单字,0,2,i,0.45016116,0.11958306,0.3000898,0.45016116,0.077360645,0.0219104,0.006300106,0.0065955822,0.012401599,0.0055977395,i,0.45016116,0,1
0712_row_00042127,a,12宁国,12宁国,宁国南极汪灶荣单字,0,1,e,0.33247226,0.1390381,0.33247226,0.0027405652,0.033661895,0.11793581,0.0017802365,0.00216212,0.32063532,0.049573798,e,0.33247226,0,1
0712_row_00042128,a,12宁国,12宁国,宁国南极汪灶荣单字,0,8,ɛ,0.989423,0.0041346047,0.0004133749,0.00029762494,0.0038440137,2.7999526e-05,0.00081074197,2.1486835e-06,0.0010464805,0.989423,ɛ,0.989423,0,1
0712_row_00042129,a,12宁国,12宁国,宁国南极汪灶荣单字,0,3,o,0.5435977,0.17513125,0.051970314,0.00032712225,0.5435977,0.20928428,0.004118755,0.0070752166,0.00742319,0.0010722331,o,0.5435977,0,1
0712_row_00042130,a,12宁国,12宁国,宁国南极汪灶荣单字,0,4,u,0.7426886,0.014495739,0.035860967,0.07439364,0.017579388,0.7426886,0.084242895,2.0871677e-05,0.0013992531,0.029318662,u,0.7426886,0,1
0712_row_00042131,a,12宁国,12宁国,宁国南极汪灶荣单字,0,8,ɛ,0.6566204,0.08806341,0.0020160335,0.19042519,0.006291277,0.00471893,0.0152428355,4.1657277e-05,0.03658025,0.6566204,ɛ,0.6566204,0,1
0712_row_00042132,a,12宁国,12宁国,宁国南极汪灶荣单字,0,0,a,0.61275274,0.61275274,0.015619639,0.004249513,0.0049030106,0.004775724,0.00039709572,4.8399925e-05,0.0038451664,0.35340878,a,0.61275274,0,1
0712_row_00042133,a,12宁国,12宁国,宁国南极汪灶荣单字,0,1,e,0.67154914,0.10516995,0.67154914,0.00030072985,0.034165327,0.028781533,0.0017278844,0.00043056102,0.15736027,0.0005146265,e,0.67154914,0,1
0712_row_00042134,a,12宁国,12宁国,宁国南极汪灶荣单字,0,2,i,0.7206893,0.061419018,0.0025992424,0.7206893,0.003156678,0.0012750715,0.026669638,3.862331e-05,0.014586983,0.16956547,i,0.7206893,0,1
0712_row_00042135,a,12宁国,12宁国,宁国南极汪灶荣单字,0,8,ɛ,0.3480901,0.1367849,0.030450024,0.24547096,0.011953242,0.0009822106,0.05292515,0.00026573052,0.17307773,0.3480901,ɛ,0.3480901,0,1
0712_row_00042137,i,12宁国,12宁国,宁国南极汪灶荣单字,2,2,i,0.93124664,0.0042836997,0.003559293,0.93124664,0.0030923642,0.0053583407,0.019314758,1.8901856e-05,0.01464326,0.018482737,i,0.93124664,0,1
0712_row_00042138,a,12宁国,12宁国,宁国南极汪灶荣单字,0,7,ə,0.6376064,0.028364915,0.075670384,0.006386607,0.028744316,0.15491219,0.009089196,0.003422701,0.6376064,0.055803295,ə,0.6376064,0,1
0712_row_00042139,a,12宁国,12宁国,宁国南极汪灶荣单字,0,0,a,0.6551796,0.6551796,0.0082515655,0.2769748,0.03361928,0.0009544063,0.008054152,0.00017144885,0.0063131037,0.010481629,a,0.6551796,0,1
0712_row_00042140,a,12宁国,12宁国,宁国南极汪灶荣单字,0,0,a,0.39457902,0.39457902,0.0036562784,0.13267952,0.064509094,0.00023973236,0.037554786,0.0002911548,0.16358255,0.2029079,a,0.39457902,0,1
0712_row_00042141,a,12宁国,12宁国,宁国南极汪灶荣单字,0,0,a,0.34299716,0.34299716,0.0058899955,0.18401143,0.06464758,0.0005133618,0.03562515,9.6277974e-05,0.09575713,0.27046195,a,0.34299716,0,1
0712_row_00042142,ə,12宁国,12宁国,宁国南极汪灶荣单字,7,1,e,0.30950266,0.046029236,0.30950266,0.12065963,0.035108775,0.010677978,0.049195807,0.00036630614,0.16939451,0.25906506,e,0.30950266,0,1
0712_row_00042143,i,12宁国,12宁国,宁国南极汪灶荣单字,2,2,i,0.41577664,0.24412265,0.074080065,0.41577664,0.018203044,0.0003801501,0.077497594,0.0004932488,0.07896294,0.09048375,i,0.41577664,0,1
0712_row_00042144,a,12宁国,12宁国,宁国南极汪灶荣单字,0,0,a,0.5689111,0.5689111,0.011089218,0.32247493,0.056258693,0.0036824655,0.013058351,0.0002457291,0.011821784,0.012457698,a,0.5689111,0,1
0712_row_00042145,i,12宁国,12宁国,宁国南极汪灶荣单字,2,2,i,0.62425965,0.025268223,0.2585426,0.62425965,0.0063939756,0.034042023,0.032181714,0.000108358305,0.013059929,0.006143575,i,0.62425965,0,1
0712_row_00042146,i,12宁国,12宁国,宁国南极汪灶荣单字,2,2,i,0.9864646,2.6185713e-05,2.8806813e-05,0.9864646,4.527844e-05,2.8441813e-05,0.00467717,6.466163e-08,0.008721349,8.031491e-06,i,0.9864646,0,1
0712_row_00042147,i,12宁国,12宁国,宁国南极汪灶荣单字,2,2,i,0.85841376,0.0001255299,6.375199e-05,0.85841376,0.0013946849,0.00017149413,0.12275324,2.1075829e-07,0.016262954,0.000814361,i,0.85841376,0,1
0712_row_00042148,y,12宁国,12宁国,宁国南极汪灶荣单字,5,2,i,0.4795491,0.004607637,0.010023909,0.4795491,0.005274698,0.056726523,0.24679372,3.9538678e-05,0.19390962,0.0030752167,i,0.4795491,0,1
0712_row_00042149,a,12宁国,12宁国,宁国南极汪灶荣单字,0,3,o,0.8585296,0.00775861,0.00010333763,7.256756e-06,0.8585296,0.0022566807,1.3707407e-05,0.00010056303,0.13121429,1.5888516e-05,o,0.8585296,0,1
0712_row_00042150,i,12宁国,12宁国,宁国南极汪灶荣单字,2,2,i,0.7330259,0.10112651,0.0019643812,0.7330259,0.08886145,0.032872982,0.010907065,0.0015047514,0.02506827,0.0046688346,i,0.7330259,0,1
0712_row_00042151,i,12宁国,12宁国,宁国南极汪灶荣单字,2,8,ɛ,0.31725252,0.0735429,0.07212729,0.28718615,0.010037044,0.006674935,0.1773631,7.00296e-05,0.05574605,0.31725252,ɛ,0.31725252,0,1
0712_row_00042152,a,12宁国,12宁国,宁国南极汪灶荣单字,0,1,e,0.659344,0.12555428,0.659344,0.026823545,0.023260022,0.062282998,0.0026534414,0.0010158757,0.0143389795,0.08472679,e,0.659344,0,1
0712_row_00042153,a,12宁国,12宁国,宁国南极汪灶荣单字,0,0,a,0.72266537,0.72266537,0.17864254,0.022731408,0.0066345325,0.0054607494,0.00053255697,0.0030584985,0.022726776,0.03754748,a,0.72266537,0,1
0712_row_00042154,a,12宁国,12宁国,宁国南极汪灶荣单字,0,2,i,0.74018955,0.09697607,0.10932561,0.74018955,0.019106664,0.012160537,0.005222608,0.0016861004,0.01111784,0.004215004,i,0.74018955,0,1
0712_row_00042155,a,12宁国,12宁国,宁国南极汪灶荣单字,0,0,a,0.5420167,0.5420167,0.017108165,0.0015300373,0.037527394,0.027832069,0.0010944813,0.005416888,0.3398968,0.027577493,a,0.5420167,0,1
0712_row_00042156,a,12宁国,12宁国,宁国南极汪灶荣单字,0,8,ɛ,0.46488947,0.39009604,0.0056226365,0.04373111,0.056912612,0.0051133526,0.007677292,0.00021054855,0.025746983,0.46488947,ɛ,0.46488947,0,1
0712_row_00042157,a,12宁国,12宁国,宁国南极汪灶荣单字,0,2,i,0.3762912,0.26382193,0.019177046,0.3762912,0.035549168,0.013150503,0.01090751,0.001008814,0.11045353,0.16964039,i,0.3762912,0,1
0712_row_00042158,a,12宁国,12宁国,宁国南极汪灶荣单字,0,1,e,0.6405688,0.26768076,0.6405688,0.016740972,0.018177353,0.0053214394,0.002918927,0.0001645657,0.009040698,0.039386448,e,0.6405688,0,1
0712_row_00042159,a,12宁国,12宁国,宁国南极汪灶荣单字,0,0,a,0.5703181,0.5703181,0.010685363,0.038578752,0.15728016,0.002085698,0.014069299,0.0017860996,0.04726373,0.15793282,a,0.5703181,0,1
0712_row_00042160,a,12宁国,12宁国,宁国南极汪灶荣单字,0,3,o,0.2873538,0.11909023,0.27603906,0.01005508,0.2873538,0.10527508,0.0016030021,0.114585094,0.0857516,0.00024708296,o,0.2873538,0,1
0712_row_00042161,a,12宁国,12宁国,宁国南极汪灶荣单字,0,7,ə,0.48988983,0.1624286,0.18961118,0.0061965445,0.022979293,0.07889265,0.0013819399,0.0026301115,0.48988983,0.04598986,ə,0.48988983,0,1
0712_row_00042162,a,12宁国,12宁国,宁国南极汪灶荣单字,0,8,ɛ,0.97747505,0.01237727,0.0011003161,0.00034439832,0.0027707485,0.000364756,0.002795116,5.0822737e-06,0.002767271,0.97747505,ɛ,0.97747505,0,1
0712_row_00042163,a,12宁国,12宁国,宁国南极汪灶荣单字,0,0,a,0.85983855,0.85983855,0.1133838,0.00021475788,0.0035900788,0.005146235,2.0574536e-05,0.00031151786,0.017381774,0.000112756636,a,0.85983855,0,1
0712_row_00042164,a,12宁国,12宁国,宁国南极汪灶荣单字,0,0,a,0.37579915,0.37579915,0.20152532,2.9003966e-05,0.07250329,0.019803628,7.926964e-05,0.00010789907,0.32910484,0.0010476449,a,0.37579915,0,1
0712_row_00042165,a,12宁国,12宁国,宁国南极汪灶荣单字,0,0,a,0.5274512,0.5274512,0.012746128,0.07609132,0.057391923,0.0019711666,0.051599193,0.0003596138,0.06420798,0.20818141,a,0.5274512,0,1
0712_row_00042166,i,12宁国,12宁国,宁国南极汪灶荣单字,2,2,i,0.5280113,0.0263359,0.41727516,0.5280113,0.006275027,0.017478947,0.0030728257,0.00016043856,0.00044059433,0.00094979553,i,0.5280113,0,1
0712_row_00042167,i,12宁国,12宁国,宁国南极汪灶荣单字,2,2,i,0.8601631,0.0004902992,0.12365776,0.8601631,0.0014670325,0.008459093,0.005241147,4.4140857e-06,0.00026585598,0.00025134062,i,0.8601631,0,1
0712_row_00042168,i,12宁国,12宁国,宁国南极汪灶荣单字,2,2,i,0.7001316,0.013799229,0.26557478,0.7001316,0.0046936185,0.010324656,0.0029124282,7.187326e-05,0.00083310343,0.0016587229,i,0.7001316,0,1
0712_row_00042169,i,12宁国,12宁国,宁国南极汪灶荣单字,2,2,i,0.65231615,0.031166803,0.003774391,0.65231615,0.0070891017,0.0025041162,0.019227486,3.0301742e-05,0.023325138,0.2605665,i,0.65231615,0,1
0712_row_00042170,a,12宁国,12宁国,宁国南极汪灶荣单字,0,4,u,0.7953723,0.013170742,0.021122713,0.016521072,0.08950108,0.7953723,0.04357277,3.7930342e-05,0.015239722,0.005461636,u,0.7953723,0,1
0712_row_00042171,a,12宁国,12宁国,宁国南极汪灶荣单字,0,7,ə,0.5020352,0.1117244,0.17100364,0.001673753,0.042560086,0.1253756,0.0021079008,0.005898843,0.5020352,0.037620585,ə,0.5020352,0,1
0712_row_00042172,e,12宁国,12宁国,宁国南极汪灶荣单字,1,1,e,0.82139266,0.01247468,0.82139266,0.14225323,0.0012279218,0.0019577944,0.017642632,2.1778771e-05,0.0018800402,0.0011493249,e,0.82139266,0,1
0712_row_00042173,ə,12宁国,12宁国,宁国南极汪灶荣单字,7,7,ə,0.3663401,0.12596557,0.053662118,0.056446813,0.0925538,0.110756025,0.15968895,2.1212672e-05,0.3663401,0.034565393,ə,0.3663401,0,1
0712_row_00042174,i,12宁国,12宁国,宁国南极汪灶荣单字,2,2,i,0.48011404,0.012792644,0.46306315,0.48011404,0.013022269,0.024185888,0.0037058643,0.00020619073,0.001514526,0.0013954742,i,0.48011404,0,1
0712_row_00042175,e,12宁国,12宁国,宁国南极汪灶荣单字,1,2,i,0.8991674,0.0061998777,0.042010594,0.8991674,0.005884089,0.0040197317,0.023913102,8.8059765e-05,0.011394216,0.0073229373,i,0.8991674,0,1
0712_row_00042176,i,12宁国,12宁国,宁国南极汪灶荣单字,2,2,i,0.9584897,0.0027586422,0.0036992754,0.9584897,0.0018652987,0.00013051741,0.029559677,3.4852403e-06,0.0021185966,0.0013747956,i,0.9584897,0,1
0712_row_00042177,a,12宁国,12宁国,宁国南极汪灶荣单字,0,1,e,0.747928,0.034768067,0.747928,0.0059411363,0.012673615,0.18940932,0.00028291426,0.00028732652,0.0017072462,0.007002309,e,0.747928,0,1
0712_row_00042178,a,12宁国,12宁国,宁国南极汪灶荣单字,0,8,ɛ,0.5115905,0.23369306,0.15445326,0.009755721,0.031015951,0.041543223,0.0023196468,0.0015581511,0.01407063,0.5115905,ɛ,0.5115905,0,1
0712_row_00042179,a,12宁国,12宁国,宁国南极汪灶荣单字,0,8,ɛ,0.44870064,0.44119063,0.04798872,0.041134175,0.0038006785,0.0020048434,0.00044064113,0.0025543014,0.012185371,0.44870064,ɛ,0.44870064,0,1
0712_row_00042180,a,12宁国,12宁国,宁国南极汪灶荣单字,0,4,u,0.5420909,0.18290426,0.24890253,0.0007458055,0.017800717,0.5420909,0.0003818254,0.00015058466,0.0026547576,0.0043685944,u,0.5420909,0,1
0712_row_00042181,a,12宁国,12宁国,宁国南极汪灶荣单字,0,0,a,0.36645907,0.36645907,0.0026300978,0.045248117,0.33847776,0.08927418,0.023741385,0.11965736,0.012586145,0.001925803,a,0.36645907,0,1
0712_row_00042182,a,12宁国,12宁国,宁国南极汪灶荣单字,0,0,a,0.5062132,0.5062132,0.18427661,0.0003737221,0.26379612,0.038474306,0.00032125248,0.00010082853,0.006235885,0.00020801263,a,0.5062132,0,1
0712_row_00042183,a,12宁国,12宁国,宁国南极汪灶荣单字,0,1,e,0.54815495,0.2895274,0.54815495,0.00034172166,0.01559243,0.12785828,0.0020706572,0.002924512,0.012788569,0.0007414453,e,0.54815495,0,1
0712_row_00042184,a,12宁国,12宁国,宁国南极汪灶荣单字,0,8,ɛ,0.7734129,0.08854071,0.0065525146,0.110824004,0.008663969,0.0008001735,0.00027338814,5.509381e-05,0.010877259,0.7734129,ɛ,0.7734129,0,1
0712_row_00042185,a,12宁国,12宁国,宁国南极汪灶荣单字,0,1,e,0.6395874,0.035123277,0.6395874,0.0007434781,0.0074742683,0.3158459,0.00030918545,6.7200286e-05,0.000706297,0.00014295948,e,0.6395874,0,1
0712_row_00042186,a,12宁国,12宁国,宁国南极汪灶荣单字,0,0,a,0.7748527,0.7748527,0.03766496,0.0001783289,0.15739378,0.023092864,0.0009971546,0.00019945813,0.005286624,0.0003341474,a,0.7748527,0,1
0712_row_00042187,a,12宁国,12宁国,宁国南极汪灶荣单字,0,4,u,0.7495377,0.018114697,0.04406412,0.03338307,0.02693115,0.7495377,0.11079152,1.1522078e-05,0.004205133,0.012961142,u,0.7495377,0,1
0712_row_00042188,a,12宁国,12宁国,宁国南极汪灶荣单字,0,4,u,0.30841744,0.033565927,0.30363184,0.115396366,0.07393597,0.30841744,0.09439226,3.4593428e-05,0.056289207,0.014336295,u,0.30841744,0,1
0712_row_00042189,a,12宁国,12宁国,宁国南极汪灶荣单字,0,4,u,0.54792225,0.022636956,0.08101264,0.011958671,0.08377753,0.54792225,0.23331402,3.4629993e-05,0.00850279,0.010840561,u,0.54792225,0,1
0712_row_00042190,a,12宁国,12宁国,宁国南极汪灶荣单字,0,2,i,0.25605,0.18085606,0.052499972,0.25605,0.19565248,0.15895604,0.07798789,0.00095542526,0.05108407,0.02595807,i,0.25605,0,1
0712_row_00042191,a,12宁国,12宁国,宁国南极汪灶荣单字,0,4,u,0.27386013,0.11139513,0.105240904,0.044508856,0.1865707,0.27386013,0.11464291,9.750564e-05,0.06290208,0.10078184,u,0.27386013,0,1
0712_row_00042192,u,12宁国,12宁国,宁国南极汪灶荣单字,4,2,i,0.5025258,0.049150538,0.03107348,0.5025258,0.077508226,0.118683495,0.1054734,0.00012589956,0.06993982,0.04551928,i,0.5025258,0,1
0712_row_00042193,i,12宁国,12宁国,宁国南极汪灶荣单字,2,8,ɛ,0.3254812,0.31384298,0.13526478,0.0678423,0.005669668,0.01883368,0.09259213,0.00073695707,0.039736304,0.3254812,ɛ,0.3254812,0,1
0712_row_00042194,y,12宁国,12宁国,宁国南极汪灶荣单字,5,1,e,0.73147225,0.0962817,0.73147225,0.028125126,0.036228176,0.017703097,0.062554814,6.083255e-05,0.013955121,0.0136187645,e,0.73147225,0,1
0712_row_00042195,y,12宁国,12宁国,宁国南极汪灶荣单字,5,5,y,0.3969468,0.09739647,0.20397727,0.03301443,0.060284343,0.18197857,0.3969468,4.0808438e-05,0.019540269,0.006821069,y,0.3969468,0,1
0712_row_00042196,a,12宁国,12宁国,宁国南极汪灶荣单字,0,1,e,0.43079883,0.19579121,0.43079883,0.000686401,0.039651394,0.32745227,0.00036877545,0.0021979634,0.0013387987,0.0017142269,e,0.43079883,0,1
0712_row_00042197,a,12宁国,12宁国,宁国南极汪灶荣单字,0,1,e,0.46530986,0.054453954,0.46530986,0.00023918759,0.027387736,0.4501095,0.00028455025,0.0001577829,0.0014536857,0.00060371356,e,0.46530986,0,1
0712_row_00042198,a,12宁国,12宁国,宁国南极汪灶荣单字,0,0,a,0.8885952,0.8885952,0.087322176,9.132579e-06,0.0019349082,0.012295871,0.00011117985,0.00012695514,0.009532667,7.19292e-05,a,0.8885952,0,1
0712_row_00042199,y,12宁国,12宁国,宁国南极汪灶荣单字,5,5,y,0.55499125,0.011467559,0.29578328,0.015395105,0.08274527,0.035743464,0.55499125,3.8908107e-05,0.0033343947,0.00050080067,y,0.55499125,0,1
0712_row_00042200,e,12宁国,12宁国,宁国南极汪灶荣单字,1,5,y,0.67588085,0.013189231,0.18468516,0.02382328,0.06564526,0.030597582,0.67588085,2.6834266e-05,0.005150664,0.0010011058,y,0.67588085,0,1
0712_row_00042201,e,12宁国,12宁国,宁国南极汪灶荣单字,1,5,y,0.40743166,0.07231014,0.26326174,0.110585175,0.01997045,0.046429854,0.40743166,4.561164e-05,0.037140545,0.04282481,y,0.40743166,0,1
0712_row_00042202,ə,12宁国,12宁国,宁国南极汪灶荣单字,7,7,ə,0.35419065,7.772648e-05,7.854391e-05,0.3218759,0.0018240989,8.189237e-05,0.31942236,1.5307279e-07,0.35419065,0.0024486524,ə,0.35419065,0,1
0712_row_00042203,ə,12宁国,12宁国,宁国南极汪灶荣单字,7,3,o,0.7199654,0.0017524724,0.0017850089,0.00082216115,0.7199654,0.010044886,0.0006736814,1.528043e-05,0.26492172,1.9427009e-05,o,0.7199654,0,1
0712_row_00042204,i,12宁国,12宁国,宁国南极汪灶荣单字,2,2,i,0.996333,1.2145327e-06,2.0172856e-05,0.996333,1.0860442e-06,3.7400396e-06,0.0013831374,1.02801465e-08,0.0022571173,6.0156304e-07,i,0.996333,0,1
0712_row_00042205,i,12宁国,12宁国,宁国南极汪灶荣单字,2,2,i,0.4260106,0.1215579,0.0034029204,0.4260106,0.03928223,0.026181016,0.16511497,7.0759255e-05,0.15186407,0.06651563,i,0.4260106,0,1
0712_row_00042206,i,12宁国,12宁国,宁国南极汪灶荣单字,2,2,i,0.9548889,0.00026081083,3.7515892e-05,0.9548889,0.0005619163,8.916174e-05,0.026516242,3.4998683e-07,0.016343312,0.0013018441,i,0.9548889,0,1
0712_row_00042208,i,12宁国,12宁国,宁国南极汪灶荣单字,2,2,i,0.868143,0.006466573,0.06625005,0.868143,0.007866855,0.0012069241,0.038205333,6.8716115e-05,0.0089112455,0.0028812927,i,0.868143,0,1
0712_row_00042209,i,12宁国,12宁国,宁国南极汪灶荣单字,2,2,i,0.5274647,0.079011366,0.0089413235,0.5274647,0.039185494,0.02529291,0.13566473,0.00019145351,0.12452801,0.05971998,i,0.5274647,0,1
0712_row_00042210,i,12宁国,12宁国,宁国南极汪灶荣单字,2,2,i,0.43778366,0.00023173146,0.00024031142,0.43778366,0.0028953452,0.0028594106,0.38066837,1.8577866e-06,0.17415883,0.0011605528,i,0.43778366,0,1
0712_row_00042211,ə,12宁国,12宁国,宁国南极汪灶荣单字,7,7,ə,0.9946156,0.00033087897,0.00034143904,0.00048303383,0.00051306636,0.0036932288,1.4506329e-05,7.87628e-06,0.9946156,3.8312686e-07,ə,0.9946156,0,1
0712_row_00042212,ə,12宁国,12宁国,宁国南极汪灶荣单字,7,7,ə,0.9455319,0.00016693184,0.00031940715,0.05086599,0.0006429555,0.0022384312,0.00020556775,2.7194073e-05,0.9455319,1.567133e-06,ə,0.9455319,0,1
0712_row_00042213,u,12宁国,12宁国,宁国南极汪灶荣单字,4,3,o,0.9347225,0.00029253997,0.00016717696,0.012538339,0.9347225,0.002902832,0.0008884944,8.0829166e-05,0.048395302,1.20492705e-05,o,0.9347225,0,1
0712_row_00042214,u,12宁国,12宁国,宁国南极汪灶荣单字,4,4,u,0.727932,0.0010647265,0.003624424,0.004655879,0.09948189,0.727932,0.09651271,3.6873156e-05,0.066587135,0.00010432504,u,0.727932,0,1
0712_row_00042215,u,12宁国,12宁国,宁国南极汪灶荣单字,4,3,o,0.43156278,0.002262751,0.0019858654,0.0031158037,0.43156278,0.42174923,0.06351691,5.7825055e-06,0.075304404,0.00049641856,o,0.43156278,0,1
0712_row_00042216,u,12宁国,12宁国,宁国南极汪灶荣单字,4,3,o,0.84363467,0.0065009343,0.0006996311,0.0010060065,0.84363467,0.084494025,0.017080944,1.936467e-06,0.04650245,7.940162e-05,o,0.84363467,0,1
0712_row_00042217,u,12宁国,12宁国,宁国南极汪灶荣单字,4,4,u,0.5783575,0.00036768615,0.0019424959,0.0006399602,0.205337,0.5783575,0.009908709,0.00018460407,0.20323694,2.5054644e-05,u,0.5783575,0,1
0712_row_00042218,y,12宁国,12宁国,宁国南极汪灶荣单字,5,3,o,0.4238084,0.0010640995,0.0055375015,0.007675463,0.4238084,0.04203868,0.27408788,4.833e-05,0.24534628,0.0003933425,o,0.4238084,0,1
0712_row_00042219,ə,12宁国,12宁国,宁国南极汪灶荣单字,7,7,ə,0.9197745,0.000930332,0.0036619573,3.790746e-05,0.020960778,0.052275725,0.0021420901,0.00020743096,0.9197745,9.341584e-06,ə,0.9197745,0,1
0712_row_00042220,ə,12宁国,12宁国,宁国南极汪灶荣单字,7,7,ə,0.5377266,0.000656372,0.004520701,0.00023899467,0.31759122,0.13291404,0.006229628,0.00010464171,0.5377266,1.7847979e-05,ə,0.5377266,0,1
0712_row_00042221,ə,12宁国,12宁国,宁国南极汪灶荣单字,7,7,ə,0.989437,0.00027875352,0.0001383976,0.006976625,0.001448641,0.0016605979,2.7908694e-05,3.055498e-05,0.989437,1.5361613e-06,ə,0.989437,0,1
0712_row_00042222,y,12宁国,12宁国,宁国南极汪灶荣单字,5,3,o,0.59367144,0.00014852651,0.0024287829,0.021782793,0.59367144,0.02652171,0.11409997,6.146802e-06,0.24120873,0.0001317723,o,0.59367144,0,1
0712_row_00042223,y,12宁国,12宁国,宁国南极汪灶荣单字,5,7,ə,0.8790867,4.4492026e-05,9.721929e-05,0.101450086,0.0009316351,0.0014460324,0.016919116,7.3178586e-07,0.8790867,2.4048135e-05,ə,0.8790867,0,1
0712_row_00042224,a,12宁国,12宁国,宁国南极汪灶荣单字,0,0,a,0.5647716,0.5647716,0.019659342,8.752577e-05,0.050863262,0.03333735,6.717454e-05,0.33032525,0.0007899271,9.847808e-05,a,0.5647716,0,1
0712_row_00042225,o,12宁国,12宁国,宁国南极汪灶荣单字,3,3,o,0.93861973,0.003291575,0.00029527303,1.859856e-05,0.93861973,0.057151563,9.390673e-05,0.00031266888,0.00020800726,8.679409e-06,o,0.93861973,0,1
0712_row_00042226,o,12宁国,12宁国,宁国南极汪灶荣单字,3,3,o,0.6710362,0.047386557,0.06534821,0.0003346506,0.6710362,0.2059213,0.003979407,0.0015433874,0.0043160412,0.00013423263,o,0.6710362,0,1
0712_row_00042227,o,12宁国,12宁国,宁国南极汪灶荣单字,3,3,o,0.6422882,0.0171441,0.03385951,0.00012777909,0.6422882,0.04148908,0.0005530102,0.076907225,0.18664941,0.0009816611,o,0.6422882,0,1
0712_row_00042228,o,12宁国,12宁国,宁国南极汪灶荣单字,3,3,o,0.6366628,0.3067553,0.03829955,0.00026409456,0.6366628,0.013421681,0.0026661796,0.0006115084,0.00094947044,0.00036951675,o,0.6366628,0,1
0712_row_00042229,a,12宁国,12宁国,宁国南极汪灶荣单字,0,6,ɔ,0.32532755,0.26396427,0.0026630247,0.00023582453,0.121846534,0.2685025,0.0014056024,0.32532755,0.015348476,0.00070612883,ɔ,0.32532755,0,1
0712_row_00042230,a,12宁国,12宁国,宁国南极汪灶荣单字,0,6,ɔ,0.5423657,0.16270427,0.0015847171,8.543316e-05,0.06246929,0.2191962,0.001279407,0.5423657,0.009893371,0.00042169302,ɔ,0.5423657,0,1
0712_row_00042231,ə,12宁国,12宁国,宁国南极汪灶荣单字,7,0,a,0.69024104,0.69024104,0.16384959,0.00076789095,0.049813293,0.04973891,0.010051451,0.002493159,0.024320437,0.008724148,a,0.69024104,0,1
0712_row_00042232,a,12宁国,12宁国,宁国南极汪灶荣单字,0,3,o,0.79200804,0.04901675,0.0015671742,0.00014337951,0.79200804,0.1459891,0.0045361617,0.0060114926,0.0005938723,0.00013397823,o,0.79200804,0,1
0712_row_00042233,a,12宁国,12宁国,宁国南极汪灶荣单字,0,0,a,0.6001883,0.6001883,0.07825991,0.017597172,0.10994003,0.08251171,0.02943013,0.06831688,0.009149474,0.004606361,a,0.6001883,0,1
0712_row_00042234,a,12宁国,12宁国,宁国南极汪灶荣单字,0,6,ɔ,0.7120736,0.09951783,0.004490407,0.00010741761,0.12501957,0.05796085,0.00030042726,0.7120736,0.0004991999,3.0726715e-05,ɔ,0.7120736,0,1
0712_row_00042235,a,12宁国,12宁国,宁国南极汪灶荣单字,0,3,o,0.31917527,0.24751638,0.010354853,4.1854128e-05,0.31917527,0.18064542,0.0010770244,0.2402183,0.00090818794,6.272332e-05,o,0.31917527,0,1
0712_row_00042236,a,12宁国,12宁国,宁国南极汪灶荣单字,0,6,ɔ,0.50878394,0.19398674,0.017144134,6.0274033e-05,0.21816908,0.05904415,0.00080834026,0.50878394,0.0019466644,5.6648034e-05,ɔ,0.50878394,0,1
0712_row_00042237,a,12宁国,12宁国,宁国南极汪灶荣单字,0,6,ɔ,0.83952755,0.045701463,0.00065983494,5.5747263e-05,0.055065002,0.053256445,0.0001492439,0.83952755,0.005470224,0.000114452625,ɔ,0.83952755,0,1
0712_row_00042238,a,12宁国,12宁国,宁国南极汪灶荣单字,0,0,a,0.9254511,0.9254511,0.0021543694,5.2388255e-05,0.023863263,0.011256731,0.00062861806,0.029181603,0.0032601405,0.004151751,a,0.9254511,0,1
0712_row_00042239,a,12宁国,12宁国,宁国南极汪灶荣单字,0,0,a,0.7183947,0.7183947,0.007578908,7.8482204e-05,0.19783135,0.01921545,0.00066222623,0.055864364,0.0002210198,0.00015353589,a,0.7183947,0,1
0712_row_00042240,a,12宁国,12宁国,宁国南极汪灶荣单字,0,0,a,0.7291502,0.7291502,0.04401174,0.0001561726,0.13136114,0.06121263,0.0043543573,0.010083313,0.015837008,0.003833499,a,0.7291502,0,1
0712_row_00042241,e,12宁国,12宁国,宁国南极汪灶荣单字,1,0,a,0.5871378,0.5871378,0.2028352,0.0002319384,0.0607468,0.04377039,0.003748944,0.032983962,0.06482131,0.0037237043,a,0.5871378,0,1
0712_row_00042242,o,12宁国,12宁国,宁国南极汪灶荣单字,3,3,o,0.61039263,0.045335878,0.031096434,0.0011731094,0.61039263,0.27278376,0.030736353,0.004561754,0.0031397387,0.0007804014,o,0.61039263,0,1
0712_row_00042243,e,12宁国,12宁国,宁国南极汪灶荣单字,1,1,e,0.88916373,0.056386556,0.88916373,0.0009893391,0.026804099,0.020652758,0.0003140969,2.0152067e-05,0.0054863277,0.00018297981,e,0.88916373,0,1
0712_row_00042244,e,12宁国,12宁国,宁国南极汪灶荣单字,1,1,e,0.8498262,0.0074525834,0.8498262,0.0030920913,0.10971845,0.023419742,0.0010411062,4.3817032e-05,0.0045649037,0.00084105757,e,0.8498262,0,1
0712_row_00042245,e,12宁国,12宁国,宁国南极汪灶荣单字,1,1,e,0.75070554,0.011857232,0.75070554,0.02970436,0.086764336,0.085560225,0.008575914,0.00092025165,0.025758842,0.00015326925,e,0.75070554,0,1
0712_row_00042246,e,12宁国,12宁国,宁国南极汪灶荣单字,1,4,u,0.80313694,0.022776132,0.070046075,0.0008527976,0.036356494,0.80313694,0.0028428158,0.003923565,0.05268507,0.007380028,u,0.80313694,0,1
0712_row_00042247,e,12宁国,12宁国,宁国南极汪灶荣单字,1,1,e,0.7143229,0.13737093,0.7143229,0.0173741,0.031106144,0.02039847,0.010706774,0.00011737455,0.050379846,0.018223418,e,0.7143229,0,1
0712_row_00042248,ə,12宁国,12宁国,宁国南极汪灶荣单字,7,7,ə,0.53239596,0.012173242,0.007251613,0.10332565,0.007369597,0.10715342,0.22751473,3.9384713e-06,0.53239596,0.0028118654,ə,0.53239596,0,1
0712_row_00042250,o,12宁国,12宁国,宁国南极汪灶荣单字,3,3,o,0.7630814,0.031847943,0.100158654,0.00044524,0.7630814,0.09158387,0.006142264,1.970095e-05,0.0062719486,0.00044898505,o,0.7630814,0,1
0712_row_00042251,a,12宁国,12宁国,宁国南极汪灶荣单字,0,0,a,0.929674,0.929674,0.011047934,0.00012075497,0.044207502,0.0010226989,8.412828e-05,1.1512804e-05,0.012295313,0.001535999,a,0.929674,0,1
0712_row_00042252,ə,12宁国,12宁国,宁国南极汪灶荣单字,7,3,o,0.59540117,0.004997068,0.0004718582,0.00012281835,0.59540117,0.0128031885,5.456079e-05,1.8089966e-05,0.38609967,3.154555e-05,o,0.59540117,0,1
0712_row_00042253,ə,12宁国,12宁国,宁国南极汪灶荣单字,7,7,ə,0.6338302,0.018327344,0.0023453482,0.00047648486,0.2995037,0.044858765,0.00052262796,3.5984904e-05,0.6338302,9.9623176e-05,ə,0.6338302,0,1
0712_row_00042254,a,12宁国,12宁国,宁国南极汪灶荣单字,0,1,e,0.9716965,0.0018786719,0.9716965,0.00041701787,0.012667915,0.0067080916,0.0045512686,2.939843e-06,0.0019891916,8.855576e-05,e,0.9716965,0,1
0712_row_00042255,a,12宁国,12宁国,宁国南极汪灶荣单字,0,0,a,0.80264145,0.80264145,0.1763516,0.010709732,0.0012901153,0.00062865904,5.0017115e-05,3.855981e-05,0.004234458,0.004055502,a,0.80264145,0,1
0712_row_00042256,e,12宁国,12宁国,宁国南极汪灶荣单字,1,1,e,0.81744176,0.0027223108,0.81744176,0.029081631,0.012207336,0.046619646,0.027708102,6.2019685e-06,0.06388947,0.0003235867,e,0.81744176,0,1
0712_row_00042257,i,12宁国,12宁国,宁国南极汪灶荣单字,2,2,i,0.9974607,2.42371e-06,5.875787e-05,0.9974607,1.3375544e-06,1.02995255e-05,0.0010265529,2.1239478e-08,0.0014389346,9.941443e-07,i,0.9974607,0,1
0712_row_00042258,i,12宁国,12宁国,宁国南极汪灶荣单字,2,2,i,0.9948303,1.7159518e-05,0.00013901538,0.9948303,5.894002e-06,1.3603871e-05,0.0012359221,6.949118e-08,0.003753707,4.2095025e-06,i,0.9948303,0,1
0712_row_00042259,i,12宁国,12宁国,宁国南极汪灶荣单字,2,2,i,0.99428314,5.2079633e-07,1.8149214e-05,0.99428314,5.800829e-07,3.796316e-06,0.0014291878,1.3807806e-08,0.004264444,1.5763814e-07,i,0.99428314,0,1
0712_row_00042261,ə,12宁国,12宁国,宁国南极汪灶荣单字,7,2,i,0.7339436,0.00025171068,8.8962035e-05,0.7339436,0.0008671253,0.0010378412,0.22112127,2.784006e-07,0.040705997,0.0019832621,i,0.7339436,0,1
0712_row_00042262,i,12宁国,12宁国,宁国南极汪灶荣单字,2,2,i,0.8270877,0.00021923198,0.0007768691,0.8270877,0.0006542368,0.0026966534,0.063852966,1.8483731e-06,0.10464301,6.758171e-05,i,0.8270877,0,1
0712_row_00042263,i,12宁国,12宁国,宁国南极汪灶荣单字,2,2,i,0.55176455,0.0056011183,0.00026450166,0.55176455,0.0012794941,0.0024677059,0.027896456,9.472728e-06,0.40850678,0.0022099982,i,0.55176455,0,1
0712_row_00042264,ə,12宁国,12宁国,宁国南极汪灶荣单字,7,2,i,0.47922146,0.00020543011,0.0002567306,0.47922146,0.0022756874,0.0002605663,0.14721324,3.8466476e-07,0.3685981,0.001968278,i,0.47922146,0,1
0712_row_00042265,i,12宁国,12宁国,宁国南极汪灶荣单字,2,4,u,0.49634567,0.00061251526,0.18491097,0.31251243,0.0030349174,0.49634567,0.0020924322,1.5180731e-06,0.00019520424,0.00029425026,u,0.49634567,0,1
0712_row_00042266,ə,12宁国,12宁国,宁国南极汪灶荣单字,7,1,e,0.495537,0.09125524,0.495537,0.000985142,0.10383389,0.28767246,0.0013506114,0.00042520565,0.014122116,0.0048182826,e,0.495537,0,1
0712_row_00042267,ə,12宁国,12宁国,宁国南极汪灶荣单字,7,7,ə,0.73414165,0.0012471286,0.0005212003,0.009556224,0.034347527,0.020837946,0.19915266,6.9686166e-06,0.73414165,0.00018870065,ə,0.73414165,0,1
0712_row_00042268,o,12宁国,12宁国,宁国南极汪灶荣单字,3,3,o,0.9857355,3.2831926e-05,5.5070104e-06,4.416083e-06,0.9857355,8.6656735e-05,1.287933e-05,1.7087146e-06,0.014119167,1.2799526e-06,o,0.9857355,0,1
0712_row_00042269,o,12宁国,12宁国,宁国南极汪灶荣单字,3,3,o,0.66872555,0.012903683,7.061889e-05,0.0012743007,0.66872555,0.007762458,6.49311e-05,0.00010511482,0.30902642,6.6685694e-05,o,0.66872555,0,1
0712_row_00042270,o,12宁国,12宁国,宁国南极汪灶荣单字,3,3,o,0.85618633,6.889183e-05,8.9677064e-07,4.6180645e-05,0.85618633,0.00030874702,5.5709697e-05,1.2880786e-07,0.14333138,1.7763749e-06,o,0.85618633,0,1
0712_row_00042271,o,12宁国,12宁国,宁国南极汪灶荣单字,3,3,o,0.9590388,0.0009321665,0.0019393652,0.004114383,0.9590388,0.016997967,0.00018506029,8.835213e-05,0.01670121,2.625848e-06,o,0.9590388,0,1
0712_row_00042272,o,12宁国,12宁国,宁国南极汪灶荣单字,3,3,o,0.7159009,0.014422078,2.8990264e-05,0.0010544317,0.7159009,0.0030751775,7.385252e-05,4.9970684e-05,0.26522118,0.00017332393,o,0.7159009,0,1
0712_row_00042273,o,12宁国,12宁国,宁国南极汪灶荣单字,3,3,o,0.96861035,0.00010722478,1.6211015e-05,0.0003623604,0.96861035,0.0022422976,0.000121141304,2.6190999e-05,0.028509658,4.6108735e-06,o,0.96861035,0,1
0712_row_00042274,o,12宁国,12宁国,宁国南极汪灶荣单字,3,3,o,0.80650854,0.0010048643,0.0001531629,0.0002350986,0.80650854,0.018091869,0.00025337856,3.048761e-05,0.17371361,9.021443e-06,o,0.80650854,0,1
0712_row_00042275,u,12宁国,12宁国,宁国南极汪灶荣单字,4,1,e,0.4537025,0.028209863,0.4537025,0.014248931,0.23563918,0.24648252,0.005597025,0.00028876413,0.015735649,9.546291e-05,e,0.4537025,0,1
0712_row_00042277,o,12宁国,12宁国,宁国南极汪灶荣单字,3,3,o,0.45967886,0.019962754,0.0027226876,0.00066939025,0.45967886,0.058661904,0.00031629286,9.0235444e-05,0.45784175,5.616767e-05,o,0.45967886,0,1
0712_row_00042278,u,12宁国,12宁国,宁国南极汪灶荣单字,4,4,u,0.7481466,0.044855267,0.08001681,0.00060055236,0.015688725,0.7481466,0.08894769,7.2367286e-05,0.021536564,0.0001354447,u,0.7481466,0,1
0712_row_00042279,o,12宁国,12宁国,宁国南极汪灶荣单字,3,2,i,0.42911735,0.003677481,0.067609966,0.42911735,0.12041664,0.003935711,0.32450593,2.68566e-05,0.050538372,0.00017162606,i,0.42911735,0,1
0712_row_00042280,y,12宁国,12宁国,宁国南极汪灶荣单字,5,5,y,0.3775351,0.016395956,0.12906104,0.02525403,0.31917176,0.0016889244,0.3775351,5.4895704e-06,0.11817862,0.012708949,y,0.3775351,0,1
0712_row_00042281,o,12宁国,12宁国,宁国南极汪灶荣单字,3,3,o,0.6003769,0.0032060521,0.0005927151,0.00010635536,0.6003769,0.023751039,0.00014208161,7.972466e-05,0.37172475,2.0490945e-05,o,0.6003769,0,1
0712_row_00042283,a,12宁国,12宁国,宁国南极汪灶荣单字,0,1,e,0.8179803,0.110129476,0.8179803,0.0054550637,0.023838751,0.021557873,0.000713088,3.336372e-05,0.020052686,0.00023942358,e,0.8179803,0,1
0712_row_00042284,a,12宁国,12宁国,宁国南极汪灶荣单字,0,6,ɔ,0.8163216,0.14729887,0.012034275,6.498508e-05,0.016882349,0.0071688574,1.5267213e-05,0.8163216,0.00019672063,1.7051863e-05,ɔ,0.8163216,0,1
0712_row_00042285,a,12宁国,12宁国,宁国南极汪灶荣单字,0,6,ɔ,0.35974437,0.2873403,0.014850626,0.00014332717,0.2158691,0.1177179,0.00071894884,0.35974437,0.0033473615,0.00026799366,ɔ,0.35974437,0,1
0712_row_00042286,a,12宁国,12宁国,宁国南极汪灶荣单字,0,0,a,0.9212836,0.9212836,0.0069730734,0.00012205372,0.03729248,0.024151249,0.0011992893,0.007476038,0.001096,0.00040625565,a,0.9212836,0,1
0712_row_00042287,ə,12宁国,12宁国,宁国南极汪灶荣单字,7,7,ə,0.6768272,0.097943336,0.17605717,0.0058335997,0.010911228,0.0052933535,0.0054162103,0.0014594983,0.6768272,0.02025837,ə,0.6768272,0,1
0712_row_00042288,ə,12宁国,12宁国,宁国南极汪灶荣单字,7,3,o,0.31854123,0.145374,0.23722686,0.0001547412,0.31854123,0.23177236,0.00054950087,0.011598913,0.052964833,0.0018176113,o,0.31854123,0,1
0712_row_00042289,u,12宁国,12宁国,宁国南极汪灶荣单字,4,4,u,0.961888,0.0028914735,0.007904284,0.0081925355,0.0103143165,0.961888,0.004685961,4.8394418e-06,0.0035631321,0.00055547565,u,0.961888,0,1
0712_row_00042290,ə,12宁国,12宁国,宁国南极汪灶荣单字,7,3,o,0.6270747,0.06290273,0.00996795,0.0009161881,0.6270747,0.17047104,0.11506557,0.0001989218,0.011836392,0.0015664418,o,0.6270747,0,1
0712_row_00042291,ɛ,12宁国,12宁国,宁国南极汪灶荣单字,8,0,a,0.8242047,0.8242047,0.012875263,0.001752703,0.010250865,0.0013540629,0.0016787201,2.1332242e-05,0.058271956,0.08959044,a,0.8242047,0,1
0712_row_00042292,ɛ,12宁国,12宁国,宁国南极汪灶荣单字,8,0,a,0.6878215,0.6878215,0.02069838,0.007174048,0.007220657,0.0009061705,0.010687648,1.35842365e-05,0.010600796,0.25487712,a,0.6878215,0,1
0712_row_00042293,u,12宁国,12宁国,宁国南极汪灶荣单字,4,4,u,0.94227564,0.0014014621,0.051910732,0.0013445287,0.0023211907,0.94227564,5.52954e-05,8.544141e-06,0.00022710583,0.00045546048,u,0.94227564,0,1
0712_row_00042294,a,12宁国,12宁国,宁国南极汪灶荣单字,0,0,a,0.7347053,0.7347053,0.015384532,0.0031467923,0.016056888,0.0040498083,0.00015620737,0.0005992831,0.019179089,0.20672213,a,0.7347053,0,1
0712_row_00042295,i,12宁国,12宁国,宁国南极汪灶荣单字,2,2,i,0.9858612,7.979575e-05,0.00032238505,0.9858612,4.1536176e-05,0.002233911,0.00977658,1.43792e-08,0.0002718091,0.0014128927,i,0.9858612,0,1
0712_row_00042296,a,12宁国,12宁国,宁国南极汪灶荣单字,0,6,ɔ,0.8392173,0.035452146,0.016376631,0.00046928393,0.01155141,0.096574984,6.1996834e-05,0.8392173,0.0002913254,4.9172954e-06,ɔ,0.8392173,0,1
0712_row_00042297,a,12宁国,12宁国,宁国南极汪灶荣单字,0,0,a,0.51573354,0.51573354,0.027684925,0.0006365608,0.006581829,0.01162464,0.0001500832,0.4370294,0.00042276655,0.00013627451,a,0.51573354,0,1
0712_row_00042298,o,12宁国,12宁国,宁国南极汪灶荣单字,3,3,o,0.39091536,0.042822476,0.059252374,0.0041622864,0.39091536,0.33660147,0.12614973,5.9852293e-05,0.032352515,0.007684117,o,0.39091536,0,1
0712_row_00042299,a,12宁国,12宁国,宁国南极汪灶荣单字,0,8,ɛ,0.98032767,0.015019388,0.000847592,0.0032252974,6.385309e-05,1.626572e-05,7.4304146e-05,9.098223e-07,0.00042471528,0.98032767,ɛ,0.98032767,0,1
0712_row_00042300,a,12宁国,12宁国,宁国南极汪灶荣单字,0,0,a,0.48862052,0.48862052,0.05773914,0.01870234,0.028154902,0.032009523,0.0024520576,0.00033092615,0.047309857,0.32468066,a,0.48862052,0,1
0712_row_00042301,i,12宁国,12宁国,宁国南极汪灶荣单字,2,2,i,0.9065436,0.0069278427,0.0011637536,0.9065436,0.0008118833,0.0036573743,0.0328946,1.3632919e-05,0.00854551,0.039441694,i,0.9065436,0,1
0712_row_00042302,a,12宁国,12宁国,宁国南极汪灶荣单字,0,7,ə,0.70868677,0.1092425,0.03856136,0.0011048247,0.049296677,0.064385496,0.003615757,0.0036676144,0.70868677,0.021439068,ə,0.70868677,0,1
0712_row_00042303,a,12宁国,12宁国,宁国南极汪灶荣单字,0,8,ɛ,0.657243,0.22073022,0.0023740535,0.015881881,0.015531358,0.0049622566,0.0032394582,3.6110184e-06,0.08003421,0.657243,ɛ,0.657243,0,1
0712_row_00042304,i,12宁国,12宁国,宁国南极汪灶荣单字,2,2,i,0.7813228,0.016953878,0.115444906,0.7813228,0.0033270149,0.0006341755,0.031981405,3.775917e-05,0.015269661,0.035028473,i,0.7813228,0,1
0712_row_00042305,i,12宁国,12宁国,宁国南极汪灶荣单字,2,2,i,0.6467225,0.0022861345,0.33487907,0.6467225,0.000916565,0.009174491,0.0051972745,1.2248285e-05,0.0005775311,0.00023411111,i,0.6467225,0,1
0712_row_00042306,i,12宁国,12宁国,宁国南极汪灶荣单字,2,2,i,0.95372605,0.011538275,0.012211482,0.95372605,0.005583873,0.00053237344,0.014659412,5.7563866e-05,0.0011872839,0.00050354045,i,0.95372605,0,1
0712_row_00042307,a,12宁国,12宁国,宁国南极汪灶荣单字,0,4,u,0.43908173,0.06706771,0.07806007,0.026520135,0.25060534,0.43908173,0.055579025,0.00014395492,0.061331812,0.021610154,u,0.43908173,0,1
0712_row_00042308,u,12宁国,12宁国,宁国南极汪灶荣单字,4,4,u,0.7122965,0.017875224,0.030975614,0.00896941,0.10364637,0.7122965,0.08272762,5.5176646e-05,0.0413164,0.0021376538,u,0.7122965,0,1
0712_row_00042309,e,12宁国,12宁国,宁国南极汪灶荣单字,1,1,e,0.57329637,0.17833415,0.57329637,0.02361883,0.02461232,0.035051513,0.10782824,0.00013388679,0.027863214,0.029261487,e,0.57329637,0,1
0712_row_00042310,ə,12宁国,12宁国,宁国南极汪灶荣单字,7,7,ə,0.9909853,0.00013527398,0.000101669204,3.0358824e-05,0.0048622666,0.0038363757,4.410229e-05,4.5870083e-06,0.9909853,7.80985e-08,ə,0.9909853,0,1
0712_row_00042311,e,12宁国,12宁国,宁国南极汪灶荣单字,1,1,e,0.7332351,0.14642884,0.7332351,0.007250493,0.013682465,0.005211051,0.0037180397,0.00023658352,0.07237223,0.017865123,e,0.7332351,0,1
0712_row_00042312,a,12宁国,12宁国,宁国南极汪灶荣单字,0,6,ɔ,0.68552613,0.27110732,0.029158458,0.000109352506,0.007010949,0.006788191,1.6991342e-05,0.68552613,0.00026272397,1.9824052e-05,ɔ,0.68552613,0,1
0712_row_00042313,a,12宁国,12宁国,宁国南极汪灶荣单字,0,0,a,0.56055164,0.56055164,0.025960462,0.00041819317,0.13026494,0.14065553,0.002911028,0.0954279,0.041927278,0.0018830013,a,0.56055164,0,1
0712_row_00042314,o,12宁国,12宁国,宁国南极汪灶荣单字,3,3,o,0.8741915,0.0001058992,2.774674e-06,3.6744983e-05,0.8741915,0.00010158124,0.00010504222,2.0034166e-05,0.12541653,1.9911404e-05,o,0.8741915,0,1
0712_row_00042315,o,12宁国,12宁国,宁国南极汪灶荣单字,3,4,u,0.2670992,0.045295287,0.14987074,0.07418288,0.047501136,0.2670992,0.21313372,5.4509484e-05,0.19760753,0.00525491,u,0.2670992,0,1
0712_row_00042316,a,12宁国,12宁国,宁国南极汪灶荣单字,0,0,a,0.886954,0.886954,0.087636195,0.00021668116,0.0020421897,0.007526418,2.8779637e-05,0.00026764564,0.01522551,0.0001027161,a,0.886954,0,1
0712_row_00042318,a,12宁国,12宁国,宁国南极汪灶荣单字,0,2,i,0.3889662,0.04062508,0.025671946,0.3889662,0.068914644,0.34246555,0.059919383,0.00027478885,0.055949505,0.01721283,i,0.3889662,0,1
0712_row_00042320,o,12宁国,12宁国,宁国南极汪灶荣单字,3,3,o,0.8868129,0.0030027453,0.0007175139,0.00013878166,0.8868129,0.0025439365,0.00032766233,0.0001978314,0.106167264,9.139516e-05,o,0.8868129,0,1
0712_row_00042321,a,12宁国,12宁国,宁国南极汪灶荣单字,0,7,ə,0.5377404,0.053009186,0.020096328,0.2855218,0.059495535,0.0019743263,0.03362548,1.5080703e-05,0.5377404,0.008521964,ə,0.5377404,0,1
