sample_id,vowel,region,site,speaker_id,true_label_id,pred_label_id,pred_vowel,pred_confidence,prob_a,prob_e,prob_i,prob_o,prob_u,prob_y,prob_ɔ,prob_ə,prob_ɛ,global_pred_vowel,global_pred_confidence,is_support_item,is_query_item
0712_row_00002926,o,02芜湖,六郎镇,许慧娟,3,3,o,0.7573607,0.12461755,0.03023494,0.00023325812,0.7573607,0.005714765,0.001884578,0.00927069,0.06960362,0.0010799781,o,0.7573607,0,1
0712_row_00002927,a,02芜湖,六郎镇,许慧娟,0,0,a,0.87519276,0.87519276,0.0027420942,0.0006481969,3.4983255e-05,3.3996075e-05,4.5472407e-06,4.069562e-07,0.01477085,0.10657201,a,0.87519276,0,1
0712_row_00002928,o,02芜湖,六郎镇,许慧娟,3,4,u,0.64046526,0.025950273,0.0005984801,0.010001574,0.11910351,0.64046526,0.2003279,0.0010047989,0.002372272,0.00017599421,u,0.64046526,0,1
0712_row_00002929,o,02芜湖,六郎镇,许慧娟,3,3,o,0.59482694,0.17792317,0.00026364828,0.0031787849,0.59482694,0.13642685,0.0066417158,0.08034611,0.00035223327,4.0640527e-05,o,0.59482694,0,1
0712_row_00002930,o,02芜湖,六郎镇,许慧娟,3,4,u,0.4336217,0.09826211,0.00043731692,0.011658902,0.3548119,0.4336217,0.097842574,0.0029453489,0.0003470947,7.311774e-05,u,0.4336217,0,1
0712_row_00002931,o,02芜湖,六郎镇,许慧娟,3,2,i,0.4438381,0.045570247,0.0014004676,0.4438381,0.02576399,0.09130496,0.3914936,9.921776e-05,0.00017216282,0.00035722667,i,0.4438381,0,1
0712_row_00002932,a,02芜湖,六郎镇,许慧娟,0,0,a,0.996813,0.996813,6.3628926e-05,2.9399433e-05,2.0250516e-05,1.3345643e-05,6.2839246e-07,1.3545861e-08,0.00299409,6.582495e-05,a,0.996813,0,1
0712_row_00002933,a,02芜湖,六郎镇,许慧娟,0,0,a,0.98512506,0.98512506,0.0029613026,0.0004603255,8.9081586e-05,0.00016003154,3.5616697e-06,5.9710805e-05,0.009745788,0.0013951326,a,0.98512506,0,1
0712_row_00002934,a,02芜湖,六郎镇,许慧娟,0,0,a,0.9889564,0.9889564,0.00078880315,0.00032623002,5.6250665e-05,0.00010024868,3.2985774e-06,1.3953855e-05,0.0090769,0.00067804195,a,0.9889564,0,1
0712_row_00002935,a,02芜湖,六郎镇,许慧娟,0,0,a,0.7328955,0.7328955,0.09549918,0.023873884,0.0024249179,0.0077164154,0.0026925204,0.00057198136,0.08544385,0.04888179,a,0.7328955,0,1
0712_row_00002936,a,02芜湖,六郎镇,许慧娟,0,0,a,0.91194457,0.91194457,0.0063055158,0.00010938742,0.0012348779,0.0002280595,2.2201646e-05,6.11823e-06,0.06940395,0.010745353,a,0.91194457,0,1
0712_row_00002937,a,02芜湖,六郎镇,许慧娟,0,8,ɛ,0.5265028,0.38098326,0.005618919,0.0023777257,0.00032799272,9.963405e-05,0.00040622734,0.00024451388,0.08343892,0.5265028,ɛ,0.5265028,0,1
0712_row_00002938,a,02芜湖,六郎镇,许慧娟,0,8,ɛ,0.6329647,0.25991774,0.003626962,0.0011842106,0.0004400564,8.169568e-05,0.00026343585,0.00031759602,0.10120363,0.6329647,ɛ,0.6329647,0,1
0712_row_00002940,ɛ,02芜湖,六郎镇,许慧娟,8,2,i,0.86584395,0.0035164414,0.0042408598,0.86584395,0.00029380704,0.00774363,0.04892149,3.5500423e-05,0.009332423,0.06007177,i,0.86584395,0,1
0712_row_00002941,ɛ,02芜湖,六郎镇,许慧娟,8,2,i,0.97513133,0.0002441929,0.0002822893,0.97513133,1.1833949e-05,0.0017410023,0.018989403,5.498248e-07,0.00029438495,0.0033051008,i,0.97513133,0,1
0712_row_00002942,ɛ,02芜湖,六郎镇,许慧娟,8,2,i,0.9947142,0.00017594111,0.0010965458,0.9947142,6.5215004e-06,0.00091880414,0.0023704644,4.5061822e-07,0.00020199065,0.0005150948,i,0.9947142,0,1
0712_row_00002943,ə,02芜湖,六郎镇,许慧娟,7,2,i,0.7864584,0.059888512,0.027846284,0.7864584,0.002347399,0.0372844,0.04852634,0.0003824116,0.022743035,0.014523261,i,0.7864584,0,1
0712_row_00002945,ə,02芜湖,六郎镇,许慧娟,7,5,y,0.27688926,0.07042687,0.14531127,0.13966171,0.016652491,0.07240701,0.27688926,0.0018816253,0.097564526,0.17920534,y,0.27688926,0,1
0712_row_00002946,ə,02芜湖,六郎镇,许慧娟,7,2,i,0.98464495,0.0021609871,0.0008697142,0.98464495,2.119605e-05,0.0027800915,0.0039956765,5.5981377e-06,0.0014473818,0.00407423,i,0.98464495,0,1
0712_row_00002947,ɛ,02芜湖,六郎镇,许慧娟,8,2,i,0.93244106,0.018484795,0.0013788064,0.93244106,0.00010649917,0.0017018445,0.007943088,5.9753664e-05,0.006442165,0.031441987,i,0.93244106,0,1
0712_row_00002948,ə,02芜湖,六郎镇,许慧娟,7,2,i,0.9918326,0.0005653917,0.0009389716,0.9918326,1.251922e-05,0.0012614042,0.0025514427,1.8559599e-06,0.0005835419,0.002252306,i,0.9918326,0,1
0712_row_00002949,a,02芜湖,六郎镇,许慧娟,0,0,a,0.9975374,0.9975374,9.3395094e-05,2.8809611e-06,6.475252e-05,1.1605923e-05,3.0837992e-07,4.348777e-08,0.0022695812,2.00214e-05,a,0.9975374,0,1
0712_row_00002950,a,02芜湖,六郎镇,许慧娟,0,0,a,0.99201775,0.99201775,0.0007685285,8.047004e-06,0.00021813392,8.932191e-05,6.4336643e-07,2.0755797e-07,0.0068651326,3.224808e-05,a,0.99201775,0,1
0712_row_00002951,a,02芜湖,六郎镇,许慧娟,0,0,a,0.9915359,0.9915359,0.0018004283,4.022573e-06,0.0005764423,0.000113231,1.4724369e-06,4.811298e-07,0.0059291306,3.887883e-05,a,0.9915359,0,1
0712_row_00002952,a,02芜湖,六郎镇,许慧娟,0,0,a,0.98682004,0.98682004,0.00071731565,7.514131e-06,0.00018578464,7.895515e-05,3.3192018e-07,2.0425135e-07,0.012145006,4.4835288e-05,a,0.98682004,0,1
0712_row_00002953,u,02芜湖,六郎镇,许慧娟,4,4,u,0.6746441,0.018368071,0.00047813723,0.0027605605,0.040107287,0.6746441,0.26333603,9.007043e-05,0.00016632502,4.9453753e-05,u,0.6746441,0,1
0712_row_00002954,u,02芜湖,六郎镇,许慧娟,4,4,u,0.4726607,0.083940424,0.0017405045,0.0009786506,0.33716536,0.4726607,0.061627146,0.026473701,0.015066712,0.0003468516,u,0.4726607,0,1
0712_row_00002955,u,02芜湖,六郎镇,许慧娟,4,4,u,0.4881609,0.050446164,0.0021917333,0.0012384922,0.43234804,0.4881609,0.011184638,0.00065409514,0.013749114,2.6787146e-05,u,0.4881609,0,1
0712_row_00002956,u,02芜湖,六郎镇,许慧娟,4,4,u,0.6131776,0.062395215,0.0034273483,0.00038204546,0.10233285,0.6131776,0.031620845,0.00029999716,0.18612845,0.0002355992,u,0.6131776,0,1
0712_row_00002957,u,02芜湖,六郎镇,许慧娟,4,4,u,0.6365125,0.03543501,0.00034989798,0.0013459396,0.06436834,0.6365125,0.26096588,0.00012941731,0.0007618812,0.00013111028,u,0.6365125,0,1
0712_row_00002959,u,02芜湖,六郎镇,许慧娟,4,5,y,0.8022834,0.0061965445,0.0017968846,0.0012801678,0.0022407956,0.18491732,0.8022834,1.3344687e-05,0.0008778312,0.00039356507,y,0.8022834,0,1
0712_row_00002960,u,02芜湖,六郎镇,许慧娟,4,5,y,0.78169817,0.0067610764,0.00033405147,0.11944615,0.0013822869,0.090019636,0.78169817,6.501387e-06,9.746498e-05,0.0002545429,y,0.78169817,0,1
0712_row_00002961,y,02芜湖,六郎镇,许慧娟,5,2,i,0.51016784,0.003569524,0.013375412,0.51016784,0.0013619448,0.008180773,0.46195742,2.2745982e-05,0.0006707939,0.0006934947,i,0.51016784,0,1
0712_row_00002962,u,02芜湖,六郎镇,许慧娟,4,4,u,0.7699272,0.013702117,0.0036317192,0.0024453432,0.024912832,0.7699272,0.14296396,0.0009238605,0.041352905,0.00014002873,u,0.7699272,0,1
0712_row_00002963,u,02芜湖,六郎镇,许慧娟,4,4,u,0.48044273,0.008867194,0.00072562566,0.0008504578,0.030966032,0.48044273,0.46804926,7.31691e-05,0.009918253,0.000107369924,u,0.48044273,0,1
0712_row_00002964,u,02芜湖,六郎镇,许慧娟,4,4,u,0.6810167,0.0054991064,0.0011165726,0.0004239958,0.032102637,0.6810167,0.25966877,0.00020910076,0.01981277,0.00015042763,u,0.6810167,0,1
0712_row_00002965,o,02芜湖,六郎镇,许慧娟,3,6,ɔ,0.9642804,0.011034078,0.0012198442,2.7526157e-05,0.007546222,0.011814429,1.4741449e-05,0.9642804,0.0040409165,2.189169e-05,ɔ,0.9642804,0,1
0712_row_00002966,u,02芜湖,六郎镇,许慧娟,4,4,u,0.806792,0.023372449,0.0016940599,0.0005096452,0.06360383,0.806792,0.016179197,0.0001307753,0.0875252,0.00019278,u,0.806792,0,1
0712_row_00002967,u,02芜湖,六郎镇,许慧娟,4,2,i,0.5882071,0.0058416785,0.009471749,0.5882071,0.0006068137,0.1752212,0.21629229,1.6785512e-05,0.0036498269,0.00069253746,i,0.5882071,0,1
0712_row_00002968,u,02芜湖,六郎镇,许慧娟,4,0,a,0.59587604,0.59587604,0.1020954,0.0007360511,0.06812819,0.048589803,0.0030126735,0.058396272,0.1211326,0.002033035,a,0.59587604,0,1
0712_row_00002969,y,02芜湖,六郎镇,许慧娟,5,5,y,0.6122421,0.004075999,0.06265888,0.19902492,0.017105194,0.09547224,0.6122421,3.2062566e-05,0.007172434,0.0022162416,y,0.6122421,0,1
0712_row_00002970,y,02芜湖,六郎镇,许慧娟,5,5,y,0.58177793,0.0066925297,0.032281663,0.15488268,0.012121035,0.19275127,0.58177793,0.00017134957,0.0144005,0.004920994,y,0.58177793,0,1
0712_row_00002971,y,02芜湖,六郎镇,许慧娟,5,2,i,0.99761665,0.000111863366,0.0008506015,0.99761665,4.0370805e-06,0.00043292766,0.0008000849,2.8985704e-07,8.4721454e-05,9.889896e-05,i,0.99761665,0,1
0712_row_00002972,y,02芜湖,六郎镇,许慧娟,5,5,y,0.517479,0.0020113164,0.0060103824,0.4073093,0.0010686804,0.060465034,0.517479,2.5396632e-05,0.003865364,0.00176555,y,0.517479,0,1
0712_row_00002973,y,02芜湖,六郎镇,许慧娟,5,5,y,0.89284205,0.0008266807,0.011456547,0.01630725,0.021458935,0.056476835,0.89284205,2.1613041e-05,0.0005781642,3.1947427e-05,y,0.89284205,0,1
0712_row_00002974,y,02芜湖,六郎镇,许慧娟,5,5,y,0.43442935,0.0013671737,0.014645793,0.30121228,0.0019367158,0.24275103,0.43442935,4.1872754e-05,0.0031471022,0.0004687896,y,0.43442935,0,1
0712_row_00002975,y,02芜湖,六郎镇,许慧娟,5,5,y,0.98067147,0.00015890732,0.0019830607,0.0041875527,0.001994718,0.010437023,0.98067147,2.7796407e-06,0.00055405847,1.0429922e-05,y,0.98067147,0,1
0712_row_00002976,y,02芜湖,六郎镇,许慧娟,5,5,y,0.71471053,0.00015675426,0.00012155176,0.00083894195,0.0011386696,0.28278956,0.71471053,1.3616904e-06,0.0002242664,1.8406221e-05,y,0.71471053,0,1
0712_row_00002978,y,02芜湖,六郎镇,许慧娟,5,5,y,0.71953577,0.002338728,0.0018853552,0.06531385,0.0021840502,0.20702386,0.71953577,0.00010915835,0.0010272365,0.0005818992,y,0.71953577,0,1
0712_row_00002979,u,02芜湖,六郎镇,许慧娟,4,2,i,0.43395787,0.03867059,0.003293663,0.43395787,0.06290695,0.21473399,0.24401356,4.4187796e-05,0.0018780567,0.00050104817,i,0.43395787,0,1
0712_row_00002980,y,02芜湖,六郎镇,许慧娟,5,2,i,0.96561116,0.0013125587,0.00031067384,0.96561116,7.870399e-05,0.0022017767,0.029806968,3.9075258e-06,6.2999956e-05,0.0006111024,i,0.96561116,0,1
0712_row_00002981,y,02芜湖,六郎镇,许慧娟,5,2,i,0.98558235,0.00025938195,0.00065016863,0.98558235,1.04593055e-05,0.0015870299,0.0100423265,7.419265e-07,0.0002951483,0.0015725044,i,0.98558235,0,1
0712_row_00002982,u,02芜湖,六郎镇,许慧娟,4,5,y,0.5529962,0.0032783756,0.001302083,0.00092964666,0.015341709,0.4207136,0.5529962,0.00016679685,0.0050571403,0.00021439535,y,0.5529962,0,1
0712_row_00002983,u,02芜湖,六郎镇,许慧娟,4,4,u,0.4757792,0.11764893,0.015702246,0.0001776163,0.082015604,0.4757792,0.010651047,0.00048279113,0.29667282,0.0008697292,u,0.4757792,0,1
0712_row_00002984,u,02芜湖,六郎镇,许慧娟,4,4,u,0.81364983,0.009986011,0.006627893,0.023507599,0.09641898,0.81364983,0.004187052,0.021919543,0.021336708,0.0023663817,u,0.81364983,0,1
0712_row_00002985,u,02芜湖,六郎镇,许慧娟,4,4,u,0.48270208,0.0130809955,0.10424006,0.2018901,0.010368318,0.48270208,0.007054757,0.0052778916,0.1686717,0.0067140134,u,0.48270208,0,1
0712_row_00002986,u,02芜湖,六郎镇,许慧娟,4,4,u,0.6259236,0.032890826,0.0022767042,0.00022716356,0.31666008,0.6259236,0.011836698,0.0004547547,0.009681157,4.8985108e-05,u,0.6259236,0,1
0712_row_00002987,u,02芜湖,六郎镇,许慧娟,4,5,y,0.58845735,0.001225498,0.0015932425,0.1628124,0.0007152426,0.24279521,0.58845735,7.2620537e-06,0.001936799,0.0004569671,y,0.58845735,0,1
0712_row_00002988,u,02芜湖,六郎镇,许慧娟,4,4,u,0.5303015,0.01692415,0.0041894764,0.0020220631,0.028211191,0.5303015,0.3927191,0.0005061972,0.02479198,0.0003343324,u,0.5303015,0,1
0712_row_00002989,u,02芜湖,六郎镇,许慧娟,4,5,y,0.8260276,0.0027204242,0.0072422563,0.050014578,0.0077749067,0.10163714,0.8260276,7.801103e-05,0.0043990896,0.00010600922,y,0.8260276,0,1
0712_row_00002990,y,02芜湖,六郎镇,许慧娟,5,5,y,0.89011526,0.00076837256,0.003765123,0.024656935,0.004738592,0.07103099,0.89011526,2.3385559e-05,0.0047944416,0.00010696642,y,0.89011526,0,1
0712_row_00002991,y,02芜湖,六郎镇,许慧娟,5,2,i,0.798848,0.0029214916,0.00925582,0.798848,0.0007233961,0.032900088,0.14886607,3.998895e-05,0.0025041695,0.0039410866,i,0.798848,0,1
0712_row_00002992,y,02芜湖,六郎镇,许慧娟,5,5,y,0.7352703,0.002658542,0.034595925,0.13057473,0.0030832537,0.08907352,0.7352703,0.00010207554,0.0042938804,0.00034774595,y,0.7352703,0,1
0712_row_00002994,y,02芜湖,六郎镇,许慧娟,5,5,y,0.6408842,0.0047450294,0.11713864,0.17378846,0.0031839702,0.053018205,0.6408842,0.00019175297,0.0066966903,0.0003529377,y,0.6408842,0,1
0712_row_00002995,a,02芜湖,六郎镇,许慧娟,0,0,a,0.5134281,0.5134281,0.1762298,0.00084350596,0.0029437742,0.0014927934,0.00039927266,0.00018656236,0.03756613,0.26691002,a,0.5134281,0,1
0712_row_00002996,a,02芜湖,六郎镇,许慧娟,0,0,a,0.6337581,0.6337581,0.058975607,0.00016791982,0.009401208,0.016648162,2.839395e-05,0.03800821,0.24248178,0.0005305035,a,0.6337581,0,1
0712_row_00002997,a,02芜湖,六郎镇,许慧娟,0,0,a,0.47121382,0.47121382,0.40310264,0.073211536,0.0027300492,0.011069407,0.0024702873,0.00085697946,0.032367796,0.0029776643,a,0.47121382,0,1
0712_row_00002998,e,02芜湖,六郎镇,许慧娟,1,2,i,0.292442,0.25894666,0.16808861,0.292442,0.0042707063,0.24723262,0.0020675354,0.0035876762,0.013124758,0.010239462,i,0.292442,0,1
0712_row_00002999,a,02芜湖,六郎镇,许慧娟,0,0,a,0.6612013,0.6612013,0.21103817,0.09424878,0.002613202,0.00617686,0.0010914739,0.0024990542,0.014262844,0.006868373,a,0.6612013,0,1
0712_row_00003000,ɛ,02芜湖,六郎镇,许慧娟,8,2,i,0.9897193,0.00019706317,0.0014694541,0.9897193,1.4430263e-05,0.0020731185,0.004987472,1.4181493e-06,0.00036808316,0.0011697407,i,0.9897193,0,1
0712_row_00003001,a,02芜湖,六郎镇,许慧娟,0,0,a,0.86543983,0.86543983,0.10007374,0.0016051993,0.0016358665,0.004354619,4.300599e-05,0.00029484948,0.025400558,0.0011522421,a,0.86543983,0,1
0712_row_00003002,ɛ,02芜湖,六郎镇,许慧娟,8,8,ɛ,0.9966382,0.0026863974,0.00012533732,2.5413783e-06,3.920282e-05,4.1807e-06,3.0300046e-06,3.2859708e-07,0.00050082407,0.9966382,ɛ,0.9966382,0,1
0712_row_00003003,ɛ,02芜湖,六郎镇,许慧娟,8,8,ɛ,0.99534804,0.004026777,0.00024526022,1.8450676e-06,6.6783665e-05,1.2063017e-05,1.6249065e-06,1.5061322e-07,0.00029750876,0.99534804,ɛ,0.99534804,0,1
0712_row_00003004,ɛ,02芜湖,六郎镇,许慧娟,8,8,ɛ,0.57957715,0.27435625,0.13877197,0.00043800956,0.0003597868,0.00028785548,0.00013584291,1.2406732e-05,0.0060607665,0.57957715,ɛ,0.57957715,0,1
0712_row_00003005,e,02芜湖,六郎镇,许慧娟,1,8,ɛ,0.44600803,0.38351488,0.16294323,0.0011934324,0.0003805804,0.0007214547,0.00020671955,2.693994e-05,0.0050048353,0.44600803,ɛ,0.44600803,0,1
0712_row_00003006,a,02芜湖,六郎镇,许慧娟,0,0,a,0.6938724,0.6938724,0.18201832,0.015793433,0.015456236,0.029033232,0.0031512305,0.00666019,0.050665382,0.0033494968,a,0.6938724,0,1
0712_row_00003007,i,02芜湖,六郎镇,许慧娟,2,2,i,0.956339,0.0010707062,0.012555933,0.956339,0.00011582322,0.01142986,0.01648826,7.572449e-06,0.0011616898,0.0008312359,i,0.956339,0,1
0712_row_00003008,i,02芜湖,六郎镇,许慧娟,2,2,i,0.9939632,0.00030502325,0.0012034149,0.9939632,1.1141284e-05,0.001088,0.0031122698,9.759034e-07,9.420908e-05,0.00022177077,i,0.9939632,0,1
0712_row_00003009,i,02芜湖,六郎镇,许慧娟,2,2,i,0.70826995,0.003127884,0.0108627435,0.70826995,0.0006033502,0.005110417,0.27152672,1.648899e-05,0.00028406683,0.0001984421,i,0.70826995,0,1
0712_row_00003010,i,02芜湖,六郎镇,许慧娟,2,2,i,0.8105446,0.00091899175,0.059327688,0.8105446,0.0007181122,0.044076573,0.079024374,5.1405514e-05,0.003358062,0.001980143,i,0.8105446,0,1
0712_row_00003011,i,02芜湖,六郎镇,许慧娟,2,2,i,0.9932892,0.00014820839,0.0017271019,0.9932892,9.700829e-06,0.0008200147,0.0031679892,5.9650415e-07,0.0003513535,0.00048586624,i,0.9932892,0,1
0712_row_00003012,i,02芜湖,六郎镇,许慧娟,2,2,i,0.9948388,5.6342767e-05,0.0017661101,0.9948388,5.75385e-06,0.00028652488,0.0026307234,7.344793e-08,0.00019563612,0.00021990613,i,0.9948388,0,1
0712_row_00003013,i,02芜湖,六郎镇,许慧娟,2,2,i,0.7759759,0.09274985,0.0772647,0.7759759,0.0020955293,0.012521506,0.02563372,0.00014396518,0.006646743,0.006968075,i,0.7759759,0,1
0712_row_00003015,i,02芜湖,六郎镇,许慧娟,2,2,i,0.7864944,0.0007943932,0.0093232235,0.7864944,0.00034424692,0.009106265,0.1930886,3.3607446e-06,0.0003593086,0.00048609095,i,0.7864944,0,1
0712_row_00003016,i,02芜湖,六郎镇,许慧娟,2,2,i,0.91053414,0.00045318928,0.005710644,0.91053414,0.00016606673,0.002377058,0.08028017,5.0204803e-06,0.00027132838,0.00020243239,i,0.91053414,0,1
0712_row_00003017,i,02芜湖,六郎镇,许慧娟,2,2,i,0.9961506,8.576804e-05,0.00049595843,0.9961506,4.7236435e-06,0.0004960899,0.0018519927,1.3815973e-07,0.00022808462,0.00068648136,i,0.9961506,0,1
0712_row_00003018,i,02芜湖,六郎镇,许慧娟,2,2,i,0.99087346,0.00019705211,0.0004680351,0.99087346,6.877794e-06,0.0011264146,0.005874573,3.6114577e-07,0.0002590673,0.001194237,i,0.99087346,0,1
0712_row_00003019,i,02芜湖,六郎镇,许慧娟,2,2,i,0.98322713,0.0006509648,0.0024740847,0.98322713,6.911107e-05,0.0045082974,0.006480866,1.6746122e-05,0.0009861565,0.0015865007,i,0.98322713,0,1
0712_row_00003020,i,02芜湖,六郎镇,许慧娟,2,2,i,0.9944457,8.294312e-05,0.0005357775,0.9944457,6.0107695e-06,0.00053928624,0.0035802177,8.7316586e-08,0.00021142047,0.0005985361,i,0.9944457,0,1
0712_row_00003021,i,02芜湖,六郎镇,许慧娟,2,8,ɛ,0.44011262,0.0633567,0.012556326,0.09028015,0.0009791818,0.001127311,0.3140512,0.00021431799,0.07732219,0.44011262,ɛ,0.44011262,0,1
0712_row_00003022,e,02芜湖,六郎镇,许慧娟,1,2,i,0.57053405,0.22642922,0.1517652,0.57053405,0.0023073817,0.030484406,0.0057529453,0.005274932,0.0045140143,0.0029378,i,0.57053405,0,1
0712_row_00003023,e,02芜湖,六郎镇,许慧娟,1,2,i,0.68603545,0.034069695,0.25401852,0.68603545,0.0054075564,0.01163439,0.005297907,0.00046770187,0.0027209343,0.00034793248,i,0.68603545,0,1
0712_row_00003024,e,02芜湖,六郎镇,许慧娟,1,1,e,0.46766973,0.07102393,0.46766973,0.3207761,0.0029103784,0.113093525,0.0059009376,0.012032723,0.004265926,0.0023266156,e,0.46766973,0,1
0712_row_00003025,u,02芜湖,六郎镇,许慧娟,4,2,i,0.71158844,0.11849463,0.031402957,0.71158844,0.0020696025,0.08493381,0.014580184,0.0022336852,0.015592574,0.019104065,i,0.71158844,0,1
0712_row_00003026,e,02芜湖,六郎镇,许慧娟,1,4,u,0.6158743,0.060339842,0.18224677,0.106292196,0.004486229,0.6158743,0.0046232394,0.0013532653,0.018317953,0.006466216,u,0.6158743,0,1
0712_row_00003027,e,02芜湖,六郎镇,许慧娟,1,1,e,0.6353806,0.02370881,0.6353806,0.0024322087,0.0005786814,0.33348188,0.0004920056,0.0013273514,0.0021117365,0.0004867717,e,0.6353806,0,1
0712_row_00003028,u,02芜湖,六郎镇,许慧娟,4,4,u,0.78247654,0.0008149538,0.21508761,0.0007831379,0.00041132732,0.78247654,0.00031728324,2.4856936e-05,6.855416e-05,1.572886e-05,u,0.78247654,0,1
0712_row_00003029,a,02芜湖,六郎镇,许慧娟,0,0,a,0.849414,0.849414,0.072828524,0.0009032949,0.053831905,0.008886853,0.00037281515,0.0030193175,0.009970807,0.00077252,a,0.849414,0,1
0712_row_00003030,u,02芜湖,六郎镇,许慧娟,4,4,u,0.7967349,0.00031430574,0.20220411,0.00011803422,0.00033685,0.7967349,0.00021187501,5.098225e-06,6.8437774e-05,6.254225e-06,u,0.7967349,0,1
0712_row_00003031,a,02芜湖,六郎镇,许慧娟,0,0,a,0.9379208,0.9379208,0.017872458,7.991325e-06,0.0017469405,0.0014872024,7.0799756e-06,2.7002636e-05,0.040024985,0.0009056636,a,0.9379208,0,1
0712_row_00003032,a,02芜湖,六郎镇,许慧娟,0,0,a,0.8879835,0.8879835,0.041978765,0.0006755696,0.011249801,0.01117721,0.00022006092,0.0010630472,0.044547066,0.0011048745,a,0.8879835,0,1
0712_row_00003033,a,02芜湖,六郎镇,许慧娟,0,0,a,0.997491,0.997491,0.00018644257,3.548478e-05,8.680115e-05,3.3748784e-05,6.6640325e-07,1.5738422e-07,0.0021352186,3.0474253e-05,a,0.997491,0,1
0712_row_00003034,a,02芜湖,六郎镇,许慧娟,0,0,a,0.97937644,0.97937644,0.008800024,2.9321343e-06,0.0068580853,0.0005580747,1.4156022e-05,3.1536525e-05,0.0033239257,0.0010350463,a,0.97937644,0,1
0712_row_00003035,a,02芜湖,六郎镇,许慧娟,0,0,a,0.90373135,0.90373135,0.00735456,7.666591e-05,0.00044840583,0.00015470716,3.166469e-06,1.6922248e-05,0.085098125,0.0031161474,a,0.90373135,0,1
0712_row_00003036,a,02芜湖,六郎镇,许慧娟,0,0,a,0.9418367,0.9418367,0.0036200965,5.8445956e-05,0.00062670413,0.00051335414,1.5732278e-06,7.4713707e-06,0.053079966,0.00025550113,a,0.9418367,0,1
0712_row_00003037,e,02芜湖,六郎镇,许慧娟,1,4,u,0.5367843,0.0056314925,0.41468668,0.004484547,0.0013309638,0.5367843,0.0005401764,0.0008280288,0.034431234,0.0012824858,u,0.5367843,0,1
0712_row_00003038,e,02芜湖,六郎镇,许慧娟,1,4,u,0.5772461,0.00058610045,0.4203508,0.0012151756,0.00017207042,0.5772461,0.00035480203,1.0543215e-05,4.76325e-05,1.6820106e-05,u,0.5772461,0,1
0712_row_00003039,e,02芜湖,六郎镇,许慧娟,1,1,e,0.9257414,0.0051435297,0.9257414,0.049764615,0.000117278614,0.018468676,0.00016952795,0.0002971735,0.000252835,4.507458e-05,e,0.9257414,0,1
0712_row_00003040,e,02芜湖,六郎镇,许慧娟,1,4,u,0.6492151,0.0005953562,0.34898484,0.00066141353,0.0001938052,0.6492151,0.00024271185,3.8077513e-05,5.572383e-05,1.3001511e-05,u,0.6492151,0,1
0712_row_00003041,e,02芜湖,六郎镇,许慧娟,1,2,i,0.66484797,0.2142732,0.0949182,0.66484797,0.0008665502,0.013476346,0.00388344,0.0013120542,0.0039563044,0.002465779,i,0.66484797,0,1
0712_row_00003042,i,02芜湖,六郎镇,许慧娟,2,2,i,0.9960861,0.000112823654,0.00081452605,0.9960861,4.1992453e-06,0.00061507174,0.0019500243,2.0778445e-07,0.00014003406,0.0002769902,i,0.9960861,0,1
0712_row_00003043,i,02芜湖,六郎镇,许慧娟,2,2,i,0.5235724,0.0045221983,0.037107408,0.5235724,0.002334786,0.10784611,0.31457528,0.00011668655,0.0069905315,0.0029346426,i,0.5235724,0,1
0712_row_00003044,i,02芜湖,六郎镇,许慧娟,2,2,i,0.8839066,0.003611174,0.008168023,0.8839066,0.0002558527,0.011888195,0.083431356,2.728775e-05,0.0038815707,0.004829937,i,0.8839066,0,1
0712_row_00003045,i,02芜湖,六郎镇,许慧娟,2,2,i,0.5735661,0.0032415509,0.016769892,0.5735661,0.0014379289,0.11071903,0.2845823,7.8562734e-05,0.0075314566,0.0020732859,i,0.5735661,0,1
0712_row_00003046,i,02芜湖,六郎镇,许慧娟,2,0,a,0.7266569,0.7266569,0.00066189235,0.2680538,2.9462866e-05,0.00010755076,6.124306e-05,4.284782e-07,0.0018679568,0.0025606817,a,0.7266569,0,1
0712_row_00003047,i,02芜湖,六郎镇,许慧娟,2,2,i,0.99253684,0.0001863905,0.0014494715,0.99253684,1.1306531e-05,0.0015652628,0.003403771,6.427296e-07,0.00030784425,0.00053829857,i,0.99253684,0,1
0712_row_00003048,i,02芜湖,六郎镇,许慧娟,2,2,i,0.99651885,0.00013845667,0.0008526022,0.99651885,4.736778e-06,0.0006691733,0.0014715231,2.4512346e-07,0.000117629985,0.00022673687,i,0.99651885,0,1
0712_row_00003049,i,02芜湖,六郎镇,许慧娟,2,2,i,0.99780077,0.00016642617,0.00024906543,0.99780077,3.8450576e-06,0.00024376383,0.00083396444,3.808684e-07,0.00015579548,0.0005460415,i,0.99780077,0,1
0712_row_00003050,i,02芜湖,六郎镇,许慧娟,2,2,i,0.9983695,3.1457235e-05,0.00038781506,0.9983695,2.0476984e-06,0.0002964077,0.00054759136,1.11554996e-07,0.0001436979,0.00022134167,i,0.9983695,0,1
0712_row_00003051,i,02芜湖,六郎镇,许慧娟,2,2,i,0.9949833,0.00010190711,0.0020641645,0.9949833,7.0561027e-06,0.00071996753,0.001582225,6.3784006e-07,0.00022132257,0.00031943325,i,0.9949833,0,1
0712_row_00003052,i,02芜湖,六郎镇,许慧娟,2,1,e,0.3722306,0.18889439,0.3722306,0.059620075,0.04009825,0.028171934,0.107033074,0.019209942,0.1199306,0.0648112,e,0.3722306,0,1
0712_row_00003053,e,02芜湖,六郎镇,许慧娟,1,1,e,0.4127658,0.082078926,0.4127658,0.29493243,0.0057967026,0.18939552,0.0043761004,0.007593304,0.002046014,0.0010152545,e,0.4127658,0,1
0712_row_00003054,i,02芜湖,六郎镇,许慧娟,2,2,i,0.7424647,0.06611452,0.044183884,0.7424647,0.0042310576,0.031387996,0.06865196,0.00064602453,0.01869516,0.023624633,i,0.7424647,0,1
0712_row_00003055,i,02芜湖,六郎镇,许慧娟,2,2,i,0.98852766,0.0008334321,0.0036166667,0.98852766,0.00034177033,0.0012456288,0.005307738,1.3206135e-05,6.6371285e-05,4.768314e-05,i,0.98852766,0,1
0712_row_00003056,i,02芜湖,六郎镇,许慧娟,2,2,i,0.99918944,1.76164e-05,0.00022203784,0.99918944,8.799509e-07,0.00012790275,0.0003621995,6.770495e-08,2.0088055e-05,5.9678943e-05,i,0.99918944,0,1
0712_row_00003057,i,02芜湖,六郎镇,许慧娟,2,2,i,0.99901044,1.8870445e-05,0.00031666053,0.99901044,1.4282034e-06,0.00015258009,0.00040777968,1.3594217e-07,2.5287762e-05,6.6936824e-05,i,0.99901044,0,1
0712_row_00003058,i,02芜湖,六郎镇,许慧娟,2,2,i,0.5983096,0.0058775027,0.02761857,0.5983096,0.0045521613,0.12463349,0.2279132,0.00023059749,0.009204853,0.0016600335,i,0.5983096,0,1
0712_row_00003059,i,02芜湖,六郎镇,许慧娟,2,5,y,0.7332152,0.0022389723,0.0035873263,0.11005893,0.0073830863,0.13751972,0.7332152,8.779362e-05,0.005057028,0.0008519346,y,0.7332152,0,1
0712_row_00003060,i,02芜湖,六郎镇,许慧娟,2,0,a,0.7702428,0.7702428,0.017719029,0.121094815,0.00074236636,0.00030385377,0.0006750478,0.0007051229,0.025679057,0.06283794,a,0.7702428,0,1
0712_row_00003061,i,02芜湖,六郎镇,许慧娟,2,2,i,0.9963617,8.760217e-05,0.00041364218,0.9963617,3.7139869e-06,0.00050545903,0.0022403165,9.809858e-08,0.000103523926,0.0002838868,i,0.9963617,0,1
0712_row_00003062,i,02芜湖,六郎镇,许慧娟,2,3,o,0.3584117,0.010081377,0.14255653,0.26790184,0.3584117,0.01614898,0.20119694,7.4418254e-05,0.0023987403,0.0012294773,o,0.3584117,0,1
0712_row_00003063,i,02芜湖,六郎镇,许慧娟,2,6,ɔ,0.5932796,0.1435942,0.020070402,7.3348114e-05,0.027541777,0.040332507,6.0962353e-05,0.5932796,0.17465053,0.00039667654,ɔ,0.5932796,0,1
0712_row_00003064,i,02芜湖,六郎镇,许慧娟,2,2,i,0.99597234,0.00017246662,0.0014595242,0.99597234,9.899773e-06,0.0005078037,0.0016973506,1.299725e-06,8.969047e-05,8.973856e-05,i,0.99597234,0,1
0712_row_00003065,i,02芜湖,六郎镇,许慧娟,2,2,i,0.9981659,4.5073743e-05,0.00035921598,0.9981659,2.2456372e-06,0.00037478833,0.00089189986,1.08025326e-07,5.4685843e-05,0.00010588033,i,0.9981659,0,1
0712_row_00003066,i,02芜湖,六郎镇,许慧娟,2,2,i,0.9825035,0.00015916426,0.0029879238,0.9825035,3.8348193e-05,0.0036747658,0.010187188,2.3803068e-06,0.00015072731,0.00029606002,i,0.9825035,0,1
0712_row_00003067,i,02芜湖,六郎镇,许慧娟,2,5,y,0.8058109,0.0020278948,0.006668758,0.09297316,0.006493591,0.08091812,0.8058109,3.0859188e-05,0.004718474,0.00035824045,y,0.8058109,0,1
0712_row_00003068,i,02芜湖,六郎镇,许慧娟,2,2,i,0.97930485,0.0003929182,0.0037382091,0.97930485,7.1464376e-05,0.0009971961,0.015004261,5.955265e-06,0.0002467159,0.00023844004,i,0.97930485,0,1
0712_row_00003069,i,02芜湖,六郎镇,许慧娟,2,2,i,0.94980514,0.0009019809,0.0016488996,0.94980514,7.566925e-05,0.0077310386,0.036468137,5.4575985e-06,0.0007244279,0.0026392671,i,0.94980514,0,1
0712_row_00003070,i,02芜湖,六郎镇,许慧娟,2,2,i,0.9470203,0.00028583247,0.00075703766,0.9470203,8.21292e-05,0.0060732476,0.043985873,2.2287843e-06,0.0003259304,0.0014674998,i,0.9470203,0,1
0712_row_00003071,i,02芜湖,六郎镇,许慧娟,2,2,i,0.96626663,0.00048946036,0.0015531087,0.96626663,5.843123e-05,0.005613276,0.023245394,2.0552811e-06,0.0006198282,0.0021519156,i,0.96626663,0,1
0712_row_00003072,i,02芜湖,六郎镇,许慧娟,2,2,i,0.8708847,0.12342623,0.00086872,0.8708847,4.143471e-05,6.0330625e-05,0.0003935372,9.061015e-06,0.0014177806,0.0028982547,i,0.8708847,0,1
0712_row_00003073,i,02芜湖,六郎镇,许慧娟,2,2,i,0.9886523,0.00019094664,0.00135757,0.9886523,2.332882e-05,0.0022044808,0.005623238,1.596676e-06,0.00046242482,0.0014839906,i,0.9886523,0,1
0712_row_00003074,i,02芜湖,六郎镇,许慧娟,2,2,i,0.99757,3.965925e-05,0.00036604467,0.99757,1.5870055e-06,0.0002398033,0.0015793139,2.348085e-08,7.623807e-05,0.00012726786,i,0.99757,0,1
0712_row_00003075,i,02芜湖,六郎镇,许慧娟,2,2,i,0.9901418,0.0014784929,0.0004407747,0.9901418,4.8516828e-05,0.001077007,0.0025467204,3.82808e-05,0.0013142333,0.0029142946,i,0.9901418,0,1
0712_row_00003076,i,02芜湖,六郎镇,许慧娟,2,2,i,0.9879875,0.0009867835,0.0005938746,0.9879875,1.5866233e-05,0.0014453825,0.005664671,1.5735952e-06,0.0007143108,0.0025900665,i,0.9879875,0,1
0712_row_00003077,i,02芜湖,六郎镇,许慧娟,2,2,i,0.9935621,0.00011157438,0.00017122967,0.9935621,3.8868297e-06,0.0004946862,0.0051001236,9.5409e-08,8.694205e-05,0.00046924155,i,0.9935621,0,1
0712_row_00003078,i,02芜湖,六郎镇,许慧娟,2,2,i,0.9950956,9.946828e-05,0.00020108325,0.9950956,4.1806993e-06,0.00031729226,0.0033982287,5.9509716e-08,0.00022536435,0.0006586014,i,0.9950956,0,1
0712_row_00003079,u,02芜湖,六郎镇,许慧娟,4,1,e,0.3573721,0.14376599,0.3573721,0.1079599,0.0037784013,0.3507583,0.0070471745,0.008286272,0.018084874,0.0029470632,e,0.3573721,0,1
0712_row_00003080,u,02芜湖,六郎镇,许慧娟,4,4,u,0.7465527,0.0004721,0.25203606,0.00034484774,0.00025139112,0.7465527,0.0001383977,1.9581217e-05,0.00014348641,4.1491407e-05,u,0.7465527,0,1
0712_row_00003081,u,02芜湖,六郎镇,许慧娟,4,4,u,0.88772535,0.0012141197,0.107609965,0.00077109475,0.0013458043,0.88772535,0.0011167008,2.0933228e-05,0.00018302718,1.2924809e-05,u,0.88772535,0,1
0712_row_00003082,u,02芜湖,六郎镇,许慧娟,4,4,u,0.7696984,0.0011199082,0.22720042,0.0011114887,0.00034649044,0.7696984,0.00038604345,3.2742606e-05,8.421585e-05,2.0315889e-05,u,0.7696984,0,1
0712_row_00003083,u,02芜湖,六郎镇,许慧娟,4,1,e,0.53402746,0.0020305924,0.53402746,0.0003445481,5.884226e-05,0.46289492,0.00019780989,0.00015143919,0.00021394163,8.0496124e-05,e,0.53402746,0,1
0712_row_00003084,u,02芜湖,六郎镇,许慧娟,4,1,e,0.5327342,0.0026073984,0.5327342,0.015490806,0.00031598558,0.447288,0.0009761155,0.0002184262,0.00030829952,6.075822e-05,e,0.5327342,0,1
0712_row_00003085,u,02芜湖,六郎镇,许慧娟,4,4,u,0.68259406,0.0049429103,0.23802656,0.0043565403,0.0027450612,0.68259406,0.0011479028,0.001914195,0.061591353,0.0026814155,u,0.68259406,0,1
0712_row_00003086,u,02芜湖,六郎镇,许慧娟,4,4,u,0.8508828,0.0012632405,0.14450495,0.0020621412,0.0003063834,0.8508828,0.0002928221,9.819506e-05,0.00050956605,7.9876874e-05,u,0.8508828,0,1
0712_row_00003087,u,02芜湖,六郎镇,许慧娟,4,1,e,0.44407877,0.017970279,0.44407877,0.10068747,0.0021895939,0.43206385,0.0018197879,0.00031457795,0.00074299047,0.00013264989,e,0.44407877,0,1
0712_row_00003088,u,02芜湖,六郎镇,许慧娟,4,1,e,0.6757074,0.0062650368,0.6757074,0.039235994,0.00034399162,0.27608457,0.00067644456,0.00026737284,0.0012682938,0.00015090742,e,0.6757074,0,1
0712_row_00003089,u,02芜湖,六郎镇,许慧娟,4,4,u,0.7084563,0.0016344,0.28629804,0.0020990053,0.0002848087,0.7084563,0.0003721637,0.00017923079,0.0005317434,0.00014436044,u,0.7084563,0,1
0712_row_00003090,u,02芜湖,六郎镇,许慧娟,4,4,u,0.8102037,0.00045499412,0.18828756,0.00043258126,0.00027205911,0.8102037,0.0002558029,1.597488e-05,6.3823754e-05,1.3567755e-05,u,0.8102037,0,1
0712_row_00003091,e,02芜湖,六郎镇,许慧娟,1,4,u,0.5256371,0.04138307,0.35650644,0.019733975,0.0020150505,0.5256371,0.0015755116,0.0032431895,0.046088383,0.0038173536,u,0.5256371,0,1
0712_row_00003092,e,02芜湖,六郎镇,许慧娟,1,1,e,0.7762768,0.024947982,0.7762768,0.12770894,0.0006540869,0.067256875,0.0013492588,0.00064533495,0.0009237744,0.00023697296,e,0.7762768,0,1
0712_row_00003093,e,02芜湖,六郎镇,许慧娟,1,1,e,0.49519867,0.0039855973,0.49519867,0.0065730885,0.001006717,0.49151325,0.0013548271,0.00022017119,0.00010355234,4.4203356e-05,e,0.49519867,0,1
0712_row_00003094,e,02芜湖,六郎镇,许慧娟,1,4,u,0.55562145,0.0011064112,0.4416938,0.00081602973,0.00015811615,0.55562145,0.00034023394,5.5877994e-05,0.00018639023,2.1646556e-05,u,0.55562145,0,1
0712_row_00003095,u,02芜湖,六郎镇,许慧娟,4,4,u,0.6318787,0.001350473,0.36438635,0.0011695683,0.000546259,0.6318787,0.00052513153,4.4887907e-05,7.828777e-05,2.0435795e-05,u,0.6318787,0,1
0712_row_00003096,u,02芜湖,六郎镇,许慧娟,4,4,u,0.5420339,0.0006983875,0.45666057,0.00019831446,0.00012008482,0.5420339,0.00017619757,3.1054245e-05,5.8837555e-05,2.261935e-05,u,0.5420339,0,1
0712_row_00003097,u,02芜湖,六郎镇,许慧娟,4,4,u,0.5613609,0.00048400223,0.43740788,0.00025438226,0.00015846953,0.5613609,0.00020082245,1.4303859e-05,9.5958276e-05,2.3200964e-05,u,0.5613609,0,1
0712_row_00003098,u,02芜湖,六郎镇,许慧娟,4,1,e,0.51359725,0.0010038622,0.51359725,0.0009024995,0.00030933417,0.48372093,0.00039542944,1.6992843e-05,4.1937456e-05,1.17179015e-05,e,0.51359725,0,1
0712_row_00003099,ɔ,02芜湖,六郎镇,许慧娟,6,6,ɔ,0.9398813,0.058676098,6.152433e-05,0.00017502047,0.0006368452,0.00016649159,4.3192867e-06,0.9398813,0.00037387604,2.4540115e-05,ɔ,0.9398813,0,1
0712_row_00003100,a,02芜湖,六郎镇,许慧娟,0,6,ɔ,0.9422818,0.05729526,2.2365297e-05,2.7947559e-05,0.00014625625,3.677027e-05,4.190175e-07,0.9422818,0.000183567,5.592279e-06,ɔ,0.9422818,0,1
0712_row_00003101,a,02芜湖,六郎镇,许慧娟,0,0,a,0.75261754,0.75261754,0.09729514,0.00028803243,0.0011719518,0.0001053913,0.00020992829,0.0026632918,0.07194167,0.07370709,a,0.75261754,0,1
0712_row_00003102,ɔ,02芜湖,六郎镇,许慧娟,6,6,ɔ,0.98733145,0.011507599,1.34074035e-05,2.2551481e-05,2.7702501e-05,7.4591208e-06,1.4761413e-07,0.98733145,0.001070131,1.949226e-05,ɔ,0.98733145,0,1
0712_row_00003103,a,02芜湖,六郎镇,许慧娟,0,6,ɔ,0.8615659,0.13647628,8.4253596e-05,5.4876386e-05,0.0004968254,0.00012690952,1.6455309e-06,0.8615659,0.0011828998,1.0453464e-05,ɔ,0.8615659,0,1
0712_row_00003104,ɔ,02芜湖,六郎镇,许慧娟,6,6,ɔ,0.9506893,0.021371903,0.00010221266,2.897875e-06,0.0008643672,0.0001257236,2.9022877e-07,0.9506893,0.026822789,2.034975e-05,ɔ,0.9506893,0,1
0712_row_00003105,ɔ,02芜湖,六郎镇,许慧娟,6,6,ɔ,0.89174265,0.03375689,0.0007674036,1.234267e-06,0.0037519622,0.001482914,9.317198e-07,0.89174265,0.06845589,4.01849e-05,ɔ,0.89174265,0,1
0712_row_00003106,ɔ,02芜湖,六郎镇,许慧娟,6,6,ɔ,0.9660651,0.010997051,7.512902e-05,7.0317583e-07,0.00072554033,0.00015151837,1.2956536e-07,0.9660651,0.021972854,1.1969908e-05,ɔ,0.9660651,0,1
0712_row_00003107,ɔ,02芜湖,六郎镇,许慧娟,6,6,ɔ,0.9561418,0.0182124,0.00019368122,2.5857246e-06,0.0011575203,0.0003417938,8.286269e-07,0.9561418,0.023923524,2.5851881e-05,ɔ,0.9561418,0,1
0712_row_00003108,a,02芜湖,六郎镇,许慧娟,0,0,a,0.95206296,0.95206296,0.0011228311,0.0002434131,0.007468068,9.053778e-05,1.8696006e-05,0.02939266,0.008931402,0.0006694046,a,0.95206296,0,1
0712_row_00003109,a,02芜湖,六郎镇,许慧娟,0,0,a,0.6148942,0.6148942,0.015734877,0.0048248065,0.0015550304,0.0005656457,9.621897e-05,0.20919095,0.14866461,0.0044736103,a,0.6148942,0,1
0712_row_00003110,a,02芜湖,六郎镇,许慧娟,0,0,a,0.78200704,0.78200704,0.031192698,0.0014084995,0.0018007854,0.00024867657,0.00014173881,0.034566145,0.13474815,0.013886266,a,0.78200704,0,1
0712_row_00003111,ɔ,02芜湖,六郎镇,许慧娟,6,6,ɔ,0.8595491,0.13617179,0.0004278357,0.0008120119,0.00063904683,8.9494526e-05,7.4742284e-06,0.8595491,0.0021857694,0.00011740074,ɔ,0.8595491,0,1
0712_row_00003112,ɔ,02芜湖,六郎镇,许慧娟,6,6,ɔ,0.9656782,0.029794367,8.6034124e-05,1.9517049e-05,0.00024122263,5.3823278e-05,7.8107365e-07,0.9656782,0.004103267,2.2793383e-05,ɔ,0.9656782,0,1
0712_row_00003113,a,02芜湖,六郎镇,许慧娟,0,0,a,0.78625834,0.78625834,0.013609302,0.00091855344,0.013541166,0.00031146355,0.00054365967,0.12493935,0.054148376,0.0057298476,a,0.78625834,0,1
0712_row_00003114,a,02芜湖,六郎镇,许慧娟,0,0,a,0.72692555,0.72692555,0.045164358,0.0008352698,0.0009203394,3.2642463e-05,0.009925822,7.168728e-05,0.017620847,0.19850348,a,0.72692555,0,1
0712_row_00003115,a,02芜湖,六郎镇,许慧娟,0,0,a,0.7541473,0.7541473,0.034986272,0.0031266108,0.0013176823,6.407864e-05,0.006169722,0.0007091368,0.10085852,0.098620646,a,0.7541473,0,1
0712_row_00003116,a,02芜湖,六郎镇,许慧娟,0,6,ɔ,0.94540685,0.03886458,0.00010841375,8.804074e-06,0.001224186,4.8134192e-05,9.3668086e-07,0.94540685,0.014229276,0.0001087451,ɔ,0.94540685,0,1
0712_row_00003117,a,02芜湖,六郎镇,许慧娟,0,6,ɔ,0.75875247,0.22083935,0.00092804665,0.0014555742,0.0011325454,0.00014874108,6.320887e-05,0.75875247,0.015816387,0.00086359744,ɔ,0.75875247,0,1
0712_row_00003118,a,02芜湖,六郎镇,许慧娟,0,8,ɛ,0.3598228,0.3496439,0.19506378,0.002755247,0.00038270603,3.913647e-05,0.009181908,6.156021e-05,0.08304897,0.3598228,ɛ,0.3598228,0,1
0712_row_00003119,u,02芜湖,六郎镇,许慧娟,4,3,o,0.5129079,0.18434827,0.00039589964,0.0053788745,0.5129079,0.22788164,0.041475236,0.027042238,0.0004137475,0.00015612351,o,0.5129079,0,1
0712_row_00003120,o,02芜湖,六郎镇,许慧娟,3,3,o,0.93457645,0.007666347,0.00012058442,0.000120441546,0.93457645,0.032747265,0.0003955704,0.024284095,8.6921886e-05,2.3219789e-06,o,0.93457645,0,1
0712_row_00003121,o,02芜湖,六郎镇,许慧娟,3,3,o,0.99536574,0.0016023031,5.347452e-05,2.6983493e-05,0.99536574,0.0021515947,0.0007470726,4.3990214e-05,7.8787625e-06,9.306761e-07,o,0.99536574,0,1
0712_row_00003122,o,02芜湖,六郎镇,许慧娟,3,3,o,0.5912877,0.018459132,0.0037611458,0.0012807098,0.5912877,0.3277303,0.002052803,0.05100036,0.004062012,0.0003659149,o,0.5912877,0,1
0712_row_00003123,o,02芜湖,六郎镇,许慧娟,3,3,o,0.596952,0.031582803,0.009702877,0.281556,0.596952,0.012174696,0.058300685,0.002698972,0.0044752914,0.0025566514,o,0.596952,0,1
0712_row_00003124,o,02芜湖,六郎镇,许慧娟,3,3,o,0.99394095,0.0051169572,7.879684e-05,4.291335e-05,0.99394095,0.00030965343,0.00042166756,5.1022384e-05,3.4857978e-05,3.1435552e-06,o,0.99394095,0,1
0712_row_00003125,o,02芜湖,六郎镇,许慧娟,3,3,o,0.7678322,0.0327024,0.0017781437,0.109519124,0.7678322,0.0148096075,0.07258295,0.00040698797,0.00032034927,4.814686e-05,o,0.7678322,0,1
0712_row_00003126,o,02芜湖,六郎镇,许慧娟,3,3,o,0.9855737,0.0013043449,0.00017760808,0.00021481769,0.9855737,0.0034726767,0.009224073,1.1538461e-05,1.8814002e-05,2.4579738e-06,o,0.9855737,0,1
0712_row_00003127,o,02芜湖,六郎镇,许慧娟,3,3,o,0.9957908,0.0010855077,0.00012898304,2.0913772e-05,0.9957908,0.00066353165,0.002296553,8.312064e-06,4.958109e-06,5.113718e-07,o,0.9957908,0,1
0712_row_00003128,u,02芜湖,六郎镇,许慧娟,4,5,y,0.5496177,0.00032998138,0.00086744636,0.29229182,0.00025286438,0.15587044,0.5496177,3.21239e-06,0.00019859897,0.00056792924,y,0.5496177,0,1
0712_row_00003129,u,02芜湖,六郎镇,许慧娟,4,5,y,0.70899653,0.00059326476,0.00049892126,0.019364156,0.00061626855,0.26965758,0.70899653,3.7352063e-06,0.00012906743,0.00014050238,y,0.70899653,0,1
0712_row_00003130,u,02芜湖,六郎镇,许慧娟,4,5,y,0.68341446,0.00046116768,0.00045592317,0.019804543,0.0010636318,0.29446262,0.68341446,3.0734573e-06,0.00025271266,8.180655e-05,y,0.68341446,0,1
0712_row_00003131,u,02芜湖,六郎镇,许慧娟,4,5,y,0.7754495,0.00034777535,0.00019471589,0.0007887457,0.00066865806,0.2224541,0.7754495,1.1822127e-06,6.517117e-05,3.0171577e-05,y,0.7754495,0,1
0712_row_00003132,o,02芜湖,六郎镇,许慧娟,3,3,o,0.7103605,0.0062560206,0.000121266756,0.00022245313,0.7103605,0.27287522,0.003806184,0.0055992305,0.00075028586,8.77027e-06,o,0.7103605,0,1
0712_row_00003133,o,02芜湖,六郎镇,许慧娟,3,3,o,0.98210806,0.00518952,2.6693953e-05,2.3282746e-05,0.98210806,0.00995864,0.0025980049,2.7516106e-05,6.690927e-05,1.3069052e-06,o,0.98210806,0,1
0712_row_00003134,o,02芜湖,六郎镇,许慧娟,3,3,o,0.9890376,0.0063655744,6.588164e-05,4.465532e-05,0.9890376,0.0010102353,0.0034511336,6.90438e-06,1.662581e-05,1.4149308e-06,o,0.9890376,0,1
0712_row_00003135,o,02芜湖,六郎镇,许慧娟,3,3,o,0.96936953,0.013163511,0.0004430113,0.00037077107,0.96936953,0.006527093,0.01005641,2.0621595e-05,4.3422562e-05,5.6222693e-06,o,0.96936953,0,1
0712_row_00003136,o,02芜湖,六郎镇,许慧娟,3,3,o,0.9905026,0.0031099909,0.00017428614,3.3303404e-05,0.9905026,0.00174374,0.0044186227,4.0400378e-06,1.2458881e-05,9.4250044e-07,o,0.9905026,0,1
0712_row_00003137,o,02芜湖,六郎镇,许慧娟,3,3,o,0.9970798,0.0002196725,1.30027765e-05,4.934469e-06,0.9970798,3.9288545e-05,0.0026428879,1.4118216e-07,2.9327845e-07,4.0600476e-08,o,0.9970798,0,1
0712_row_00003138,o,02芜湖,六郎镇,许慧娟,3,3,o,0.7600186,0.059499376,0.003457769,0.003245256,0.7600186,0.11131174,0.056597628,0.0006052947,0.0045176283,0.000746689,o,0.7600186,0,1
0712_row_00003139,o,02芜湖,六郎镇,许慧娟,3,3,o,0.97131795,0.0047264406,0.00037966468,0.00019213559,0.97131795,0.0018815792,0.021067,3.3767687e-05,0.0003170059,8.436992e-05,o,0.97131795,0,1
0712_row_00003140,o,02芜湖,六郎镇,许慧娟,3,3,o,0.9978423,0.0006828567,1.2989633e-05,9.521417e-06,0.9978423,9.128787e-05,0.0013578705,5.5682585e-07,2.2073355e-06,3.399192e-07,o,0.9978423,0,1
0712_row_00003141,o,02芜湖,六郎镇,许慧娟,3,3,o,0.97326994,0.00088042684,0.00014967391,3.0933443e-05,0.97326994,0.0003178066,0.025273932,1.7045745e-06,7.127741e-05,4.326863e-06,o,0.97326994,0,1
0712_row_00003142,o,02芜湖,六郎镇,许慧娟,3,3,o,0.99580944,0.00072651193,1.1008827e-05,1.2543073e-05,0.99580944,0.00017231412,0.0032554525,1.6492944e-06,1.0311699e-05,7.5454125e-07,o,0.99580944,0,1
0712_row_00003143,o,02芜湖,六郎镇,许慧娟,3,3,o,0.9752921,0.00063689885,8.4684994e-05,9.038628e-05,0.9752921,0.00012376143,0.023746304,2.0384464e-06,1.9071256e-05,4.805424e-06,o,0.9752921,0,1
0712_row_00003144,a,02芜湖,六郎镇,许慧娟,0,0,a,0.9857787,0.9857787,0.0016807949,0.00058542937,0.00035677807,0.00034824287,1.2022717e-05,8.252355e-05,0.010752646,0.00040296224,a,0.9857787,0,1
0712_row_00003145,a,02芜湖,六郎镇,许慧娟,0,0,a,0.862037,0.862037,0.002634998,2.6890346e-05,0.004184163,0.0008170417,3.1717268e-06,3.5473502e-05,0.13019684,6.434537e-05,a,0.862037,0,1
0712_row_00003146,a,02芜湖,六郎镇,许慧娟,0,0,a,0.8021446,0.8021446,0.00017750317,0.00010888885,2.4675233e-05,2.7114388e-06,1.9852034e-06,1.5488442e-07,0.012626607,0.1849129,a,0.8021446,0,1
0712_row_00003147,a,02芜湖,六郎镇,许慧娟,0,0,a,0.8117199,0.8117199,0.06133908,0.0033433267,0.00021460929,0.00030229872,7.415362e-05,2.1792716e-06,0.012533292,0.110471115,a,0.8117199,0,1
0712_row_00003148,a,02芜湖,六郎镇,许慧娟,0,0,a,0.5952844,0.5952844,0.022254921,0.006423234,0.084908694,0.15381913,0.11327176,0.0005653257,0.020308407,0.0031641843,a,0.5952844,0,1
0712_row_00003149,a,02芜湖,六郎镇,许慧娟,0,8,ɛ,0.58520615,0.044050183,0.0018639476,0.33021417,0.000110981135,0.003608231,0.003245278,0.00019655739,0.03150445,0.58520615,ɛ,0.58520615,0,1
0712_row_00003150,a,02芜湖,六郎镇,许慧娟,0,0,a,0.92404044,0.92404044,0.020084368,0.00118508,0.0005323183,0.00042337837,3.7395537e-05,3.484898e-06,0.033583365,0.02011019,a,0.92404044,0,1
0712_row_00003151,a,02芜湖,六郎镇,许慧娟,0,1,e,0.60703075,0.31285888,0.60703075,0.010199087,0.016798269,0.004888183,0.02213126,0.0013947074,0.018054273,0.0066445633,e,0.60703075,0,1
0712_row_00003152,a,02芜湖,六郎镇,许慧娟,0,8,ɛ,0.7669562,0.046826545,0.0015704071,0.1373936,0.00011416284,0.0031165148,0.0014350158,0.0003531482,0.042234458,0.7669562,ɛ,0.7669562,0,1
0712_row_00003153,a,02芜湖,六郎镇,许慧娟,0,0,a,0.5952543,0.5952543,0.00299946,0.17379206,0.00158177,0.0029393968,0.010557908,0.00018876232,0.075573064,0.13711326,a,0.5952543,0,1
0712_row_00003154,a,02芜湖,六郎镇,许慧娟,0,1,e,0.44608235,0.11711266,0.44608235,0.001673376,0.015991941,0.004194022,0.003325894,0.0136415465,0.3810767,0.016901517,e,0.44608235,0,1
0712_row_00003155,i,02芜湖,六郎镇,许慧娟,2,2,i,0.81566447,0.0026607167,0.0009066007,0.81566447,8.4579246e-05,0.005779466,0.15474832,1.02690165e-05,0.00203585,0.018109823,i,0.81566447,0,1
0712_row_00003156,a,02芜湖,六郎镇,许慧娟,0,0,a,0.6139115,0.6139115,0.04918188,0.0001948513,0.0028929515,0.00049407326,0.00029077925,8.6603795e-05,0.24124007,0.091707356,a,0.6139115,0,1
0712_row_00003157,a,02芜湖,六郎镇,许慧娟,0,0,a,0.9153979,0.9153979,0.0005714505,0.0013623099,2.6117013e-05,2.416876e-05,0.00020246061,2.7589115e-07,0.069872566,0.012542852,a,0.9153979,0,1
0712_row_00003158,a,02芜湖,六郎镇,许慧娟,0,2,i,0.4541258,0.20893018,0.0020677308,0.4541258,0.0002893339,0.0037508132,0.006507909,0.00013489336,0.057834566,0.26635864,i,0.4541258,0,1
0712_row_00003159,a,02芜湖,六郎镇,许慧娟,0,2,i,0.73420596,0.12569854,0.0018909351,0.73420596,0.0002520457,0.0035754605,0.016774088,7.53029e-05,0.020561311,0.096966244,i,0.73420596,0,1
0712_row_00003160,ə,02芜湖,六郎镇,许慧娟,7,1,e,0.44298637,0.3137999,0.44298637,0.0010304127,0.07108756,0.0019727827,0.023640588,0.0395143,0.08835991,0.01760826,e,0.44298637,0,1
0712_row_00003161,i,02芜湖,六郎镇,许慧娟,2,8,ɛ,0.64952993,0.017481577,0.056440964,0.11981224,0.0005411482,0.00020929483,0.042513285,6.145603e-05,0.113410115,0.64952993,ɛ,0.64952993,0,1
0712_row_00003162,a,02芜湖,六郎镇,许慧娟,0,0,a,0.57792115,0.57792115,0.0022454588,0.2853396,0.0012200351,0.0065120626,0.0066860258,0.00038081367,0.040963754,0.078730926,a,0.57792115,0,1
0712_row_00003163,i,02芜湖,六郎镇,许慧娟,2,1,e,0.49392,0.033593062,0.49392,0.43604782,0.001770933,0.0023483213,0.017690422,6.8768306e-05,0.010943418,0.0036172143,e,0.49392,0,1
0712_row_00003164,i,02芜湖,六郎镇,许慧娟,2,0,a,0.52386934,0.52386934,0.0013962782,0.4250409,0.00022589257,0.001460342,0.025220707,7.5525822e-06,0.020523228,0.0022557052,a,0.52386934,0,1
0712_row_00003165,i,02芜湖,六郎镇,许慧娟,2,8,ɛ,0.4417962,0.03282191,0.007085798,0.3270287,0.00083774,0.0079839965,0.13208415,0.00064792816,0.04971357,0.4417962,ɛ,0.4417962,0,1
0712_row_00003166,y,02芜湖,六郎镇,许慧娟,5,2,i,0.6075817,0.06740958,0.0053049326,0.6075817,0.0009862672,0.0071541374,0.1058511,0.000116796204,0.07406636,0.13152908,i,0.6075817,0,1
0712_row_00003167,a,02芜湖,六郎镇,许慧娟,0,7,ə,0.9306067,0.0061394474,0.059032597,7.252467e-05,0.0020647366,0.0018154994,6.4257765e-05,0.00014989659,0.9306067,5.4391658e-05,ə,0.9306067,0,1
0712_row_00003168,i,02芜湖,六郎镇,许慧娟,2,5,y,0.3133677,0.15278837,0.12747878,0.261229,0.0046754186,0.015618481,0.3133677,0.00013255523,0.10873673,0.01597294,y,0.3133677,0,1
0712_row_00003169,i,02芜湖,六郎镇,许慧娟,2,8,ɛ,0.5623773,0.11780898,0.06281346,0.060005646,0.0016208191,0.006485416,0.01449131,0.0064077075,0.16798942,0.5623773,ɛ,0.5623773,0,1
0712_row_00003170,a,02芜湖,六郎镇,许慧娟,0,0,a,0.9935574,0.9935574,0.0004211908,7.489821e-05,2.8530003e-05,1.4584935e-05,1.446355e-06,2.3216138e-08,0.004632792,0.0012692512,a,0.9935574,0,1
0712_row_00003171,a,02芜湖,六郎镇,许慧娟,0,0,a,0.74608934,0.74608934,0.022459367,0.0012905486,0.0002751687,0.00021111805,6.8735586e-05,7.3445735e-06,0.014803179,0.21479514,a,0.74608934,0,1
0712_row_00003172,a,02芜湖,六郎镇,许慧娟,0,0,a,0.9813663,0.9813663,0.0006023071,1.7458235e-05,0.0009785107,0.00032385407,9.656301e-07,1.7569004e-05,0.0166747,1.8637582e-05,a,0.9813663,0,1
0712_row_00003173,a,02芜湖,六郎镇,许慧娟,0,0,a,0.96619475,0.96619475,0.00107695,7.6687975e-05,0.0008243992,0.00028793875,2.2181916e-06,1.8700684e-06,0.031431787,0.00010348332,a,0.96619475,0,1
0712_row_00003174,a,02芜湖,六郎镇,许慧娟,0,0,a,0.34117758,0.34117758,0.015168737,0.30344126,0.12345422,0.020805359,0.004107619,0.1364302,0.039007723,0.01640728,a,0.34117758,0,1
0712_row_00003175,a,02芜湖,六郎镇,许慧娟,0,0,a,0.6214183,0.6214183,0.035683356,0.025896208,0.05095995,0.08651976,0.072189406,0.0067108213,0.04338869,0.057233613,a,0.6214183,0,1
0712_row_00003176,a,02芜湖,六郎镇,许慧娟,0,0,a,0.9397761,0.9397761,0.031793002,0.013742281,9.543705e-05,0.00089884084,2.6454187e-05,7.654893e-06,0.0059564,0.0077038263,a,0.9397761,0,1
0712_row_00003177,a,02芜湖,六郎镇,许慧娟,0,0,a,0.96002907,0.96002907,9.639371e-05,0.03845628,5.4517794e-05,9.361422e-05,9.857889e-05,2.1590962e-05,0.0009933192,0.00015680122,a,0.96002907,0,1
0712_row_00003178,a,02芜湖,六郎镇,许慧娟,0,0,a,0.7070245,0.7070245,0.015112457,0.0012820953,0.12700985,0.0435977,0.0003821077,0.049216054,0.056251083,0.00012413233,a,0.7070245,0,1
0712_row_00003179,a,02芜湖,六郎镇,许慧娟,0,0,a,0.43536675,0.43536675,0.10923662,0.002395914,0.009682637,0.002799294,0.004295617,0.0030601495,0.19730781,0.23585512,a,0.43536675,0,1
0712_row_00003180,a,02芜湖,六郎镇,许慧娟,0,8,ɛ,0.55658364,0.4342059,0.0024317054,0.00019855198,9.3997005e-05,1.4239661e-05,3.1361556e-05,5.021858e-07,0.006440199,0.55658364,ɛ,0.55658364,0,1
0712_row_00003181,a,02芜湖,六郎镇,许慧娟,0,0,a,0.8393656,0.8393656,0.017603306,0.007235607,0.0032579491,0.0023449727,8.415601e-05,0.10469131,0.024439724,0.0009773694,a,0.8393656,0,1
0712_row_00003182,a,02芜湖,六郎镇,许慧娟,0,7,ə,0.61039466,0.031885013,0.10328623,0.007722022,0.031670354,0.010123783,0.12868086,0.0024427336,0.61039466,0.07379436,ə,0.61039466,0,1
0712_row_00003183,a,02芜湖,六郎镇,许慧娟,0,2,i,0.34349763,0.30805072,0.0025459498,0.34349763,0.00030246214,0.0027853665,0.0050790086,0.00017668803,0.087811165,0.24975099,i,0.34349763,0,1
0712_row_00003184,i,02芜湖,六郎镇,许慧娟,2,2,i,0.90858644,0.035875194,0.03638318,0.90858644,0.0011680803,0.008722308,0.0076743583,0.00024714903,0.0009331413,0.0004101978,i,0.90858644,0,1
0712_row_00003185,i,02芜湖,六郎镇,许慧娟,2,2,i,0.8719974,0.06942234,0.04680854,0.8719974,0.0014120081,0.004022494,0.0045316094,0.0012975299,0.00027441556,0.00023371805,i,0.8719974,0,1
0712_row_00003186,i,02芜湖,六郎镇,许慧娟,2,2,i,0.9492997,0.01729941,0.0149571,0.9492997,0.00034447337,0.0031946613,0.014182891,8.449883e-05,0.00027602477,0.0003612182,i,0.9492997,0,1
0712_row_00003187,i,02芜湖,六郎镇,许慧娟,2,2,i,0.8940431,0.0073247994,0.0028100284,0.8940431,0.00034185243,0.020117478,0.06899054,2.0084002e-05,0.0023553807,0.0039967094,i,0.8940431,0,1
0712_row_00003188,a,02芜湖,六郎镇,许慧娟,0,2,i,0.48072678,0.009111667,0.0038536175,0.48072678,0.0002469226,0.0047289906,0.018439682,3.6081423e-05,0.043848775,0.43900746,i,0.48072678,0,1
0712_row_00003189,a,02芜湖,六郎镇,许慧娟,0,0,a,0.42361888,0.42361888,0.124117725,0.0231405,0.039967116,0.015215239,0.040891808,0.002909458,0.23635693,0.0937824,a,0.42361888,0,1
0712_row_00003190,e,02芜湖,六郎镇,许慧娟,1,1,e,0.6181127,0.09525157,0.6181127,0.23415089,0.0024993236,0.004366287,0.011630635,0.00090610445,0.026661873,0.0064206584,e,0.6181127,0,1
0712_row_00003191,ə,02芜湖,六郎镇,许慧娟,7,7,ə,0.40748665,0.113517016,0.12815252,0.0058933357,0.1283911,0.10624829,0.082557075,0.010211517,0.40748665,0.017542534,ə,0.40748665,0,1
0712_row_00003192,i,02芜湖,六郎镇,许慧娟,2,2,i,0.9484582,0.023092862,0.019955106,0.9484582,0.0003087083,0.0019500186,0.005731538,0.00013901004,0.00018038075,0.00018442904,i,0.9484582,0,1
0712_row_00003193,e,02芜湖,六郎镇,许慧娟,1,1,e,0.61393094,0.04011996,0.61393094,0.3023442,0.0029724217,0.003381346,0.0139915915,0.000358093,0.018359968,0.0045414646,e,0.61393094,0,1
0712_row_00003194,i,02芜湖,六郎镇,许慧娟,2,2,i,0.89983034,0.0754137,0.0009509845,0.89983034,0.0046811374,0.00017094042,0.01808936,0.00010452119,0.0002542091,0.00050470483,i,0.89983034,0,1
0712_row_00003195,a,02芜湖,六郎镇,许慧娟,0,7,ə,0.7533633,0.05294245,0.0047854176,0.004956253,0.15672663,0.0030599318,0.002429274,0.0067153894,0.7533633,0.015021343,ə,0.7533633,0,1
0712_row_00003196,a,02芜湖,六郎镇,许慧娟,0,7,ə,0.4471109,0.19415888,0.0013422553,0.008805919,0.3072356,0.028855674,0.010631807,0.0013400936,0.4471109,0.00051881524,ə,0.4471109,0,1
0712_row_00003197,a,02芜湖,六郎镇,许慧娟,0,2,i,0.3177445,0.12092243,0.2123659,0.3177445,0.019107206,0.11909045,0.12543799,0.00132637,0.06445641,0.019548763,i,0.3177445,0,1
0712_row_00003198,a,02芜湖,六郎镇,许慧娟,0,0,a,0.33050495,0.33050495,0.0027813686,0.027686836,0.041180458,0.32435283,0.27004358,0.0006547696,0.0008915683,0.0019036095,a,0.33050495,0,1
0712_row_00003199,a,02芜湖,六郎镇,许慧娟,0,2,i,0.3778561,0.2789551,0.13047707,0.3778561,0.00881182,0.07593134,0.10336774,0.0007204024,0.013491955,0.010388474,i,0.3778561,0,1
0712_row_00003200,a,02芜湖,六郎镇,许慧娟,0,0,a,0.99732864,0.99732864,6.397028e-05,8.21135e-06,3.0367066e-05,1.7575025e-05,5.878001e-07,3.0330607e-08,0.0025263992,2.4248931e-05,a,0.99732864,0,1
0712_row_00003201,a,02芜湖,六郎镇,许慧娟,0,0,a,0.9305551,0.9305551,0.0048248204,1.5525928e-05,0.0011016607,0.0010438348,1.8087961e-06,1.1605859e-05,0.062332127,0.00011352703,a,0.9305551,0,1
0712_row_00003202,a,02芜湖,六郎镇,许慧娟,0,0,a,0.80281997,0.80281997,0.048282888,0.0005177086,0.0003380591,0.00012117514,8.3251565e-05,1.636814e-06,0.0104351975,0.13740015,a,0.80281997,0,1
0712_row_00003203,a,02芜湖,六郎镇,许慧娟,0,0,a,0.99707115,0.99707115,0.00034248325,6.8785366e-06,0.00019748541,7.503804e-05,8.8381347e-07,3.0392914e-07,0.002268819,3.7120037e-05,a,0.99707115,0,1
0712_row_00003204,a,02芜湖,六郎镇,许慧娟,0,0,a,0.66656417,0.66656417,0.030803528,0.004185637,0.057161357,0.0025274202,0.0006744329,0.22542307,0.012036456,0.00062381366,a,0.66656417,0,1
0712_row_00003205,a,02芜湖,六郎镇,许慧娟,0,0,a,0.9535268,0.9535268,0.0073558004,4.0134157e-05,0.0023677144,0.0026617872,3.653347e-05,4.0837465e-05,0.03320341,0.00076701003,a,0.9535268,0,1
0712_row_00003206,a,02芜湖,六郎镇,许慧娟,0,0,a,0.8371797,0.8371797,0.023332998,0.0021300311,0.017850999,0.051040623,0.021013606,0.00067859393,0.041927062,0.004846232,a,0.8371797,0,1
0712_row_00003207,a,02芜湖,六郎镇,许慧娟,0,4,u,0.3233753,0.31534842,0.010726714,0.0072562126,0.06360505,0.3233753,0.26232636,0.0008957014,0.013975403,0.0024908646,u,0.3233753,0,1
0712_row_00003209,a,02芜湖,六郎镇,许慧娟,0,0,a,0.97752863,0.97752863,0.006322303,0.0006116407,0.0003449645,0.0012307445,2.3765158e-05,1.7932425e-06,0.013234912,0.0007012782,a,0.97752863,0,1
0712_row_00003210,u,02芜湖,六郎镇,许慧娟,4,2,i,0.74349666,0.021183176,0.006179324,0.74349666,0.0017717571,0.057431314,0.15938757,0.00019464336,0.0057021333,0.004653526,i,0.74349666,0,1
0712_row_00003211,i,02芜湖,六郎镇,许慧娟,2,2,i,0.8487641,0.003041836,0.00089240976,0.8487641,6.163599e-05,0.0043931142,0.13221303,5.2583505e-06,0.0015553486,0.009073272,i,0.8487641,0,1
0712_row_00003212,y,02芜湖,六郎镇,许慧娟,5,1,e,0.8003154,0.0026088755,0.8003154,0.0013786171,0.010637082,0.0010823521,0.17692104,7.001743e-05,0.0045406637,0.0024460345,e,0.8003154,0,1
0712_row_00003213,y,02芜湖,六郎镇,许慧娟,5,5,y,0.69850063,0.015453337,0.10538515,0.02883528,0.024827518,0.0032213083,0.69850063,0.00036626883,0.057530552,0.06587988,y,0.69850063,0,1
0712_row_00003214,a,02芜湖,六郎镇,许慧娟,0,0,a,0.9928623,0.9928623,0.0004124041,5.19862e-06,0.00019102453,7.154428e-05,1.91402e-06,1.4581656e-07,0.006292596,0.00016302228,a,0.9928623,0,1
0712_row_00003215,a,02芜湖,六郎镇,许慧娟,0,0,a,0.99706906,0.99706906,0.00050661014,3.1268457e-05,0.00041716607,0.00018654206,2.5701738e-06,1.1383952e-06,0.0017441425,4.1494113e-05,a,0.99706906,0,1
0712_row_00003216,a,02芜湖,六郎镇,许慧娟,0,0,a,0.6699286,0.6699286,0.05451227,0.009461018,0.014887729,0.047658607,0.0011435905,0.053545214,0.14771129,0.0011516897,a,0.6699286,0,1
0712_row_00003217,y,02芜湖,六郎镇,许慧娟,5,1,e,0.52296877,0.003917983,0.52296877,0.0002957332,0.07384543,0.0025185503,0.38434488,0.0002598521,0.009323046,0.0025257566,e,0.52296877,0,1
0712_row_00003218,e,02芜湖,六郎镇,许慧娟,1,5,y,0.50573266,0.003828751,0.39278075,0.0019132803,0.09363019,0.0013490705,0.50573266,2.763506e-05,0.00048669724,0.00025103107,y,0.50573266,0,1
0712_row_00003220,ə,02芜湖,六郎镇,许慧娟,7,7,ə,0.87177885,0.026981033,0.009776811,0.006010548,0.00755318,0.0007577985,0.020763902,0.0007425831,0.87177885,0.055635422,ə,0.87177885,0,1
0712_row_00003221,ə,02芜湖,六郎镇,许慧娟,7,7,ə,0.8607641,0.0667425,0.005180162,0.0005513165,0.00323462,0.061006144,0.0019762174,0.00032873458,0.8607641,0.00021615306,ə,0.8607641,0,1
0712_row_00003222,i,02芜湖,六郎镇,许慧娟,2,2,i,0.98911893,0.0064430223,0.0011773958,0.98911893,0.0002778103,0.0001652803,0.002522793,1.46196435e-05,0.00026752043,1.24696535e-05,i,0.98911893,0,1
0712_row_00003223,i,02芜湖,六郎镇,许慧娟,2,2,i,0.92590606,0.0048892824,0.007947041,0.92590606,0.00020619159,0.0037275476,0.04488947,8.471092e-06,0.008944199,0.0034817236,i,0.92590606,0,1
0712_row_00003224,i,02芜湖,六郎镇,许慧娟,2,2,i,0.81445044,0.0049367617,0.00058146555,0.81445044,6.922349e-05,0.0022693612,0.15468039,3.878354e-06,0.0018847958,0.021123715,i,0.81445044,0,1
0712_row_00003225,i,02芜湖,六郎镇,许慧娟,2,5,y,0.4893746,0.046305172,0.041874297,0.007733717,0.009197008,0.13992614,0.4893746,0.0005435758,0.26342586,0.0016195647,y,0.4893746,0,1
0712_row_00003226,i,02芜湖,六郎镇,许慧娟,2,5,y,0.5672382,0.049863495,0.21894203,0.020396411,0.04319301,0.041786537,0.5672382,0.0014160326,0.035803117,0.021361154,y,0.5672382,0,1
0712_row_00003227,i,02芜湖,六郎镇,许慧娟,2,2,i,0.8072864,0.0081950445,0.014560362,0.8072864,0.00044368958,0.018481087,0.09608913,0.00026104692,0.044004884,0.010678424,i,0.8072864,0,1
0712_row_00003228,i,02芜湖,六郎镇,许慧娟,2,2,i,0.68280417,0.03182397,0.017581843,0.68280417,0.0048696627,0.1303222,0.09141762,0.0007326264,0.03929718,0.0011507752,i,0.68280417,0,1
0712_row_00003229,ə,02芜湖,六郎镇,许慧娟,7,7,ə,0.9842704,0.002533436,0.00030368182,0.0004083595,0.0011801093,0.008897375,0.0023546848,4.096738e-05,0.9842704,1.1084547e-05,ə,0.9842704,0,1
0712_row_00003230,ə,02芜湖,六郎镇,许慧娟,7,7,ə,0.9555606,0.01690731,0.0043521062,0.009330374,0.0018289898,0.0071169636,0.004291567,0.0005425176,0.9555606,6.948775e-05,ə,0.9555606,0,1
0712_row_00003231,u,02芜湖,六郎镇,许慧娟,4,4,u,0.88308984,0.0068337447,0.00027749265,0.0004637892,0.0037441584,0.88308984,0.002699971,3.96937e-05,0.102850325,1.0818778e-06,u,0.88308984,0,1
0712_row_00003232,u,02芜湖,六郎镇,许慧娟,4,0,a,0.3605479,0.3605479,0.01618724,0.00032374813,0.01543418,0.30107743,0.00025119208,0.003192191,0.30297354,1.2637135e-05,a,0.3605479,0,1
0712_row_00003233,u,02芜湖,六郎镇,许慧娟,4,7,ə,0.575431,0.061106805,0.0056900857,0.0007953721,0.009497155,0.34367856,0.0032221992,0.0005402527,0.575431,3.862295e-05,ə,0.575431,0,1
0712_row_00003234,u,02芜湖,六郎镇,许慧娟,4,7,ə,0.5103957,0.04190792,0.0073555876,0.00031479838,0.010074772,0.4264097,0.0025619029,0.0009669019,0.5103957,1.2727236e-05,ə,0.5103957,0,1
0712_row_00003235,u,02芜湖,六郎镇,许慧娟,4,7,ə,0.87706316,0.022698602,0.006039999,0.00018753069,0.023957834,0.06762411,0.002114943,0.0002579981,0.87706316,5.5808992e-05,ə,0.87706316,0,1
0712_row_00003237,ə,02芜湖,六郎镇,许慧娟,7,7,ə,0.6509449,0.11814149,0.16864194,0.0015268114,0.006640178,0.039462302,0.0012827481,0.013021184,0.6509449,0.00033844583,ə,0.6509449,0,1
0712_row_00003238,ə,02芜湖,六郎镇,许慧娟,7,7,ə,0.88341004,0.054994635,0.0076366337,0.00027912713,0.004025321,0.048330046,0.00073742855,0.00055181066,0.88341004,3.4989072e-05,ə,0.88341004,0,1
0712_row_00003240,y,02芜湖,六郎镇,许慧娟,5,5,y,0.46336234,0.035810415,0.103353046,0.031820364,0.008560627,0.30891868,0.46336234,0.0040027117,0.043079432,0.0010923932,y,0.46336234,0,1
0712_row_00003241,y,02芜湖,六郎镇,许慧娟,5,5,y,0.9769621,0.0002554445,0.0021076032,0.0009731983,0.0024571281,0.0016018607,0.9769621,2.9503383e-06,0.015581844,5.783287e-05,y,0.9769621,0,1
0712_row_00003242,a,02芜湖,六郎镇,许慧娟,0,0,a,0.5383713,0.5383713,0.01897948,0.00616128,0.017584253,0.005999763,0.00017341934,0.40831453,0.004153654,0.00026228177,a,0.5383713,0,1
0712_row_00003243,o,02芜湖,六郎镇,许慧娟,3,3,o,0.56696796,0.078050084,0.00032442523,0.0013169675,0.56696796,0.31384623,0.037462395,0.0014554992,0.0005536242,2.286451e-05,o,0.56696796,0,1
0712_row_00003244,o,02芜湖,六郎镇,许慧娟,3,4,u,0.74738747,0.008504098,0.0008331342,0.00093732605,0.072920024,0.74738747,0.14751273,0.00024845268,0.021562325,9.441385e-05,u,0.74738747,0,1
0712_row_00003245,o,02芜湖,六郎镇,许慧娟,3,6,ɔ,0.63969445,0.08698823,0.032708973,4.7185204e-05,0.08590863,0.007992955,0.00012906847,0.63969445,0.14638087,0.00014969436,ɔ,0.63969445,0,1
0712_row_00003246,o,02芜湖,六郎镇,许慧娟,3,0,a,0.4002737,0.4002737,0.15150918,0.0017500558,0.3434209,0.004491814,0.018695118,0.052890096,0.025338888,0.0016302767,a,0.4002737,0,1
0712_row_00003247,a,02芜湖,六郎镇,许慧娟,0,0,a,0.9831492,0.9831492,0.0027280217,0.0005894452,0.00044917697,0.00021692751,1.0052565e-05,9.282414e-06,0.012510591,0.00033725193,a,0.9831492,0,1
0712_row_00003248,a,02芜湖,六郎镇,许慧娟,0,0,a,0.95848984,0.95848984,0.01076214,6.4939944e-05,0.0054673785,0.0006496441,5.2538137e-05,5.7373938e-05,0.02421523,0.00024096428,a,0.95848984,0,1
0712_row_00003249,ə,02芜湖,六郎镇,许慧娟,7,1,e,0.43014783,0.2082699,0.43014783,0.0005736879,0.049525827,0.0028055205,0.0078046336,0.043593004,0.24630696,0.010972697,e,0.43014783,0,1
0712_row_00003250,a,02芜湖,六郎镇,许慧娟,0,0,a,0.9973688,0.9973688,0.00025088602,1.5789079e-05,0.00029173677,2.475958e-05,1.4720093e-06,3.1305848e-07,0.0020227847,2.3400153e-05,a,0.9973688,0,1
0712_row_00003251,a,02芜湖,六郎镇,许慧娟,0,0,a,0.891641,0.891641,0.02106846,0.0003859215,0.0018623951,0.0078003434,1.7543876e-05,7.105969e-05,0.07707748,7.565223e-05,a,0.891641,0,1
0712_row_00003252,a,02芜湖,六郎镇,许慧娟,0,0,a,0.93456054,0.93456054,0.009710434,0.04266691,0.00020703443,0.0029999425,2.6833479e-05,3.067943e-06,0.008690035,0.001135177,a,0.93456054,0,1
0712_row_00003253,a,02芜湖,六郎镇,许慧娟,0,0,a,0.9789038,0.9789038,0.0029699313,0.00081383955,0.00044600983,0.0025111358,4.940849e-06,2.9096127e-06,0.014297408,5.0126844e-05,a,0.9789038,0,1
0712_row_00003254,a,02芜湖,六郎镇,许慧娟,0,0,a,0.99434197,0.99434197,0.000439483,0.00062477426,0.0001838056,0.00033982142,6.1399555e-06,1.4680802e-07,0.0040210923,4.273011e-05,a,0.99434197,0,1
0712_row_00003255,a,02芜湖,六郎镇,许慧娟,0,0,a,0.8516154,0.8516154,0.03600204,0.040803242,0.003293669,0.040934436,0.0010200441,0.0001964699,0.024553707,0.0015809521,a,0.8516154,0,1
0712_row_00003256,a,02芜湖,六郎镇,许慧娟,0,8,ɛ,0.63936806,0.2230634,0.038468197,0.00524031,0.0005476215,8.984363e-05,0.0076011415,0.000105328334,0.08551607,0.63936806,ɛ,0.63936806,0,1
0712_row_00003257,a,02芜湖,六郎镇,许慧娟,0,0,a,0.86935663,0.86935663,0.00023707654,0.00023441801,1.8983086e-05,1.4145555e-06,3.22369e-06,4.7063523e-08,0.004630653,0.12551759,a,0.86935663,0,1
0712_row_00003258,a,02芜湖,六郎镇,许慧娟,0,0,a,0.6892292,0.6892292,0.00605335,0.21657005,0.00047048274,0.0017099826,0.010391053,1.1180077e-05,0.036468443,0.03909636,a,0.6892292,0,1
0712_row_00003259,e,02芜湖,六郎镇,许慧娟,1,5,y,0.6703466,0.016824517,0.013321288,0.021662343,0.036973797,0.013415165,0.6703466,0.00031742285,0.11625986,0.110879056,y,0.6703466,0,1
0712_row_00003260,o,02芜湖,六郎镇,许慧娟,3,3,o,0.66465765,0.15502153,0.02852503,0.07780019,0.66465765,0.020092467,0.050922457,0.0021425046,0.000627751,0.00021044457,o,0.66465765,0,1
0712_row_00003261,e,02芜湖,六郎镇,许慧娟,1,6,ɔ,0.90271145,0.08952194,0.0007930394,0.00021676098,0.0007967965,0.00029391175,9.425927e-06,0.90271145,0.0055561503,0.00010040869,ɔ,0.90271145,0,1
0712_row_00003262,e,02芜湖,六郎镇,许慧娟,1,6,ɔ,0.6392708,0.21146898,0.032423634,0.0003412666,0.06611517,0.0027672597,0.00038542773,0.6392708,0.046940397,0.00028707943,ɔ,0.6392708,0,1
0712_row_00003263,e,02芜湖,六郎镇,许慧娟,1,1,e,0.91475034,0.032942425,0.91475034,0.0043107336,0.02245871,0.0018591157,0.002972899,0.00070450164,0.019817868,0.00018327861,e,0.91475034,0,1
0712_row_00003264,e,02芜湖,六郎镇,许慧娟,1,7,ə,0.5381632,0.009055451,0.027264116,0.0011990934,0.0051662526,0.39492944,4.8108177e-05,0.011166042,0.5381632,0.013008279,ə,0.5381632,0,1
0712_row_00003265,e,02芜湖,六郎镇,许慧娟,1,0,a,0.58458996,0.58458996,0.30522177,0.067244224,0.012336676,0.0039745723,0.015098233,0.00018968098,0.0059169023,0.0054279612,a,0.58458996,0,1
0712_row_00003266,ə,02芜湖,六郎镇,许慧娟,7,7,ə,0.6996648,0.120863646,0.0462259,0.019448366,0.0094095515,0.0064239204,0.021323597,0.0016085943,0.6996648,0.07503158,ə,0.6996648,0,1
0712_row_00003267,e,02芜湖,六郎镇,许慧娟,1,7,ə,0.6520762,0.028865842,0.11086954,3.4079407e-05,0.08879862,0.016991878,0.0001342521,0.10209986,0.6520762,0.00012974563,ə,0.6520762,0,1
0712_row_00003268,o,02芜湖,六郎镇,许慧娟,3,0,a,0.5146499,0.5146499,0.04130251,0.048773542,0.29848787,0.04315799,0.007003244,0.044999663,0.0013414508,0.00028383135,a,0.5146499,0,1
0712_row_00003269,a,02芜湖,六郎镇,许慧娟,0,0,a,0.9938022,0.9938022,0.00013365992,7.7554614e-05,2.245013e-05,1.2885142e-05,3.2785243e-07,5.7949634e-08,0.0058800695,7.083997e-05,a,0.9938022,0,1
0712_row_00003270,ə,02芜湖,六郎镇,许慧娟,7,7,ə,0.9104054,0.033824194,0.043325543,0.0022869608,0.004838113,0.0044239326,0.00032047887,0.00016624702,0.9104054,0.00040911842,ə,0.9104054,0,1
0712_row_00003271,ə,02芜湖,六郎镇,许慧娟,7,7,ə,0.87852836,0.09837798,0.0053145112,0.00022567001,0.0050595994,0.011950599,0.0001729924,0.00030714867,0.87852836,6.317623e-05,ə,0.87852836,0,1
0712_row_00003272,a,02芜湖,六郎镇,许慧娟,0,6,ɔ,0.6516893,0.31484818,0.007621131,0.0017426608,0.006696427,0.0020594643,0.00010654023,0.6516893,0.01490461,0.00033164007,ɔ,0.6516893,0,1
0712_row_00003273,a,02芜湖,六郎镇,许慧娟,0,0,a,0.53954077,0.53954077,0.039892487,0.0025206793,0.1607948,0.032621227,0.002148679,0.21147998,0.010527124,0.0004742632,a,0.53954077,0,1
0712_row_00003274,e,02芜湖,六郎镇,许慧娟,1,7,ə,0.5931022,0.14276811,0.1092827,2.4169552e-05,0.02916759,0.007976265,5.050875e-05,0.117025755,0.5931022,0.0006026088,ə,0.5931022,0,1
0712_row_00003275,i,02芜湖,六郎镇,许慧娟,2,2,i,0.8222142,0.1656888,0.0050768238,0.8222142,0.00037875917,0.001211537,0.002680921,5.2983458e-05,0.0025544323,0.00014153602,i,0.8222142,0,1
0712_row_00003276,i,02芜湖,六郎镇,许慧娟,2,2,i,0.9685818,0.0053514554,0.003857728,0.9685818,0.0008452097,0.0013885471,0.017645149,1.675452e-05,0.0022829543,3.0325791e-05,i,0.9685818,0,1
0712_row_00003277,i,02芜湖,六郎镇,许慧娟,2,2,i,0.9232872,0.06998465,0.0006542858,0.9232872,0.00010937111,0.00017786253,0.0038380537,2.8383089e-05,0.001849163,7.101626e-05,i,0.9232872,0,1
0712_row_00003278,ə,02芜湖,六郎镇,许慧娟,7,7,ə,0.74762124,0.03903026,0.07024855,0.08437471,0.0011016774,0.020431474,0.03399394,0.0013954574,0.74762124,0.0018026892,ə,0.74762124,0,1
0712_row_00003280,i,02芜湖,六郎镇,许慧娟,2,2,i,0.6953428,0.0062422142,0.058009535,0.6953428,0.0020585954,0.026269691,0.02889941,0.00062001054,0.18155126,0.0010066614,i,0.6953428,0,1
0712_row_00003281,i,02芜湖,六郎镇,许慧娟,2,2,i,0.76444155,0.06427744,0.03106966,0.76444155,0.0034721352,0.037329063,0.014821898,0.00039108808,0.082675345,0.0015217348,i,0.76444155,0,1
0712_row_00003282,ə,02芜湖,六郎镇,许慧娟,7,2,i,0.6615311,0.05892865,0.091649204,0.6615311,0.0018381962,0.12330415,0.026179854,0.00062875566,0.035280135,0.0006599611,i,0.6615311,0,1
0712_row_00003283,i,02芜湖,六郎镇,许慧娟,2,2,i,0.482437,0.28948545,0.0013053904,0.482437,0.00044765917,0.005263993,0.14307672,8.7540975e-06,0.07752663,0.00044844238,i,0.482437,0,1
0712_row_00003284,ə,02芜湖,六郎镇,许慧娟,7,7,ə,0.85196316,0.10541333,0.003807051,0.00097404234,0.023105636,0.013171336,0.00075159455,0.00042517163,0.85196316,0.00038863558,ə,0.85196316,0,1
0712_row_00003285,ə,02芜湖,六郎镇,许慧娟,7,0,a,0.9905324,0.9905324,0.00027323872,0.00095165946,0.0018082442,0.00025975358,3.3061682e-05,3.364702e-05,0.005709946,0.00039809797,a,0.9905324,0,1
0712_row_00003286,o,02芜湖,六郎镇,许慧娟,3,3,o,0.6382243,0.00017815958,0.00024924584,1.5258464e-05,0.6382243,0.00023364816,1.7821352e-05,1.4082344e-05,0.36106545,2.135317e-06,o,0.6382243,0,1
0712_row_00003287,o,02芜湖,六郎镇,许慧娟,3,7,ə,0.7116123,0.055106822,0.0004482303,0.00088041654,0.22952981,0.0020260755,0.00020885926,0.00011197815,0.7116123,7.552523e-05,ə,0.7116123,0,1
0712_row_00003288,o,02芜湖,六郎镇,许慧娟,3,7,ə,0.5155654,0.0014271148,0.0012144117,0.0006818439,0.46444762,0.016064271,0.0002631138,0.0003273325,0.5155654,8.873876e-06,ə,0.5155654,0,1
0712_row_00003289,o,02芜湖,六郎镇,许慧娟,3,3,o,0.5538347,0.028566936,0.0011708924,0.0008020934,0.5538347,0.22868052,0.00034151576,0.0026125954,0.18397918,1.1548073e-05,o,0.5538347,0,1
0712_row_00003290,o,02芜湖,六郎镇,许慧娟,3,7,ə,0.93523425,0.0017420771,4.6914894e-05,4.4654113e-05,0.06184065,0.00096524105,9.7064854e-05,2.4697389e-05,0.93523425,4.493501e-06,ə,0.93523425,0,1
0712_row_00003291,o,02芜湖,六郎镇,许慧娟,3,3,o,0.993079,1.873193e-05,1.8111882e-06,4.1330877e-06,0.993079,4.8555892e-05,2.2234144e-06,8.799077e-06,0.0068365266,2.2323879e-07,o,0.993079,0,1
0712_row_00003292,o,02芜湖,六郎镇,许慧娟,3,3,o,0.6117065,0.00014248939,3.3756387e-05,0.00020016856,0.6117065,0.0014577685,8.4459534e-05,0.00011592859,0.38625035,8.605519e-06,o,0.6117065,0,1
0712_row_00003293,u,02芜湖,六郎镇,许慧娟,4,0,a,0.7730575,0.7730575,0.003179015,0.06928952,0.002519328,0.0018382627,0.0004717813,0.14602433,0.0027369014,0.0008834097,a,0.7730575,0,1
0712_row_00003294,o,02芜湖,六郎镇,许慧娟,3,7,ə,0.7364531,0.00016207894,0.00054385513,0.00011520585,0.26195416,0.0007157433,3.7015085e-05,1.4008135e-05,0.7364531,4.794218e-06,ə,0.7364531,0,1
0712_row_00003295,o,02芜湖,六郎镇,许慧娟,3,7,ə,0.7545468,0.22511521,0.0028508957,0.00012002942,0.015757166,0.0014700227,4.534278e-05,3.3969503e-05,0.7545468,6.05035e-05,ə,0.7545468,0,1
0712_row_00003296,u,02芜湖,六郎镇,许慧娟,4,0,a,0.41422153,0.41422153,0.055879578,0.025794402,0.040936336,0.2131701,0.006307949,0.118845604,0.12424397,0.00060055923,a,0.41422153,0,1
0712_row_00003297,o,02芜湖,六郎镇,许慧娟,3,3,o,0.6870726,0.005686812,0.043638874,0.009700398,0.6870726,0.020273484,0.23327051,5.4136293e-05,0.00024353086,5.973911e-05,o,0.6870726,0,1
0712_row_00003298,y,02芜湖,六郎镇,许慧娟,5,5,y,0.6493917,0.0012362392,0.29983658,0.0009791276,0.04406445,0.0006676519,0.6493917,3.5002664e-05,0.0023578247,0.001431349,y,0.6493917,0,1
0712_row_00003299,o,02芜湖,六郎镇,许慧娟,3,7,ə,0.87195235,0.04529609,0.001523238,8.289081e-06,0.08023427,0.0009043915,1.3195682e-05,6.221455e-05,0.87195235,5.928359e-06,ə,0.87195235,0,1
0712_row_00003300,o,02芜湖,六郎镇,许慧娟,3,3,o,0.7265469,0.0003068057,2.6015923e-05,6.057167e-05,0.7265469,0.0008225198,8.916528e-05,5.5023786e-05,0.27208897,4.0623277e-06,o,0.7265469,0,1
0712_row_00003301,a,02芜湖,六郎镇,许慧娟,0,0,a,0.967318,0.967318,0.004105594,0.008975062,0.0002933285,0.0010484381,1.8497009e-05,1.9117344e-06,0.017160319,0.0010787913,a,0.967318,0,1
0712_row_00003302,a,02芜湖,六郎镇,许慧娟,0,0,a,0.9963069,0.9963069,6.309311e-05,2.1751639e-05,1.944985e-05,1.3722696e-05,2.340419e-07,2.0947642e-08,0.0035463434,2.8497856e-05,a,0.9963069,0,1
0712_row_00003303,a,02芜湖,六郎镇,许慧娟,0,0,a,0.9912776,0.9912776,0.00014168795,0.00018936578,2.8837228e-05,3.0881176e-05,1.7480031e-06,4.949087e-07,0.008247932,8.161697e-05,a,0.9912776,0,1
0712_row_00003304,a,02芜湖,六郎镇,许慧娟,0,0,a,0.98273176,0.98273176,0.00010130232,0.00056443195,1.6368023e-05,2.2067118e-06,5.952874e-06,1.0324196e-07,0.0051492364,0.011428549,a,0.98273176,0,1
0712_row_00003305,ə,02芜湖,六郎镇,许慧娟,7,4,u,0.55945456,0.0046006814,0.0047189686,0.003747763,0.0061713085,0.55945456,0.0002540745,0.0006181454,0.30168325,0.11875131,u,0.55945456,0,1
0712_row_00003306,ə,02芜湖,六郎镇,许慧娟,7,1,e,0.33617923,0.010831858,0.33617923,0.0013311415,0.068062834,0.0027219015,0.2802803,0.00037770675,0.25665227,0.043562822,e,0.33617923,0,1
0712_row_00003307,u,02芜湖,六郎镇,许慧娟,4,4,u,0.7595423,0.033891067,0.002515726,0.00061720994,0.07201405,0.7595423,0.02522246,8.559184e-05,0.10591171,0.00019998144,u,0.7595423,0,1
0712_row_00003308,ə,02芜湖,六郎镇,许慧娟,7,4,u,0.3217928,0.24539837,0.1488529,0.07593558,0.07947244,0.3217928,0.056732643,0.028044378,0.03841116,0.005359718,u,0.3217928,0,1
0712_row_00003309,ɛ,02芜湖,六郎镇,许慧娟,8,7,ə,0.41534314,0.0046157576,0.31814378,0.017316675,0.004190974,0.0007436096,0.092314206,0.00012511369,0.41534314,0.14720668,ə,0.41534314,0,1
0712_row_00003310,ɛ,02芜湖,六郎镇,许慧娟,8,1,e,0.4616783,0.008848595,0.4616783,0.16297832,0.002916511,0.0002790704,0.20426524,2.122176e-05,0.07209576,0.08691701,e,0.4616783,0,1
0712_row_00003311,u,02芜湖,六郎镇,许慧娟,4,4,u,0.76353425,0.04625146,0.111381814,0.03154372,0.010553858,0.76353425,0.008802804,0.00038595256,0.011128921,0.01641732,u,0.76353425,0,1
0712_row_00003312,a,02芜湖,六郎镇,许慧娟,0,0,a,0.9150704,0.9150704,0.039882515,5.414794e-06,0.0019707528,0.0006637838,9.198751e-06,1.7625014e-05,0.04097311,0.0014070581,a,0.9150704,0,1
0712_row_00003313,i,02芜湖,六郎镇,许慧娟,2,2,i,0.99645895,0.00011826088,0.00060891773,0.99645895,4.529272e-06,0.00054530095,0.0016454121,1.1966272e-07,0.00019978358,0.00041864518,i,0.99645895,0,1
0712_row_00003314,a,02芜湖,六郎镇,许慧娟,0,6,ɔ,0.9527175,0.046204254,3.247048e-05,0.00011411465,0.00057113345,0.000112783884,1.6795536e-06,0.9527175,0.00023939482,6.662819e-06,ɔ,0.9527175,0,1
0712_row_00003315,a,02芜湖,六郎镇,许慧娟,0,6,ɔ,0.59518605,0.40228158,0.00021591266,0.00071534485,0.0005740179,0.00011131633,4.945706e-06,0.59518605,0.00086952787,4.1328105e-05,ɔ,0.59518605,0,1
0712_row_00003316,o,02芜湖,六郎镇,许慧娟,3,3,o,0.8940938,0.047096718,0.0029920826,0.0023488486,0.8940938,0.02509171,0.022352414,0.00059799064,0.0050624595,0.00036398869,o,0.8940938,0,1
0712_row_00003317,a,02芜湖,六郎镇,许慧娟,0,0,a,0.972378,0.972378,0.003875148,0.0035297894,0.00023725665,0.00085873855,4.1268654e-06,1.3403159e-06,0.018826067,0.00028935948,a,0.972378,0,1
0712_row_00003318,a,02芜湖,六郎镇,许慧娟,0,0,a,0.9588769,0.9588769,0.0077938745,0.0012475016,0.00012553071,0.00023074214,6.863879e-06,8.463873e-07,0.018075647,0.0136421,a,0.9588769,0,1
0712_row_00003319,i,02芜湖,六郎镇,许慧娟,2,2,i,0.55281293,0.03334208,0.0031266012,0.55281293,0.0005288434,0.015223233,0.105355345,0.00047963645,0.025902238,0.26322904,i,0.55281293,0,1
0712_row_00003320,a,02芜湖,六郎镇,许慧娟,0,0,a,0.9396817,0.9396817,0.0035604425,0.0021619222,0.0011497365,0.0006003161,0.00014764021,1.5763644e-05,0.04787283,0.004809665,a,0.9396817,0,1
0712_row_00003321,a,02芜湖,六郎镇,许慧娟,0,0,a,0.99644345,0.99644345,0.00023621999,0.0002328027,7.398261e-05,0.00015333557,2.5526274e-06,2.8108961e-06,0.0027810512,7.3731855e-05,a,0.99644345,0,1
0712_row_00003322,i,02芜湖,六郎镇,许慧娟,2,1,e,0.5004778,0.029487865,0.5004778,0.4355129,0.001501003,0.0061973413,0.010231438,0.0003151599,0.01490932,0.001367188,e,0.5004778,0,1
0712_row_00003323,i,02芜湖,六郎镇,许慧娟,2,4,u,0.5244694,0.017568264,0.0029904845,0.049057506,0.005564046,0.5244694,0.376875,0.000103227314,0.023299536,7.2469586e-05,u,0.5244694,0,1
0712_row_00003324,i,02芜湖,六郎镇,许慧娟,2,2,i,0.73123264,0.22972639,0.00242063,0.73123264,0.0060834032,0.0014729988,0.021480616,0.00090017373,0.002185555,0.004497627,i,0.73123264,0,1
0712_row_00003325,a,02芜湖,六郎镇,许慧娟,0,0,a,0.9298733,0.9298733,0.010245887,0.0024874448,0.002850896,0.009283882,0.000114039365,4.363743e-05,0.044901628,0.00019924338,a,0.9298733,0,1
0712_row_00003326,u,02芜湖,六郎镇,许慧娟,4,2,i,0.7245143,0.030576978,0.010657214,0.7245143,0.0018586811,0.03687913,0.15189059,0.0007782635,0.015384773,0.027460031,i,0.7245143,0,1
0712_row_00003327,e,02芜湖,六郎镇,许慧娟,1,1,e,0.6297564,0.008200059,0.6297564,0.0059436103,0.005096412,0.00070884294,0.29214394,0.00012141464,0.015018356,0.043010917,e,0.6297564,0,1
0712_row_00003328,ə,02芜湖,六郎镇,许慧娟,7,7,ə,0.7639669,0.049228217,0.14377183,0.005353002,0.0028108659,0.030820621,0.0010699776,0.0028963056,0.7639669,8.221485e-05,ə,0.7639669,0,1
0712_row_00003329,e,02芜湖,六郎镇,许慧娟,1,0,a,0.8080887,0.8080887,0.14858972,0.0066023786,0.0031668844,0.001941178,0.0008146332,0.0035159043,0.017451275,0.00982931,a,0.8080887,0,1
0712_row_00003330,a,02芜湖,六郎镇,许慧娟,0,6,ɔ,0.4933054,0.47755358,0.0016386444,0.0009292086,0.022011701,0.0021719867,6.610075e-05,0.4933054,0.0021947266,0.00012861798,ɔ,0.4933054,0,1
0712_row_00003331,a,02芜湖,六郎镇,许慧娟,0,0,a,0.9831822,0.9831822,0.004006932,0.0001310905,0.00017186404,0.00050049316,2.3317382e-06,2.755675e-06,0.011832869,0.00016953373,a,0.9831822,0,1
0712_row_00003332,o,02芜湖,六郎镇,许慧娟,3,0,a,0.92870885,0.92870885,0.0052120243,0.00014066332,0.050461937,0.00039605732,0.00016590732,0.001865575,0.01153952,0.0015094628,a,0.92870885,0,1
0712_row_00003333,o,02芜湖,六郎镇,许慧娟,3,7,ə,0.685114,0.060786907,0.1560608,8.575685e-05,0.089720905,0.0042931396,0.0010011673,0.00242169,0.685114,0.0005155628,ə,0.685114,0,1
0712_row_00003334,a,02芜湖,六郎镇,许慧娟,0,0,a,0.98532003,0.98532003,0.00047276617,0.0013733793,8.705026e-05,0.00026984134,4.693692e-06,6.9081357e-06,0.012043081,0.0004222317,a,0.98532003,0,1
0712_row_00003336,a,02芜湖,六郎镇,许慧娟,0,7,ə,0.47450995,0.30275115,0.028605144,0.012684661,0.052622408,0.10595642,0.013563074,0.008144816,0.47450995,0.0011624263,ə,0.47450995,0,1
0712_row_00003337,o,02芜湖,六郎镇,许慧娟,3,4,u,0.607009,0.050154213,0.0007199777,0.0011809047,0.28266832,0.607009,0.053892814,0.0033890498,0.000938489,4.7286707e-05,u,0.607009,0,1
0712_row_00003338,o,02芜湖,六郎镇,许慧娟,3,0,a,0.874322,0.874322,0.01117007,0.0028666751,0.05015193,0.0005819309,0.00011882241,0.004365987,0.050209023,0.0062137693,a,0.874322,0,1
0712_row_00003339,a,02芜湖,六郎镇,许慧娟,0,8,ɛ,0.6691728,0.1130222,0.100276515,0.020969719,0.0007722726,0.00016964164,0.024955394,4.8428436e-05,0.07061301,0.6691728,ɛ,0.6691728,0,1
0712_row_00003340,ɛ,02芜湖,六郎镇,许慧娟,8,8,ɛ,0.5300758,0.017681124,0.15014145,0.12001325,0.0010407554,0.00023343695,0.14169137,2.3710567e-05,0.039099112,0.5300758,ɛ,0.5300758,0,1
0712_row_00003341,o,02芜湖,六郎镇,陶宝贤,3,3,o,0.6551251,0.19538054,0.0050924453,0.00015096836,0.6551251,0.03749812,0.0006383536,0.0693333,0.03570121,0.0010799872,o,0.6551251,0,1
0712_row_00003342,a,02芜湖,六郎镇,陶宝贤,0,0,a,0.93785906,0.93785906,0.001353687,0.0005474468,0.00030666837,7.675093e-05,4.733936e-06,0.0001694721,0.057879448,0.0018028388,a,0.93785906,0,1
0712_row_00003343,o,02芜湖,六郎镇,陶宝贤,3,4,u,0.7037431,0.04614351,0.0016853204,0.00087152637,0.16213381,0.7037431,0.073873565,0.0003814831,0.011103518,6.4202475e-05,u,0.7037431,0,1
0712_row_00003344,o,02芜湖,六郎镇,陶宝贤,3,3,o,0.505826,0.025487559,9.334838e-05,7.524539e-05,0.505826,0.45472077,0.012396194,0.0011011014,0.00029758655,2.1900048e-06,o,0.505826,0,1
0712_row_00003345,o,02芜湖,六郎镇,陶宝贤,3,4,u,0.3312686,0.30645615,0.00027979203,0.0009223501,0.32847327,0.3312686,0.024392007,0.0067661055,0.0013671882,7.465302e-05,u,0.3312686,0,1
0712_row_00003346,o,02芜湖,六郎镇,陶宝贤,3,0,a,0.44179308,0.44179308,0.0016804225,0.0013656912,0.4177676,0.118504405,0.016426567,0.0009801678,0.0013722405,0.00010973532,a,0.44179308,0,1
0712_row_00003347,a,02芜湖,六郎镇,陶宝贤,0,0,a,0.95133686,0.95133686,0.0017925713,0.0411346,0.00034625846,0.0014686598,4.498423e-05,0.00015439776,0.0034777138,0.00024401484,a,0.95133686,0,1
0712_row_00003348,a,02芜湖,六郎镇,陶宝贤,0,0,a,0.98094386,0.98094386,0.0020895062,0.00087784225,0.0026257725,0.0031649221,2.7291908e-05,0.0060804966,0.0041291947,6.110227e-05,a,0.98094386,0,1
0712_row_00003349,a,02芜湖,六郎镇,陶宝贤,0,0,a,0.98890007,0.98890007,0.001447099,0.001291471,0.0013759637,0.001366434,3.2094194e-05,0.0015002135,0.0039406368,0.00014623177,a,0.98890007,0,1
0712_row_00003350,a,02芜湖,六郎镇,陶宝贤,0,0,a,0.8905105,0.8905105,0.018776674,0.0051093646,0.0036604465,0.015291949,0.00038794242,4.336575e-05,0.061763853,0.004456101,a,0.8905105,0,1
0712_row_00003351,a,02芜湖,六郎镇,陶宝贤,0,0,a,0.91697806,0.91697806,0.01276306,0.001981941,0.0038826957,0.0033158287,0.00012028356,1.1825065e-05,0.059363667,0.0015826426,a,0.91697806,0,1
0712_row_00003352,a,02芜湖,六郎镇,陶宝贤,0,0,a,0.53848517,0.53848517,0.03645414,0.0025932728,0.0006739431,0.000456787,0.00096711214,0.00030903806,0.155335,0.26472557,a,0.53848517,0,1
0712_row_00003353,a,02芜湖,六郎镇,陶宝贤,0,0,a,0.8962459,0.8962459,0.001768979,0.007955822,0.00021198938,1.2966235e-05,0.00011676546,5.139464e-06,0.0051192376,0.08856324,a,0.8962459,0,1
0712_row_00003354,ɛ,02芜湖,六郎镇,陶宝贤,8,2,i,0.9963792,0.00025183245,0.0006142909,0.9963792,5.5187325e-06,0.0010761191,0.0012371959,2.4121366e-07,0.00016134854,0.00027432598,i,0.9963792,0,1
0712_row_00003355,ɛ,02芜湖,六郎镇,陶宝贤,8,0,a,0.6318414,0.6318414,0.014393108,0.0013696296,0.00017095482,5.3406366e-05,0.000711361,1.7113189e-05,0.063003086,0.28843993,a,0.6318414,0,1
0712_row_00003356,ɛ,02芜湖,六郎镇,陶宝贤,8,2,i,0.9906059,0.00046820714,0.001080361,0.9906059,1.6128808e-05,0.0015234173,0.0052956953,4.0304317e-07,0.00036064995,0.00064916187,i,0.9906059,0,1
0712_row_00003358,ə,02芜湖,六郎镇,陶宝贤,7,1,e,0.29512993,0.1937838,0.29512993,0.2453924,0.008459195,0.08556928,0.005702863,0.009660061,0.14489596,0.011406471,e,0.29512993,0,1
0712_row_00003359,ə,02芜湖,六郎镇,陶宝贤,7,2,i,0.527726,0.20391865,0.1450064,0.527726,0.0083541935,0.06476798,0.024744106,0.0005985712,0.017851563,0.0070325993,i,0.527726,0,1
0712_row_00003360,ə,02芜湖,六郎镇,陶宝贤,7,2,i,0.52730364,0.08495033,0.3114094,0.52730364,0.0066021755,0.05102428,0.015832571,6.7724104e-05,0.0022610242,0.0005488476,i,0.52730364,0,1
0712_row_00003361,ə,02芜湖,六郎镇,陶宝贤,7,2,i,0.73016465,0.043529607,0.00546982,0.73016465,0.00036335908,0.0020613777,0.016025698,6.650158e-05,0.041025795,0.16129324,i,0.73016465,0,1
0712_row_00003362,ɛ,02芜湖,六郎镇,陶宝贤,8,2,i,0.99253196,0.00054110587,0.0017400325,0.99253196,1.8189095e-05,0.0020902464,0.0018562664,1.4672377e-06,0.0005513064,0.00066942256,i,0.99253196,0,1
0712_row_00003363,ə,02芜湖,六郎镇,陶宝贤,7,2,i,0.9682022,0.01025742,0.0035945722,0.9682022,5.1259933e-05,0.004413976,0.0041480297,1.1605594e-05,0.0049221553,0.004398827,i,0.9682022,0,1
0712_row_00003364,a,02芜湖,六郎镇,陶宝贤,0,0,a,0.928716,0.928716,0.003170703,0.00043420162,0.002293865,0.0002935475,7.960825e-06,0.009199432,0.05551822,0.0003660833,a,0.928716,0,1
0712_row_00003365,a,02芜湖,六郎镇,陶宝贤,0,0,a,0.9823652,0.9823652,0.0015961464,2.7902455e-05,0.006104704,0.00034611236,3.719004e-06,0.0003181922,0.009225941,1.2110863e-05,a,0.9823652,0,1
0712_row_00003366,a,02芜湖,六郎镇,陶宝贤,0,0,a,0.98867995,0.98867995,0.00070380553,0.0005528178,0.0002157853,0.00022414638,2.355836e-06,1.4305863e-05,0.009554445,5.24795e-05,a,0.98867995,0,1
0712_row_00003367,a,02芜湖,六郎镇,陶宝贤,0,0,a,0.9249423,0.9249423,0.005123909,0.033668444,0.0011673819,0.000944888,0.00014252063,0.00011386883,0.030921603,0.0029751027,a,0.9249423,0,1
0712_row_00003368,u,02芜湖,六郎镇,陶宝贤,4,4,u,0.6402945,0.009038228,0.00032263665,0.0005800582,0.024061851,0.6402945,0.32133532,8.012103e-05,0.0042070663,8.027683e-05,u,0.6402945,0,1
0712_row_00003369,u,02芜湖,六郎镇,陶宝贤,4,4,u,0.6889547,0.009935467,0.00034250694,0.00044564225,0.028732998,0.6889547,0.26580372,5.2075993e-05,0.005664504,6.834804e-05,u,0.6889547,0,1
0712_row_00003370,u,02芜湖,六郎镇,陶宝贤,4,4,u,0.44135958,0.03883718,0.23866586,0.109889925,0.04289979,0.44135958,0.004392135,0.09306492,0.028509418,0.002381233,u,0.44135958,0,1
0712_row_00003371,u,02芜湖,六郎镇,陶宝贤,4,4,u,0.36240712,0.017402709,0.041185986,0.001751093,0.035210144,0.36240712,0.00094263064,0.29917914,0.23633586,0.0055852877,u,0.36240712,0,1
0712_row_00003372,u,02芜湖,六郎镇,陶宝贤,4,4,u,0.40237674,0.2655365,0.000812117,0.0032640041,0.040389728,0.40237674,0.28598404,8.088239e-05,0.000938958,0.0006170053,u,0.40237674,0,1
0712_row_00003373,u,02芜湖,六郎镇,陶宝贤,4,4,u,0.5750354,0.04503998,0.00081042765,0.0008160178,0.039719485,0.5750354,0.332093,0.00014630811,0.006127744,0.00021166627,u,0.5750354,0,1
0712_row_00003374,u,02芜湖,六郎镇,陶宝贤,4,4,u,0.6178408,0.009848861,0.0015289051,0.00045425657,0.062320836,0.6178408,0.29254434,0.00020921795,0.015151024,0.000101763544,u,0.6178408,0,1
0712_row_00003375,u,02芜湖,六郎镇,陶宝贤,4,4,u,0.5031338,0.116245516,0.0020012371,0.016886296,0.038508806,0.5031338,0.3142795,0.00012954704,0.008217292,0.00059790927,u,0.5031338,0,1
0712_row_00003376,y,02芜湖,六郎镇,陶宝贤,5,5,y,0.71636915,0.0070609497,0.044420917,0.15356396,0.0029048207,0.0711558,0.71636915,0.0001966442,0.003536591,0.0007911464,y,0.71636915,0,1
0712_row_00003377,u,02芜湖,六郎镇,陶宝贤,4,4,u,0.7773613,0.014361052,0.08526693,0.043492705,0.010511159,0.7773613,0.050332192,0.0015107953,0.016749492,0.00041437938,u,0.7773613,0,1
0712_row_00003378,u,02芜湖,六郎镇,陶宝贤,4,4,u,0.42283323,0.06565376,0.038151603,0.011706381,0.16362268,0.42283323,0.26287752,0.0010230886,0.032842215,0.0012894325,u,0.42283323,0,1
0712_row_00003379,u,02芜湖,六郎镇,陶宝贤,4,4,u,0.48758128,0.028974207,0.00018031192,0.00048723983,0.45563963,0.48758128,0.005055929,0.020341778,0.001724413,1.5278572e-05,u,0.48758128,0,1
0712_row_00003381,u,02芜湖,六郎镇,陶宝贤,4,4,u,0.89483935,0.014338068,0.00092469493,0.00041797207,0.042953975,0.89483935,0.025666406,0.00020119353,0.020500353,0.00015800945,u,0.89483935,0,1
0712_row_00003382,u,02芜湖,六郎镇,陶宝贤,4,5,y,0.6894513,0.008363698,0.009979786,0.014864612,0.022792047,0.22873116,0.6894513,0.00022100385,0.02543727,0.00015916307,y,0.6894513,0,1
0712_row_00003383,u,02芜湖,六郎镇,陶宝贤,4,5,y,0.5891991,0.010176953,0.026901154,0.02252982,0.1326136,0.20990482,0.5891991,0.0005238614,0.00772043,0.0004302936,y,0.5891991,0,1
0712_row_00003384,y,02芜湖,六郎镇,陶宝贤,5,4,u,0.41092145,0.26081064,0.10111573,0.011804289,0.11650667,0.41092145,0.013915575,0.000875653,0.08319005,0.0008598714,u,0.41092145,0,1
0712_row_00003385,y,02芜湖,六郎镇,陶宝贤,5,4,u,0.55785793,0.009992327,0.043317266,0.004108282,0.102429,0.55785793,0.18310419,0.0007132488,0.09823585,0.00024186216,u,0.55785793,0,1
0712_row_00003386,y,02芜湖,六郎镇,陶宝贤,5,2,i,0.97562295,0.0011700777,0.003457472,0.97562295,6.743341e-05,0.007185496,0.010673526,3.4551938e-06,0.00081956486,0.0010000262,i,0.97562295,0,1
0712_row_00003388,y,02芜湖,六郎镇,陶宝贤,5,5,y,0.90956205,0.0048094746,0.012598384,0.031573825,0.02212258,0.017081544,0.90956205,7.493285e-05,0.0018673298,0.0003099406,y,0.90956205,0,1
0712_row_00003389,y,02芜湖,六郎镇,陶宝贤,5,5,y,0.51490444,0.00816488,0.008419186,0.015883872,0.02206879,0.41864648,0.51490444,0.00018867705,0.0111673605,0.0005563121,y,0.51490444,0,1
0712_row_00003390,y,02芜湖,六郎镇,陶宝贤,5,5,y,0.7575573,0.012164868,0.03360438,0.12942676,0.059721347,0.00414181,0.7575573,0.00025869432,0.0023207793,0.0008040391,y,0.7575573,0,1
0712_row_00003391,y,02芜湖,六郎镇,陶宝贤,5,5,y,0.8077089,0.00031255864,4.1249205e-05,0.0001971985,0.0006250691,0.19103897,0.8077089,5.082999e-07,6.218491e-05,1.3349769e-05,y,0.8077089,0,1
0712_row_00003392,y,02芜湖,六郎镇,陶宝贤,5,5,y,0.8092234,0.0004412182,3.1888274e-05,0.0006164283,0.00038371576,0.18921731,0.8092234,7.1833506e-07,5.668718e-05,2.8693656e-05,y,0.8092234,0,1
0712_row_00003393,y,02芜湖,六郎镇,陶宝贤,5,5,y,0.8665668,0.0003527152,4.4581597e-05,0.00026084628,0.00038067804,0.13229774,0.8665668,1.0226398e-06,6.2228995e-05,3.3483982e-05,y,0.8665668,0,1
0712_row_00003394,u,02芜湖,六郎镇,陶宝贤,4,4,u,0.4913155,0.034071203,0.0007696447,0.00093848194,0.018276172,0.4913155,0.45014927,7.571912e-05,0.0038368322,0.00056721014,u,0.4913155,0,1
0712_row_00003395,y,02芜湖,六郎镇,陶宝贤,5,4,u,0.5512602,0.019811733,0.0007844062,0.0009158913,0.023513233,0.5512602,0.39892635,6.153505e-05,0.004570506,0.00015617137,u,0.5512602,0,1
0712_row_00003396,y,02芜湖,六郎镇,陶宝贤,5,5,y,0.6542089,0.008959551,0.0071755536,0.043238606,0.015515005,0.2574198,0.6542089,0.00018675087,0.012882094,0.00041371668,y,0.6542089,0,1
0712_row_00003397,u,02芜湖,六郎镇,陶宝贤,4,4,u,0.483152,0.018779378,0.0055106087,0.0023495823,0.08424705,0.483152,0.3643893,0.00044498776,0.040748414,0.00037861546,u,0.483152,0,1
0712_row_00003398,u,02芜湖,六郎镇,陶宝贤,4,4,u,0.5081218,0.037598755,0.008224683,0.0039543286,0.14330009,0.5081218,0.27104568,0.0013248512,0.026131172,0.00029859674,u,0.5081218,0,1
0712_row_00003399,u,02芜湖,六郎镇,陶宝贤,4,4,u,0.43782592,0.022545869,0.054616153,0.21694039,0.013719357,0.43782592,0.058710143,0.005815377,0.17599398,0.013832821,u,0.43782592,0,1
0712_row_00003400,u,02芜湖,六郎镇,陶宝贤,4,7,ə,0.53726375,0.032882646,0.10967045,0.12786692,0.01722717,0.14474426,0.010633481,0.00037877096,0.53726375,0.019332517,ə,0.53726375,0,1
0712_row_00003401,u,02芜湖,六郎镇,陶宝贤,4,5,y,0.7884281,0.0045649107,0.007398457,0.012705267,0.02142621,0.15983434,0.7884281,0.00015218173,0.005154017,0.00033658385,y,0.7884281,0,1
0712_row_00003402,u,02芜湖,六郎镇,陶宝贤,4,4,u,0.45660454,0.020279473,0.008790996,0.019784588,0.110430904,0.45660454,0.3741038,0.0009870962,0.008790432,0.00022814728,u,0.45660454,0,1
0712_row_00003403,u,02芜湖,六郎镇,陶宝贤,4,3,o,0.6063657,0.018811015,0.00417308,0.0003584321,0.6063657,0.2647521,0.09705298,0.0004398767,0.007972312,7.4535536e-05,o,0.6063657,0,1
0712_row_00003404,u,02芜湖,六郎镇,陶宝贤,4,5,y,0.4869417,0.08661423,0.066191435,0.23755722,0.060877204,0.021166483,0.4869417,0.00081918173,0.037245184,0.0025874018,y,0.4869417,0,1
0712_row_00003405,y,02芜湖,六郎镇,陶宝贤,5,5,y,0.40871188,0.0066642794,0.05306032,0.005060253,0.2538258,0.26880845,0.40871188,0.00018789138,0.0035665347,0.000114550014,y,0.40871188,0,1
0712_row_00003406,y,02芜湖,六郎镇,陶宝贤,5,4,u,0.6079633,0.084815346,0.066529945,0.09293834,0.078683935,0.6079633,0.030818624,0.015478001,0.022417504,0.00035487508,u,0.6079633,0,1
0712_row_00003407,y,02芜湖,六郎镇,陶宝贤,5,2,i,0.5207225,0.006798523,0.05610938,0.5207225,0.0034018299,0.0045461426,0.4004183,0.00036246824,0.0063046073,0.0013363251,i,0.5207225,0,1
0712_row_00003408,y,02芜湖,六郎镇,陶宝贤,5,5,y,0.93002284,0.0011126623,0.011992458,0.043496057,0.0027391554,0.0088933,0.93002284,5.7517893e-05,0.0015340057,0.00015200436,y,0.93002284,0,1
0712_row_00003409,y,02芜湖,六郎镇,陶宝贤,5,5,y,0.68824685,0.0081278095,0.008275128,0.27442965,0.016267518,0.0019361151,0.68824685,0.00017327984,0.00232821,0.00021543915,y,0.68824685,0,1
0712_row_00003410,a,02芜湖,六郎镇,陶宝贤,0,0,a,0.52333087,0.52333087,0.37631676,0.043881875,0.0016842163,0.00847355,0.00203531,0.00067716354,0.041136336,0.0024638704,a,0.52333087,0,1
0712_row_00003411,a,02芜湖,六郎镇,陶宝贤,0,0,a,0.5649172,0.5649172,0.21404134,0.058644265,0.0027029517,0.018757088,0.002745309,0.0012123815,0.13383935,0.003140008,a,0.5649172,0,1
0712_row_00003412,a,02芜湖,六郎镇,陶宝贤,0,0,a,0.6596668,0.6596668,0.16201705,0.089933895,0.0014517264,0.042203464,0.0028197416,0.0016158307,0.03164395,0.008647434,a,0.6596668,0,1
0712_row_00003413,e,02芜湖,六郎镇,陶宝贤,1,1,e,0.78060174,0.013623943,0.78060174,0.107984416,0.00041340615,0.09533327,0.0004991281,0.00066006044,0.0007739352,0.00011009098,e,0.78060174,0,1
0712_row_00003414,a,02芜湖,六郎镇,陶宝贤,0,0,a,0.4620393,0.4620393,0.4597562,0.05503546,0.00035063378,0.0045814663,0.0003876311,0.00052300683,0.016011907,0.0013142976,a,0.4620393,0,1
0712_row_00003415,ɛ,02芜湖,六郎镇,陶宝贤,8,8,ɛ,0.98462415,0.009546645,0.0007031682,8.561156e-05,9.009063e-05,1.4922046e-05,7.1683084e-05,7.63565e-06,0.004856018,0.98462415,ɛ,0.98462415,0,1
0712_row_00003416,a,02芜湖,六郎镇,陶宝贤,0,0,a,0.52428013,0.52428013,0.42884326,0.020961788,0.0008817291,0.008993263,0.00029202242,0.00040928146,0.014749942,0.00058853714,a,0.52428013,0,1
0712_row_00003417,ɛ,02芜湖,六郎镇,陶宝贤,8,8,ɛ,0.98604685,0.012078486,0.00037051534,1.777702e-05,4.3420638e-05,6.7568935e-06,3.3059783e-05,2.1301576e-06,0.0014010334,0.98604685,ɛ,0.98604685,0,1
0712_row_00003418,ɛ,02芜湖,六郎镇,陶宝贤,8,8,ɛ,0.9911841,0.0041393614,0.00070331973,7.294981e-05,0.00022694812,3.7742204e-05,3.4946803e-05,1.0747811e-05,0.0035898958,0.9911841,ɛ,0.9911841,0,1
0712_row_00003419,ɛ,02芜湖,六郎镇,陶宝贤,8,0,a,0.78269243,0.78269243,0.048010007,0.065211415,0.0028675823,0.010955058,0.0010383312,0.0019383279,0.045676384,0.041610382,a,0.78269243,0,1
0712_row_00003420,e,02芜湖,六郎镇,陶宝贤,1,1,e,0.48953533,0.41991463,0.48953533,0.005492374,0.000940975,0.0024223889,0.0018562882,0.00023313654,0.053189233,0.026415652,e,0.48953533,0,1
0712_row_00003421,a,02芜湖,六郎镇,陶宝贤,0,0,a,0.83172524,0.83172524,0.07491787,0.0053180456,0.0006192471,0.038560193,0.00019018489,0.0018131421,0.04648357,0.00037241259,a,0.83172524,0,1
0712_row_00003422,i,02芜湖,六郎镇,陶宝贤,2,1,e,0.8298341,0.006526892,0.8298341,0.013082117,0.00021936353,0.14898755,0.00030607267,0.0006126219,0.0003596534,7.159738e-05,e,0.8298341,0,1
0712_row_00003423,i,02芜湖,六郎镇,陶宝贤,2,2,i,0.9847707,0.0029011336,0.0057064556,0.9847707,3.1399337e-05,0.0027369522,0.0013283879,8.675081e-06,0.0019339066,0.00058238435,i,0.9847707,0,1
0712_row_00003424,i,02芜湖,六郎镇,陶宝贤,2,2,i,0.97053415,0.0018200899,0.018679064,0.97053415,7.384898e-05,0.0036944677,0.0042823767,6.2728723e-06,0.00056982925,0.00033998323,i,0.97053415,0,1
0712_row_00003425,i,02芜湖,六郎镇,陶宝贤,2,2,i,0.99171716,0.00054200675,0.0023999568,0.99171716,1.610243e-05,0.0021420964,0.0020109063,1.1209978e-06,0.00067732856,0.00049351057,i,0.99171716,0,1
0712_row_00003426,i,02芜湖,六郎镇,陶宝贤,2,4,u,0.33200693,0.054420408,0.14667618,0.13316128,0.0296511,0.33200693,0.008292534,0.015271895,0.26682213,0.013697546,u,0.33200693,0,1
0712_row_00003427,i,02芜湖,六郎镇,陶宝贤,2,2,i,0.9934394,8.929131e-05,0.00055365043,0.9934394,5.85783e-06,0.0007872077,0.0046150517,1.2370668e-07,0.000114198236,0.0003952733,i,0.9934394,0,1
0712_row_00003428,i,02芜湖,六郎镇,陶宝贤,2,2,i,0.90997756,0.0069920802,0.019599523,0.90997756,0.00048321256,0.0235852,0.013022656,7.717769e-05,0.015308942,0.010953743,i,0.90997756,0,1
0712_row_00003429,i,02芜湖,六郎镇,陶宝贤,2,2,i,0.87660635,0.022301508,0.072237775,0.87660635,0.0025989872,0.0059588933,0.017913995,1.8750836e-05,0.0016290295,0.0007348117,i,0.87660635,0,1
0712_row_00003430,i,02芜湖,六郎镇,陶宝贤,2,2,i,0.83510137,0.112860054,0.0076317624,0.83510137,0.0007422099,0.0010425346,0.022022037,5.3229684e-05,0.007418529,0.013128318,i,0.83510137,0,1
0712_row_00003431,i,02芜湖,六郎镇,陶宝贤,2,2,i,0.9166298,0.060493093,0.006020719,0.9166298,0.00038462988,0.0008186534,0.011597672,2.1045298e-05,0.0017338282,0.0023005793,i,0.9166298,0,1
0712_row_00003432,i,02芜湖,六郎镇,陶宝贤,2,2,i,0.99565506,0.00023591358,0.000874893,0.99565506,7.575623e-06,0.0015044619,0.001319031,3.412067e-07,0.00020111728,0.0002016808,i,0.99565506,0,1
0712_row_00003433,i,02芜湖,六郎镇,陶宝贤,2,2,i,0.9963689,0.00031357355,0.001760889,0.9963689,5.093768e-06,0.0007930865,0.00058337126,1.7965579e-07,0.00010823219,6.668615e-05,i,0.9963689,0,1
0712_row_00003434,i,02芜湖,六郎镇,陶宝贤,2,2,i,0.99248284,0.0006922804,0.0007407296,0.99248284,1.3270358e-05,0.0027588124,0.0027695799,5.388213e-07,0.0002518758,0.00028999825,i,0.99248284,0,1
0712_row_00003435,i,02芜湖,六郎镇,陶宝贤,2,2,i,0.99036074,0.000500635,0.0015769203,0.99036074,1.86256e-05,0.0034190505,0.0035110011,6.4464336e-07,0.00028451113,0.0003279535,i,0.99036074,0,1
0712_row_00003437,e,02芜湖,六郎镇,陶宝贤,1,1,e,0.80134267,0.040497746,0.80134267,0.10217649,0.0007431329,0.027532365,0.0007455944,0.023501707,0.0029792506,0.00048116932,e,0.80134267,0,1
0712_row_00003438,e,02芜湖,六郎镇,陶宝贤,1,1,e,0.5324738,0.07379521,0.5324738,0.16684261,0.017223792,0.19812231,0.005658618,0.0008747451,0.00412749,0.00088135153,e,0.5324738,0,1
0712_row_00003439,e,02芜湖,六郎镇,陶宝贤,1,1,e,0.8771841,0.003827785,0.8771841,0.0069211368,0.000375292,0.10864739,0.00061300624,0.00108648,0.0011898966,0.00015482989,e,0.8771841,0,1
0712_row_00003440,u,02芜湖,六郎镇,陶宝贤,4,4,u,0.66798204,0.03180661,0.23410602,0.047025487,0.006694686,0.66798204,0.004351482,0.0016300575,0.005362367,0.0010413507,u,0.66798204,0,1
0712_row_00003441,e,02芜湖,六郎镇,陶宝贤,1,1,e,0.5209764,0.01684829,0.5209764,0.032371987,0.003955286,0.41892523,0.004083487,0.0007501419,0.0018623603,0.0002267225,e,0.5209764,0,1
0712_row_00003442,e,02芜湖,六郎镇,陶宝贤,1,1,e,0.64477944,0.002517043,0.64477944,0.0009416353,0.0005930242,0.34931818,0.0003108099,0.00014247111,0.0013114519,8.587098e-05,e,0.64477944,0,1
0712_row_00003443,u,02芜湖,六郎镇,陶宝贤,4,4,u,0.76629764,0.00040240955,0.23206373,0.00068493705,0.00025033846,0.76629764,0.00016723564,6.072695e-06,0.000114665,1.2932148e-05,u,0.76629764,0,1
0712_row_00003444,a,02芜湖,六郎镇,陶宝贤,0,0,a,0.92697626,0.92697626,0.026234316,9.766936e-05,0.0055920454,0.012192265,0.00010875042,0.00018640497,0.028450683,0.00016149755,a,0.92697626,0,1
0712_row_00003445,u,02芜湖,六郎镇,陶宝贤,4,4,u,0.7832552,0.00028957817,0.21560112,0.00014545117,0.00032074784,0.7832552,0.00023291935,4.169744e-06,0.0001399783,1.0692762e-05,u,0.7832552,0,1
0712_row_00003446,a,02芜湖,六郎镇,陶宝贤,0,0,a,0.82831275,0.82831275,0.049077943,0.05102831,0.0063383775,0.01452908,0.0011572369,0.00017036637,0.046615716,0.0027702935,a,0.82831275,0,1
0712_row_00003447,a,02芜湖,六郎镇,陶宝贤,0,0,a,0.8758976,0.8758976,0.049266595,0.00059128215,0.0020344583,0.0016230437,4.036857e-05,0.00016440441,0.068805315,0.0015768674,a,0.8758976,0,1
0712_row_00003448,a,02芜湖,六郎镇,陶宝贤,0,0,a,0.9961056,0.9961056,0.00033681237,4.1376526e-05,0.00014259899,0.00014287766,4.0232325e-07,8.544716e-07,0.003204394,2.529581e-05,a,0.9961056,0,1
0712_row_00003449,a,02芜湖,六郎镇,陶宝贤,0,0,a,0.9653516,0.9653516,0.0051617515,2.180593e-05,0.0030830558,0.0023063228,1.8107083e-05,5.6250057e-05,0.02397617,2.5000169e-05,a,0.9653516,0,1
0712_row_00003450,a,02芜湖,六郎镇,陶宝贤,0,0,a,0.9344728,0.9344728,0.006904493,0.00071980327,0.00048253904,0.00020698835,9.135358e-06,2.810524e-06,0.055569306,0.001632098,a,0.9344728,0,1
0712_row_00003451,a,02芜湖,六郎镇,陶宝贤,0,0,a,0.99494743,0.99494743,0.0003560959,0.00020579407,0.00014211326,0.00012919634,7.7131205e-07,1.568916e-07,0.0041854167,3.3062326e-05,a,0.99494743,0,1
0712_row_00003453,e,02芜湖,六郎镇,陶宝贤,1,1,e,0.5234477,0.0006928225,0.5234477,0.0005648118,0.00022921074,0.47455135,0.00017745399,2.2186288e-05,0.00029132847,2.314868e-05,e,0.5234477,0,1
0712_row_00003454,e,02芜湖,六郎镇,陶宝贤,1,1,e,0.92890596,0.0041507343,0.92890596,0.008461892,0.000123485,0.05625096,0.00014741454,0.00029445326,0.001549786,0.00011526074,e,0.92890596,0,1
0712_row_00003455,e,02芜湖,六郎镇,陶宝贤,1,4,u,0.62498134,0.00019419682,0.37409922,0.00016186266,0.0002692542,0.62498134,0.00024256576,5.2971886e-06,4.1200976e-05,5.0950725e-06,u,0.62498134,0,1
0712_row_00003456,e,02芜湖,六郎镇,陶宝贤,1,1,e,0.6860894,0.03656534,0.6860894,0.10961113,0.001539644,0.1467078,0.0046622804,0.0070131402,0.0069778482,0.00083338947,e,0.6860894,0,1
0712_row_00003457,i,02芜湖,六郎镇,陶宝贤,2,2,i,0.9396638,0.005835078,0.012817422,0.9396638,0.00019111056,0.033381876,0.006172623,1.1601511e-05,0.0016256827,0.0003007744,i,0.9396638,0,1
0712_row_00003458,i,02芜湖,六郎镇,陶宝贤,2,2,i,0.61654,0.015233081,0.0458496,0.61654,0.002895081,0.12949523,0.17730737,0.0002853534,0.010039215,0.002354975,i,0.61654,0,1
0712_row_00003459,i,02芜湖,六郎镇,陶宝贤,2,2,i,0.48019633,0.014377852,0.0920982,0.48019633,0.003108513,0.16996607,0.23676778,0.00010799842,0.002837904,0.00053938635,i,0.48019633,0,1
0712_row_00003460,i,02芜湖,六郎镇,陶宝贤,2,2,i,0.9293594,0.010771332,0.006378971,0.9293594,0.00034966914,0.030580606,0.008732408,0.00020550656,0.008389411,0.005232607,i,0.9293594,0,1
0712_row_00003461,i,02芜湖,六郎镇,陶宝贤,2,2,i,0.9851865,0.007820037,0.00035180504,0.9851865,0.00027715953,0.0006608791,0.005415596,5.533174e-06,4.6922618e-05,0.00023553494,i,0.9851865,0,1
0712_row_00003462,i,02芜湖,六郎镇,陶宝贤,2,2,i,0.99463624,0.00021818097,0.0015695964,0.99463624,8.153911e-06,0.0014970517,0.0015771408,4.0206558e-07,0.00025298647,0.00024017582,i,0.99463624,0,1
0712_row_00003463,i,02芜湖,六郎镇,陶宝贤,2,2,i,0.99627376,0.00024350568,0.0010497888,0.99627376,6.094674e-06,0.0009585165,0.0011187517,2.2090576e-07,0.00014874249,0.00020055444,i,0.99627376,0,1
0712_row_00003464,i,02芜湖,六郎镇,陶宝贤,2,2,i,0.9808147,0.0025231405,0.008818883,0.9808147,5.879836e-05,0.004720962,0.001988332,4.7339327e-06,0.000787746,0.00028270704,i,0.9808147,0,1
0712_row_00003465,i,02芜湖,六郎镇,陶宝贤,2,2,i,0.9881989,0.0014416254,0.0038082292,0.9881989,2.5976256e-05,0.0032625212,0.0018002703,1.9274785e-06,0.0009544027,0.0005061288,i,0.9881989,0,1
0712_row_00003466,i,02芜湖,六郎镇,陶宝贤,2,2,i,0.9819282,0.000890777,0.0029634517,0.9819282,4.1604937e-05,0.0053210487,0.0068414444,3.2335884e-06,0.00090569735,0.0011045602,i,0.9819282,0,1
0712_row_00003467,i,02芜湖,六郎镇,陶宝贤,2,1,e,0.26216766,0.06054572,0.26216766,0.2613582,0.02734906,0.03184114,0.17286064,0.0058574965,0.10613365,0.071886405,e,0.26216766,0,1
0712_row_00003468,e,02芜湖,六郎镇,陶宝贤,1,1,e,0.6383839,0.038993586,0.6383839,0.2880166,0.0013711952,0.023879996,0.0020154908,0.005408003,0.0016575537,0.00027363971,e,0.6383839,0,1
0712_row_00003469,i,02芜湖,六郎镇,陶宝贤,2,2,i,0.89236987,0.034368727,0.03355694,0.89236987,0.00090587855,0.015036239,0.015384603,4.2827967e-05,0.006661082,0.0016737281,i,0.89236987,0,1
0712_row_00003470,i,02芜湖,六郎镇,陶宝贤,2,2,i,0.9697744,0.012141282,0.004024718,0.9697744,0.00018573881,0.0005503611,0.012938706,1.6057561e-06,0.00013877472,0.0002443296,i,0.9697744,0,1
0712_row_00003471,i,02芜湖,六郎镇,陶宝贤,2,2,i,0.9979494,0.00012287928,0.00063780375,0.9979494,3.5922146e-06,0.0005225954,0.0006290018,1.2252698e-07,7.3860334e-05,6.076976e-05,i,0.9979494,0,1
0712_row_00003472,i,02芜湖,六郎镇,陶宝贤,2,2,i,0.999253,2.9174887e-05,0.00019096873,0.999253,8.6187237e-07,0.00014663798,0.00030324343,2.874097e-08,2.368877e-05,5.246439e-05,i,0.999253,0,1
0712_row_00003473,i,02芜湖,六郎镇,陶宝贤,2,2,i,0.89876133,0.009378562,0.021900468,0.89876133,0.00071532186,0.021759303,0.04278559,5.928032e-05,0.0029841114,0.0016560311,i,0.89876133,0,1
0712_row_00003474,i,02芜湖,六郎镇,陶宝贤,2,2,i,0.38863152,0.018604735,0.078094654,0.38863152,0.0058552134,0.21234083,0.2812943,0.00031716333,0.011217657,0.00364394,i,0.38863152,0,1
0712_row_00003475,i,02芜湖,六郎镇,陶宝贤,2,2,i,0.98930794,0.008331955,0.0002854585,0.98930794,0.00032144858,0.00021105897,0.0013731086,1.3742876e-05,5.8039004e-05,9.720946e-05,i,0.98930794,0,1
0712_row_00003476,i,02芜湖,六郎镇,陶宝贤,2,2,i,0.99574333,0.00013608483,0.00075150706,0.99574333,5.5966316e-06,0.0011096465,0.0016394783,3.7298193e-07,0.00020906665,0.00040497872,i,0.99574333,0,1
0712_row_00003477,i,02芜湖,六郎镇,陶宝贤,2,2,i,0.9493408,0.03413454,0.0024717418,0.9493408,0.00011472309,0.00079857965,0.00838724,4.222196e-06,0.0013590012,0.0033892717,i,0.9493408,0,1
0712_row_00003478,i,02芜湖,六郎镇,陶宝贤,2,2,i,0.99877137,0.00019939843,0.00015879064,0.99877137,1.5307124e-06,0.00030201007,0.00035864583,1.2422116e-07,8.765774e-05,0.00012054698,i,0.99877137,0,1
0712_row_00003479,i,02芜湖,六郎镇,陶宝贤,2,2,i,0.999012,0.00020610479,0.00010432806,0.999012,1.2149633e-06,0.00013400141,0.00040829869,7.029251e-08,4.056915e-05,9.3362054e-05,i,0.999012,0,1
0712_row_00003480,i,02芜湖,六郎镇,陶宝贤,2,2,i,0.9990426,7.280461e-05,0.0002467749,0.9990426,1.2119453e-06,0.00026758082,0.00025492912,7.491282e-08,5.1147603e-05,6.287532e-05,i,0.9990426,0,1
0712_row_00003481,i,02芜湖,六郎镇,陶宝贤,2,2,i,0.9994821,1.8658158e-05,9.25294e-05,0.9994821,4.944912e-07,9.309828e-05,0.00022079602,3.427539e-08,2.451715e-05,6.789607e-05,i,0.9994821,0,1
0712_row_00003482,i,02芜湖,六郎镇,陶宝贤,2,2,i,0.43647456,0.00650893,0.03734001,0.43647456,0.0031395566,0.19738728,0.31368506,7.800689e-05,0.004654445,0.00073206896,i,0.43647456,0,1
0712_row_00003483,i,02芜湖,六郎镇,陶宝贤,2,2,i,0.9988908,0.00034931806,0.00019886903,0.9988908,2.6547689e-06,0.00019062645,0.0002696866,7.5009524e-08,5.4982942e-05,4.290701e-05,i,0.9988908,0,1
0712_row_00003484,i,02芜湖,六郎镇,陶宝贤,2,2,i,0.99943167,4.164741e-05,0.00015615314,0.99943167,5.6225633e-07,0.0001430761,0.00016657947,4.6737124e-08,3.3074222e-05,2.7111886e-05,i,0.99943167,0,1
0712_row_00003485,i,02芜湖,六郎镇,陶宝贤,2,5,y,0.6430088,0.005359536,0.013827044,0.124384515,0.009448598,0.19717033,0.6430088,8.153547e-05,0.0062987497,0.00042084552,y,0.6430088,0,1
0712_row_00003486,i,02芜湖,六郎镇,陶宝贤,2,2,i,0.8093281,0.004141521,0.030883035,0.8093281,0.0008479501,0.06598032,0.08589447,3.0480094e-05,0.0023558238,0.0005382738,i,0.8093281,0,1
0712_row_00003487,i,02芜湖,六郎镇,陶宝贤,2,2,i,0.99157274,0.0055331015,0.00039899547,0.99157274,6.18878e-05,0.00029356472,0.0020123967,4.512879e-07,2.6134561e-05,0.00010063254,i,0.99157274,0,1
0712_row_00003488,i,02芜湖,六郎镇,陶宝贤,2,2,i,0.9924495,0.00095672946,0.0012370643,0.9924495,1.3973207e-05,0.0020802265,0.0018468794,1.2391167e-06,0.0005153016,0.00089899084,i,0.9924495,0,1
0712_row_00003489,i,02芜湖,六郎镇,陶宝贤,2,2,i,0.9975695,0.00014096253,0.00088510785,0.9975695,3.712345e-06,0.0005711749,0.00061278587,1.1981287e-07,0.00012798274,8.874097e-05,i,0.9975695,0,1
0712_row_00003490,i,02芜湖,六郎镇,陶宝贤,2,2,i,0.98444897,0.003225691,0.0045822095,0.98444897,5.4873097e-05,0.0021797484,0.0042549553,3.4840084e-06,0.00068284065,0.0005670404,i,0.98444897,0,1
0712_row_00003491,i,02芜湖,六郎镇,陶宝贤,2,2,i,0.97928655,0.0037051633,0.0023994236,0.97928655,3.8282025e-05,0.010475116,0.0018876052,5.5183473e-06,0.0013912156,0.0008112719,i,0.97928655,0,1
0712_row_00003492,i,02芜湖,六郎镇,陶宝贤,2,2,i,0.99760973,7.697007e-05,0.00037197742,0.99760973,3.571947e-06,0.0005189023,0.0009449021,1.4318013e-07,0.000112259295,0.00036166966,i,0.99760973,0,1
0712_row_00003493,i,02芜湖,六郎镇,陶宝贤,2,2,i,0.99270767,0.00046132226,0.0014975485,0.99270767,1.448734e-05,0.0031321559,0.0016436635,4.9059844e-07,0.00031439395,0.00022842345,i,0.99270767,0,1
0712_row_00003494,u,02芜湖,六郎镇,陶宝贤,4,4,u,0.7253867,0.030102592,0.17933762,0.05055045,0.0060030315,0.7253867,0.0038796575,0.0015730612,0.0030148458,0.00015198761,u,0.7253867,0,1
0712_row_00003495,u,02芜湖,六郎镇,陶宝贤,4,4,u,0.77658594,0.00012729746,0.22282588,6.1316925e-05,0.00022586847,0.77658594,0.00011343341,4.544555e-06,5.1435083e-05,4.3187315e-06,u,0.77658594,0,1
0712_row_00003496,u,02芜湖,六郎镇,陶宝贤,4,4,u,0.85270375,0.0024472028,0.1368942,0.0025936456,0.0021638628,0.85270375,0.0028329808,7.1682094e-05,0.00027513353,1.7533483e-05,u,0.85270375,0,1
0712_row_00003497,u,02芜湖,六郎镇,陶宝贤,4,4,u,0.8133335,0.0012913881,0.17981203,0.002870267,0.0007827852,0.8133335,0.0017265378,1.673476e-05,0.00015515406,1.1590216e-05,u,0.8133335,0,1
0712_row_00003498,u,02芜湖,六郎镇,陶宝贤,4,1,e,0.564793,0.0006071818,0.564793,0.0015776922,0.00018145892,0.43237722,0.00024164673,2.57499e-05,0.00017445127,2.1676291e-05,e,0.564793,0,1
0712_row_00003499,u,02芜湖,六郎镇,陶宝贤,4,1,e,0.54061615,0.010874856,0.54061615,0.050043777,0.003929592,0.38709867,0.0057763746,0.0002817256,0.0011505431,0.00022828003,e,0.54061615,0,1
0712_row_00003500,u,02芜湖,六郎镇,陶宝贤,4,4,u,0.9117739,0.00044933576,0.07131394,0.000106583335,0.0012898977,0.9117739,3.0999363e-05,7.3522475e-05,0.014717929,0.00024391398,u,0.9117739,0,1
0712_row_00003501,u,02芜湖,六郎镇,陶宝贤,4,1,e,0.61801,0.050557435,0.61801,0.02898537,0.0011921403,0.2828548,0.0013450108,0.0068963324,0.009486913,0.00067202514,e,0.61801,0,1
0712_row_00003502,u,02芜湖,六郎镇,陶宝贤,4,2,i,0.39988098,0.12936883,0.18034092,0.39988098,0.01137031,0.2541248,0.0076742605,0.0004785325,0.012579592,0.0041818316,i,0.39988098,0,1
0712_row_00003503,u,02芜湖,六郎镇,陶宝贤,4,1,e,0.83007973,0.008830273,0.83007973,0.093620494,0.00041383004,0.06568839,0.00034588564,0.00014023132,0.00081639766,6.485366e-05,e,0.83007973,0,1
0712_row_00003504,u,02芜湖,六郎镇,陶宝贤,4,4,u,0.7219287,0.00027647684,0.27714288,0.00012140138,0.000192052,0.7219287,9.626068e-05,3.4051835e-05,0.0001945252,1.36188955e-05,u,0.7219287,0,1
0712_row_00003505,u,02芜湖,六郎镇,陶宝贤,4,4,u,0.7872631,0.00033133096,0.2115864,0.00014811411,0.00029974093,0.7872631,0.00018010184,7.89934e-06,0.00016705981,1.6257125e-05,u,0.7872631,0,1
0712_row_00003506,e,02芜湖,六郎镇,陶宝贤,1,1,e,0.8578034,0.029431064,0.8578034,0.008320568,0.00033103558,0.08415572,0.00027567023,0.0019587444,0.01709922,0.0006247315,e,0.8578034,0,1
0712_row_00003507,e,02芜湖,六郎镇,陶宝贤,1,1,e,0.7314848,0.005887067,0.7314848,0.002185513,0.003110904,0.2461403,0.00060274877,0.00064209866,0.009626227,0.00032035215,e,0.7314848,0,1
0712_row_00003508,e,02芜湖,六郎镇,陶宝贤,1,4,u,0.50924766,0.0006001036,0.48890036,0.0006967434,0.00019252887,0.50924766,0.00015300268,2.3126137e-05,0.00017049909,1.5891088e-05,u,0.50924766,0,1
0712_row_00003509,e,02芜湖,六郎镇,陶宝贤,1,4,u,0.57944113,0.0019337585,0.41433012,0.0013877267,0.0012168632,0.57944113,0.00062651804,4.1160296e-05,0.0009426103,8.0230064e-05,u,0.57944113,0,1
0712_row_00003510,u,02芜湖,六郎镇,陶宝贤,4,4,u,0.57285684,0.00048192134,0.4257914,0.00041279057,0.00015759475,0.57285684,0.00020962545,1.8183999e-05,5.9279228e-05,1.2381809e-05,u,0.57285684,0,1
0712_row_00003511,u,02芜湖,六郎镇,陶宝贤,4,4,u,0.6332163,0.00018411333,0.36599025,0.00011590739,0.0002722793,0.6332163,0.00016039259,1.1751622e-05,4.1957504e-05,6.986678e-06,u,0.6332163,0,1
0712_row_00003512,u,02芜湖,六郎镇,陶宝贤,4,4,u,0.51649183,0.0007628589,0.4809807,0.0011090034,0.00027018614,0.51649183,0.000252251,2.8376546e-05,8.895084e-05,1.5731812e-05,u,0.51649183,0,1
0712_row_00003513,u,02芜湖,六郎镇,陶宝贤,4,1,e,0.5027477,0.000517406,0.5027477,0.000871554,0.0002860253,0.4951906,0.00021017516,2.2897224e-05,0.00013221141,2.1513273e-05,e,0.5027477,0,1
0712_row_00003514,ɔ,02芜湖,六郎镇,陶宝贤,6,6,ɔ,0.89307237,0.10108087,0.00014069199,8.238108e-05,0.0036790378,0.00089759944,1.1335401e-05,0.89307237,0.0010104135,2.5317737e-05,ɔ,0.89307237,0,1
0712_row_00003515,a,02芜湖,六郎镇,陶宝贤,0,6,ɔ,0.8833995,0.09839836,0.00020401318,0.0004905133,0.006476916,0.001816166,5.1392384e-05,0.8833995,0.008895048,0.00026808,ɔ,0.8833995,0,1
0712_row_00003516,a,02芜湖,六郎镇,陶宝贤,0,6,ɔ,0.7113051,0.06517287,0.0040633585,3.9689356e-05,0.013267008,0.002201929,2.3887274e-05,0.7113051,0.20369506,0.00023107111,ɔ,0.7113051,0,1
0712_row_00003517,ɔ,02芜湖,六郎镇,陶宝贤,6,6,ɔ,0.93745595,0.057334747,2.7712622e-05,1.4977565e-05,0.003318431,0.00048334114,1.9083889e-06,0.93745595,0.0013542954,8.6227055e-06,ɔ,0.93745595,0,1
0712_row_00003518,a,02芜湖,六郎镇,陶宝贤,0,0,a,0.91811746,0.91811746,0.0030847148,0.00049426913,0.01929687,0.0028264394,8.692088e-05,0.054915983,0.0011190486,5.8414993e-05,a,0.91811746,0,1
0712_row_00003519,ɔ,02芜湖,六郎镇,陶宝贤,6,6,ɔ,0.9215256,0.030521376,0.00015444455,4.4078083e-06,0.0089387875,0.0014125948,1.0312007e-06,0.9215256,0.03743309,8.674364e-06,ɔ,0.9215256,0,1
0712_row_00003521,ɔ,02芜湖,六郎镇,陶宝贤,6,6,ɔ,0.95608383,0.019506918,5.117445e-05,2.1640053e-06,0.0061271694,0.00075673,4.5899912e-07,0.95608383,0.017465688,5.7610855e-06,ɔ,0.95608383,0,1
0712_row_00003522,ɔ,02芜湖,六郎镇,陶宝贤,6,7,ə,0.51901764,0.06451392,0.034344025,0.00013776691,0.103883706,0.08463412,0.0011504629,0.19127668,0.51901764,0.0010416448,ə,0.51901764,0,1
0712_row_00003523,a,02芜湖,六郎镇,陶宝贤,0,0,a,0.9196921,0.9196921,0.0018467496,3.5289286e-05,0.07435771,0.0001212753,5.3536754e-05,0.0016889481,0.0011062426,0.0010983385,a,0.9196921,0,1
0712_row_00003524,a,02芜湖,六郎镇,陶宝贤,0,0,a,0.47790188,0.47790188,0.058274053,0.0011841101,0.0103637045,0.0028078933,0.00042307403,0.061843086,0.37901908,0.008183062,a,0.47790188,0,1
0712_row_00003525,a,02芜湖,六郎镇,陶宝贤,0,0,a,0.45704392,0.45704392,0.1414267,0.0043057576,0.0029385742,0.0011145914,0.0008299137,0.012344243,0.3341848,0.0458115,a,0.45704392,0,1
0712_row_00003528,a,02芜湖,六郎镇,陶宝贤,0,0,a,0.9654426,0.9654426,0.0054055746,0.0007160215,0.009420592,0.00046920415,0.00011673369,0.004138985,0.0066170227,0.007673487,a,0.9654426,0,1
0712_row_00003529,a,02芜湖,六郎镇,陶宝贤,0,0,a,0.60147536,0.60147536,0.31366313,0.00068249385,0.013501129,0.0006203957,0.009520158,0.00021220121,0.023528721,0.036796406,a,0.60147536,0,1
0712_row_00003530,a,02芜湖,六郎镇,陶宝贤,0,0,a,0.75070345,0.75070345,0.15300098,0.0005590028,0.0037839594,0.00018444692,0.003693559,0.00017019114,0.049691334,0.038213246,a,0.75070345,0,1
0712_row_00003531,a,02芜湖,六郎镇,陶宝贤,0,6,ɔ,0.60746646,0.20378056,0.0015074938,4.6158813e-05,0.047811978,0.0009610845,2.7889235e-05,0.60746646,0.13815977,0.00023856167,ɔ,0.60746646,0,1
0712_row_00003532,a,02芜湖,六郎镇,陶宝贤,0,0,a,0.49946746,0.49946746,0.06560103,0.07295451,0.077983685,0.0017931509,0.08282495,0.0019223854,0.12194069,0.07551213,a,0.49946746,0,1
0712_row_00003533,a,02芜湖,六郎镇,陶宝贤,0,0,a,0.53850377,0.53850377,0.2523262,0.0007246622,0.00045517986,0.00010830726,0.001675991,0.0002761785,0.07174876,0.13418092,a,0.53850377,0,1
0712_row_00003534,u,02芜湖,六郎镇,陶宝贤,4,4,u,0.50752413,0.20130676,0.000121713405,0.00036884713,0.18589553,0.50752413,0.10392948,0.00036863453,0.00045011874,3.4654324e-05,u,0.50752413,0,1
0712_row_00003535,o,02芜湖,六郎镇,陶宝贤,3,3,o,0.6881942,0.03443324,0.00010120536,0.00017337072,0.6881942,0.116229005,0.0005588638,0.15973376,0.00056887587,7.464091e-06,o,0.6881942,0,1
0712_row_00003536,o,02芜湖,六郎镇,陶宝贤,3,3,o,0.38987005,0.29015616,0.02478303,0.0046142745,0.38987005,0.14997613,0.034153264,0.028046172,0.07565737,0.0027434812,o,0.38987005,0,1
0712_row_00003537,o,02芜湖,六郎镇,陶宝贤,3,4,u,0.7167001,0.007886479,0.0042532254,0.0023224845,0.14700112,0.7167001,0.00033181807,0.08934988,0.031316053,0.00083889824,u,0.7167001,0,1
0712_row_00003538,o,02芜湖,六郎镇,陶宝贤,3,3,o,0.9933297,0.0042727995,8.741434e-05,0.00019849272,0.9933297,0.00021220293,0.0018305322,2.5647787e-05,4.0669784e-05,2.4731435e-06,o,0.9933297,0,1
0712_row_00003539,o,02芜湖,六郎镇,陶宝贤,3,3,o,0.95859486,0.03562291,0.0008101808,3.554867e-05,0.95859486,0.001317645,0.003426088,5.8349346e-05,0.00011995903,1.4423563e-05,o,0.95859486,0,1
0712_row_00003540,o,02芜湖,六郎镇,陶宝贤,3,3,o,0.99036205,0.0055084056,6.961318e-05,8.339389e-05,0.99036205,0.0030918177,0.00037650624,0.0005037552,4.131686e-06,4.1194008e-07,o,0.99036205,0,1
0712_row_00003541,o,02芜湖,六郎镇,陶宝贤,3,3,o,0.9890115,0.005195378,5.633965e-05,8.644568e-05,0.9890115,0.004384106,0.0009873551,0.0002568436,2.0035046e-05,1.9839424e-06,o,0.9890115,0,1
0712_row_00003542,o,02芜湖,六郎镇,陶宝贤,3,3,o,0.9339242,0.047852315,0.0023011349,0.0011156581,0.9339242,0.008329784,0.0034259155,0.0026760118,0.0003153037,5.9625614e-05,o,0.9339242,0,1
0712_row_00003543,u,02芜湖,六郎镇,陶宝贤,4,2,i,0.9216401,0.002705689,0.0056770905,0.9216401,0.00019619489,0.032629512,0.03556647,1.6229855e-05,0.0011460412,0.0004225517,i,0.9216401,0,1
0712_row_00003544,u,02芜湖,六郎镇,陶宝贤,4,5,y,0.8319362,9.9657685e-05,2.4497183e-05,0.00017473995,0.00037640161,0.16734037,0.8319362,3.6910635e-07,4.0458224e-05,7.354897e-06,y,0.8319362,0,1
0712_row_00003545,u,02芜湖,六郎镇,陶宝贤,4,5,y,0.52890384,0.012123592,0.0035287738,0.001244273,0.022902125,0.42098516,0.52890384,0.00024983587,0.009443024,0.0006193353,y,0.52890384,0,1
0712_row_00003546,u,02芜湖,六郎镇,陶宝贤,4,2,i,0.46725872,0.002259331,0.00070454576,0.46725872,0.00022419059,0.12433717,0.4042031,3.4045815e-06,0.0007036329,0.00030580733,i,0.46725872,0,1
0712_row_00003547,o,02芜湖,六郎镇,陶宝贤,3,3,o,0.874062,0.010036836,3.2520325e-05,0.0001392524,0.874062,0.10592836,0.0019016946,0.0076734796,0.0002224373,3.462383e-06,o,0.874062,0,1
0712_row_00003548,o,02芜湖,六郎镇,陶宝贤,3,3,o,0.8368807,0.10082385,0.0007949436,0.0012791007,0.8368807,0.0057957834,0.052710235,0.00015741677,0.0012880415,0.00026995494,o,0.8368807,0,1
0712_row_00003549,o,02芜湖,六郎镇,陶宝贤,3,3,o,0.93165237,0.04675438,0.0005352634,0.00027827368,0.93165237,0.0010847704,0.019385658,4.055499e-05,0.00023207151,3.6609432e-05,o,0.93165237,0,1
0712_row_00003550,o,02芜湖,六郎镇,陶宝贤,3,3,o,0.93291193,0.017520053,0.00020879808,0.00022601726,0.93291193,0.019215943,0.02955679,8.393801e-05,0.00026394654,1.2556305e-05,o,0.93291193,0,1
0712_row_00003551,o,02芜湖,六郎镇,陶宝贤,3,3,o,0.97437274,0.008021104,0.00039800283,7.509876e-05,0.97437274,0.00691683,0.010080512,3.4938996e-05,9.45254e-05,6.054782e-06,o,0.97437274,0,1
0712_row_00003552,o,02芜湖,六郎镇,陶宝贤,3,3,o,0.9947771,0.0037710408,2.6177695e-05,5.0771327e-05,0.9947771,0.00035827528,0.0010084579,7.2564135e-06,8.699392e-07,1.2169636e-07,o,0.9947771,0,1
0712_row_00003553,o,02芜湖,六郎镇,陶宝贤,3,3,o,0.7316362,0.058873653,0.005557741,0.0032805752,0.7316362,0.14404827,0.046778865,0.0015270407,0.007491618,0.0008060795,o,0.7316362,0,1
0712_row_00003554,o,02芜湖,六郎镇,陶宝贤,3,3,o,0.98500884,0.001712265,7.313328e-05,1.88428e-05,0.98500884,0.00050347194,0.012666274,1.3768206e-06,1.4805238e-05,1.064572e-06,o,0.98500884,0,1
0712_row_00003555,o,02芜湖,六郎镇,陶宝贤,3,3,o,0.9653562,0.00319178,0.0014518915,9.2765076e-05,0.9653562,0.00016855387,0.029522598,1.6052682e-05,0.00010958724,9.0704365e-05,o,0.9653562,0,1
0712_row_00003556,o,02芜湖,六郎镇,陶宝贤,3,3,o,0.9739459,0.0017523094,0.0001138506,4.8561567e-05,0.9739459,0.0001380886,0.023917882,3.259155e-06,6.948054e-05,1.06756215e-05,o,0.9739459,0,1
0712_row_00003557,o,02芜湖,六郎镇,陶宝贤,3,3,o,0.8686976,0.0036406857,0.00012216344,0.000353552,0.8686976,0.00021614776,0.12681468,2.9050182e-06,0.00011070512,4.1595384e-05,o,0.8686976,0,1
0712_row_00003558,o,02芜湖,六郎镇,陶宝贤,3,3,o,0.99058515,0.000684304,1.9150842e-05,1.1464514e-05,0.99058515,0.00014531732,0.00854605,9.10703e-07,6.330358e-06,1.1245638e-06,o,0.99058515,0,1
0712_row_00003559,a,02芜湖,六郎镇,陶宝贤,0,0,a,0.7680054,0.7680054,0.0005306878,0.0011113446,0.17773685,0.034589004,0.003338173,0.007940456,0.0063878214,0.0003602307,a,0.7680054,0,1
0712_row_00003560,a,02芜湖,六郎镇,陶宝贤,0,0,a,0.96641445,0.96641445,0.0004453577,3.596362e-05,0.0009108642,0.000421294,1.2628843e-06,1.0926832e-06,0.03173951,3.0314312e-05,a,0.96641445,0,1
0712_row_00003561,a,02芜湖,六郎镇,陶宝贤,0,0,a,0.9344576,0.9344576,0.00026444258,0.0002876943,0.04414782,0.017576978,0.000879877,0.00028837333,0.0018707489,0.00022633064,a,0.9344576,0,1
0712_row_00003562,a,02芜湖,六郎镇,陶宝贤,0,0,a,0.9655168,0.9655168,0.015816974,0.005314474,0.00037630906,0.0014070416,0.0001249338,1.5125065e-06,0.007519122,0.0039229156,a,0.9655168,0,1
0712_row_00003563,a,02芜湖,六郎镇,陶宝贤,0,0,a,0.99244326,0.99244326,0.0010888797,0.0001522249,0.00016621627,0.0012729205,1.4860349e-06,7.3484404e-07,0.004861041,1.314274e-05,a,0.99244326,0,1
0712_row_00003564,a,02芜湖,六郎镇,陶宝贤,0,8,ɛ,0.5634918,0.115027994,0.0018149234,0.26908752,0.00011055689,0.002925616,0.0032688894,0.00017853282,0.044094145,0.5634918,ɛ,0.5634918,0,1
0712_row_00003565,a,02芜湖,六郎镇,陶宝贤,0,0,a,0.887089,0.887089,0.08406057,0.0012069662,0.0003862824,0.0011639426,7.7254925e-05,4.373326e-06,0.012141332,0.013870234,a,0.887089,0,1
0712_row_00003566,a,02芜湖,六郎镇,陶宝贤,0,0,a,0.64665335,0.64665335,0.19264595,0.048637595,0.004007488,0.033888932,0.0006294297,0.00046634715,0.072588935,0.00048199724,a,0.64665335,0,1
0712_row_00003567,a,02芜湖,六郎镇,陶宝贤,0,2,i,0.6011772,0.2524593,0.0028249538,0.6011772,0.00025471894,0.010858285,0.014548579,0.00026356094,0.033640984,0.08397229,i,0.6011772,0,1
0712_row_00003568,a,02芜湖,六郎镇,陶宝贤,0,8,ɛ,0.42284283,0.054471023,0.11495219,0.15469572,0.0014174149,0.0017419452,0.05029402,0.0016033156,0.19798164,0.42284283,ɛ,0.42284283,0,1
0712_row_00003569,a,02芜湖,六郎镇,陶宝贤,0,1,e,0.3889406,0.08771091,0.3889406,0.35473436,0.00077314745,0.004244935,0.056135233,0.00026521203,0.06259942,0.044596158,e,0.3889406,0,1
0712_row_00003570,i,02芜湖,六郎镇,陶宝贤,2,2,i,0.80228436,0.01554079,0.0026052108,0.80228436,0.00093043223,0.097900465,0.06714271,0.00038141696,0.011754017,0.0014604944,i,0.80228436,0,1
0712_row_00003571,a,02芜湖,六郎镇,陶宝贤,0,0,a,0.97828406,0.97828406,0.0017897164,0.001318493,2.5913861e-05,0.000108770444,1.9041885e-05,3.695864e-07,0.008935155,0.009518529,a,0.97828406,0,1
0712_row_00003572,a,02芜湖,六郎镇,陶宝贤,0,2,i,0.6480383,0.081685565,0.006313703,0.6480383,0.0010871094,0.012431248,0.021068389,0.0010202188,0.05528598,0.17306946,i,0.6480383,0,1
0712_row_00003573,a,02芜湖,六郎镇,陶宝贤,0,0,a,0.64598274,0.64598274,0.0008529741,0.01754598,0.00047182495,0.00032667277,0.0026276784,0.00011828619,0.23078229,0.10129147,a,0.64598274,0,1
0712_row_00003574,a,02芜湖,六郎镇,陶宝贤,0,0,a,0.4649742,0.4649742,0.0031523868,0.0704154,0.00032990365,0.000813731,0.0020164791,0.00027698508,0.21525612,0.24276471,a,0.4649742,0,1
0712_row_00003575,ə,02芜湖,六郎镇,陶宝贤,7,1,e,0.80111146,0.03710038,0.80111146,0.03119748,0.0014019207,0.006269101,0.062685125,0.00091243157,0.042387422,0.01693476,e,0.80111146,0,1
0712_row_00003576,i,02芜湖,六郎镇,陶宝贤,2,8,ɛ,0.35469097,0.12489589,0.05204962,0.2580927,0.0012240187,0.0010537823,0.08407981,0.00026066788,0.12365253,0.35469097,ɛ,0.35469097,0,1
0712_row_00003577,a,02芜湖,六郎镇,陶宝贤,0,2,i,0.6689004,0.26248923,0.0035703834,0.6689004,0.00025965826,0.0021538718,0.011859855,4.956322e-05,0.02040594,0.030311134,i,0.6689004,0,1
0712_row_00003578,i,02芜湖,六郎镇,陶宝贤,2,2,i,0.62119496,0.010557066,0.3256815,0.62119496,0.00025378843,0.0020890266,0.008847457,0.00010504025,0.029030278,0.0022409665,i,0.62119496,0,1
0712_row_00003579,i,02芜湖,六郎镇,陶宝贤,2,2,i,0.90632445,0.015895767,0.00423057,0.90632445,0.00031963707,0.00083951384,0.035249796,8.242345e-05,0.034420166,0.002637871,i,0.90632445,0,1
0712_row_00003580,i,02芜湖,六郎镇,陶宝贤,2,2,i,0.8365209,0.01103164,0.0031376025,0.8365209,0.0005040672,0.019173384,0.07419538,0.00021651768,0.037626322,0.017594216,i,0.8365209,0,1
0712_row_00003581,y,02芜湖,六郎镇,陶宝贤,5,2,i,0.7112517,0.015855474,0.0065371557,0.7112517,0.0008478527,0.037132926,0.14373015,0.0012747564,0.07772773,0.0056422697,i,0.7112517,0,1
0712_row_00003582,a,02芜湖,六郎镇,陶宝贤,0,7,ə,0.76366407,0.06722287,0.002689309,0.00039960432,0.0046928506,0.15967828,0.0011235313,0.00048873934,0.76366407,4.071818e-05,ə,0.76366407,0,1
0712_row_00003583,i,02芜湖,六郎镇,陶宝贤,2,5,y,0.82914245,0.00026436374,0.0349154,0.055564184,0.0011939382,0.0003225791,0.82914245,2.1732916e-05,0.07736609,0.0012093387,y,0.82914245,0,1
0712_row_00003584,i,02芜湖,六郎镇,陶宝贤,2,2,i,0.67727876,0.011779541,0.078031994,0.67727876,0.00062028045,0.0058270823,0.08822967,0.00010332783,0.049415756,0.08871357,i,0.67727876,0,1
0712_row_00003585,a,02芜湖,六郎镇,陶宝贤,0,0,a,0.99429685,0.99429685,0.00014622911,0.0007736863,0.00010532196,9.967947e-05,9.2202845e-07,9.834167e-07,0.004466968,0.00010926391,a,0.99429685,0,1
0712_row_00003586,a,02芜湖,六郎镇,陶宝贤,0,0,a,0.8404996,0.8404996,0.025460443,0.09409408,0.001751343,0.019351507,0.0008901788,9.678238e-06,0.013717147,0.0042260005,a,0.8404996,0,1
0712_row_00003587,a,02芜湖,六郎镇,陶宝贤,0,0,a,0.99293464,0.99293464,0.00015262597,0.005429621,0.00024337306,0.0004521468,4.6759542e-05,2.7704466e-06,0.0007040557,3.410788e-05,a,0.99293464,0,1
0712_row_00003588,a,02芜湖,六郎镇,陶宝贤,0,0,a,0.96463966,0.96463966,0.0009447962,6.63357e-05,0.0011791068,0.00055354164,2.8466557e-06,8.7642576e-07,0.032565825,4.685281e-05,a,0.96463966,0,1
0712_row_00003589,a,02芜湖,六郎镇,陶宝贤,0,0,a,0.77806973,0.77806973,0.00074652635,0.0038847113,0.12561661,0.011592243,0.0016115345,0.007620587,0.07067745,0.0001805927,a,0.77806973,0,1
0712_row_00003590,a,02芜湖,六郎镇,陶宝贤,0,3,o,0.63295114,0.04696144,0.00054124335,0.00021717385,0.63295114,0.05520595,0.0006194456,0.00043258234,0.26302034,5.0627248e-05,o,0.63295114,0,1
0712_row_00003591,a,02芜湖,六郎镇,陶宝贤,0,0,a,0.7190348,0.7190348,0.14242011,0.00077851437,0.029739501,0.013531248,0.039733835,6.148148e-05,0.050521858,0.0041787336,a,0.7190348,0,1
0712_row_00003592,a,02芜湖,六郎镇,陶宝贤,0,0,a,0.9265664,0.9265664,4.9847786e-05,0.07249902,0.00015043915,0.00010993073,0.0003901269,7.905571e-07,0.00019022243,4.330314e-05,a,0.9265664,0,1
0712_row_00003593,a,02芜湖,六郎镇,陶宝贤,0,0,a,0.91032636,0.91032636,0.013663219,0.0026716378,0.025413476,0.01864333,0.00021789661,0.0023331381,0.026655257,7.558726e-05,a,0.91032636,0,1
0712_row_00003594,a,02芜湖,六郎镇,陶宝贤,0,0,a,0.91927975,0.91927975,0.001973028,0.0041289763,0.0024229682,0.02287114,0.00020545273,2.4063362e-05,0.048937786,0.00015674291,a,0.91927975,0,1
0712_row_00003595,a,02芜湖,六郎镇,陶宝贤,0,0,a,0.4561866,0.4561866,0.00427373,0.38795128,0.0007354958,0.012104208,0.016537545,0.0003139916,0.03232065,0.08957642,a,0.4561866,0,1
0712_row_00003596,a,02芜湖,六郎镇,陶宝贤,0,2,i,0.6745973,0.30715165,0.011788092,0.6745973,0.0008599909,0.001151943,0.000771299,0.00013065827,0.0021592868,0.0013897835,i,0.6745973,0,1
0712_row_00003597,a,02芜湖,六郎镇,陶宝贤,0,7,ə,0.662355,0.19540516,0.016484492,0.0003624001,0.055423353,0.06679329,0.000575675,0.0023447836,0.662355,0.00025581554,ə,0.662355,0,1
0712_row_00003598,a,02芜湖,六郎镇,陶宝贤,0,0,a,0.41048944,0.41048944,0.008036113,0.15296806,0.00078168046,0.0021034742,0.0069654505,0.00061472936,0.22223951,0.19580157,a,0.41048944,0,1
0712_row_00003599,i,02芜湖,六郎镇,陶宝贤,2,2,i,0.97772187,0.012315597,0.005823213,0.97772187,0.000991794,0.00039335768,0.0026719181,4.4785396e-05,2.9289555e-05,8.343973e-06,i,0.97772187,0,1
0712_row_00003600,i,02芜湖,六郎镇,陶宝贤,2,2,i,0.9133806,0.03913039,0.03346063,0.9133806,0.0013485501,0.0013671198,0.009492023,0.00038114074,0.0012161845,0.00022327462,i,0.9133806,0,1
0712_row_00003601,i,02芜湖,六郎镇,陶宝贤,2,2,i,0.9403926,0.022479739,0.023732044,0.9403926,0.0023685878,0.00122269,0.0089799445,0.00017502753,0.0005008121,0.0001485846,i,0.9403926,0,1
0712_row_00003602,i,02芜湖,六郎镇,陶宝贤,2,2,i,0.7017015,0.07325197,0.0027553802,0.7017015,0.0023025104,0.09032125,0.018828785,0.0010150275,0.05496429,0.054859344,i,0.7017015,0,1
0712_row_00003603,a,02芜湖,六郎镇,陶宝贤,0,2,i,0.7261519,0.05446032,0.003304706,0.7261519,0.00072580704,0.011563165,0.020412657,0.00019696861,0.053239483,0.12994498,i,0.7261519,0,1
0712_row_00003604,a,02芜湖,六郎镇,陶宝贤,0,2,i,0.625317,0.06586457,0.01235839,0.625317,0.005248788,0.0660197,0.046126395,0.0033821983,0.113086954,0.062596045,i,0.625317,0,1
0712_row_00003605,e,02芜湖,六郎镇,陶宝贤,1,1,e,0.24939165,0.21780546,0.24939165,0.13932358,0.029750658,0.07250578,0.17406061,0.009373996,0.07918614,0.028602097,e,0.24939165,0,1
0712_row_00003606,ə,02芜湖,六郎镇,陶宝贤,7,7,ə,0.33735192,0.07381996,0.099434406,0.061404478,0.088952124,0.06233823,0.2269134,0.008053273,0.33735192,0.041732274,ə,0.33735192,0,1
0712_row_00003607,i,02芜湖,六郎镇,陶宝贤,2,2,i,0.93967414,0.011280343,0.035984334,0.93967414,0.0016149516,0.0013262401,0.00772702,0.0005787364,0.0016199178,0.00019438752,i,0.93967414,0,1
0712_row_00003608,e,02芜湖,六郎镇,陶宝贤,1,1,e,0.53147393,0.027717818,0.53147393,0.40917876,0.0003262877,0.003303438,0.00730922,0.00020252401,0.01846929,0.0020187024,e,0.53147393,0,1
0712_row_00003609,i,02芜湖,六郎镇,陶宝贤,2,2,i,0.8072562,0.06526501,0.019890446,0.8072562,0.0028097788,0.001423873,0.06709819,0.00032859732,0.011858035,0.024069887,i,0.8072562,0,1
0712_row_00003610,a,02芜湖,六郎镇,陶宝贤,0,0,a,0.9410897,0.9410897,0.00020926868,2.7716178e-05,0.049206775,0.0009913206,2.3244203e-05,0.00084894977,0.0074482714,0.00015496956,a,0.9410897,0,1
0712_row_00003611,a,02芜湖,六郎镇,陶宝贤,0,0,a,0.94165033,0.94165033,0.00023442737,3.3261716e-05,0.049098596,0.001551445,5.0896364e-05,0.00065013656,0.0065975003,0.0001335332,a,0.94165033,0,1
0712_row_00003612,a,02芜湖,六郎镇,陶宝贤,0,3,o,0.46035767,0.23231664,0.0056321686,0.00021590205,0.46035767,0.025932757,0.00085158006,0.0015213478,0.2729811,0.00019090612,o,0.46035767,0,1
0712_row_00003613,a,02芜湖,六郎镇,陶宝贤,0,0,a,0.8252758,0.8252758,0.0019735927,0.035095792,0.022310225,0.06662347,0.04110329,0.0006754587,0.002939561,0.004002781,a,0.8252758,0,1
0712_row_00003614,a,02芜湖,六郎镇,陶宝贤,0,0,a,0.49674928,0.49674928,0.027675847,0.0012719649,0.15787585,0.061535016,0.022031903,0.0020934786,0.22730643,0.0034602736,a,0.49674928,0,1
0712_row_00003615,a,02芜湖,六郎镇,陶宝贤,0,0,a,0.991409,0.991409,0.0012076773,0.0004753134,0.003614463,0.00038106134,1.1237429e-05,1.9555968e-05,0.0028540802,2.7666872e-05,a,0.991409,0,1
0712_row_00003616,a,02芜湖,六郎镇,陶宝贤,0,0,a,0.9868998,0.9868998,0.001728441,2.2187683e-05,0.0005408772,0.00025253068,9.205103e-07,3.233249e-07,0.0105095515,4.5187007e-05,a,0.9868998,0,1
0712_row_00003617,a,02芜湖,六郎镇,陶宝贤,0,0,a,0.74333876,0.74333876,0.036230892,0.00021775113,0.00024459595,2.6178388e-05,6.7521745e-05,1.013169e-06,0.013534771,0.20633869,a,0.74333876,0,1
0712_row_00003618,a,02芜湖,六郎镇,陶宝贤,0,0,a,0.99600863,0.99600863,0.00023726336,6.781496e-05,0.00017042419,0.0003148431,2.4788817e-06,7.3042014e-07,0.003178411,1.9451187e-05,a,0.99600863,0,1
0712_row_00003619,a,02芜湖,六郎镇,陶宝贤,0,0,a,0.76652837,0.76652837,0.10255429,0.007175076,0.10635085,0.008618655,0.0009540904,0.0020392165,0.0054170513,0.00036262814,a,0.76652837,0,1
0712_row_00003620,a,02芜湖,六郎镇,陶宝贤,0,0,a,0.7857945,0.7857945,0.00095301867,7.1845505e-05,0.1097401,0.0018223571,1.5080217e-05,0.040558364,0.059866354,0.0011782235,a,0.7857945,0,1
0712_row_00003621,a,02芜湖,六郎镇,陶宝贤,0,0,a,0.5047092,0.5047092,0.013305966,0.0018125828,0.14049934,0.10967966,0.044434723,0.0010728879,0.1764726,0.00801308,a,0.5047092,0,1
0712_row_00003622,a,02芜湖,六郎镇,陶宝贤,0,0,a,0.52431583,0.52431583,0.0038779431,7.5757875e-05,0.37094107,0.009809527,0.00026406365,0.0012787674,0.08898439,0.0004526547,a,0.52431583,0,1
0712_row_00003623,a,02芜湖,六郎镇,陶宝贤,0,3,o,0.48934445,0.32399818,0.0031528817,9.344509e-05,0.48934445,0.008620667,5.6897403e-05,0.030388491,0.14289206,0.0014528715,o,0.48934445,0,1
0712_row_00003624,a,02芜湖,六郎镇,陶宝贤,0,0,a,0.31967756,0.31967756,0.044829227,0.0017010393,0.054658152,0.2726197,0.19747338,0.0013343946,0.09193952,0.015767023,a,0.31967756,0,1
0712_row_00003625,u,02芜湖,六郎镇,陶宝贤,4,4,u,0.5892503,0.06723167,0.0061877524,0.20485914,0.016570421,0.5892503,0.070185795,0.00187704,0.040507097,0.0033307427,u,0.5892503,0,1
0712_row_00003626,i,02芜湖,六郎镇,陶宝贤,2,2,i,0.7798079,0.06121915,0.0014482468,0.7798079,0.00097637915,0.0705797,0.01154549,0.0005617214,0.04390678,0.029954718,i,0.7798079,0,1
0712_row_00003627,y,02芜湖,六郎镇,陶宝贤,5,1,e,0.78211075,0.04331382,0.78211075,0.05713024,0.004941074,0.0034241753,0.076293305,0.00031120688,0.01646944,0.016005913,e,0.78211075,0,1
0712_row_00003628,y,02芜湖,六郎镇,陶宝贤,5,5,y,0.72616804,0.005481307,0.0041936473,0.11992587,0.0025407756,0.0012062688,0.72616804,4.2900538e-05,0.035251006,0.105190225,y,0.72616804,0,1
0712_row_00003629,a,02芜湖,六郎镇,陶宝贤,0,0,a,0.99636143,0.99636143,0.0005030638,0.0001071714,0.0009424215,0.00026480213,3.2942837e-06,6.347376e-07,0.0017876761,2.9650082e-05,a,0.99636143,0,1
0712_row_00003630,a,02芜湖,六郎镇,陶宝贤,0,0,a,0.9944508,0.9944508,0.0005041537,9.202912e-05,0.00026640942,0.0006039756,1.8458038e-06,4.992792e-07,0.004069123,1.1127981e-05,a,0.9944508,0,1
0712_row_00003631,a,02芜湖,六郎镇,陶宝贤,0,0,a,0.6570372,0.6570372,0.044008266,0.0021159607,0.017982896,0.07139084,0.0008487344,0.002383308,0.20393553,0.00029728896,a,0.6570372,0,1
0712_row_00003632,y,02芜湖,六郎镇,陶宝贤,5,5,y,0.49436513,0.0018021757,0.46535164,0.010015292,0.015085648,0.00043974942,0.49436513,8.4117586e-05,0.0070581213,0.005798197,y,0.49436513,0,1
0712_row_00003633,e,02芜湖,六郎镇,陶宝贤,1,5,y,0.4773688,0.00663854,0.41662386,0.020276848,0.012942443,0.0005013994,0.4773688,0.00020651073,0.016527604,0.04891399,y,0.4773688,0,1
0712_row_00003634,e,02芜湖,六郎镇,陶宝贤,1,1,e,0.624478,0.05700225,0.624478,0.28320462,0.002085265,0.0038045496,0.01126499,0.0001385663,0.013782188,0.0042397003,e,0.624478,0,1
0712_row_00003635,ə,02芜湖,六郎镇,陶宝贤,7,7,ə,0.95221335,9.4285526e-05,4.001067e-05,0.00068567885,0.0010614225,2.2095102e-05,0.044044975,1.6015052e-05,0.95221335,0.0018221632,ə,0.95221335,0,1
0712_row_00003636,ə,02芜湖,六郎镇,陶宝贤,7,4,u,0.780301,0.025721313,0.001467026,0.0025815926,0.018779777,0.780301,0.011351434,0.0005867686,0.15915337,5.770921e-05,u,0.780301,0,1
0712_row_00003637,i,02芜湖,六郎镇,陶宝贤,2,2,i,0.88959825,0.0016780611,0.0031428726,0.88959825,0.0001866084,0.0023017311,0.048160102,7.382641e-05,0.054746915,0.000111607,i,0.88959825,0,1
0712_row_00003638,i,02芜湖,六郎镇,陶宝贤,2,2,i,0.75879973,0.020954262,0.032274216,0.75879973,0.0014688415,0.016534403,0.054792617,0.000546392,0.0952167,0.019412821,i,0.75879973,0,1
0712_row_00003639,i,02芜湖,六郎镇,陶宝贤,2,2,i,0.6669008,0.011136812,0.002600359,0.6669008,0.0024616641,0.16351776,0.11370567,0.001015238,0.037081424,0.0015803449,i,0.6669008,0,1
0712_row_00003640,i,02芜湖,六郎镇,陶宝贤,2,4,u,0.71483344,0.042591605,0.01854646,0.017361866,0.039171197,0.71483344,0.082261994,0.0020163935,0.082871884,0.00034516337,u,0.71483344,0,1
0712_row_00003641,i,02芜湖,六郎镇,陶宝贤,2,1,e,0.4448795,0.010366229,0.4448795,0.32412392,0.0058234544,0.009945595,0.19472238,0.00035631127,0.007335403,0.0024471509,e,0.4448795,0,1
0712_row_00003642,i,02芜湖,六郎镇,陶宝贤,2,2,i,0.69858646,0.027790055,0.01300606,0.69858646,0.0010572177,0.020484542,0.07772279,0.0013120312,0.13002686,0.030013954,i,0.69858646,0,1
0712_row_00003643,i,02芜湖,六郎镇,陶宝贤,2,2,i,0.4577249,0.030180631,0.014124519,0.4577249,0.00630203,0.2360589,0.08267811,0.012605478,0.15642293,0.0039025357,i,0.4577249,0,1
0712_row_00003644,ə,02芜湖,六郎镇,陶宝贤,7,7,ə,0.9446017,0.022577172,0.002458766,0.00037603034,0.0014690389,0.027398787,0.0005553445,0.00055393117,0.9446017,9.2856335e-06,ə,0.9446017,0,1
0712_row_00003645,ə,02芜湖,六郎镇,陶宝贤,7,7,ə,0.95603263,0.022886863,0.00524068,0.0053558624,0.002471488,0.0046142354,0.0012249879,0.0021152967,0.95603263,5.7920864e-05,ə,0.95603263,0,1
0712_row_00003646,u,02芜湖,六郎镇,陶宝贤,4,4,u,0.4808081,0.038954258,0.002525936,0.000721968,0.033755165,0.4808081,0.0015766405,0.0013772295,0.44025704,2.368886e-05,u,0.4808081,0,1
0712_row_00003647,u,02芜湖,六郎镇,陶宝贤,4,5,y,0.6266894,0.0018789422,0.00054264336,0.018395716,0.003538776,0.338259,0.6266894,3.9194405e-05,0.010643075,1.32514015e-05,y,0.6266894,0,1
0712_row_00003648,u,02芜湖,六郎镇,陶宝贤,4,4,u,0.83925426,0.00416887,0.0018551808,0.0026784579,0.0059054396,0.83925426,0.08384996,0.00012391526,0.062147684,1.6255726e-05,u,0.83925426,0,1
0712_row_00003649,u,02芜湖,六郎镇,陶宝贤,4,4,u,0.6216924,0.0571287,0.011495213,0.0018185258,0.015097922,0.6216924,0.023060344,0.001173024,0.26839772,0.00013603494,u,0.6216924,0,1
0712_row_00003650,u,02芜湖,六郎镇,陶宝贤,4,4,u,0.69075555,0.03149813,0.004032138,0.0025792196,0.007981806,0.69075555,0.014971846,0.00042277377,0.24770327,5.5213604e-05,u,0.69075555,0,1
0712_row_00003651,y,02芜湖,六郎镇,陶宝贤,5,5,y,0.73843855,0.003432023,0.0072422414,0.019214436,0.004543248,0.18699686,0.73843855,0.00047512425,0.03959879,5.8826416e-05,y,0.73843855,0,1
0712_row_00003652,ə,02芜湖,六郎镇,陶宝贤,7,7,ə,0.9021495,0.014378302,0.0039985115,0.00030303255,0.0019623002,0.07287041,0.0035711545,0.0007471977,0.9021495,1.956763e-05,ə,0.9021495,0,1
0712_row_00003653,ə,02芜湖,六郎镇,陶宝贤,7,7,ə,0.8438453,0.025472473,0.002221478,0.00026417573,0.0034073463,0.122467205,0.0018548951,0.0004538763,0.8438453,1.3297437e-05,ə,0.8438453,0,1
0712_row_00003654,ə,02芜湖,六郎镇,陶宝贤,7,7,ə,0.89040834,0.045438047,0.0009981304,0.00015505968,0.00833551,0.051851366,0.0024746857,0.00031843365,0.89040834,2.0471833e-05,ə,0.89040834,0,1
0712_row_00003655,y,02芜湖,六郎镇,陶宝贤,5,5,y,0.8629365,0.0007478116,0.004706881,0.042308718,0.00061013247,0.044688243,0.8629365,0.00011132169,0.043841563,4.8910755e-05,y,0.8629365,0,1
0712_row_00003656,y,02芜湖,六郎镇,陶宝贤,5,5,y,0.94792956,0.00027406026,0.0065507917,0.010261876,0.0017336075,0.004112528,0.94792956,2.6068035e-05,0.028989386,0.00012201827,y,0.94792956,0,1
0712_row_00003657,a,02芜湖,六郎镇,陶宝贤,0,1,e,0.47381777,0.27352405,0.47381777,0.0223406,0.055747613,0.019139268,0.015845751,0.00033516347,0.13816632,0.0010834533,e,0.47381777,0,1
0712_row_00003658,o,02芜湖,六郎镇,陶宝贤,3,3,o,0.8158684,0.08149035,0.00012647385,0.00041288213,0.8158684,0.093195066,0.0043413145,0.0034655707,0.0010931693,6.845307e-06,o,0.8158684,0,1
0712_row_00003659,o,02芜湖,六郎镇,陶宝贤,3,7,ə,0.3469429,0.046204653,0.25767723,0.0002154287,0.31880808,0.0048035537,0.0006360711,0.024609925,0.3469429,0.0001021462,ə,0.3469429,0,1
0712_row_00003660,o,02芜湖,六郎镇,陶宝贤,3,7,ə,0.76226604,0.01763494,0.14464922,1.905634e-05,0.034733903,0.034789238,4.0759696e-05,0.005662557,0.76226604,0.00020429667,ə,0.76226604,0,1
0712_row_00003661,o,02芜湖,六郎镇,陶宝贤,3,3,o,0.951646,0.0183339,0.024956455,3.032285e-05,0.951646,0.0005458173,0.0038466405,3.3357457e-05,0.00056401384,4.340819e-05,o,0.951646,0,1
0712_row_00003662,a,02芜湖,六郎镇,陶宝贤,0,0,a,0.99135005,0.99135005,0.0007960318,0.0002802824,0.00010447203,0.00043932087,4.213026e-06,3.8459763e-07,0.0067709046,0.0002543574,a,0.99135005,0,1
0712_row_00003663,a,02芜湖,六郎镇,陶宝贤,0,0,a,0.9914204,0.9914204,0.0006721038,0.0011521084,8.5583386e-05,0.00048471725,7.3875735e-06,5.9226323e-07,0.0059512197,0.000225934,a,0.9914204,0,1
0712_row_00003664,ə,02芜湖,六郎镇,陶宝贤,7,1,e,0.65640396,0.021145405,0.65640396,0.00041690614,0.28407863,0.0023989452,0.03204657,5.2764663e-05,0.0032470727,0.00020978677,e,0.65640396,0,1
0712_row_00003665,a,02芜湖,六郎镇,陶宝贤,0,0,a,0.92061937,0.92061937,0.0006686629,9.398169e-05,0.0012632973,0.002826783,0.00016385382,3.4160198e-06,0.07426082,9.984216e-05,a,0.92061937,0,1
0712_row_00003666,a,02芜湖,六郎镇,陶宝贤,0,0,a,0.89979714,0.89979714,0.0028529845,4.622853e-05,0.0028859745,0.0021495866,9.059124e-06,8.935362e-06,0.09222401,2.6166714e-05,a,0.89979714,0,1
0712_row_00003667,a,02芜湖,六郎镇,陶宝贤,0,0,a,0.9669894,0.9669894,0.0043438086,0.00078922464,0.00088718114,0.004371711,1.5241825e-05,3.7426794e-06,0.022342794,0.00025703319,a,0.9669894,0,1
0712_row_00003668,a,02芜湖,六郎镇,陶宝贤,0,0,a,0.9538927,0.9538927,0.0073842118,0.0035727096,0.0017764979,0.010516874,9.383089e-05,9.210308e-06,0.022448527,0.00030546112,a,0.9538927,0,1
0712_row_00003669,a,02芜湖,六郎镇,陶宝贤,0,0,a,0.96663094,0.96663094,0.0036791007,0.018422695,0.00070047186,0.0020228717,2.4086528e-05,2.525789e-06,0.008028805,0.00048831286,a,0.96663094,0,1
0712_row_00003670,a,02芜湖,六郎镇,陶宝贤,0,0,a,0.934813,0.934813,0.0042534084,0.0045577767,0.0015894161,0.026180949,0.00014898146,1.4863088e-05,0.027959082,0.00048245193,a,0.934813,0,1
0712_row_00003671,a,02芜湖,六郎镇,陶宝贤,0,0,a,0.7752586,0.7752586,0.0010509583,0.08513629,0.00050676,0.0962774,0.010536465,1.743353e-05,0.03014684,0.0010691474,a,0.7752586,0,1
0712_row_00003672,a,02芜湖,六郎镇,陶宝贤,0,0,a,0.94377935,0.94377935,0.002753516,0.0096509075,4.477467e-05,0.00031861875,9.960023e-06,1.5488646e-06,0.02934445,0.014096778,a,0.94377935,0,1
0712_row_00003673,a,02芜湖,六郎镇,陶宝贤,0,2,i,0.58304334,0.13738759,0.09475056,0.58304334,0.003237693,0.019181477,0.058980327,0.0004980334,0.063323066,0.03959784,i,0.58304334,0,1
0712_row_00003674,e,02芜湖,六郎镇,陶宝贤,1,7,ə,0.33009,0.07161677,0.050984927,0.028201025,0.156658,0.0960834,0.22679548,0.0067820456,0.33009,0.03278836,ə,0.33009,0,1
0712_row_00003675,o,02芜湖,六郎镇,陶宝贤,3,0,a,0.4408632,0.4408632,0.046467062,0.0053625037,0.40753198,0.037625965,0.027461432,0.0007242826,0.032980245,0.0009832683,a,0.4408632,0,1
0712_row_00003676,e,02芜湖,六郎镇,陶宝贤,1,1,e,0.7361721,0.20740192,0.7361721,0.047275916,0.0011756492,0.0038142581,0.0014317019,7.3204836e-05,0.0022065183,0.00044890642,e,0.7361721,0,1
0712_row_00003677,e,02芜湖,六郎镇,陶宝贤,1,1,e,0.69752526,0.07892329,0.69752526,0.022143304,0.0021066158,0.0067640254,0.00073490577,0.0005178742,0.18822896,0.0030557306,e,0.69752526,0,1
0712_row_00003678,e,02芜湖,六郎镇,陶宝贤,1,1,e,0.9511902,0.010371563,0.9511902,0.0013047614,0.023687463,0.0003731536,0.0016157475,4.3494078e-05,0.011366355,4.725305e-05,e,0.9511902,0,1
0712_row_00003679,e,02芜湖,六郎镇,陶宝贤,1,4,u,0.46364248,0.009487583,0.112450466,0.012052306,0.0043075215,0.46364248,0.00061289204,0.0015682115,0.36808303,0.027795563,u,0.46364248,0,1
0712_row_00003680,e,02芜湖,六郎镇,陶宝贤,1,1,e,0.93537074,0.055189125,0.93537074,0.0035373885,0.00018253006,0.00031173343,0.0008182865,1.0585031e-05,0.0029662158,0.0016132913,e,0.93537074,0,1
0712_row_00003681,ə,02芜湖,六郎镇,陶宝贤,7,7,ə,0.55788475,0.13946043,0.013275957,0.013256394,0.012532539,0.2444216,0.009803337,0.008664398,0.55788475,0.0007005347,ə,0.55788475,0,1
0712_row_00003682,e,02芜湖,六郎镇,陶宝贤,1,1,e,0.87330866,0.0024896318,0.87330866,0.06211977,0.00020844955,0.00031230896,0.0006859422,6.502203e-06,0.060641058,0.00022777628,e,0.87330866,0,1
0712_row_00003683,o,02芜湖,六郎镇,陶宝贤,3,3,o,0.73413575,0.18984792,0.020527419,0.001179589,0.73413575,0.035064142,0.014520432,0.00030644142,0.0043557724,6.2522304e-05,o,0.73413575,0,1
0712_row_00003684,a,02芜湖,六郎镇,陶宝贤,0,0,a,0.983915,0.983915,0.0010579373,0.0007234755,0.0004556728,0.00043537674,2.9527876e-06,5.895792e-06,0.013292324,0.00011141499,a,0.983915,0,1
0712_row_00003685,ə,02芜湖,六郎镇,陶宝贤,7,7,ə,0.74495816,0.09231352,0.0032183707,0.00021258056,0.012343462,0.14573361,0.00052150985,0.00065565034,0.74495816,4.3166787e-05,ə,0.74495816,0,1
0712_row_00003686,ə,02芜湖,六郎镇,陶宝贤,7,7,ə,0.5859823,0.05866473,0.0025678317,0.00018339288,0.023448916,0.32763156,0.0006492833,0.0008542298,0.5859823,1.7672744e-05,ə,0.5859823,0,1
0712_row_00003687,a,02芜湖,六郎镇,陶宝贤,0,1,e,0.54170084,0.42295697,0.54170084,0.01831736,0.0003779851,0.005017363,0.00039027553,0.00027668555,0.010238487,0.000724017,e,0.54170084,0,1
0712_row_00003688,a,02芜湖,六郎镇,陶宝贤,0,1,e,0.8922034,0.059278812,0.8922034,0.017258147,0.0008921552,0.0012944647,0.00036932813,0.000116238574,0.028428316,0.00015913436,e,0.8922034,0,1
0712_row_00003689,e,02芜湖,六郎镇,陶宝贤,1,1,e,0.7446203,0.0033728054,0.7446203,0.052162025,0.00075585814,0.000965321,0.00092724035,4.5227633e-05,0.19659325,0.0005579435,e,0.7446203,0,1
0712_row_00003690,i,02芜湖,六郎镇,陶宝贤,2,7,ə,0.9487832,0.0060788807,0.0015332062,0.016770689,0.001365136,0.015891757,0.0091152005,0.00040434205,0.9487832,5.7529593e-05,ə,0.9487832,0,1
0712_row_00003691,i,02芜湖,六郎镇,陶宝贤,2,2,i,0.9799722,0.006268159,0.0065127094,0.9799722,0.0003446371,0.00030938123,0.0057566287,1.5219071e-05,0.00069205154,0.0001290575,i,0.9799722,0,1
0712_row_00003692,i,02芜湖,六郎镇,陶宝贤,2,2,i,0.9717387,0.003019957,0.00580772,0.9717387,0.00019845275,0.0004865212,0.010919927,3.6158617e-05,0.007618664,0.00017388874,i,0.9717387,0,1
0712_row_00003693,ə,02芜湖,六郎镇,陶宝贤,7,5,y,0.58126205,0.0050376286,0.007974963,0.01891975,0.002307303,0.19502585,0.58126205,0.0009074877,0.18819556,0.00036940898,y,0.58126205,0,1
0712_row_00003694,ə,02芜湖,六郎镇,陶宝贤,7,4,u,0.823406,0.01982842,0.002136326,0.008657779,0.013795044,0.823406,0.08266878,0.0006768087,0.048781592,4.9243736e-05,u,0.823406,0,1
0712_row_00003695,i,02芜湖,六郎镇,陶宝贤,2,4,u,0.7194243,0.011717888,0.0032233656,0.13351825,0.0014662887,0.7194243,0.08822829,0.0027110437,0.03961725,9.330414e-05,u,0.7194243,0,1
0712_row_00003696,i,02芜湖,六郎镇,陶宝贤,2,4,u,0.5448534,0.08417003,0.03183404,0.035287578,0.008490599,0.5448534,0.0086708935,0.018229272,0.26825702,0.00020720751,u,0.5448534,0,1
0712_row_00003697,ə,02芜湖,六郎镇,陶宝贤,7,7,ə,0.59340715,0.07534883,0.043402363,0.018823424,0.004740631,0.25138563,0.0025638498,0.009547655,0.59340715,0.0007804598,ə,0.59340715,0,1
0712_row_00003698,i,02芜湖,六郎镇,陶宝贤,2,2,i,0.82418495,0.0027210556,0.0016881984,0.82418495,0.00014472815,0.00028492752,0.11130129,3.3043267e-05,0.058430366,0.0012114068,i,0.82418495,0,1
0712_row_00003699,ə,02芜湖,六郎镇,陶宝贤,7,7,ə,0.85400367,0.009788875,0.0006678078,8.211016e-05,0.062170096,0.07270859,0.00031444957,0.00025986327,0.85400367,4.588165e-06,ə,0.85400367,0,1
0712_row_00003700,ə,02芜湖,六郎镇,陶宝贤,7,7,ə,0.7464008,0.04073939,0.0015293605,0.010381354,0.18044765,0.013735547,0.0061740004,0.00036077184,0.7464008,0.00023118345,ə,0.7464008,0,1
0712_row_00003701,o,02芜湖,六郎镇,陶宝贤,3,3,o,0.8169384,0.0002583103,2.7414208e-05,6.9992886e-05,0.8169384,0.000187857,1.2188055e-05,5.2401505e-05,0.18245177,1.6661836e-06,o,0.8169384,0,1
0712_row_00003702,o,02芜湖,六郎镇,陶宝贤,3,3,o,0.88841873,0.0005287393,3.7772843e-05,3.2886197e-05,0.88841873,0.00039299089,7.1730146e-06,4.346272e-05,0.110537454,6.8946457e-07,o,0.88841873,0,1
0712_row_00003703,o,02芜湖,六郎镇,陶宝贤,3,3,o,0.73121405,0.0018665704,0.0060332436,0.0004907945,0.73121405,0.0069685085,0.00025977564,0.0015856909,0.251501,8.048894e-05,o,0.73121405,0,1
0712_row_00003704,o,02芜湖,六郎镇,陶宝贤,3,3,o,0.67855054,0.041682668,0.008958191,0.00026333504,0.67855054,0.007509129,0.00015151074,0.0018170507,0.26104143,2.6210146e-05,o,0.67855054,0,1
0712_row_00003705,o,02芜湖,六郎镇,陶宝贤,3,4,u,0.5017204,0.106882215,0.0053672115,0.00026741877,0.13303973,0.5017204,0.0001626444,0.020393638,0.23213597,3.0740503e-05,u,0.5017204,0,1
0712_row_00003706,o,02芜湖,六郎镇,陶宝贤,3,3,o,0.954055,0.00035628845,1.85397e-05,1.528275e-05,0.954055,0.00044438223,1.7456478e-05,1.2383893e-05,0.0450781,2.6528076e-06,o,0.954055,0,1
0712_row_00003707,o,02芜湖,六郎镇,陶宝贤,3,3,o,0.88421005,0.0005139318,3.501508e-05,1.1331861e-05,0.88421005,0.0015723336,1.1395139e-05,2.9643943e-05,0.11361584,5.012943e-07,o,0.88421005,0,1
0712_row_00003709,o,02芜湖,六郎镇,陶宝贤,3,7,ə,0.5870353,0.00043385878,0.00023443057,0.00011713823,0.4099363,0.0018009085,3.768023e-05,0.00040136342,0.5870353,3.0253032e-06,ə,0.5870353,0,1
0712_row_00003710,o,02芜湖,六郎镇,陶宝贤,3,7,ə,0.72323716,0.08299989,0.0015323609,9.674051e-05,0.06733604,0.12411015,8.147525e-05,0.0005955683,0.72323716,1.0565225e-05,ə,0.72323716,0,1
0712_row_00003711,u,02芜湖,六郎镇,陶宝贤,4,7,ə,0.31129572,0.28515357,0.13016543,0.0023855728,0.07155871,0.037011858,0.003240574,0.15674956,0.31129572,0.002439046,ə,0.31129572,0,1
0712_row_00003712,o,02芜湖,六郎镇,陶宝贤,3,0,a,0.65966755,0.65966755,0.079490356,0.003173785,0.045026965,0.053124122,0.0048007146,0.0073442664,0.1440291,0.0033431374,a,0.65966755,0,1
0712_row_00003713,y,02芜湖,六郎镇,陶宝贤,5,3,o,0.9381349,0.011480223,0.035307806,0.0002047307,0.9381349,0.0036407644,0.007149202,0.0003253828,0.003728347,2.8481038e-05,o,0.9381349,0,1
0712_row_00003714,o,02芜湖,六郎镇,陶宝贤,3,7,ə,0.44867355,0.12554063,0.000859869,0.00073986634,0.35600987,0.067580245,0.00026365128,0.00029641102,0.44867355,3.587653e-05,ə,0.44867355,0,1
0712_row_00003715,o,02芜湖,六郎镇,陶宝贤,3,7,ə,0.6314582,0.00016000097,9.326941e-06,8.045676e-05,0.36795524,0.00018791457,0.00013059446,1.3637161e-05,0.6314582,4.5804923e-06,ə,0.6314582,0,1
0712_row_00003716,a,02芜湖,六郎镇,陶宝贤,0,0,a,0.56502753,0.56502753,0.012750842,0.0019560135,0.014802545,0.002568248,0.00020726716,0.007262272,0.3930725,0.0023528065,a,0.56502753,0,1
0712_row_00003717,a,02芜湖,六郎镇,陶宝贤,0,0,a,0.99366623,0.99366623,0.00041341758,0.0004554353,4.69099e-05,0.00019117138,1.712569e-06,4.8537595e-07,0.005157553,6.719795e-05,a,0.99366623,0,1
0712_row_00003718,a,02芜湖,六郎镇,陶宝贤,0,0,a,0.9914574,0.9914574,0.0013229949,0.0003590118,0.0003522511,0.00045639623,5.54321e-06,0.00059121626,0.005387389,6.770501e-05,a,0.9914574,0,1
0712_row_00003719,a,02芜湖,六郎镇,陶宝贤,0,0,a,0.97482264,0.97482264,9.212884e-05,0.0011012933,3.1204658e-05,2.4953074e-06,7.612468e-06,3.582811e-07,0.008363703,0.015578459,a,0.97482264,0,1
0712_row_00003720,ə,02芜湖,六郎镇,陶宝贤,7,1,e,0.5439366,0.16145562,0.5439366,0.058707878,0.0008184294,0.0016066135,0.0077867107,0.00026023068,0.13767211,0.08775576,e,0.5439366,0,1
0712_row_00003721,ə,02芜湖,六郎镇,陶宝贤,7,4,u,0.66441613,0.07563947,0.056853097,0.09793075,0.024438389,0.66441613,0.03550218,0.001188627,0.038432438,0.005598857,u,0.66441613,0,1
0712_row_00003722,u,02芜湖,六郎镇,陶宝贤,4,4,u,0.6052364,0.018963136,0.079377644,0.00068943365,0.02335749,0.6052364,0.0012578777,0.011817468,0.25837645,0.0009241021,u,0.6052364,0,1
0712_row_00003723,ə,02芜湖,六郎镇,陶宝贤,7,4,u,0.67621243,0.048339512,0.012557296,0.003946312,0.11514032,0.67621243,0.05472736,0.004983805,0.08327372,0.0008192825,u,0.67621243,0,1
0712_row_00003724,ɛ,02芜湖,六郎镇,陶宝贤,8,2,i,0.40699306,0.060830053,0.15561475,0.40699306,0.004156465,0.025393989,0.17893216,0.0026503983,0.09332936,0.07209976,i,0.40699306,0,1
0712_row_00003725,ɛ,02芜湖,六郎镇,陶宝贤,8,2,i,0.37024257,0.06336028,0.27026042,0.37024257,0.00059532904,0.0018855672,0.12380455,0.0001715336,0.07104397,0.0986358,i,0.37024257,0,1
0712_row_00003726,u,02芜湖,六郎镇,陶宝贤,4,4,u,0.91571313,0.003580279,0.064460374,0.0063395817,0.0027952306,0.91571313,0.001033732,0.00020469737,0.0046853977,0.0011875475,u,0.91571313,0,1
0712_row_00003727,a,02芜湖,六郎镇,陶宝贤,0,0,a,0.9258702,0.9258702,0.009804593,0.007288497,0.026756,0.011962063,0.0006847546,0.0001985448,0.01727708,0.00015813831,a,0.9258702,0,1
0712_row_00003728,i,02芜湖,六郎镇,陶宝贤,2,2,i,0.9793747,0.002062463,0.0032344973,0.9793747,7.816383e-05,0.008179732,0.0048683854,4.745017e-06,0.0014206348,0.0007766762,i,0.9793747,0,1
0712_row_00003729,a,02芜湖,六郎镇,陶宝贤,0,6,ɔ,0.58270013,0.18565711,0.0003927429,0.00023291582,0.18571556,0.03929276,0.00030674835,0.58270013,0.0056744283,2.761467e-05,ɔ,0.58270013,0,1
0712_row_00003730,a,02芜湖,六郎镇,陶宝贤,0,0,a,0.8976598,0.8976598,0.003917819,0.0007046057,0.010464832,0.0013584816,7.9733516e-05,0.08051024,0.00500821,0.00029623916,a,0.8976598,0,1
0712_row_00003731,o,02芜湖,六郎镇,陶宝贤,3,3,o,0.9919064,0.0061358055,0.00017792883,1.4542868e-05,0.9919064,0.001224822,0.00035654503,0.00017125109,1.1824135e-05,9.574239e-07,o,0.9919064,0,1
0712_row_00003732,a,02芜湖,六郎镇,陶宝贤,0,0,a,0.8867742,0.8867742,0.02419198,0.040564843,0.0017736192,0.010089388,0.0009248526,3.439854e-05,0.030230317,0.005416429,a,0.8867742,0,1
0712_row_00003733,a,02芜湖,六郎镇,陶宝贤,0,0,a,0.95913136,0.95913136,0.008169267,0.0015621622,0.00078900467,0.0011050657,0.00013231076,1.932407e-06,0.013310366,0.015798485,a,0.95913136,0,1
0712_row_00003734,i,02芜湖,六郎镇,陶宝贤,2,2,i,0.7392261,0.0071849516,0.0015377963,0.7392261,0.0009937934,0.16401735,0.076408364,0.00019299344,0.009970272,0.00046840374,i,0.7392261,0,1
0712_row_00003735,a,02芜湖,六郎镇,陶宝贤,0,0,a,0.8652466,0.8652466,0.019752163,0.013388452,0.00705322,0.019738723,0.0005873613,4.0816427e-05,0.073294796,0.00089792896,a,0.8652466,0,1
0712_row_00003736,a,02芜湖,六郎镇,陶宝贤,0,0,a,0.98954576,0.98954576,4.9471124e-05,0.0037264498,5.4709744e-05,8.672829e-05,7.3659125e-05,2.533913e-06,0.006361391,9.940365e-05,a,0.98954576,0,1
0712_row_00003737,i,02芜湖,六郎镇,陶宝贤,2,1,e,0.5029118,0.015708389,0.5029118,0.44749603,0.00023982054,0.0007638049,0.010850134,2.4088491e-05,0.019238058,0.002767892,e,0.5029118,0,1
0712_row_00003738,i,02芜湖,六郎镇,陶宝贤,2,2,i,0.7359357,0.14836521,0.030136155,0.7359357,0.0028190734,0.025916975,0.03375176,0.0003117133,0.011321173,0.011442215,i,0.7359357,0,1
0712_row_00003739,i,02芜湖,六郎镇,陶宝贤,2,2,i,0.7793145,0.08379331,0.07810476,0.7793145,0.0015485554,0.0017893591,0.04349689,0.0005162474,0.0074819857,0.0039542727,i,0.7793145,0,1
0712_row_00003740,a,02芜湖,六郎镇,陶宝贤,0,3,o,0.7728313,0.090598695,0.0012346328,0.00076656876,0.7728313,0.014527906,0.00031255788,0.017471017,0.10218406,7.322533e-05,o,0.7728313,0,1
0712_row_00003741,u,02芜湖,六郎镇,陶宝贤,4,2,i,0.71536255,0.029368501,0.016769348,0.71536255,0.0014757835,0.20597602,0.026144959,0.00018814499,0.0043950444,0.00031952298,i,0.71536255,0,1
0712_row_00003742,e,02芜湖,六郎镇,陶宝贤,1,1,e,0.5491571,0.18699153,0.5491571,0.0018955678,0.13982026,0.014381992,0.0026497922,0.008241882,0.096528195,0.00033371968,e,0.5491571,0,1
0712_row_00003743,ə,02芜湖,六郎镇,陶宝贤,7,4,u,0.7497415,0.053800885,0.0058827573,0.00018540217,0.02414225,0.7497415,0.000449096,0.023946192,0.14183784,1.4105318e-05,u,0.7497415,0,1
0712_row_00003744,e,02芜湖,六郎镇,陶宝贤,1,1,e,0.7981995,0.0059225233,0.7981995,0.16331649,0.0011283172,0.0028678917,0.012134875,1.7151753e-05,0.01587146,0.0005418572,e,0.7981995,0,1
0712_row_00003745,a,02芜湖,六郎镇,陶宝贤,0,3,o,0.43730077,0.42651758,0.089293934,0.0055605434,0.43730077,0.027469551,0.0068017445,0.0005799263,0.006388529,8.740582e-05,o,0.43730077,0,1
0712_row_00003746,a,02芜湖,六郎镇,陶宝贤,0,0,a,0.93292844,0.93292844,0.0013097485,0.030340664,0.00021157498,0.028053388,7.7358556e-05,6.1996866e-06,0.006834869,0.00023764501,a,0.93292844,0,1
0712_row_00003748,o,02芜湖,六郎镇,陶宝贤,3,1,e,0.4541693,0.32132542,0.4541693,0.02511221,0.039695047,0.09684385,0.015732476,0.00308775,0.04293465,0.0010992899,e,0.4541693,0,1
0712_row_00003749,a,02芜湖,六郎镇,陶宝贤,0,0,a,0.9809125,0.9809125,0.0016568636,0.0017009417,0.0008659226,0.00058238505,1.0753285e-05,0.00034129168,0.013764449,0.00016498627,a,0.9809125,0,1
0712_row_00003750,a,02芜湖,六郎镇,陶宝贤,0,1,e,0.89295477,0.048222255,0.89295477,0.013421787,0.003062983,0.012344281,0.022899497,9.510658e-05,0.0054450645,0.0015544116,e,0.89295477,0,1
0712_row_00003751,a,02芜湖,六郎镇,陶宝贤,0,3,o,0.4981913,0.22484434,0.001863078,0.0029683337,0.4981913,0.04726635,0.0023462502,0.00902406,0.21319903,0.000297314,o,0.4981913,0,1
0712_row_00003752,o,02芜湖,六郎镇,陶宝贤,3,4,u,0.45696342,0.1730811,0.00031852012,0.0005023609,0.3140505,0.45696342,0.052675553,0.0012338489,0.00108039,9.4244744e-05,u,0.45696342,0,1
0712_row_00003753,o,02芜湖,六郎镇,陶宝贤,3,3,o,0.55675715,0.0049341093,0.00013397828,0.0005266062,0.55675715,0.0075240494,0.00061550835,7.600538e-05,0.42941326,1.9243835e-05,o,0.55675715,0,1
0712_row_00003754,a,02芜湖,六郎镇,陶宝贤,0,0,a,0.81486124,0.81486124,0.0014236335,0.11803179,0.007200643,0.008336455,0.0065371143,0.0006398667,0.04259908,0.00037023533,a,0.81486124,0,1
0712_row_00003755,ɛ,02芜湖,六郎镇,陶宝贤,8,8,ɛ,0.5380948,0.027924163,0.033773087,0.26319134,0.0008875207,0.00062667916,0.03199249,0.00014680231,0.103363104,0.5380948,ɛ,0.5380948,0,1
0712_row_00003756,o,02芜湖,六郎镇,陶绍根,3,0,a,0.7312295,0.7312295,0.0005995632,0.00012441978,0.24211252,0.020219812,0.0022230018,5.5705234e-05,0.0033788013,5.6798937e-05,a,0.7312295,0,1
0712_row_00003757,a,02芜湖,六郎镇,陶绍根,0,0,a,0.9370571,0.9370571,0.019722665,0.00031589833,0.0008860065,0.0016669064,2.559156e-05,6.1615046e-06,0.0388329,0.0014867826,a,0.9370571,0,1
0712_row_00003758,o,02芜湖,六郎镇,陶绍根,3,5,y,0.34373462,0.2648624,0.034401204,0.037297204,0.05355251,0.22399189,0.34373462,0.0026802495,0.031187456,0.008292521,y,0.34373462,0,1
0712_row_00003759,o,02芜湖,六郎镇,陶绍根,3,3,o,0.7761823,0.038125165,0.00035120544,0.0011217955,0.7761823,0.17439927,0.006881078,0.0024067855,0.0005240752,8.377541e-06,o,0.7761823,0,1
0712_row_00003760,o,02芜湖,六郎镇,陶绍根,3,3,o,0.87486136,0.04869008,0.0007691305,0.004962923,0.87486136,0.06083423,0.008684766,0.0011073393,7.4300144e-05,1.5883374e-05,o,0.87486136,0,1
0712_row_00003761,o,02芜湖,六郎镇,陶绍根,3,3,o,0.8404171,0.12242471,0.0049297907,0.0047269696,0.8404171,0.020794993,0.0017361719,0.0037353076,0.0008802268,0.00035466457,o,0.8404171,0,1
0712_row_00003762,a,02芜湖,六郎镇,陶绍根,0,0,a,0.9941188,0.9941188,0.00028132185,5.4062184e-05,6.5384804e-05,5.2668704e-05,9.2816026e-07,2.6824583e-07,0.0052744,0.00015220499,a,0.9941188,0,1
0712_row_00003763,a,02芜湖,六郎镇,陶绍根,0,0,a,0.9883355,0.9883355,0.0014685616,5.851339e-05,0.000771734,0.0006746347,3.1268614e-06,0.0001924356,0.008430912,6.4576605e-05,a,0.9883355,0,1
0712_row_00003764,a,02芜湖,六郎镇,陶绍根,0,0,a,0.99737334,0.99737334,0.00029624105,3.713426e-05,0.00010774811,0.0002357746,5.863013e-07,9.843486e-06,0.0019250438,1.4309298e-05,a,0.99737334,0,1
0712_row_00003765,a,02芜湖,六郎镇,陶绍根,0,0,a,0.86620945,0.86620945,0.009424335,0.00026082702,0.0024839418,0.00062115217,2.653328e-05,3.6490466e-05,0.11786117,0.0030761054,a,0.86620945,0,1
0712_row_00003766,a,02芜湖,六郎镇,陶绍根,0,0,a,0.72071946,0.72071946,0.0055020107,5.3869127e-05,0.016199872,0.0031429632,2.1749513e-05,8.732956e-05,0.25383762,0.00043512697,a,0.72071946,0,1
0712_row_00003767,a,02芜湖,六郎镇,陶绍根,0,8,ɛ,0.653162,0.29842857,0.004934874,0.0012759023,4.4787546e-05,1.48666195e-05,0.0004491043,5.155922e-06,0.041684676,0.653162,ɛ,0.653162,0,1
0712_row_00003768,a,02芜湖,六郎镇,陶绍根,0,0,a,0.98365086,0.98365086,0.00094404945,0.0002558728,5.552123e-05,4.078931e-06,8.413213e-06,2.1395297e-07,0.0070839166,0.007997047,a,0.98365086,0,1
0712_row_00003769,ɛ,02芜湖,六郎镇,陶绍根,8,2,i,0.9620472,0.0018089695,0.0008337385,0.9620472,2.9693292e-05,0.0037262724,0.006413602,6.811011e-06,0.002786562,0.022347195,i,0.9620472,0,1
0712_row_00003771,ɛ,02芜湖,六郎镇,陶绍根,8,8,ɛ,0.60063857,0.2560304,0.012897745,0.0022272405,0.0014184196,0.00016994402,0.0076031913,8.085543e-05,0.11893359,0.60063857,ɛ,0.60063857,0,1
0712_row_00003772,ɛ,02芜湖,六郎镇,陶绍根,8,2,i,0.95058924,0.0019929633,0.0031939347,0.95058924,0.00011151106,0.0057612592,0.019689195,7.947527e-06,0.004629953,0.014023872,i,0.95058924,0,1
0712_row_00003773,ə,02芜湖,六郎镇,陶绍根,7,2,i,0.67186904,0.032097355,0.048323214,0.67186904,0.007940316,0.15423094,0.04388608,0.0012410193,0.03452514,0.0058868276,i,0.67186904,0,1
0712_row_00003774,ə,02芜湖,六郎镇,陶绍根,7,2,i,0.50534683,0.04267329,0.038005244,0.50534683,0.0045424514,0.11906973,0.021022273,0.0013943315,0.15416649,0.11377937,i,0.50534683,0,1
0712_row_00003775,ə,02芜湖,六郎镇,陶绍根,7,2,i,0.93880147,0.0016885803,0.0016965964,0.93880147,9.550378e-05,0.004321327,0.0352904,3.7769885e-06,0.0026537988,0.015448635,i,0.93880147,0,1
0712_row_00003776,ə,02芜湖,六郎镇,陶绍根,7,2,i,0.49203712,0.0846739,0.00332363,0.49203712,0.0003303182,0.0011409669,0.010661102,5.5792974e-05,0.055891395,0.3518858,i,0.49203712,0,1
0712_row_00003777,ɛ,02芜湖,六郎镇,陶绍根,8,2,i,0.9314613,0.004239177,0.00076164317,0.9314613,4.1215095e-05,0.0012356814,0.009417632,3.6191107e-06,0.0038864461,0.048953265,i,0.9314613,0,1
0712_row_00003778,ə,02芜湖,六郎镇,陶绍根,7,2,i,0.98401743,0.004884483,0.0008632946,0.98401743,2.8817405e-05,0.00033179167,0.005333026,3.1913219e-06,0.0010447485,0.0034933535,i,0.98401743,0,1
0712_row_00003779,a,02芜湖,六郎镇,陶绍根,0,0,a,0.98263216,0.98263216,0.0030956788,5.3897787e-05,0.0003644454,0.00015775934,1.956139e-05,7.776832e-07,0.009876867,0.0037987602,a,0.98263216,0,1
0712_row_00003780,a,02芜湖,六郎镇,陶绍根,0,0,a,0.9866723,0.9866723,0.0024060772,3.3356378e-06,0.0006024367,0.00020375417,2.4165736e-06,6.6878573e-07,0.00976117,0.0003477579,a,0.9866723,0,1
0712_row_00003781,a,02芜湖,六郎镇,陶绍根,0,0,a,0.92747265,0.92747265,0.004116392,6.523637e-05,0.0013568434,0.00024542562,2.7972835e-06,1.124031e-05,0.0662431,0.0004862784,a,0.92747265,0,1
0712_row_00003782,a,02芜湖,六郎镇,陶绍根,0,0,a,0.97372234,0.97372234,0.0027234787,9.8940745e-06,0.00042793408,0.00020223304,7.381447e-07,1.4349062e-06,0.022783605,0.00012838836,a,0.97372234,0,1
0712_row_00003784,u,02芜湖,六郎镇,陶绍根,4,0,a,0.42380193,0.42380193,0.006557668,0.0020314283,0.12259903,0.2707518,0.07047352,0.003219018,0.09897393,0.0015917417,a,0.42380193,0,1
0712_row_00003785,u,02芜湖,六郎镇,陶绍根,4,3,o,0.76261336,0.20406167,0.0028694123,0.00013279502,0.76261336,0.026398284,0.0007278923,0.0019302067,0.001188655,7.774876e-05,o,0.76261336,0,1
0712_row_00003786,u,02芜湖,六郎镇,陶绍根,4,4,u,0.49515015,0.02787352,0.20803998,0.00048526336,0.029781373,0.49515015,0.001674192,0.06952048,0.16585393,0.0016211867,u,0.49515015,0,1
0712_row_00003787,u,02芜湖,六郎镇,陶绍根,4,5,y,0.6908804,0.0066863643,0.00011421127,0.00054576853,0.0031144354,0.29825246,0.6908804,2.0754873e-05,0.00014268608,0.00024294718,y,0.6908804,0,1
0712_row_00003788,u,02芜湖,六郎镇,陶绍根,4,5,y,0.6989472,0.004982984,0.00029067814,0.0023619563,0.002135224,0.29098177,0.6989472,1.2636342e-05,0.00015425931,0.00013330209,y,0.6989472,0,1
0712_row_00003789,u,02芜湖,六郎镇,陶绍根,4,5,y,0.71294165,0.0034068604,0.00046218,0.000112139416,0.003608694,0.27894324,0.71294165,7.663148e-06,0.0004435608,7.405611e-05,y,0.71294165,0,1
0712_row_00003790,u,02芜湖,六郎镇,陶绍根,4,5,y,0.6296611,0.008265273,0.000111175315,0.0006657999,0.004448871,0.35666147,0.6296611,6.064877e-06,0.00012764816,5.2579446e-05,y,0.6296611,0,1
0712_row_00003791,y,02芜湖,六郎镇,陶绍根,5,5,y,0.7389272,0.004186457,0.033232834,0.17071897,0.0026343062,0.045909394,0.7389272,6.541102e-05,0.0035647806,0.00076062244,y,0.7389272,0,1
0712_row_00003792,u,02芜湖,六郎镇,陶绍根,4,5,y,0.7178528,0.01420213,0.03751485,0.06049693,0.012541047,0.14699745,0.7178528,0.00015911517,0.009940052,0.0002956409,y,0.7178528,0,1
0712_row_00003793,u,02芜湖,六郎镇,陶绍根,4,2,i,0.41213393,0.0099217715,0.05825372,0.41213393,0.0040203934,0.14235437,0.36082473,0.00024088267,0.010157615,0.0020926103,i,0.41213393,0,1
0712_row_00003794,u,02芜湖,六郎镇,陶绍根,4,4,u,0.3623492,0.06150296,0.002879663,0.00018808398,0.36166322,0.3623492,0.0028627436,0.20343809,0.0050661094,4.9804486e-05,u,0.3623492,0,1
0712_row_00003795,o,02芜湖,六郎镇,陶绍根,3,6,ɔ,0.8057915,0.023667693,0.00085771794,1.23321e-05,0.050549604,0.11185717,1.8590361e-05,0.8057915,0.007227226,1.8167544e-05,ɔ,0.8057915,0,1
0712_row_00003796,u,02芜湖,六郎镇,陶绍根,4,4,u,0.509789,0.16040304,0.00086253294,0.0040122448,0.035240676,0.509789,0.20626843,0.00031989533,0.08161041,0.0014937682,u,0.509789,0,1
0712_row_00003797,u,02芜湖,六郎镇,陶绍根,4,5,y,0.49324867,0.006420812,0.0033547734,0.03277222,0.016980626,0.4402448,0.49324867,0.0001442546,0.0063879928,0.00044576835,y,0.49324867,0,1
0712_row_00003799,y,02芜湖,六郎镇,陶绍根,5,5,y,0.5686673,0.0057659824,0.017108615,0.2817221,0.0033515296,0.11716545,0.5686673,6.940306e-05,0.0055390815,0.0006105985,y,0.5686673,0,1
0712_row_00003800,y,02芜湖,六郎镇,陶绍根,5,2,i,0.75848985,0.1530522,0.018875616,0.75848985,0.0012205634,0.003381519,0.01768753,0.0006288152,0.04019498,0.006469061,i,0.75848985,0,1
0712_row_00003801,y,02芜湖,六郎镇,陶绍根,5,2,i,0.98940945,0.00014627655,0.00080788863,0.98940945,1.0945868e-05,0.0008489352,0.00606884,3.656847e-07,0.00053774763,0.0021695434,i,0.98940945,0,1
0712_row_00003802,y,02芜湖,六郎镇,陶绍根,5,5,y,0.61170346,0.00460607,0.009023771,0.24193132,0.0059564947,0.119995624,0.61170346,0.00012133172,0.005373983,0.0012880203,y,0.61170346,0,1
0712_row_00003803,y,02芜湖,六郎镇,陶绍根,5,5,y,0.72058433,0.004353986,0.124850206,0.06788167,0.0049224966,0.07450366,0.72058433,5.0787265e-05,0.0027745652,7.8345445e-05,y,0.72058433,0,1
0712_row_00003804,y,02芜湖,六郎镇,陶绍根,5,5,y,0.6522736,0.0038543458,0.014477526,0.059504252,0.014827669,0.24420439,0.6522736,0.00011766469,0.010242599,0.00049792085,y,0.6522736,0,1
0712_row_00003805,y,02芜湖,六郎镇,陶绍根,5,5,y,0.8870346,0.0023138046,0.03787043,0.038490735,0.0037509417,0.0282335,0.8870346,3.0418387e-05,0.0021997709,7.5847194e-05,y,0.8870346,0,1
0712_row_00003806,y,02芜湖,六郎镇,陶绍根,5,5,y,0.728674,0.0015604865,0.0003483055,0.000251795,0.0041320063,0.2641924,0.728674,1.0268998e-05,0.0007648682,6.593934e-05,y,0.728674,0,1
0712_row_00003807,y,02芜湖,六郎镇,陶绍根,5,5,y,0.7610346,0.00034049057,6.636494e-05,0.00029806435,0.0011652971,0.23698947,0.7610346,3.5781452e-06,8.1302096e-05,2.084147e-05,y,0.7610346,0,1
0712_row_00003808,y,02芜湖,六郎镇,陶绍根,5,5,y,0.6813293,0.0020173357,0.0001869519,0.00035876932,0.0037705118,0.31155488,0.6813293,2.9324123e-05,0.0006580895,9.4841875e-05,y,0.6813293,0,1
0712_row_00003809,u,02芜湖,六郎镇,陶绍根,4,4,u,0.33007964,0.29321498,0.001971504,0.030063761,0.014173533,0.33007964,0.32009238,0.0002759505,0.0023057647,0.007822516,u,0.33007964,0,1
0712_row_00003810,y,02芜湖,六郎镇,陶绍根,5,5,y,0.75709504,0.0021998035,8.848451e-05,0.001045378,0.0017478904,0.23766571,0.75709504,1.0668561e-05,7.602314e-05,7.1026916e-05,y,0.75709504,0,1
0712_row_00003811,y,02芜湖,六郎镇,陶绍根,5,5,y,0.54258,0.0040666806,0.010215864,0.0079115555,0.0294397,0.38348788,0.54258,0.00010683651,0.022004941,0.00018662956,y,0.54258,0,1
0712_row_00003812,u,02芜湖,六郎镇,陶绍根,4,5,y,0.5701685,0.004447306,0.002755861,0.0072844434,0.053136323,0.3425357,0.5701685,0.00023540162,0.019311957,0.00012461726,y,0.5701685,0,1
0712_row_00003813,u,02芜湖,六郎镇,陶绍根,4,5,y,0.54341036,0.005855431,0.0031034425,0.0062335795,0.063243,0.3576414,0.54341036,0.00021962641,0.020125281,0.00016797894,y,0.54341036,0,1
0712_row_00003814,u,02芜湖,六郎镇,陶绍根,4,4,u,0.48641348,0.012921035,0.034444217,0.008625445,0.014730389,0.48641348,0.0051039876,0.0020879481,0.43435574,0.0013177958,u,0.48641348,0,1
0712_row_00003815,u,02芜湖,六郎镇,陶绍根,4,4,u,0.5937944,0.0119806165,0.10974887,0.00083918264,0.011458347,0.5937944,0.001260178,0.0076324767,0.26267374,0.0006122182,u,0.5937944,0,1
0712_row_00003816,u,02芜湖,六郎镇,陶绍根,4,5,y,0.78762656,0.0026565883,0.011292795,0.028252892,0.008545183,0.15375796,0.78762656,7.272553e-05,0.0075886766,0.00020657561,y,0.78762656,0,1
0712_row_00003817,u,02芜湖,六郎镇,陶绍根,4,4,u,0.7105214,0.029101288,0.00080504053,0.0030758565,0.031088661,0.7105214,0.21266915,4.339363e-05,0.012409238,0.00028591158,u,0.7105214,0,1
0712_row_00003818,u,02芜湖,六郎镇,陶绍根,4,4,u,0.42890218,0.10241896,0.032220893,0.0013182655,0.13288599,0.42890218,0.17857584,0.00018953743,0.11093063,0.012557669,u,0.42890218,0,1
0712_row_00003819,u,02芜湖,六郎镇,陶绍根,4,4,u,0.4691737,0.004499997,0.008987697,0.004837014,0.0409074,0.4691737,0.44582975,0.000171077,0.025442265,0.00015108136,u,0.4691737,0,1
0712_row_00003820,y,02芜湖,六郎镇,陶绍根,5,5,y,0.5877805,0.005830728,0.024925336,0.012410677,0.027352076,0.31519544,0.5877805,0.00028714072,0.0260611,0.0001571021,y,0.5877805,0,1
0712_row_00003821,y,02芜湖,六郎镇,陶绍根,5,5,y,0.7671822,0.004362963,0.012910646,0.04428379,0.013171452,0.15014124,0.7671822,0.00012833432,0.0074294475,0.0003899336,y,0.7671822,0,1
0712_row_00003822,y,02芜湖,六郎镇,陶绍根,5,5,y,0.9474705,0.0010760616,0.015518662,0.024718342,0.0019515431,0.0083456235,0.9474705,1.1226777e-05,0.00087611395,3.1920317e-05,y,0.9474705,0,1
0712_row_00003823,y,02芜湖,六郎镇,陶绍根,5,5,y,0.7463549,0.005859075,0.08951498,0.033541918,0.008546002,0.110610455,0.7463549,6.173747e-05,0.005363809,0.00014712226,y,0.7463549,0,1
0712_row_00003824,y,02芜湖,六郎镇,陶绍根,5,5,y,0.7592883,0.011772868,0.030898184,0.12857169,0.0046960674,0.039974056,0.7592883,0.00019517148,0.022244118,0.0023595614,y,0.7592883,0,1
0712_row_00003825,a,02芜湖,六郎镇,陶绍根,0,0,a,0.7757389,0.7757389,0.19005845,0.004222042,0.0005769644,0.0034454123,0.00016134391,0.00031687215,0.018768083,0.0067118215,a,0.7757389,0,1
0712_row_00003826,a,02芜湖,六郎镇,陶绍根,0,0,a,0.56757444,0.56757444,0.04595582,4.4603243e-05,0.007183309,0.00843812,1.540183e-05,0.016594134,0.35401893,0.00017520877,a,0.56757444,0,1
0712_row_00003827,a,02芜湖,六郎镇,陶绍根,0,0,a,0.66166276,0.66166276,0.062283464,0.023989184,0.00071496656,0.0025130727,0.0006794832,0.0011835713,0.031596303,0.21537727,a,0.66166276,0,1
0712_row_00003828,e,02芜湖,六郎镇,陶绍根,1,1,e,0.6949888,0.04892101,0.6949888,0.19056544,0.0004164591,0.0603427,0.0009613811,0.0026625753,0.0007005214,0.0004410343,e,0.6949888,0,1
0712_row_00003829,a,02芜湖,六郎镇,陶绍根,0,0,a,0.7075818,0.7075818,0.2197326,0.020914018,0.0010927519,0.0030541178,0.00048508612,0.019024681,0.019708479,0.008406436,a,0.7075818,0,1
0712_row_00003830,ɛ,02芜湖,六郎镇,陶绍根,8,8,ɛ,0.99760485,0.0019776144,7.547859e-05,1.7650019e-06,1.6522168e-05,7.1489495e-07,2.2523386e-06,1.5459803e-07,0.0003205734,0.99760485,ɛ,0.99760485,0,1
0712_row_00003831,a,02芜湖,六郎镇,陶绍根,0,0,a,0.77689457,0.77689457,0.11709079,0.074953996,0.0009755714,0.013091299,0.00047981384,0.0009288022,0.013847774,0.0017372941,a,0.77689457,0,1
0712_row_00003832,ɛ,02芜湖,六郎镇,陶绍根,8,8,ɛ,0.96681744,0.021243762,0.0013384306,0.00018994175,0.00014920304,2.9303457e-05,0.00017446981,6.8715854e-06,0.0100506265,0.96681744,ɛ,0.96681744,0,1
0712_row_00003833,ɛ,02芜湖,六郎镇,陶绍根,8,8,ɛ,0.97730917,0.018005563,0.0010651131,7.004284e-05,8.028123e-05,1.9730562e-05,3.592272e-05,5.1856623e-06,0.0034090187,0.97730917,ɛ,0.97730917,0,1
0712_row_00003834,ɛ,02芜湖,六郎镇,陶绍根,8,0,a,0.66734433,0.66734433,0.22874878,0.0040804115,0.0034666662,0.004047254,0.0013570612,0.00078209856,0.03876837,0.05140513,a,0.66734433,0,1
0712_row_00003835,e,02芜湖,六郎镇,陶绍根,1,1,e,0.7298846,0.23563182,0.7298846,0.00015747489,0.0012104047,0.0014629306,0.00024244066,0.00034180123,0.0076163285,0.02345216,e,0.7298846,0,1
0712_row_00003836,a,02芜湖,六郎镇,陶绍根,0,0,a,0.8145802,0.8145802,0.09365825,0.013103573,0.0015296147,0.01395741,0.0010207979,0.0030059996,0.040655993,0.01848818,a,0.8145802,0,1
0712_row_00003837,i,02芜湖,六郎镇,陶绍根,2,1,e,0.62838966,0.061794657,0.62838966,0.23986779,0.0004925459,0.06294349,0.0009946247,0.003674662,0.0012651344,0.00057737756,e,0.62838966,0,1
0712_row_00003838,i,02芜湖,六郎镇,陶绍根,2,2,i,0.99341923,0.0004104509,0.0013113602,0.99341923,1.4130695e-05,0.001102415,0.0019147376,2.3791122e-06,0.00063995545,0.0011853803,i,0.99341923,0,1
0712_row_00003839,i,02芜湖,六郎镇,陶绍根,2,2,i,0.9854961,0.00047440603,0.0067970376,0.9854961,3.8346116e-05,0.002638913,0.0039810482,5.0070003e-06,0.0003565525,0.00021251784,i,0.9854961,0,1
0712_row_00003840,i,02芜湖,六郎镇,陶绍根,2,2,i,0.9768524,0.0042326762,0.002206335,0.9768524,5.067925e-05,0.0031197283,0.008817117,2.9632934e-06,0.0017172053,0.0030010478,i,0.9768524,0,1
0712_row_00003841,i,02芜湖,六郎镇,陶绍根,2,2,i,0.79839957,0.041959662,0.12002026,0.79839957,0.0013816627,0.022368291,0.011467185,0.00025158704,0.0034703903,0.0006813818,i,0.79839957,0,1
0712_row_00003842,i,02芜湖,六郎镇,陶绍根,2,2,i,0.98193616,0.00035428788,0.002491775,0.98193616,2.4167237e-05,0.0018762843,0.008734124,1.9852628e-06,0.0012275407,0.003353678,i,0.98193616,0,1
0712_row_00003843,i,02芜湖,六郎镇,陶绍根,2,2,i,0.93502045,0.009688357,0.039475795,0.93502045,0.00040885253,0.00387951,0.008271866,1.890396e-05,0.002427298,0.00080884236,i,0.93502045,0,1
0712_row_00003844,i,02芜湖,六郎镇,陶绍根,2,2,i,0.9606246,0.0067178,0.015207631,0.9606246,0.0003684461,0.0035570068,0.012275746,8.496967e-06,0.00075341953,0.0004870818,i,0.9606246,0,1
0712_row_00003845,i,02芜湖,六郎镇,陶绍根,2,2,i,0.97718334,0.0025623855,0.0030157014,0.97718334,6.2770065e-05,0.0013081296,0.012357633,7.2589114e-06,0.0011249643,0.0023778218,i,0.97718334,0,1
0712_row_00003846,i,02芜湖,六郎镇,陶绍根,2,2,i,0.9395375,0.018182963,0.005918707,0.9395375,0.00026525866,0.0029075993,0.02819392,1.39248405e-05,0.0017501971,0.0032300053,i,0.9395375,0,1
0712_row_00003847,i,02芜湖,六郎镇,陶绍根,2,2,i,0.9965545,0.00019776198,0.00055221864,0.9965545,4.4500225e-06,0.000424837,0.0013670058,1.4877823e-07,0.0003507403,0.00054846966,i,0.9965545,0,1
0712_row_00003848,i,02芜湖,六郎镇,陶绍根,2,2,i,0.99756694,5.687158e-05,0.00018601843,0.99756694,1.8354134e-06,0.00041490098,0.0011485193,1.694443e-07,8.858001e-05,0.00053638493,i,0.99756694,0,1
0712_row_00003849,i,02芜湖,六郎镇,陶绍根,2,2,i,0.9929508,0.0007138344,0.000866371,0.9929508,1.2823507e-05,0.0018757506,0.0019969707,1.6903422e-06,0.0006360147,0.00094581407,i,0.9929508,0,1
0712_row_00003850,i,02芜湖,六郎镇,陶绍根,2,2,i,0.99094075,0.00034874555,0.0013570585,0.99094075,1.2959373e-05,0.0013918515,0.0036946523,7.935906e-07,0.0008299787,0.0014231954,i,0.99094075,0,1
0712_row_00003851,i,02芜湖,六郎镇,陶绍根,2,2,i,0.99451953,0.00013463432,0.0010349604,0.99451953,6.7156216e-06,0.00075083616,0.0023735268,3.1739887e-07,0.00032343177,0.00085608626,i,0.99451953,0,1
0712_row_00003852,e,02芜湖,六郎镇,陶绍根,1,2,i,0.5739856,0.04717019,0.36852846,0.5739856,0.0005027382,0.0051918807,0.0012966638,0.0019792088,0.0010528334,0.00029250584,i,0.5739856,0,1
0712_row_00003853,e,02芜湖,六郎镇,陶绍根,1,2,i,0.8244523,0.060596034,0.088733725,0.8244523,0.0014321265,0.012789859,0.010852134,7.847915e-05,0.0007803029,0.00028498677,i,0.8244523,0,1
0712_row_00003854,e,02芜湖,六郎镇,陶绍根,1,1,e,0.6809756,0.020650156,0.6809756,0.2657032,0.0014657716,0.024930695,0.0022731982,0.0022750536,0.0013520349,0.00037443516,e,0.6809756,0,1
0712_row_00003855,u,02芜湖,六郎镇,陶绍根,4,2,i,0.50979555,0.095093936,0.0865413,0.50979555,0.0041548023,0.2435236,0.0139040705,0.00074566563,0.02647941,0.019761622,i,0.50979555,0,1
0712_row_00003856,e,02芜湖,六郎镇,陶绍根,1,1,e,0.5047394,0.018469658,0.5047394,0.25307366,0.0014660987,0.21628878,0.0026964166,0.0006201725,0.0020952653,0.0005505767,e,0.5047394,0,1
0712_row_00003857,e,02芜湖,六郎镇,陶绍根,1,1,e,0.6998221,0.011091516,0.6998221,0.020948583,0.004958111,0.2547449,0.0017931862,0.00013848391,0.0062135346,0.0002895551,e,0.6998221,0,1
0712_row_00003858,u,02芜湖,六郎镇,陶绍根,4,4,u,0.7877087,0.001398974,0.20641401,0.0010523822,0.0006477439,0.7877087,0.00013013142,9.3468516e-05,0.0023751527,0.00017941429,u,0.7877087,0,1
0712_row_00003859,a,02芜湖,六郎镇,陶绍根,0,0,a,0.95707005,0.95707005,0.015378017,9.630698e-05,0.015491372,0.003985123,0.00019280924,0.0007468739,0.0067806514,0.00025873093,a,0.95707005,0,1
0712_row_00003860,u,02芜湖,六郎镇,陶绍根,4,1,e,0.6142113,0.001096769,0.6142113,0.001223323,0.00043761818,0.38157693,0.0001495569,3.0456362e-05,0.0012098852,6.404047e-05,e,0.6142113,0,1
0712_row_00003861,a,02芜湖,六郎镇,陶绍根,0,0,a,0.79806155,0.79806155,0.037886612,6.312416e-05,0.00942124,0.003934979,5.3502055e-05,0.00023874843,0.14938381,0.00095637137,a,0.79806155,0,1
0712_row_00003862,a,02芜湖,六郎镇,陶绍根,0,0,a,0.9030444,0.9030444,0.048864532,7.9574e-05,0.0017273802,0.0007935461,6.297643e-05,1.1027791e-05,0.036888994,0.0085276775,a,0.9030444,0,1
0712_row_00003863,a,02芜湖,六郎镇,陶绍根,0,0,a,0.9972554,0.9972554,0.00038218804,2.5989813e-05,0.00063789834,5.419739e-05,2.360619e-06,6.868083e-07,0.001606633,3.4524255e-05,a,0.9972554,0,1
0712_row_00003864,a,02芜湖,六郎镇,陶绍根,0,0,a,0.85578436,0.85578436,0.033217385,0.0001896921,0.057713617,0.013945894,0.0027353498,0.0011845981,0.03335044,0.0018786774,a,0.85578436,0,1
0712_row_00003865,a,02芜湖,六郎镇,陶绍根,0,0,a,0.9631613,0.9631613,0.0028474764,0.00020008179,0.0005681188,0.00092638936,3.5398725e-06,6.1945184e-06,0.032046128,0.00024076768,a,0.9631613,0,1
0712_row_00003866,a,02芜湖,六郎镇,陶绍根,0,0,a,0.91871905,0.91871905,0.009527246,0.0001547066,0.0021273915,0.00049390865,1.8232118e-05,2.6229123e-05,0.06798304,0.0009501463,a,0.91871905,0,1
0712_row_00003867,e,02芜湖,六郎镇,陶绍根,1,1,e,0.6598624,0.0103642605,0.6598624,0.004469442,0.002683331,0.18415958,0.0010663994,0.00090246386,0.13183218,0.004659998,e,0.6598624,0,1
0712_row_00003868,e,02芜湖,六郎镇,陶绍根,1,1,e,0.55150133,0.008103329,0.55150133,0.008486925,0.0010860119,0.42723724,0.0030624121,0.00013001784,0.0003079526,8.4724365e-05,e,0.55150133,0,1
0712_row_00003869,e,02芜湖,六郎镇,陶绍根,1,1,e,0.8828376,0.015322869,0.8828376,0.08260252,0.0003259213,0.015386891,0.00044567662,0.00045320022,0.0024267049,0.00019872104,e,0.8828376,0,1
0712_row_00003870,e,02芜湖,六郎镇,陶绍根,1,1,e,0.5635705,0.0012658967,0.5635705,0.00047734435,0.00010635188,0.43409428,0.0001906066,3.201532e-05,0.0002137191,4.9261074e-05,e,0.5635705,0,1
0712_row_00003871,e,02芜湖,六郎镇,陶绍根,1,1,e,0.6517758,0.06569046,0.6517758,0.2542806,0.00037855533,0.020832127,0.0013824798,0.0028763397,0.0022234125,0.00056021917,e,0.6517758,0,1
0712_row_00003872,i,02芜湖,六郎镇,陶绍根,2,2,i,0.9953452,0.00018939197,0.0005992724,0.9953452,8.833397e-06,0.0010036723,0.002044235,7.142484e-07,0.0002524026,0.0005563466,i,0.9953452,0,1
0712_row_00003873,i,02芜湖,六郎镇,陶绍根,2,2,i,0.73010176,0.038876466,0.010135647,0.73010176,0.0011855733,0.05393439,0.04868633,0.0017014734,0.0433461,0.072032176,i,0.73010176,0,1
0712_row_00003874,i,02芜湖,六郎镇,陶绍根,2,5,y,0.47633824,0.0047421264,0.02670886,0.34508952,0.0045646816,0.1352405,0.47633824,0.00011099123,0.006090823,0.0011142548,y,0.47633824,0,1
0712_row_00003875,i,02芜湖,六郎镇,陶绍根,2,2,i,0.94225615,0.0040780976,0.0049229567,0.94225615,0.00027698433,0.015158657,0.024892893,6.9071306e-05,0.0037180916,0.004626949,i,0.94225615,0,1
0712_row_00003876,i,02芜湖,六郎镇,陶绍根,2,2,i,0.9875332,0.011436144,0.00015842091,0.9875332,0.00014474064,2.015881e-05,0.00064118445,9.277585e-06,9.363602e-06,4.7268033e-05,i,0.9875332,0,1
0712_row_00003877,i,02芜湖,六郎镇,陶绍根,2,2,i,0.99696976,0.00013686206,0.0005352768,0.99696976,3.53105e-06,0.0006177858,0.001158609,2.9459713e-07,0.0001588565,0.0004190024,i,0.99696976,0,1
0712_row_00003878,i,02芜湖,六郎镇,陶绍根,2,2,i,0.9907419,0.00020952652,0.0009931935,0.9907419,1.0869217e-05,0.0011236302,0.0045678117,5.0554144e-07,0.00041166035,0.0019408877,i,0.9907419,0,1
0712_row_00003880,i,02芜湖,六郎镇,陶绍根,2,2,i,0.99547887,0.00048036996,0.00053667394,0.99547887,5.5571495e-06,0.0007331207,0.0014540273,7.766938e-07,0.00026598808,0.0010445421,i,0.99547887,0,1
0712_row_00003881,i,02芜湖,六郎镇,陶绍根,2,2,i,0.9616755,0.0008574034,0.0026909795,0.9616755,7.081292e-05,0.0051200385,0.024984913,4.65379e-06,0.0012591041,0.0033364627,i,0.9616755,0,1
0712_row_00003882,i,02芜湖,六郎镇,陶绍根,2,5,y,0.43138608,0.047517885,0.081282176,0.03932268,0.0660392,0.2578045,0.43138608,0.004544398,0.059433267,0.012669689,y,0.43138608,0,1
0712_row_00003883,e,02芜湖,六郎镇,陶绍根,1,2,i,0.5803363,0.015153326,0.3822928,0.5803363,0.0013345456,0.016852893,0.0024592592,0.00059893366,0.000811758,0.00016009544,i,0.5803363,0,1
0712_row_00003884,i,02芜湖,六郎镇,陶绍根,2,2,i,0.7932847,0.03487109,0.13116662,0.7932847,0.001500135,0.01879781,0.0133068785,0.00016477072,0.0057030525,0.001204974,i,0.7932847,0,1
0712_row_00003885,i,02芜湖,六郎镇,陶绍根,2,2,i,0.98954016,0.0011399827,0.0017963143,0.98954016,4.306172e-05,0.00087093684,0.005577229,1.1193255e-06,0.00022122801,0.00081005733,i,0.98954016,0,1
0712_row_00003886,i,02芜湖,六郎镇,陶绍根,2,2,i,0.99963856,1.39770345e-05,5.356458e-05,0.99963856,3.275449e-07,6.397496e-05,0.00018954216,1.9630514e-08,1.5407044e-05,2.4493314e-05,i,0.99963856,0,1
0712_row_00003887,i,02芜湖,六郎镇,陶绍根,2,2,i,0.99938095,2.6261903e-05,7.642886e-05,0.99938095,6.000074e-07,8.1122416e-05,0.00034694388,2.4940894e-08,3.1176256e-05,5.650768e-05,i,0.99938095,0,1
0712_row_00003888,i,02芜湖,六郎镇,陶绍根,2,2,i,0.95047724,0.0012298311,0.0014639901,0.95047724,0.00017905398,0.0093612885,0.03190805,1.1652049e-05,0.0013127703,0.00405616,i,0.95047724,0,1
0712_row_00003889,i,02芜湖,六郎镇,陶绍根,2,2,i,0.9796172,0.002435046,0.0014360299,0.9796172,4.2675292e-05,0.005915193,0.0054276614,8.205972e-06,0.0014447974,0.0036731753,i,0.9796172,0,1
0712_row_00003890,i,02芜湖,六郎镇,陶绍根,2,2,i,0.96699196,0.029065419,0.00068188144,0.96699196,0.0007806102,0.00012539011,0.0017212646,0.00020203914,0.00012952114,0.0003018159,i,0.96699196,0,1
0712_row_00003891,i,02芜湖,六郎镇,陶绍根,2,2,i,0.98498315,0.00033403045,0.0013516208,0.98498315,1.6237138e-05,0.0015446892,0.0074796337,7.598717e-07,0.00087471755,0.0034152174,i,0.98498315,0,1
0712_row_00003892,i,02芜湖,六郎镇,陶绍根,2,2,i,0.9893574,0.00064612593,0.0023131908,0.9893574,2.4663408e-05,0.001113028,0.005484892,2.0076707e-06,0.00031946044,0.0007390821,i,0.9893574,0,1
0712_row_00003893,i,02芜湖,六郎镇,陶绍根,2,2,i,0.99964297,2.2097049e-05,5.3043765e-05,0.99964297,5.6592285e-07,6.8968606e-05,0.00014552307,8.194408e-08,2.4222385e-05,4.242263e-05,i,0.99964297,0,1
0712_row_00003894,i,02芜湖,六郎镇,陶绍根,2,2,i,0.99922,4.61667e-05,0.000116384625,0.99922,1.127378e-06,0.00012648548,0.00033479076,1.0429163e-07,5.7663874e-05,9.719404e-05,i,0.99922,0,1
0712_row_00003895,i,02芜湖,六郎镇,陶绍根,2,2,i,0.9986761,7.993538e-05,0.00013368542,0.9986761,1.8998171e-06,0.00017581148,0.0006716102,5.124162e-08,0.00012584982,0.00013514703,i,0.9986761,0,1
0712_row_00003896,i,02芜湖,六郎镇,陶绍根,2,2,i,0.9996643,9.465212e-06,6.6803615e-05,0.9996643,3.5635628e-07,4.8659887e-05,0.00016138771,1.8642089e-08,1.2295346e-05,3.6871254e-05,i,0.9996643,0,1
0712_row_00003897,i,02芜湖,六郎镇,陶绍根,2,2,i,0.7876211,0.008916842,0.009240808,0.7876211,0.0011321475,0.06893844,0.11735523,7.933215e-05,0.004209464,0.0025067548,i,0.7876211,0,1
0712_row_00003898,i,02芜湖,六郎镇,陶绍根,2,2,i,0.9994324,2.345955e-05,0.00016262893,0.9994324,6.8225523e-07,8.0285965e-05,0.00021565842,3.1866563e-08,3.391714e-05,5.0882554e-05,i,0.9994324,0,1
0712_row_00003899,i,02芜湖,六郎镇,陶绍根,2,2,i,0.99975187,1.08636805e-05,2.202052e-05,0.99975187,2.7245758e-07,3.933448e-05,0.00014371843,1.8099882e-08,8.163071e-06,2.3813971e-05,i,0.99975187,0,1
0712_row_00003900,i,02芜湖,六郎镇,陶绍根,2,2,i,0.92920166,0.001883214,0.004402934,0.92920166,0.00027157515,0.013670727,0.047672495,1.0639312e-05,0.0010883247,0.0017983168,i,0.92920166,0,1
0712_row_00003901,i,02芜湖,六郎镇,陶绍根,2,2,i,0.96653306,0.0011115861,0.0016496566,0.96653306,8.4460546e-05,0.006010728,0.021133821,3.5159658e-06,0.0007491269,0.0027239418,i,0.96653306,0,1
0712_row_00003902,i,02芜湖,六郎镇,陶绍根,2,2,i,0.9140272,0.07931947,0.0016926881,0.9140272,0.00043998353,0.0002744021,0.00063885946,0.00085607794,0.0007171247,0.0020341326,i,0.9140272,0,1
0712_row_00003903,i,02芜湖,六郎镇,陶绍根,2,2,i,0.98625815,0.00035982358,0.0015214358,0.98625815,1.8181201e-05,0.0016090443,0.005415253,1.8778015e-06,0.0009621856,0.0038539597,i,0.98625815,0,1
0712_row_00003904,i,02芜湖,六郎镇,陶绍根,2,2,i,0.9978125,5.7547455e-05,0.00025660926,0.9978125,2.5240042e-06,0.00022943437,0.0011575859,9.026255e-08,0.00012905647,0.00035457444,i,0.9978125,0,1
0712_row_00003905,i,02芜湖,六郎镇,陶绍根,2,2,i,0.9912982,0.0011948436,0.0007964176,0.9912982,1.8058596e-05,0.00070074224,0.0027962956,3.0642177e-06,0.0010413433,0.0021510024,i,0.9912982,0,1
0712_row_00003906,i,02芜湖,六郎镇,陶绍根,2,2,i,0.99633163,0.00032069418,0.00050247624,0.99633163,5.8349774e-06,0.00088090915,0.0011667336,9.5185555e-07,0.00027502776,0.00051572424,i,0.99633163,0,1
0712_row_00003907,i,02芜湖,六郎镇,陶绍根,2,2,i,0.994107,0.00021080053,0.0005217065,0.994107,6.4766627e-06,0.00090439356,0.0031800228,3.6032844e-07,0.00019736568,0.000871832,i,0.994107,0,1
0712_row_00003908,i,02芜湖,六郎镇,陶绍根,2,2,i,0.996691,0.00021082809,0.00058392755,0.996691,3.9133115e-06,0.00076733547,0.001303092,1.8045027e-07,0.00016311431,0.00027665825,i,0.996691,0,1
0712_row_00003909,u,02芜湖,六郎镇,陶绍根,4,1,e,0.60263103,0.0010983694,0.60263103,0.00068877806,0.00023729619,0.39355305,0.00021948677,7.05849e-05,0.0014469351,5.4492466e-05,e,0.60263103,0,1
0712_row_00003910,u,02芜湖,六郎镇,陶绍根,4,1,e,0.5736291,0.0006345878,0.5736291,0.0004278217,0.00016702992,0.42454323,0.0002830025,6.501767e-05,0.00019838188,5.1847383e-05,e,0.5736291,0,1
0712_row_00003911,u,02芜湖,六郎镇,陶绍根,4,1,e,0.53707796,0.00057673873,0.53707796,0.0002818962,0.00010170596,0.4614539,0.000114370276,2.6476811e-05,0.00032887197,3.797239e-05,e,0.53707796,0,1
0712_row_00003912,u,02芜湖,六郎镇,陶绍根,4,4,u,0.79169613,0.00036619054,0.20729515,0.00018256869,0.00021328672,0.79169613,0.0001488087,5.1483903e-06,8.166651e-05,1.1069418e-05,u,0.79169613,0,1
0712_row_00003913,u,02芜湖,六郎镇,陶绍根,4,1,e,0.5813617,0.000565287,0.5813617,0.0012428785,0.0002770271,0.41610482,0.0003800391,1.0107041e-05,4.577792e-05,1.2326943e-05,e,0.5813617,0,1
0712_row_00003914,u,02芜湖,六郎镇,陶绍根,4,2,i,0.43884426,0.23423111,0.16498949,0.43884426,0.034074333,0.08062719,0.012582439,0.011168442,0.016080318,0.0074025276,i,0.43884426,0,1
0712_row_00003915,u,02芜湖,六郎镇,陶绍根,4,4,u,0.6784254,0.006445317,0.21982381,0.0030660671,0.0029640116,0.6784254,0.00067185634,0.00054725946,0.082966395,0.005089901,u,0.6784254,0,1
0712_row_00003916,u,02芜湖,六郎镇,陶绍根,4,4,u,0.6256577,0.00074611,0.37179682,0.00033772367,0.00043299183,0.6256577,0.0006042549,3.237003e-05,0.00034827838,4.367278e-05,u,0.6256577,0,1
0712_row_00003917,u,02芜湖,六郎镇,陶绍根,4,1,e,0.80193305,0.00644979,0.80193305,0.021753412,0.00035310566,0.16822705,0.00032928138,0.00020942697,0.0006340863,0.00011083944,e,0.80193305,0,1
0712_row_00003918,u,02芜湖,六郎镇,陶绍根,4,4,u,0.5982942,0.00067677326,0.39939433,0.00064580835,0.0002330822,0.5982942,0.00011125727,5.6374163e-05,0.00057009404,1.8129302e-05,u,0.5982942,0,1
0712_row_00003919,u,02芜湖,六郎镇,陶绍根,4,1,e,0.64727503,0.0014473473,0.64727503,0.0009961495,0.0003369186,0.34832805,0.0005690677,0.00023601804,0.0007532005,5.8218284e-05,e,0.64727503,0,1
0712_row_00003920,u,02芜湖,六郎镇,陶绍根,4,1,e,0.6536492,0.0012896863,0.6536492,0.0007108094,0.00039566372,0.34242073,0.00013543601,5.9092497e-05,0.0012444136,9.495151e-05,e,0.6536492,0,1
0712_row_00003921,e,02芜湖,六郎镇,陶绍根,1,1,e,0.9424444,0.007772512,0.9424444,0.028498532,0.00019620993,0.01417775,0.0003201911,0.0011912322,0.005170131,0.00022908529,e,0.9424444,0,1
0712_row_00003922,e,02芜湖,六郎镇,陶绍根,1,1,e,0.91955304,0.008889854,0.91955304,0.05285951,0.00025649837,0.016054144,0.0003855354,0.00046307154,0.0013765659,0.00016165906,e,0.91955304,0,1
0712_row_00003923,e,02芜湖,六郎镇,陶绍根,1,1,e,0.5331592,0.00078481657,0.5331592,0.0024587533,0.00027978493,0.46281183,0.00024328765,2.1545933e-05,0.00020816115,3.2706288e-05,e,0.5331592,0,1
0712_row_00003924,e,02芜湖,六郎镇,陶绍根,1,1,e,0.69686115,0.0031341289,0.69686115,0.00207133,0.00026240762,0.2964904,0.00069034926,0.0001663748,0.0002451363,7.8786354e-05,e,0.69686115,0,1
0712_row_00003925,u,02芜湖,六郎镇,陶绍根,4,1,e,0.57964325,0.0019301835,0.57964325,0.0053515984,0.00023621152,0.41195613,0.0003973895,8.361537e-05,0.000356487,4.5171768e-05,e,0.57964325,0,1
0712_row_00003926,u,02芜湖,六郎镇,陶绍根,4,1,e,0.5824242,0.0034212286,0.5824242,0.0013502043,0.00015116588,0.41150233,0.00036509358,0.00012975745,0.00055136526,0.00010472013,e,0.5824242,0,1
0712_row_00003927,u,02芜湖,六郎镇,陶绍根,4,1,e,0.5253144,0.0015099886,0.5253144,0.0027984427,0.0004161293,0.4691279,0.00035119202,4.4858185e-05,0.0003903306,4.676165e-05,e,0.5253144,0,1
0712_row_00003928,u,02芜湖,六郎镇,陶绍根,4,1,e,0.68475455,0.0011466348,0.68475455,0.0008110366,0.00012253209,0.31256238,0.00031245087,0.00010919327,0.00014142336,3.9654933e-05,e,0.68475455,0,1
0712_row_00003929,ɔ,02芜湖,六郎镇,陶绍根,6,6,ɔ,0.8942583,0.10224055,0.00013120584,0.000632582,0.0010436877,0.00028377163,2.1345784e-05,0.8942583,0.0011734553,0.00021505417,ɔ,0.8942583,0,1
0712_row_00003930,a,02芜湖,六郎镇,陶绍根,0,6,ɔ,0.961929,0.036214158,3.9477254e-05,5.6122353e-05,0.00043351125,8.565999e-05,1.3356296e-06,0.961929,0.0012178472,2.2984712e-05,ɔ,0.961929,0,1
0712_row_00003931,a,02芜湖,六郎镇,陶绍根,0,6,ɔ,0.76116794,0.17110974,0.0031343638,0.00021331343,0.0035119883,0.0005361055,4.9203307e-05,0.76116794,0.057267457,0.0030098872,ɔ,0.76116794,0,1
0712_row_00003932,ɔ,02芜湖,六郎镇,陶绍根,6,6,ɔ,0.96996874,0.024594046,3.3401997e-05,7.8297206e-05,0.00018117702,4.1660263e-05,1.4756201e-06,0.96996874,0.005041387,5.976094e-05,ɔ,0.96996874,0,1
0712_row_00003933,a,02芜湖,六郎镇,陶绍根,0,6,ɔ,0.9334637,0.049647775,0.00010738046,5.700902e-06,0.00035843768,6.198356e-05,3.6052222e-07,0.9334637,0.016332261,2.2375922e-05,ɔ,0.9334637,0,1
0712_row_00003934,ɔ,02芜湖,六郎镇,陶绍根,6,6,ɔ,0.97240293,0.013219893,2.5230423e-05,2.6346977e-06,0.001163437,0.00010014415,2.1543566e-07,0.97240293,0.013068487,1.6895749e-05,ɔ,0.97240293,0,1
0712_row_00003936,ɔ,02芜湖,六郎镇,陶绍根,6,6,ɔ,0.91529787,0.01613305,0.0001874678,1.0942056e-06,0.0024235696,0.00038840823,3.1339232e-07,0.91529787,0.06554524,2.3024311e-05,ɔ,0.91529787,0,1
0712_row_00003937,ɔ,02芜湖,六郎镇,陶绍根,6,6,ɔ,0.8935099,0.021531971,0.00047118304,1.9111817e-06,0.0028870248,0.00048339457,9.086275e-07,0.8935099,0.08104293,7.07258e-05,ɔ,0.8935099,0,1
0712_row_00003938,a,02芜湖,六郎镇,陶绍根,0,6,ɔ,0.72767466,0.25900254,0.00089038914,0.004127349,0.0031344597,0.0002435865,4.4405435e-05,0.72767466,0.004080007,0.0008026314,ɔ,0.72767466,0,1
0712_row_00003939,a,02芜湖,六郎镇,陶绍根,0,6,ɔ,0.62389004,0.30741423,0.0036784017,0.001167915,0.00096398115,0.00018867715,2.5915106e-05,0.62389004,0.06088753,0.0017833031,ɔ,0.62389004,0,1
0712_row_00003940,a,02芜湖,六郎镇,陶绍根,0,0,a,0.50910795,0.50910795,0.05468587,0.0012080501,0.0027212796,0.00042307778,0.00015761616,0.08524338,0.32049087,0.025961883,a,0.50910795,0,1
0712_row_00003941,ɔ,02芜湖,六郎镇,陶绍根,6,6,ɔ,0.9797988,0.018790582,4.097627e-05,0.00011537949,0.00025446445,2.7087637e-05,1.4512739e-06,0.9797988,0.0009294484,4.18248e-05,ɔ,0.9797988,0,1
0712_row_00003942,ɔ,02芜湖,六郎镇,陶绍根,6,6,ɔ,0.9732424,0.022494527,4.8827536e-05,2.0474974e-05,0.00030641182,4.6873138e-05,7.5428994e-07,0.9732424,0.0037948238,4.4885575e-05,ɔ,0.9732424,0,1
0712_row_00003943,a,02芜湖,六郎镇,陶绍根,0,0,a,0.8716377,0.8716377,0.0068189693,0.0008516869,0.0177178,0.00055571797,0.000397217,0.08064983,0.01473784,0.006633188,a,0.8716377,0,1
0712_row_00003944,a,02芜湖,六郎镇,陶绍根,0,0,a,0.43846038,0.43846038,0.03600301,0.0016659196,0.009119913,0.0014108224,0.013089756,0.002552047,0.10212628,0.39557195,a,0.43846038,0,1
0712_row_00003945,a,02芜湖,六郎镇,陶绍根,0,0,a,0.47428098,0.47428098,0.14412266,0.0023834882,0.0011816183,0.00026922967,0.0023135736,0.0010494888,0.19468755,0.17971131,a,0.47428098,0,1
0712_row_00003946,a,02芜湖,六郎镇,陶绍根,0,6,ɔ,0.79583734,0.07591232,0.00090610655,1.9770096e-05,0.012256038,0.00092337717,6.9592556e-06,0.79583734,0.113849156,0.00028890645,ɔ,0.79583734,0,1
0712_row_00003947,a,02芜湖,六郎镇,陶绍根,0,0,a,0.771982,0.771982,0.0006433637,0.08187811,0.046021905,0.0005848415,0.002524563,0.08542809,0.010195154,0.0007419965,a,0.771982,0,1
0712_row_00003948,a,02芜湖,六郎镇,陶绍根,0,0,a,0.7879144,0.7879144,0.010827718,0.00090810715,0.00038865622,1.8906516e-05,0.0005279618,0.00015948016,0.033109553,0.16614524,a,0.7879144,0,1
0712_row_00003949,u,02芜湖,六郎镇,陶绍根,4,3,o,0.68831813,0.169501,0.0006669172,0.00078921963,0.68831813,0.12562035,0.012687133,0.0017140211,0.0006682739,3.507049e-05,o,0.68831813,0,1
0712_row_00003950,o,02芜湖,六郎镇,陶绍根,3,3,o,0.5946156,0.02755513,0.0006882531,0.00066302787,0.5946156,0.34697515,0.017257232,0.010157244,0.0020633638,2.5019199e-05,o,0.5946156,0,1
0712_row_00003951,o,02芜湖,六郎镇,陶绍根,3,3,o,0.9817515,0.009404845,8.43957e-05,2.1829423e-05,0.9817515,0.0068031307,0.0017012369,0.00015905016,7.2095485e-05,1.9174631e-06,o,0.9817515,0,1
0712_row_00003952,o,02芜湖,六郎镇,陶绍根,3,4,u,0.39992112,0.01745684,0.09820395,0.004666255,0.016269477,0.39992112,0.00037801042,0.13503104,0.32504636,0.0030269644,u,0.39992112,0,1
0712_row_00003953,o,02芜湖,六郎镇,陶绍根,3,3,o,0.98745686,0.0036566106,0.00038307323,0.0002785498,0.98745686,0.005484851,0.0010163463,0.00025081402,0.00081322825,0.00065953017,o,0.98745686,0,1
0712_row_00003954,o,02芜湖,六郎镇,陶绍根,3,3,o,0.9673111,0.021877853,0.0002883729,0.00010462627,0.9673111,0.00424868,0.005512608,6.054934e-05,0.00054797094,4.8223206e-05,o,0.9673111,0,1
0712_row_00003955,o,02芜湖,六郎镇,陶绍根,3,3,o,0.72941405,0.09060426,0.005981034,0.022258068,0.72941405,0.030564286,0.11983576,0.00034981265,0.0008340356,0.0001586594,o,0.72941405,0,1
0712_row_00003956,o,02芜湖,六郎镇,陶绍根,3,3,o,0.9689709,0.0065254043,0.00016962331,0.00016260296,0.9689709,0.020562181,0.00320417,0.0003421533,5.9643637e-05,3.3622462e-06,o,0.9689709,0,1
0712_row_00003957,o,02芜湖,六郎镇,陶绍根,3,3,o,0.94946074,0.012923062,0.000524307,0.00016164368,0.94946074,0.030704807,0.0020822412,0.003969406,0.00016396857,9.892351e-06,o,0.94946074,0,1
0712_row_00003958,u,02芜湖,六郎镇,陶绍根,4,5,y,0.80375934,0.00022901033,2.0976953e-05,0.0002802475,0.0004764001,0.19517416,0.80375934,1.2687257e-06,4.1154864e-05,1.7448081e-05,y,0.80375934,0,1
0712_row_00003959,u,02芜湖,六郎镇,陶绍根,4,5,y,0.7584529,0.0007687293,0.000117040945,0.0016142672,0.000789285,0.2381257,0.7584529,6.1754963e-06,7.4034084e-05,5.190937e-05,y,0.7584529,0,1
0712_row_00003960,u,02芜湖,六郎镇,陶绍根,4,5,y,0.7373076,0.0012079763,0.0003631987,0.00040738538,0.0012932187,0.25919834,0.7373076,5.8286423e-06,0.00013861178,7.785351e-05,y,0.7373076,0,1
0712_row_00003961,u,02芜湖,六郎镇,陶绍根,4,5,y,0.77556235,0.00017460788,5.0122555e-05,0.00039746653,0.00035328994,0.22342022,0.77556235,6.3914814e-07,2.9262392e-05,1.1994313e-05,y,0.77556235,0,1
0712_row_00003962,o,02芜湖,六郎镇,陶绍根,3,4,u,0.5473765,0.026126215,0.0005890118,0.0011907372,0.38796172,0.5473765,0.0046999883,0.029326089,0.0027084067,2.1253974e-05,u,0.5473765,0,1
0712_row_00003963,o,02芜湖,六郎镇,陶绍根,3,3,o,0.9374307,0.014777223,0.00031359546,0.00031103694,0.9374307,0.036885045,0.008605276,0.0009003411,0.00073028647,4.649903e-05,o,0.9374307,0,1
0712_row_00003964,o,02芜湖,六郎镇,陶绍根,3,3,o,0.51847494,0.33090946,0.011036594,0.012359291,0.51847494,0.03351667,0.078230016,0.003729486,0.009652145,0.0020914148,o,0.51847494,0,1
0712_row_00003965,o,02芜湖,六郎镇,陶绍根,3,3,o,0.9681585,0.012030256,0.0001378555,0.00017541368,0.9681585,0.0047979243,0.014559832,4.1326173e-05,9.398974e-05,4.9882237e-06,o,0.9681585,0,1
0712_row_00003966,o,02芜湖,六郎镇,陶绍根,3,3,o,0.91765606,0.026054438,0.0004178824,0.00081132393,0.91765606,0.012942189,0.041436125,0.00012796173,0.00051567197,3.828045e-05,o,0.91765606,0,1
0712_row_00003967,o,02芜湖,六郎镇,陶绍根,3,3,o,0.99495184,0.0012749685,3.403257e-05,7.735018e-05,0.99495184,0.00031612627,0.003343989,9.670165e-07,5.441688e-07,1.17461745e-07,o,0.99495184,0,1
0712_row_00003968,o,02芜湖,六郎镇,陶绍根,3,4,u,0.8105335,0.01830128,0.012626273,0.0032992584,0.051410835,0.8105335,0.011112313,0.0037330594,0.084511876,0.0044715446,u,0.8105335,0,1
0712_row_00003969,o,02芜湖,六郎镇,陶绍根,3,3,o,0.9750045,0.0041271453,0.00016813133,0.00025680888,0.9750045,0.00011509217,0.020220917,7.4271643e-06,6.217692e-05,3.777239e-05,o,0.9750045,0,1
0712_row_00003970,o,02芜湖,六郎镇,陶绍根,3,3,o,0.9401057,0.0117228,0.000639648,0.0024645817,0.9401057,0.00038875057,0.04382423,3.363273e-05,0.0005123019,0.00030844402,o,0.9401057,0,1
0712_row_00003971,o,02芜湖,六郎镇,陶绍根,3,3,o,0.8435444,0.017898444,0.002774922,0.00889177,0.8435444,0.00020436828,0.12344191,5.378872e-05,0.0016252124,0.00156523,o,0.8435444,0,1
0712_row_00003972,o,02芜湖,六郎镇,陶绍根,3,3,o,0.70430493,0.04618233,0.0016450391,0.031630047,0.70430493,0.008622883,0.2005552,0.00046616502,0.0035621584,0.0030312147,o,0.70430493,0,1
0712_row_00003973,o,02芜湖,六郎镇,陶绍根,3,3,o,0.6343306,0.08122852,0.010732346,0.04843785,0.6343306,0.0012098943,0.18859018,0.0011858921,0.016070183,0.01821455,o,0.6343306,0,1
0712_row_00003974,a,02芜湖,六郎镇,陶绍根,0,0,a,0.68890625,0.68890625,0.0029475717,0.002507263,0.10358981,0.09424703,0.013774794,0.001957414,0.09044911,0.0016207905,a,0.68890625,0,1
0712_row_00003975,a,02芜湖,六郎镇,陶绍根,0,0,a,0.9598442,0.9598442,0.00057539484,1.5825824e-05,0.001241665,0.0003164525,1.0400751e-06,1.0918309e-06,0.037981294,2.2907505e-05,a,0.9598442,0,1
0712_row_00003976,a,02芜湖,六郎镇,陶绍根,0,0,a,0.60815793,0.60815793,0.00028318606,0.0010559888,0.25401273,0.07081826,0.013995388,0.00068532466,0.05073326,0.00025777007,a,0.60815793,0,1
0712_row_00003977,a,02芜湖,六郎镇,陶绍根,0,0,a,0.8542547,0.8542547,0.109694436,0.00031778344,0.0011245308,0.0006179876,0.00015363346,3.5792016e-06,0.015609052,0.018224074,a,0.8542547,0,1
0712_row_00003978,a,02芜湖,六郎镇,陶绍根,0,0,a,0.2680911,0.2680911,0.23073284,0.0005474002,0.17363118,0.02612548,0.07692123,0.0015204394,0.15225175,0.070178576,a,0.2680911,0,1
0712_row_00003979,a,02芜湖,六郎镇,陶绍根,0,8,ɛ,0.43303856,0.22855008,0.0034784246,0.18718883,0.00022023874,0.003587057,0.00097463175,0.001402968,0.14155924,0.43303856,ɛ,0.43303856,0,1
0712_row_00003980,a,02芜湖,六郎镇,陶绍根,0,0,a,0.9169827,0.9169827,0.04414811,0.0017036627,0.0008872397,0.0018078584,9.0327936e-05,9.9116505e-06,0.018227177,0.016143057,a,0.9169827,0,1
0712_row_00003981,a,02芜湖,六郎镇,陶绍根,0,1,e,0.80259424,0.11795596,0.80259424,0.0066772755,0.003065755,0.00075116445,0.0010777753,0.0001458663,0.06654179,0.0011901486,e,0.80259424,0,1
0712_row_00003982,a,02芜湖,六郎镇,陶绍根,0,8,ɛ,0.6712282,0.030768322,0.013430446,0.18199633,0.00031008085,0.0041647106,0.0061059305,0.00038938707,0.091606684,0.6712282,ɛ,0.6712282,0,1
0712_row_00003983,a,02芜湖,六郎镇,陶绍根,0,8,ɛ,0.5602566,0.03563736,0.07594166,0.10767668,0.0009083907,0.0010487108,0.024440622,0.0005606903,0.19352923,0.5602566,ɛ,0.5602566,0,1
0712_row_00003984,a,02芜湖,六郎镇,陶绍根,0,7,ə,0.43940008,0.13639091,0.3148017,0.001591819,0.012183459,0.000293412,0.010126881,0.0027056483,0.43940008,0.08250612,ə,0.43940008,0,1
0712_row_00003986,a,02芜湖,六郎镇,陶绍根,0,0,a,0.47910932,0.47910932,0.09595468,0.00039891197,0.01256337,0.0019710725,0.00045086446,0.026191305,0.35337314,0.029987408,a,0.47910932,0,1
0712_row_00003987,a,02芜湖,六郎镇,陶绍根,0,2,i,0.4851356,0.028350234,0.0021564984,0.4851356,0.00017282335,0.0046024583,0.013166081,8.703142e-05,0.037358265,0.42897096,i,0.4851356,0,1
0712_row_00003988,a,02芜湖,六郎镇,陶绍根,0,8,ɛ,0.61537063,0.118969426,0.0056596682,0.11585334,0.00033728758,0.00046543017,0.0035088384,0.00011717663,0.13971825,0.61537063,ɛ,0.61537063,0,1
0712_row_00003989,a,02芜湖,六郎镇,陶绍根,0,8,ɛ,0.4999519,0.07717043,0.001996389,0.34850463,0.00010813398,0.0008855944,0.0025157768,2.7516044e-05,0.068839595,0.4999519,ɛ,0.4999519,0,1
0712_row_00003991,i,02芜湖,六郎镇,陶绍根,2,8,ɛ,0.6843017,0.011079615,0.009254888,0.1886467,0.000503263,9.198121e-05,0.035567157,2.2169861e-05,0.07053258,0.6843017,ɛ,0.6843017,0,1
0712_row_00003992,a,02芜湖,六郎镇,陶绍根,0,8,ɛ,0.5624745,0.14513083,0.002357069,0.18426496,0.00012357533,0.0007234982,0.0017845397,7.086838e-05,0.103070185,0.5624745,ɛ,0.5624745,0,1
0712_row_00003993,i,02芜湖,六郎镇,陶绍根,2,2,i,0.4092431,0.028272735,0.27479678,0.4092431,0.0010599158,0.001678219,0.15523338,0.000113721566,0.05239198,0.07721007,i,0.4092431,0,1
0712_row_00003994,i,02芜湖,六郎镇,陶绍根,2,2,i,0.67297745,0.0008427683,0.00413249,0.67297745,0.0003805197,0.0016807381,0.18369141,3.4881057e-05,0.1352117,0.0010480786,i,0.67297745,0,1
0712_row_00003995,i,02芜湖,六郎镇,陶绍根,2,7,ə,0.446826,0.07683644,0.009635004,0.048852306,0.014638771,0.37697846,0.020596212,0.0024327182,0.446826,0.003204059,ə,0.446826,0,1
0712_row_00003996,y,02芜湖,六郎镇,陶绍根,5,4,u,0.622573,0.01975043,0.0035893854,0.1156247,0.0055854735,0.622573,0.045351487,0.0016126606,0.18538016,0.0005327569,u,0.622573,0,1
0712_row_00003997,a,02芜湖,六郎镇,陶绍根,0,7,ə,0.8623021,0.0805138,0.0045527876,0.00037907547,0.0075925654,0.042199597,0.000965395,0.0013206362,0.8623021,0.0001740284,ə,0.8623021,0,1
0712_row_00003998,i,02芜湖,六郎镇,陶绍根,2,2,i,0.6859404,0.0032324397,0.004653069,0.6859404,0.0008104002,0.0056694634,0.1549856,0.000155208,0.13630454,0.008248816,i,0.6859404,0,1
0712_row_00003999,i,02芜湖,六郎镇,陶绍根,2,8,ɛ,0.3569861,0.040106244,0.06419829,0.095719,0.006133903,0.007696173,0.07320793,0.0034905255,0.35246179,0.3569861,ɛ,0.3569861,0,1
0712_row_00004000,a,02芜湖,六郎镇,陶绍根,0,0,a,0.9958746,0.9958746,4.5029756e-05,3.775165e-05,0.00018266782,3.5455767e-05,7.65078e-07,2.635291e-07,0.003786328,3.714436e-05,a,0.9958746,0,1
0712_row_00004001,a,02芜湖,六郎镇,陶绍根,0,0,a,0.9752856,0.9752856,0.0031634832,0.001502736,0.0013789446,0.0019346507,1.5394025e-05,2.7714834e-06,0.016166061,0.0005503533,a,0.9752856,0,1
0712_row_00004002,a,02芜湖,六郎镇,陶绍根,0,0,a,0.99135286,0.99135286,0.00023969343,0.0014432629,0.00046299509,0.0003649899,2.707805e-05,9.387671e-06,0.006047265,5.243308e-05,a,0.99135286,0,1
0712_row_00004003,a,02芜湖,六郎镇,陶绍根,0,0,a,0.8234478,0.8234478,0.0006058567,1.4935682e-05,0.005036423,0.0004933464,2.6171856e-06,3.4814389e-06,0.17037334,2.2150412e-05,a,0.8234478,0,1
0712_row_00004004,a,02芜湖,六郎镇,陶绍根,0,3,o,0.45723763,0.18090554,0.00068643317,0.005673694,0.45723763,0.07433258,0.027791323,0.0008180192,0.25237355,0.00018118751,o,0.45723763,0,1
0712_row_00004005,a,02芜湖,六郎镇,陶绍根,0,3,o,0.39106593,0.35439485,0.009804659,0.0019058131,0.39106593,0.14916247,0.07004723,0.0013825282,0.020661192,0.0015753246,o,0.39106593,0,1
0712_row_00004006,a,02芜湖,六郎镇,陶绍根,0,0,a,0.6073073,0.6073073,0.030913556,0.0024519328,0.12944037,0.08090505,0.09463552,0.00058778573,0.051646553,0.002112094,a,0.6073073,0,1
0712_row_00004007,a,02芜湖,六郎镇,陶绍根,0,0,a,0.99797803,0.99797803,3.9831517e-05,8.2500956e-05,6.6777735e-05,5.7312493e-05,1.7962162e-06,8.534288e-08,0.0017621642,1.1574885e-05,a,0.99797803,0,1
0712_row_00004008,a,02芜湖,六郎镇,陶绍根,0,0,a,0.54506564,0.54506564,0.010435112,0.3294664,0.015301482,0.013472369,0.0043550846,0.05173994,0.024628462,0.005535488,a,0.54506564,0,1
0712_row_00004009,a,02芜湖,六郎镇,陶绍根,0,0,a,0.924428,0.924428,0.0011324744,4.8767844e-05,0.0024773963,0.0010923323,4.3272944e-06,3.063786e-06,0.070750676,6.300733e-05,a,0.924428,0,1
0712_row_00004010,a,02芜湖,六郎镇,陶绍根,0,8,ɛ,0.82626814,0.16455263,0.0016542549,0.00013634723,2.4993251e-05,1.9459594e-06,2.2087619e-05,3.1960175e-07,0.0073393155,0.82626814,ɛ,0.82626814,0,1
0712_row_00004011,a,02芜湖,六郎镇,陶绍根,0,0,a,0.8949541,0.8949541,0.011528786,0.026069598,0.0013677728,0.0011941895,0.00017804737,0.030939877,0.029928787,0.0038390476,a,0.8949541,0,1
0712_row_00004012,a,02芜湖,六郎镇,陶绍根,0,7,ə,0.8847913,0.034426298,0.03842644,0.00032102934,0.024028417,0.003004385,0.0051515666,0.0002656885,0.8847913,0.009584847,ə,0.8847913,0,1
0712_row_00004013,a,02芜湖,六郎镇,陶绍根,0,8,ɛ,0.3754262,0.23904967,0.0019477948,0.022925433,0.0003338097,0.00024129584,0.001628869,0.00010236918,0.35834455,0.3754262,ɛ,0.3754262,0,1
0712_row_00004014,i,02芜湖,六郎镇,陶绍根,2,2,i,0.831373,0.03140028,0.013245629,0.831373,0.0028139055,0.039018888,0.07145753,0.00016049035,0.005959521,0.004570971,i,0.831373,0,1
0712_row_00004015,i,02芜湖,六郎镇,陶绍根,2,2,i,0.733615,0.24362555,0.0026302293,0.733615,0.0012056667,0.0017932963,0.013625418,4.767622e-05,0.0012739911,0.0021831782,i,0.733615,0,1
0712_row_00004016,i,02芜湖,六郎镇,陶绍根,2,2,i,0.96910256,0.015976336,0.008480321,0.96910256,0.0009055951,0.0006468201,0.004731901,2.3360268e-05,8.6032625e-05,4.7041573e-05,i,0.96910256,0,1
0712_row_00004017,i,02芜湖,六郎镇,陶绍根,2,2,i,0.85486144,0.02353187,0.0021711276,0.85486144,0.00035163396,0.013991423,0.017597811,0.00011131729,0.027628247,0.059755247,i,0.85486144,0,1
0712_row_00004018,a,02芜湖,六郎镇,陶绍根,0,2,i,0.5466045,0.009794449,0.005183878,0.5466045,0.0004658974,0.0058904164,0.04893635,3.3598975e-05,0.04458468,0.3385062,i,0.5466045,0,1
0712_row_00004019,a,02芜湖,六郎镇,陶绍根,0,7,ə,0.3032746,0.26864746,0.041255426,0.0010836408,0.13884051,0.23010828,0.011379144,0.004024262,0.3032746,0.0013866608,ə,0.3032746,0,1
0712_row_00004020,e,02芜湖,六郎镇,陶绍根,1,5,y,0.4163042,0.052334107,0.043220755,0.2448952,0.025131088,0.13977002,0.4163042,0.0029987325,0.04991644,0.02542946,y,0.4163042,0,1
0712_row_00004021,ə,02芜湖,六郎镇,陶绍根,7,7,ə,0.4868898,0.020652702,0.022892395,0.002909751,0.18661092,0.23321894,0.037392017,0.005355157,0.4868898,0.004078387,ə,0.4868898,0,1
0712_row_00004022,i,02芜湖,六郎镇,陶绍根,2,2,i,0.9716331,0.020493183,0.0019267473,0.9716331,0.0010215638,0.00029781088,0.004502258,2.8592913e-05,7.196323e-05,2.473156e-05,i,0.9716331,0,1
0712_row_00004023,e,02芜湖,六郎镇,陶绍根,1,2,i,0.53783214,0.009441048,0.11370674,0.53783214,0.00037411693,0.0008649212,0.21019621,2.9346942e-05,0.031165564,0.09638988,i,0.53783214,0,1
0712_row_00004024,i,02芜湖,六郎镇,陶绍根,2,2,i,0.633162,0.014985565,0.03084689,0.633162,0.011019307,0.00023784299,0.21240859,2.9429773e-05,0.0111149885,0.08619539,i,0.633162,0,1
0712_row_00004025,a,02芜湖,六郎镇,陶绍根,0,0,a,0.86358744,0.86358744,0.00019262008,0.00035085232,0.102001175,0.01277834,0.0011344386,0.00075769285,0.019067645,0.000129739,a,0.86358744,0,1
0712_row_00004026,a,02芜湖,六郎镇,陶绍根,0,0,a,0.9751143,0.9751143,0.00034202106,1.991352e-05,0.01769851,0.001919364,8.415747e-05,0.00020657858,0.0045196754,9.5586714e-05,a,0.9751143,0,1
0712_row_00004027,a,02芜湖,六郎镇,陶绍根,0,5,y,0.5480182,0.012792846,0.0049894718,0.00035017898,0.02667253,0.39233497,0.5480182,0.000103114064,0.014164363,0.00057438464,y,0.5480182,0,1
0712_row_00004028,a,02芜湖,六郎镇,陶绍根,0,0,a,0.95644915,0.95644915,0.0007192363,0.0013153559,0.020371785,0.0074179247,0.002368562,0.00036454617,0.009920574,0.0010730682,a,0.95644915,0,1
0712_row_00004029,a,02芜湖,六郎镇,陶绍根,0,0,a,0.3936347,0.3936347,0.08465372,0.037118703,0.06999733,0.1462565,0.1662408,0.0003547168,0.08950094,0.0122426385,a,0.3936347,0,1
0712_row_00004030,a,02芜湖,六郎镇,陶绍根,0,0,a,0.9929328,0.9929328,0.0010134348,0.0005864147,0.0016563492,0.00016312469,4.8047932e-05,0.00065164926,0.002802424,0.0001458569,a,0.9929328,0,1
0712_row_00004031,a,02芜湖,六郎镇,陶绍根,0,0,a,0.96051395,0.96051395,0.00065544003,1.2569496e-05,0.0030863644,0.0014546649,2.354441e-06,1.4593091e-06,0.034268875,4.2873e-06,a,0.96051395,0,1
0712_row_00004032,a,02芜湖,六郎镇,陶绍根,0,0,a,0.87329364,0.87329364,0.055795617,8.19195e-05,0.0018091828,0.0001791981,6.618245e-05,1.0737121e-05,0.050304025,0.018459538,a,0.87329364,0,1
0712_row_00004033,a,02芜湖,六郎镇,陶绍根,0,0,a,0.96713465,0.96713465,0.0001546233,8.808951e-05,0.00014464083,0.0002482186,2.0404483e-05,3.5731938e-07,0.032174286,3.4666224e-05,a,0.96713465,0,1
0712_row_00004034,a,02芜湖,六郎镇,陶绍根,0,0,a,0.9937431,0.9937431,0.00054198864,4.9746227e-06,0.00013048649,4.0062416e-05,7.749655e-07,1.3315699e-07,0.0054605487,7.791354e-05,a,0.9937431,0,1
0712_row_00004035,a,02芜湖,六郎镇,陶绍根,0,0,a,0.8735758,0.8735758,0.0044674193,6.666151e-05,0.04095644,0.019484982,0.00035486667,0.0010799542,0.058673248,0.0013406195,a,0.8735758,0,1
0712_row_00004036,a,02芜湖,六郎镇,陶绍根,0,0,a,0.7922363,0.7922363,0.0034101892,0.005101115,0.040723465,0.067452624,0.0017712204,0.0013891018,0.08713386,0.0007820934,a,0.7922363,0,1
0712_row_00004037,a,02芜湖,六郎镇,陶绍根,0,0,a,0.5458719,0.5458719,0.089572385,0.0007943938,0.08531524,0.04662811,0.0029208108,0.0049264813,0.20269881,0.021271762,a,0.5458719,0,1
0712_row_00004038,a,02芜湖,六郎镇,陶绍根,0,0,a,0.5783505,0.5783505,0.026801849,0.0004986351,0.14947282,0.009329365,0.008410773,0.002081993,0.21383445,0.011219585,a,0.5783505,0,1
0712_row_00004039,a,02芜湖,六郎镇,陶绍根,0,0,a,0.5985688,0.5985688,0.0063278344,0.0032066312,0.041445043,0.23696251,0.047913,0.0019148273,0.06036133,0.0033001204,a,0.5985688,0,1
0712_row_00004040,u,02芜湖,六郎镇,陶绍根,4,4,u,0.47435117,0.059839997,0.00579812,0.32796723,0.010531737,0.47435117,0.11158878,0.0003697761,0.008655791,0.0008973994,u,0.47435117,0,1
0712_row_00004041,i,02芜湖,六郎镇,陶绍根,2,2,i,0.9211903,0.004235675,0.00047237068,0.9211903,0.00014576994,0.0084550865,0.05793788,8.277249e-06,0.0030427428,0.0045119408,i,0.9211903,0,1
0712_row_00004042,y,02芜湖,六郎镇,陶绍根,5,8,ɛ,0.41649184,0.030827211,0.07962536,0.06101316,0.004710529,0.031115225,0.03327633,0.0059463475,0.336994,0.41649184,ɛ,0.41649184,0,1
0712_row_00004043,y,02芜湖,六郎镇,陶绍根,5,5,y,0.5864303,0.015389308,0.012078814,0.11239112,0.03925434,0.07972807,0.5864303,0.0041644773,0.104673564,0.04588997,y,0.5864303,0,1
0712_row_00004044,a,02芜湖,六郎镇,陶绍根,0,0,a,0.9964736,0.9964736,0.00018938711,7.6486256e-05,0.00018113389,0.00017628558,3.4972186e-06,2.1934189e-07,0.0028839842,1.5446574e-05,a,0.9964736,0,1
0712_row_00004045,a,02芜湖,六郎镇,陶绍根,0,0,a,0.9539037,0.9539037,0.0013516283,0.0014192242,0.00033885095,0.0006771402,0.00045239733,2.747588e-05,0.041437455,0.0003920508,a,0.9539037,0,1
0712_row_00004046,a,02芜湖,六郎镇,陶绍根,0,0,a,0.7919916,0.7919916,0.05043106,0.001219548,0.016154578,0.04056745,0.0007597421,0.003298895,0.09503076,0.00054638996,a,0.7919916,0,1
0712_row_00004047,y,02芜湖,六郎镇,陶绍根,5,5,y,0.7812951,0.00056474056,0.19330841,0.004944838,0.017293805,5.3107924e-05,0.7812951,7.778034e-06,0.00088022405,0.0016518687,y,0.7812951,0,1
0712_row_00004048,e,02芜湖,六郎镇,陶绍根,1,5,y,0.636541,0.0021084808,0.3227972,0.0011914559,0.025791802,0.000848364,0.636541,0.000120382305,0.0073175686,0.0032837426,y,0.636541,0,1
0712_row_00004049,e,02芜湖,六郎镇,陶绍根,1,5,y,0.3794462,0.02357759,0.23908381,0.067887396,0.023827657,0.014591126,0.3794462,0.006721289,0.11887181,0.12599304,y,0.3794462,0,1
0712_row_00004050,ə,02芜湖,六郎镇,陶绍根,7,5,y,0.6752219,0.00013841578,0.00050416624,0.0028552287,0.0015937601,0.0001809481,0.6752219,1.1246294e-05,0.31917968,0.0003146784,y,0.6752219,0,1
0712_row_00004051,ə,02芜湖,六郎镇,陶绍根,7,1,e,0.53072524,0.07051362,0.53072524,0.00016536558,0.004804826,0.0030396916,0.0023189713,0.00061945745,0.3859023,0.0019104094,e,0.53072524,0,1
0712_row_00004052,i,02芜湖,六郎镇,陶绍根,2,2,i,0.9850521,0.0008241638,0.00012885378,0.9850521,8.3493906e-05,0.0001773924,0.0068908404,2.3482012e-06,0.0068133366,2.7345925e-05,i,0.9850521,0,1
0712_row_00004053,i,02芜湖,六郎镇,陶绍根,2,7,ə,0.29421753,0.015634647,0.003009354,0.24161282,0.0016067622,0.27155992,0.17068443,0.0007821718,0.29421753,0.0008923563,ə,0.29421753,0,1
0712_row_00004054,i,02芜湖,六郎镇,陶绍根,2,7,ə,0.7233324,0.09158198,0.006796783,0.03266307,0.009481547,0.12031464,0.012891744,0.0005568981,0.7233324,0.0023809583,ə,0.7233324,0,1
0712_row_00004055,i,02芜湖,六郎镇,陶绍根,2,5,y,0.44608364,0.0011792177,0.00059110427,0.3795855,0.00042094893,0.05677781,0.44608364,1.2103724e-05,0.11510239,0.00024730174,y,0.44608364,0,1
0712_row_00004056,i,02芜湖,六郎镇,陶绍根,2,7,ə,0.3765103,0.041753255,0.14579073,0.0058779037,0.15949431,0.24789876,0.009988215,0.011252372,0.3765103,0.0014341903,ə,0.3765103,0,1
0712_row_00004057,i,02芜湖,六郎镇,陶绍根,2,2,i,0.39379558,0.021134526,0.008676505,0.39379558,0.0020288108,0.23335837,0.10355795,0.0024182005,0.23306336,0.001966706,i,0.39379558,0,1
0712_row_00004058,i,02芜湖,六郎镇,陶绍根,2,4,u,0.77428985,0.023978008,0.001962141,0.0689915,0.011371179,0.77428985,0.039631315,0.0009384623,0.07832584,0.0005118526,u,0.77428985,0,1
0712_row_00004059,ə,02芜湖,六郎镇,陶绍根,7,7,ə,0.95178914,0.0010375289,0.00049801456,0.0057772077,0.0005308162,0.029552467,0.010711442,9.1736976e-05,0.95178914,1.1656364e-05,ə,0.95178914,0,1
0712_row_00004060,ə,02芜湖,六郎镇,陶绍根,7,7,ə,0.96158797,0.0057153823,0.0007100363,0.010623424,0.0009012794,0.01607417,0.00425226,0.00010936163,0.96158797,2.6145062e-05,ə,0.96158797,0,1
0712_row_00004061,u,02芜湖,六郎镇,陶绍根,4,4,u,0.7510189,0.010622745,0.000774814,0.0007119328,0.0041334764,0.7510189,0.0075150062,7.084146e-05,0.22514607,6.3089865e-06,u,0.7510189,0,1
0712_row_00004062,u,02芜湖,六郎镇,陶绍根,4,4,u,0.677441,0.0033193517,0.000649404,0.0054238266,0.027022414,0.677441,0.27357748,5.273601e-05,0.012499336,1.4418021e-05,u,0.677441,0,1
0712_row_00004063,u,02芜湖,六郎镇,陶绍根,4,5,y,0.3317916,0.13333644,0.15613267,0.32397395,0.020420054,0.0073065367,0.3317916,0.00077276723,0.012196122,0.014069864,y,0.3317916,0,1
0712_row_00004064,u,02芜湖,六郎镇,陶绍根,4,4,u,0.83916676,0.011910277,0.0024488952,0.0067561343,0.017710103,0.83916676,0.07253398,0.00027082456,0.049148105,5.4910168e-05,u,0.83916676,0,1
0712_row_00004065,u,02芜湖,六郎镇,陶绍根,4,4,u,0.800012,0.014252741,0.0014731784,0.00053662003,0.0128888525,0.800012,0.0060242396,0.00044094585,0.16436398,7.4803606e-06,u,0.800012,0,1
0712_row_00004066,y,02芜湖,六郎镇,陶绍根,5,5,y,0.96759707,5.7802543e-05,0.00045972227,0.0008512117,0.0035070637,0.024070285,0.96759707,7.7806817e-07,0.0034536154,2.394387e-06,y,0.96759707,0,1
0712_row_00004067,ə,02芜湖,六郎镇,陶绍根,7,7,ə,0.74785316,0.020119913,0.003727635,0.00028095514,0.007876051,0.21507765,0.0046112533,0.00043314378,0.74785316,2.0277743e-05,ə,0.74785316,0,1
0712_row_00004068,ə,02芜湖,六郎镇,陶绍根,7,7,ə,0.9744315,0.010242648,0.001071596,5.2062136e-05,0.0023170859,0.011483509,0.00032493315,7.1253875e-05,0.9744315,5.490743e-06,ə,0.9744315,0,1
0712_row_00004069,ə,02芜湖,六郎镇,陶绍根,7,7,ə,0.9845003,0.007517846,0.00016486536,0.00010948414,0.0027671899,0.0032786517,0.0016234164,2.6988762e-05,0.9845003,1.1266308e-05,ə,0.9845003,0,1
0712_row_00004070,y,02芜湖,六郎镇,陶绍根,5,5,y,0.94663054,7.236289e-05,0.00037488513,0.0015350968,0.0030128313,0.043199778,0.94663054,1.2918251e-06,0.005170256,3.0858625e-06,y,0.94663054,0,1
0712_row_00004071,y,02芜湖,六郎镇,陶绍根,5,5,y,0.959285,7.082031e-05,0.0011358259,0.0028916104,0.001882496,0.0077493023,0.959285,1.9270701e-06,0.026967455,1.5602325e-05,y,0.959285,0,1
0712_row_00004072,a,02芜湖,六郎镇,陶绍根,0,3,o,0.6697385,0.22908965,0.0020989543,0.009453297,0.6697385,0.06931089,0.008463583,0.011201726,0.0005308002,0.000112672526,o,0.6697385,0,1
0712_row_00004073,o,02芜湖,六郎镇,陶绍根,3,3,o,0.74289787,0.10923446,0.00013085447,0.0037143952,0.74289787,0.119512424,0.022692688,0.0012497021,0.0005466056,2.1061298e-05,o,0.74289787,0,1
0712_row_00004074,o,02芜湖,六郎镇,陶绍根,3,3,o,0.3505551,0.048125535,0.036632795,8.1018334e-05,0.3505551,0.022376196,0.00015972357,0.29458952,0.24737239,0.00010774803,o,0.3505551,0,1
0712_row_00004075,o,02芜湖,六郎镇,陶绍根,3,7,ə,0.39543945,0.04465848,0.048553932,0.0003297559,0.13247459,0.13712552,0.00043925896,0.23958626,0.39543945,0.0013928178,ə,0.39543945,0,1
0712_row_00004076,o,02芜湖,六郎镇,陶绍根,3,3,o,0.9901624,0.0054733916,0.0028142892,5.0133945e-06,0.9901624,0.00017458621,0.0013111647,5.093626e-06,4.9052356e-05,5.0184794e-06,o,0.9901624,0,1
0712_row_00004077,a,02芜湖,六郎镇,陶绍根,0,0,a,0.98585296,0.98585296,0.0008280361,0.00026107545,0.00032503015,0.0016053031,4.414657e-05,6.051721e-07,0.010862957,0.00021991614,a,0.98585296,0,1
0712_row_00004078,a,02芜湖,六郎镇,陶绍根,0,0,a,0.96299875,0.96299875,0.01343656,0.00040297722,0.0037307655,0.002028354,0.00013110689,4.336082e-05,0.016416505,0.00081165694,a,0.96299875,0,1
0712_row_00004079,ə,02芜湖,六郎镇,陶绍根,7,7,ə,0.6149582,0.11658942,0.19289713,0.0017133189,0.048816282,0.013273564,0.00396135,0.002585409,0.6149582,0.0052053924,ə,0.6149582,0,1
0712_row_00004080,a,02芜湖,六郎镇,陶绍根,0,0,a,0.993874,0.993874,0.00044821893,3.8097318e-05,0.00014548936,0.00011465795,4.317644e-06,2.9867726e-07,0.005223959,0.00015078,a,0.993874,0,1
0712_row_00004081,a,02芜湖,六郎镇,陶绍根,0,0,a,0.6914225,0.6914225,0.019299697,0.0007184471,0.012846641,0.023149114,0.00037791918,0.0010361021,0.25037223,0.00077744207,a,0.6914225,0,1
0712_row_00004082,a,02芜湖,六郎镇,陶绍根,0,0,a,0.9241279,0.9241279,0.007156705,0.0004126006,0.0014769014,0.011054609,1.9226405e-05,3.400227e-05,0.055607703,0.00011038769,a,0.9241279,0,1
0712_row_00004083,a,02芜湖,六郎镇,陶绍根,0,0,a,0.87250185,0.87250185,0.0035178645,0.00012519197,0.0009507142,0.0046678768,1.35025875e-05,8.327498e-06,0.11812675,8.788862e-05,a,0.87250185,0,1
0712_row_00004084,a,02芜湖,六郎镇,陶绍根,0,0,a,0.99204797,0.99204797,0.00044625066,4.9889528e-05,0.00031027777,0.00044552414,1.1658196e-06,3.3017255e-07,0.006687348,1.1248972e-05,a,0.99204797,0,1
0712_row_00004086,a,02芜湖,六郎镇,陶绍根,0,0,a,0.78020287,0.78020287,0.003271663,0.09604945,0.00036403153,0.004194045,0.009993088,1.332587e-05,0.09891201,0.0069995583,a,0.78020287,0,1
0712_row_00004087,a,02芜湖,六郎镇,陶绍根,0,0,a,0.96732306,0.96732306,0.0007326503,0.005909662,8.3311024e-05,2.6215079e-05,5.058185e-05,1.7537333e-06,0.009365313,0.016507538,a,0.96732306,0,1
0712_row_00004088,a,02芜湖,六郎镇,陶绍根,0,8,ɛ,0.5885929,0.06722157,0.04913269,0.111877866,0.0005850411,0.0005510722,0.01818612,0.000104805105,0.16374797,0.5885929,ɛ,0.5885929,0,1
0712_row_00004089,e,02芜湖,六郎镇,陶绍根,1,1,e,0.6819929,0.2252043,0.6819929,0.0005868452,0.0024950604,0.0012714375,0.003971248,6.8253285e-05,0.012433944,0.071975976,e,0.6819929,0,1
0712_row_00004090,o,02芜湖,六郎镇,陶绍根,3,3,o,0.57914627,0.20291919,0.05898352,0.010122992,0.57914627,0.024822032,0.0899901,0.00089833216,0.029785143,0.0033325052,o,0.57914627,0,1
0712_row_00004091,e,02芜湖,六郎镇,陶绍根,1,1,e,0.47762716,0.18999925,0.47762716,0.24644233,0.0019856645,0.023042621,0.027088061,0.0012575022,0.030144388,0.002412999,e,0.47762716,0,1
0712_row_00004093,e,02芜湖,六郎镇,陶绍根,1,1,e,0.4907982,0.29194033,0.4907982,0.00097581506,0.076032765,0.01181566,0.0007706258,0.012587954,0.11431342,0.0007652689,e,0.4907982,0,1
0712_row_00004094,e,02芜湖,六郎镇,陶绍根,1,4,u,0.407519,0.016950537,0.18295684,0.025092496,0.007799359,0.407519,0.0027504698,0.0014727176,0.30654752,0.048911083,u,0.407519,0,1
0712_row_00004095,e,02芜湖,六郎镇,陶绍根,1,1,e,0.64014107,0.31028786,0.64014107,0.007053714,0.004814152,0.010461867,0.011617446,0.0006490688,0.0038243455,0.011150372,e,0.64014107,0,1
0712_row_00004096,ə,02芜湖,六郎镇,陶绍根,7,4,u,0.7918204,0.027676718,0.0039384803,0.0019237116,0.013578274,0.7918204,0.009542605,0.0014868446,0.1499687,6.424194e-05,u,0.7918204,0,1
0712_row_00004097,e,02芜湖,六郎镇,陶绍根,1,1,e,0.7614866,0.0041389344,0.7614866,0.0029101274,0.0021720948,0.00066118635,0.00086605665,0.00023994062,0.22692022,0.0006047716,e,0.7614866,0,1
0712_row_00004098,o,02芜湖,六郎镇,陶绍根,3,0,a,0.53663945,0.53663945,0.035390288,0.08944252,0.2631678,0.038842253,0.03492204,0.00038287262,0.00085042074,0.00036234097,a,0.53663945,0,1
0712_row_00004099,a,02芜湖,六郎镇,陶绍根,0,0,a,0.9535861,0.9535861,0.0012970989,0.0005560945,7.7205776e-05,2.033947e-05,1.1961771e-05,1.2260984e-06,0.02932181,0.015128294,a,0.9535861,0,1
0712_row_00004100,ə,02芜湖,六郎镇,陶绍根,7,7,ə,0.8491507,0.10647461,0.006191841,0.00024030797,0.0068201316,0.029069632,0.0005961502,0.0012734995,0.8491507,0.00018309793,ə,0.8491507,0,1
0712_row_00004101,ə,02芜湖,六郎镇,陶绍根,7,7,ə,0.88580143,0.08572097,0.0030598377,0.0003122758,0.0075382493,0.016940668,0.0003166026,0.00023604187,0.88580143,7.391011e-05,ə,0.88580143,0,1
0712_row_00004102,a,02芜湖,六郎镇,陶绍根,0,1,e,0.8392,0.04048935,0.8392,0.108151056,0.0006653757,0.0012900761,0.0070689498,9.833943e-06,0.0015694319,0.0015559306,e,0.8392,0,1
0712_row_00004103,a,02芜湖,六郎镇,陶绍根,0,1,e,0.9344689,0.01892753,0.9344689,0.039098177,0.00021241118,0.00038117982,0.0007357257,2.0368665e-05,0.0059470725,0.00020848899,e,0.9344689,0,1
0712_row_00004104,e,02芜湖,六郎镇,陶绍根,1,7,ə,0.53573984,0.0043467367,0.44629747,0.00041182913,0.009210957,0.0021654146,0.0003564784,0.001044361,0.53573984,0.0004269455,ə,0.53573984,0,1
0712_row_00004105,i,02芜湖,六郎镇,陶绍根,2,7,ə,0.98033935,0.0040626666,0.00093078986,0.005952226,0.0007350038,0.005257401,0.0025556257,0.00014367116,0.98033935,2.326674e-05,ə,0.98033935,0,1
0712_row_00004106,i,02芜湖,六郎镇,陶绍根,2,2,i,0.9807068,0.0038893493,0.0010512737,0.9807068,0.00071957085,0.00039106107,0.009851852,1.5160329e-05,0.0032340647,0.0001408187,i,0.9807068,0,1
0712_row_00004107,i,02芜湖,六郎镇,陶绍根,2,2,i,0.94079024,0.0015263506,0.0006154256,0.94079024,0.00029972958,0.00089972105,0.024332825,1.1254624e-05,0.031388503,0.00013602851,i,0.94079024,0,1
0712_row_00004108,ə,02芜湖,六郎镇,陶绍根,7,4,u,0.68550855,0.026065113,0.019250724,0.04016179,0.006289662,0.68550855,0.04206347,0.022922792,0.15498406,0.0027537965,u,0.68550855,0,1
0712_row_00004109,ə,02芜湖,六郎镇,陶绍根,7,4,u,0.59022295,0.0478149,0.003436114,0.0022976894,0.03465702,0.59022295,0.0071701217,0.00091634376,0.31334797,0.00013683678,u,0.59022295,0,1
0712_row_00004110,i,02芜湖,六郎镇,陶绍根,2,4,u,0.39844403,0.011555131,0.016075248,0.3696021,0.0033214309,0.39844403,0.079936184,0.003395574,0.11713499,0.00053525897,u,0.39844403,0,1
0712_row_00004111,i,02芜湖,六郎镇,陶绍根,2,4,u,0.77988625,0.010894622,0.0025349183,0.022692304,0.004291209,0.77988625,0.013186417,0.0011436525,0.16533634,3.41882e-05,u,0.77988625,0,1
0712_row_00004112,ə,02芜湖,六郎镇,陶绍根,7,4,u,0.89984995,0.01174202,0.0018421956,0.005011209,0.008936646,0.89984995,0.023794686,0.0005215685,0.0482773,2.4483548e-05,u,0.89984995,0,1
0712_row_00004113,i,02芜湖,六郎镇,陶绍根,2,2,i,0.89452654,0.00046151038,0.0009627232,0.89452654,0.00052187394,0.00031177409,0.025909921,1.0310119e-05,0.0767824,0.000512849,i,0.89452654,0,1
0712_row_00004114,ə,02芜湖,六郎镇,陶绍根,7,4,u,0.6054462,0.014802919,0.0021505645,0.0017343106,0.0064657987,0.6054462,0.0019372429,0.0016109655,0.3658399,1.215227e-05,u,0.6054462,0,1
0712_row_00004115,ə,02芜湖,六郎镇,陶绍根,7,2,i,0.69165736,0.1858134,0.03138885,0.69165736,0.0032833063,0.0044986014,0.07737737,0.0003031163,0.0046426775,0.0010352375,i,0.69165736,0,1
0712_row_00004116,o,02芜湖,六郎镇,陶绍根,3,3,o,0.81850994,0.15503176,0.00029407133,1.1575805e-05,0.81850994,0.00036370306,6.798316e-05,0.00011743569,0.025580503,2.3033293e-05,o,0.81850994,0,1
0712_row_00004118,o,02芜湖,六郎镇,陶绍根,3,3,o,0.7822556,0.17247927,0.004389259,0.0021796855,0.7822556,0.026289282,0.008070894,0.00014357506,0.0041089505,8.348568e-05,o,0.7822556,0,1
0712_row_00004119,o,02芜湖,六郎镇,陶绍根,3,3,o,0.89609647,0.0032310258,0.0025841994,0.00018468898,0.89609647,0.0012423625,0.00012605413,0.00023428128,0.09628637,1.4528104e-05,o,0.89609647,0,1
0712_row_00004120,o,02芜湖,六郎镇,陶绍根,3,3,o,0.5814986,0.045398723,0.0028928271,4.2910804e-05,0.5814986,0.0442332,0.00021764447,0.00047642537,0.32522252,1.721111e-05,o,0.5814986,0,1
0712_row_00004121,o,02芜湖,六郎镇,陶绍根,3,3,o,0.9698027,2.845716e-05,5.7616794e-06,6.4519377e-06,0.9698027,7.016565e-05,2.2696172e-06,1.5974929e-05,0.030067965,2.142768e-07,o,0.9698027,0,1
0712_row_00004123,u,02芜湖,六郎镇,陶绍根,4,4,u,0.51812035,0.14482398,0.000445533,0.01951172,0.18628728,0.51812035,0.11779767,0.011317015,0.0015166175,0.00017976893,u,0.51812035,0,1
0712_row_00004124,o,02芜湖,六郎镇,陶绍根,3,3,o,0.9445213,0.00074368727,9.886157e-05,3.5539847e-06,0.9445213,5.4823668e-05,1.6062197e-05,1.5348594e-05,0.054542426,3.9036127e-06,o,0.9445213,0,1
0712_row_00004125,o,02芜湖,六郎镇,陶绍根,3,7,ə,0.7563196,0.0704057,0.0011572604,5.4814438e-05,0.16987972,0.0020743678,5.002186e-05,3.8538794e-05,0.7563196,1.9997497e-05,ə,0.7563196,0,1
0712_row_00004126,u,02芜湖,六郎镇,陶绍根,4,0,a,0.36425745,0.36425745,0.1906108,0.0018906872,0.09401785,0.04978895,0.014657752,0.080774575,0.18892293,0.015078992,a,0.36425745,0,1
0712_row_00004127,o,02芜湖,六郎镇,陶绍根,3,1,e,0.80534077,0.11957708,0.80534077,0.0001463991,0.0076985885,0.0030363877,0.0056169834,0.00023558487,0.033084672,0.025263568,e,0.80534077,0,1
0712_row_00004128,y,02芜湖,六郎镇,陶绍根,5,5,y,0.46296045,0.0024522203,0.4424396,0.00015415862,0.07629076,0.0012809295,0.46296045,7.7595636e-05,0.0097128,0.004631494,y,0.46296045,0,1
0712_row_00004129,o,02芜湖,六郎镇,陶绍根,3,7,ə,0.69198096,0.12379133,0.0013532432,6.0019e-05,0.17923039,0.003414284,6.572576e-05,7.338059e-05,0.69198096,3.0714546e-05,ə,0.69198096,0,1
0712_row_00004130,o,02芜湖,六郎镇,陶绍根,3,3,o,0.7412324,0.025292734,0.00058714865,0.00040962384,0.7412324,0.0049812654,0.0010983277,0.00042590342,0.22592959,4.2904838e-05,o,0.7412324,0,1
0712_row_00004131,a,02芜湖,六郎镇,陶绍根,0,0,a,0.85673064,0.85673064,0.008883476,0.05273545,0.0019224464,0.009092997,0.00025094,0.0004310618,0.06675633,0.0031966974,a,0.85673064,0,1
0712_row_00004132,a,02芜湖,六郎镇,陶绍根,0,0,a,0.9924493,0.9924493,0.00034972376,8.599226e-05,6.125853e-05,6.61055e-05,1.9293109e-06,2.0201648e-07,0.0068387855,0.0001466875,a,0.9924493,0,1
0712_row_00004133,a,02芜湖,六郎镇,陶绍根,0,0,a,0.98662007,0.98662007,0.0016802005,4.049814e-05,0.00046476998,0.0007235448,3.5801618e-06,1.0333009e-05,0.01041083,4.607757e-05,a,0.98662007,0,1
0712_row_00004135,ə,02芜湖,六郎镇,陶绍根,7,7,ə,0.5102029,0.00858818,0.012291585,0.019243592,0.0026695228,0.2779585,0.000637822,0.008287035,0.5102029,0.16012082,ə,0.5102029,0,1
0712_row_00004136,ə,02芜湖,六郎镇,陶绍根,7,2,i,0.840865,0.029185433,0.0075561344,0.840865,0.0027778742,0.05256464,0.04955605,0.00013495583,0.008967122,0.008392862,i,0.840865,0,1
0712_row_00004137,u,02芜湖,六郎镇,陶绍根,4,0,a,0.37944883,0.37944883,0.0009592999,0.00601699,0.051041357,0.23003966,0.007839006,8.402686e-05,0.32395995,0.0006108734,a,0.37944883,0,1
0712_row_00004138,ə,02芜湖,六郎镇,陶绍根,7,7,ə,0.39402777,0.059168484,0.019780887,0.000297613,0.18186887,0.21173677,0.0005215272,0.13029934,0.39402777,0.002298681,ə,0.39402777,0,1
0712_row_00004140,ɛ,02芜湖,六郎镇,陶绍根,8,8,ɛ,0.60792786,0.02413112,0.038932484,0.05997554,0.0018450248,0.00063200295,0.14107068,0.000117936106,0.12536734,0.60792786,ɛ,0.60792786,0,1
0712_row_00004141,u,02芜湖,六郎镇,陶绍根,4,4,u,0.39737746,0.078662805,0.2507588,0.2401939,0.007765647,0.39737746,0.016236758,0.0006304843,0.0051739607,0.0032001678,u,0.39737746,0,1
0712_row_00004142,a,02芜湖,六郎镇,陶绍根,0,0,a,0.6986903,0.6986903,0.061352953,0.00029123158,0.0052093565,0.014034155,6.954587e-05,0.0012330486,0.21866667,0.0004526511,a,0.6986903,0,1
0712_row_00004143,i,02芜湖,六郎镇,陶绍根,2,2,i,0.99390584,0.0001843208,0.00039171177,0.99390584,5.301247e-06,0.0007847568,0.0036423148,2.3467909e-07,0.00018688556,0.00089871406,i,0.99390584,0,1
0712_row_00004144,a,02芜湖,六郎镇,陶绍根,0,6,ɔ,0.8520141,0.14112234,0.00010363627,0.0007264372,0.0040550386,0.0009484173,3.281588e-05,0.8520141,0.0009272595,6.996282e-05,ɔ,0.8520141,0,1
0712_row_00004145,a,02芜湖,六郎镇,陶绍根,0,6,ɔ,0.9530718,0.03563912,6.423921e-05,9.830276e-06,0.0002484815,2.92001e-05,3.0660507e-07,0.9530718,0.0109143155,2.2709268e-05,ɔ,0.9530718,0,1
0712_row_00004146,o,02芜湖,六郎镇,陶绍根,3,3,o,0.97969466,0.013519386,0.0005002287,6.980167e-05,0.97969466,0.004204418,0.00068556407,0.0011156488,0.00020039397,9.95834e-06,o,0.97969466,0,1
0712_row_00004147,a,02芜湖,六郎镇,陶绍根,0,0,a,0.9468864,0.9468864,0.009787006,0.0031188258,0.0027876983,0.003957045,4.8425954e-05,1.6918808e-05,0.033160184,0.00023741013,a,0.9468864,0,1
0712_row_00004148,a,02芜湖,六郎镇,陶绍根,0,0,a,0.928642,0.928642,0.03884682,8.6290325e-05,0.00091442384,0.00078402413,3.6183963e-05,4.056176e-06,0.01581402,0.014872262,a,0.928642,0,1
0712_row_00004149,i,02芜湖,六郎镇,陶绍根,2,2,i,0.8770952,0.008500575,0.0016190493,0.8770952,0.00031368012,0.012428164,0.0678271,6.1026254e-05,0.009981415,0.022173664,i,0.8770952,0,1
0712_row_00004150,a,02芜湖,六郎镇,陶绍根,0,0,a,0.8668876,0.8668876,0.004396391,0.00013493867,0.005558227,0.00494892,1.3916879e-05,1.4217292e-05,0.1178921,0.00015360974,a,0.8668876,0,1
0712_row_00004151,a,02芜湖,六郎镇,陶绍根,0,0,a,0.9905595,0.9905595,0.00011097453,0.00041799192,0.00018359863,0.00022820952,3.331135e-05,9.0446156e-07,0.008420787,4.4520963e-05,a,0.9905595,0,1
0712_row_00004152,i,02芜湖,六郎镇,陶绍根,2,2,i,0.8061355,0.00446898,0.030879566,0.8061355,0.00048751803,0.0019744246,0.09702856,4.184094e-05,0.016215447,0.04276825,i,0.8061355,0,1
0712_row_00004153,i,02芜湖,六郎镇,陶绍根,2,2,i,0.80014974,0.046014182,0.008576154,0.80014974,0.0044019166,0.061465338,0.048384827,0.00054918876,0.017746799,0.012711843,i,0.80014974,0,1
0712_row_00004154,i,02芜湖,六郎镇,陶绍根,2,2,i,0.7681569,0.19634627,0.001641593,0.7681569,0.005195054,0.0005602678,0.023639921,0.00015858865,0.002406701,0.0018948395,i,0.7681569,0,1
0712_row_00004155,a,02芜湖,六郎镇,陶绍根,0,0,a,0.6117613,0.6117613,0.004391902,0.0009207788,0.048214294,0.20163085,0.0009814075,0.0029373416,0.12892614,0.00023603869,a,0.6117613,0,1
0712_row_00004156,u,02芜湖,六郎镇,陶绍根,4,2,i,0.41753247,0.04543342,0.0066616144,0.41753247,0.012556454,0.16623476,0.32395583,0.00088724244,0.017481457,0.009256685,i,0.41753247,0,1
0712_row_00004158,ə,02芜湖,六郎镇,陶绍根,7,4,u,0.54216146,0.029999893,0.029820785,0.0038681733,0.013118081,0.54216146,0.009479964,0.0029560581,0.36853012,6.5549e-05,u,0.54216146,0,1
0712_row_00004159,e,02芜湖,六郎镇,陶绍根,1,1,e,0.98485476,0.006972632,0.98485476,7.947753e-05,0.0015733086,0.0003105804,0.0056287646,2.059478e-06,0.00019442428,0.0003839496,e,0.98485476,0,1
0712_row_00004160,a,02芜湖,六郎镇,陶绍根,0,0,a,0.43490845,0.43490845,0.00996343,0.054530103,0.37626228,0.09177756,0.02731202,0.0035617724,0.000888354,0.0007961536,a,0.43490845,0,1
0712_row_00004161,a,02芜湖,六郎镇,陶绍根,0,0,a,0.99107015,0.99107015,0.00047443438,3.622866e-05,9.347153e-05,0.00024640045,7.2991493e-06,1.3125494e-07,0.0079802815,9.144595e-05,a,0.99107015,0,1
0712_row_00004162,o,02芜湖,六郎镇,陶绍根,3,3,o,0.6441553,0.24427639,0.0004940438,0.0011665869,0.6441553,0.03296817,0.0060258536,0.00022320231,0.07063072,5.9701564e-05,o,0.6441553,0,1
0712_row_00004163,o,02芜湖,六郎镇,陶绍根,3,7,ə,0.587212,0.06644882,0.09821071,2.9137043e-05,0.20219989,0.03743996,0.00657438,0.001090607,0.587212,0.00079453073,ə,0.587212,0,1
0712_row_00004164,a,02芜湖,六郎镇,陶绍根,0,0,a,0.98335624,0.98335624,0.0011937561,0.0017042916,6.9129834e-05,0.00019802961,9.3872095e-06,3.826984e-06,0.012640821,0.0008244517,a,0.98335624,0,1
0712_row_00004165,a,02芜湖,六郎镇,陶绍根,0,1,e,0.51554143,0.32706535,0.51554143,0.009889013,0.011759223,0.053845186,0.050867897,0.00092493073,0.02005651,0.010050394,e,0.51554143,0,1
0712_row_00004166,a,02芜湖,六郎镇,陶绍根,0,0,a,0.6549366,0.6549366,0.002191126,0.0053247134,0.028796475,0.26228267,0.0013420361,0.0044588232,0.040372435,0.00029518938,a,0.6549366,0,1
0712_row_00004167,o,02芜湖,六郎镇,陶绍根,3,0,a,0.5159943,0.5159943,0.003356072,0.004761552,0.29760677,0.13418268,0.022878807,0.0051299487,0.015739236,0.0003507347,a,0.5159943,0,1
0712_row_00004168,o,02芜湖,六郎镇,陶绍根,3,3,o,0.867338,0.0006346887,0.000355003,0.00042041135,0.867338,0.0009324085,0.00020550523,6.921196e-05,0.13003378,1.0933547e-05,o,0.867338,0,1
0712_row_00004169,a,02芜湖,六郎镇,陶绍根,0,2,i,0.66455823,0.22384934,0.0024298816,0.66455823,0.049788028,0.010882359,0.04333738,0.00027230257,0.0037509494,0.0011315377,i,0.66455823,0,1
0712_row_00004170,ɛ,02芜湖,六郎镇,陶绍根,8,8,ɛ,0.6476351,0.010101162,0.011402205,0.23635116,0.0008080474,0.00011715194,0.042198412,1.5176507e-05,0.051371526,0.6476351,ɛ,0.6476351,0,1
