sample_id,vowel,region,site,speaker_id,true_label_id,pred_label_id,pred_vowel,pred_confidence,prob_a,prob_e,prob_i,prob_o,prob_u,prob_y,prob_ɔ,prob_ə,prob_ɛ,global_pred_vowel,global_pred_confidence,is_support_item,is_query_item
0712_row_00042323,o,13高淳,01砖墙,砖墙张令国单字,3,3,o,0.67374283,0.14466661,0.0721928,0.0012480669,0.67374283,0.008474116,0.00022145068,0.0012511343,0.09798297,0.00022009603,o,0.67374283,0,1
0712_row_00042324,a,13高淳,01砖墙,砖墙张令国单字,0,0,a,0.86980957,0.86980957,0.02554537,0.034633756,0.000103723505,0.00025673796,7.451345e-06,2.7116248e-05,0.00070463977,0.06891162,a,0.86980957,0,1
0712_row_00042325,o,13高淳,01砖墙,砖墙张令国单字,3,3,o,0.94887745,0.010513453,0.0012763129,3.3358254e-05,0.94887745,0.03580435,0.0002466965,0.0023963698,0.00085081114,1.1229222e-06,o,0.94887745,0,1
0712_row_00042326,o,13高淳,01砖墙,砖墙张令国单字,3,4,u,0.48954722,0.09554939,0.0020413534,0.00034951192,0.3875632,0.48954722,0.015021767,0.000275968,0.009632413,1.922904e-05,u,0.48954722,0,1
0712_row_00042327,o,13高淳,01砖墙,砖墙张令国单字,3,3,o,0.67560756,0.091618255,0.0015639951,0.00012601899,0.67560756,0.21946853,0.0024541693,0.00088426453,0.00826679,1.04154415e-05,o,0.67560756,0,1
0712_row_00042328,o,13高淳,01砖墙,砖墙张令国单字,3,3,o,0.87023115,0.059431065,0.003658642,0.001156751,0.87023115,0.06005634,0.003538902,0.001187247,0.00071800983,2.2004084e-05,o,0.87023115,0,1
0712_row_00042329,a,13高淳,01砖墙,砖墙张令国单字,0,0,a,0.99197876,0.99197876,0.0049868454,0.00021981787,0.0003265602,0.0007219476,4.7705674e-07,1.8907667e-05,0.0015411407,0.0002053758,a,0.99197876,0,1
0712_row_00042330,a,13高淳,01砖墙,砖墙张令国单字,0,0,a,0.9936707,0.9936707,0.000925884,0.00011756076,0.000745746,0.001959745,1.4758351e-06,0.0002080265,0.0023353,3.5671677e-05,a,0.9936707,0,1
0712_row_00042331,a,13高淳,01砖墙,砖墙张令国单字,0,0,a,0.9885782,0.9885782,0.0027054923,0.00017357715,0.0017356682,0.002573086,2.872289e-06,0.0025488725,0.0016113028,7.0795024e-05,a,0.9885782,0,1
0712_row_00042332,a,13高淳,01砖墙,砖墙张令国单字,0,0,a,0.98624784,0.98624784,0.004638763,2.1354788e-05,0.00046465182,0.00090593076,2.1813635e-07,3.220173e-06,0.007665092,5.3040945e-05,a,0.98624784,0,1
0712_row_00042333,a,13高淳,01砖墙,砖墙张令国单字,0,0,a,0.98299867,0.98299867,0.004592925,1.3418613e-05,0.0012115213,0.0017738892,3.6014123e-07,7.359139e-05,0.009309094,2.6341135e-05,a,0.98299867,0,1
0712_row_00042334,a,13高淳,01砖墙,砖墙张令国单字,0,8,ɛ,0.97517747,0.023429414,0.0010195934,0.000289977,6.266488e-05,1.4538055e-06,8.084624e-06,2.638832e-07,1.1123081e-05,0.97517747,ɛ,0.97517747,0,1
0712_row_00042335,a,13高淳,01砖墙,砖墙张令国单字,0,8,ɛ,0.9969015,0.0029481365,0.000105414736,1.985829e-05,8.79501e-06,6.799991e-08,1.30093e-06,2.1090719e-08,1.49672105e-05,0.9969015,ɛ,0.9969015,0,1
0712_row_00042336,ɛ,13高淳,01砖墙,砖墙张令国单字,8,0,a,0.54427993,0.54427993,0.04107982,0.0036018803,0.0005909646,0.00025661374,0.00026651652,3.1365664e-05,0.010289098,0.39960384,a,0.54427993,0,1
0712_row_00042337,ɛ,13高淳,01砖墙,砖墙张令国单字,8,0,a,0.860069,0.860069,0.066873506,0.0036134776,0.00039567356,0.00043523888,7.5774245e-05,1.4983947e-05,0.013679005,0.054843374,a,0.860069,0,1
0712_row_00042338,ɛ,13高淳,01砖墙,砖墙张令国单字,8,8,ɛ,0.84692866,0.11127316,0.038824532,0.00029034438,0.00038115293,9.7182085e-05,0.00034338637,9.773108e-07,0.0018605847,0.84692866,ɛ,0.84692866,0,1
0712_row_00042339,ɛ,13高淳,01砖墙,砖墙张令国单字,8,0,a,0.56242156,0.56242156,0.10960274,0.0008947686,0.00064145867,0.00037304254,0.00033031285,8.286849e-05,0.062294967,0.26335832,a,0.56242156,0,1
0712_row_00042340,ə,13高淳,01砖墙,砖墙张令国单字,7,0,a,0.9219664,0.9219664,0.042013854,0.0035639654,0.0038507988,0.0038877637,9.1236025e-06,0.0019812717,0.022595653,0.00013123604,a,0.9219664,0,1
0712_row_00042341,ə,13高淳,01砖墙,砖墙张令国单字,7,0,a,0.98210686,0.98210686,0.0059375577,3.7064372e-05,0.00051241723,0.00088257744,2.8037994e-07,6.506374e-06,0.010413873,0.00010294579,a,0.98210686,0,1
0712_row_00042342,ə,13高淳,01砖墙,砖墙张令国单字,7,0,a,0.97806245,0.97806245,0.0032114924,6.0435766e-05,0.00083662296,0.0016861836,3.1863846e-07,1.4028767e-05,0.016073627,5.4761396e-05,a,0.97806245,0,1
0712_row_00042343,ə,13高淳,01砖墙,砖墙张令国单字,7,8,ɛ,0.7464599,0.17302828,0.0056451163,0.009499984,0.00013392564,5.5809985e-05,0.0033108653,7.937628e-06,0.06185818,0.7464599,ɛ,0.7464599,0,1
0712_row_00042344,ɛ,13高淳,01砖墙,砖墙张令国单字,8,8,ɛ,0.4743426,0.18216787,0.0028775723,0.06667932,0.0002811896,2.777205e-05,0.006996577,3.5045876e-05,0.266592,0.4743426,ɛ,0.4743426,0,1
0712_row_00042345,ə,13高淳,01砖墙,砖墙张令国单字,7,8,ɛ,0.4172528,0.25195822,0.0026954024,0.07930918,0.00030146952,3.7658385e-05,0.00310734,5.7120196e-05,0.24528086,0.4172528,ɛ,0.4172528,0,1
0712_row_00042346,a,13高淳,01砖墙,砖墙张令国单字,0,0,a,0.99392647,0.99392647,0.0022304144,0.0005359075,0.0011574957,0.000711984,2.4090104e-06,2.7458618e-05,0.0009249837,0.0004829395,a,0.99392647,0,1
0712_row_00042347,a,13高淳,01砖墙,砖墙张令国单字,0,0,a,0.9857971,0.9857971,0.0033565492,0.00030211738,0.00786632,0.0008674095,7.4142363e-06,0.00017492301,0.0013788184,0.00024942032,a,0.9857971,0,1
0712_row_00042348,a,13高淳,01砖墙,砖墙张令国单字,0,0,a,0.99034506,0.99034506,0.0033399307,0.00013847536,0.0006193394,0.0011995987,1.2454387e-06,4.5961137e-06,0.0036898584,0.00066176144,a,0.99034506,0,1
0712_row_00042349,a,13高淳,01砖墙,砖墙张令国单字,0,0,a,0.9964631,0.9964631,0.0009871271,0.00037006484,0.00036090394,0.0006768282,6.6482704e-07,6.5536965e-06,0.00092982396,0.00020492026,a,0.9964631,0,1
0712_row_00042350,u,13高淳,01砖墙,砖墙张令国单字,4,4,u,0.9199345,0.009876729,0.00021300932,0.00025488992,0.011118795,0.9199345,0.04506179,1.6650783e-05,0.013475559,4.793137e-05,u,0.9199345,0,1
0712_row_00042351,u,13高淳,01砖墙,砖墙张令国单字,4,4,u,0.8545718,0.0020947445,0.00024506517,0.00010625077,0.015630981,0.8545718,0.117798105,5.8673418e-06,0.009534296,1.2815331e-05,u,0.8545718,0,1
0712_row_00042352,u,13高淳,01砖墙,砖墙张令国单字,4,4,u,0.7588769,0.019780295,0.0037167328,0.0008052945,0.016335187,0.7588769,0.19675,1.0632514e-05,0.0037032405,2.1614811e-05,u,0.7588769,0,1
0712_row_00042353,u,13高淳,01砖墙,砖墙张令国单字,4,4,u,0.6823398,0.0033519112,0.0015918904,0.000710173,0.016371474,0.6823398,0.28094813,1.8758761e-05,0.014621702,4.623714e-05,u,0.6823398,0,1
0712_row_00042354,u,13高淳,01砖墙,砖墙张令国单字,4,4,u,0.8642411,0.025075994,0.0007011885,0.0002591481,0.03300875,0.8642411,0.056741074,2.470761e-05,0.019936787,1.1204537e-05,u,0.8642411,0,1
0712_row_00042355,u,13高淳,01砖墙,砖墙张令国单字,4,5,y,0.8523954,0.0009392185,0.0031510687,0.009459528,0.013737488,0.11295137,0.8523954,4.017953e-05,0.0072793765,4.6433113e-05,y,0.8523954,0,1
0712_row_00042356,u,13高淳,01砖墙,砖墙张令国单字,4,4,u,0.78514177,0.0039402447,0.00046360155,0.0003099003,0.014925063,0.78514177,0.19116409,7.279439e-06,0.0040241447,2.3731653e-05,u,0.78514177,0,1
0712_row_00042357,u,13高淳,01砖墙,砖墙张令国单字,4,4,u,0.79943675,0.0029898204,0.00063492614,0.0005106482,0.008090431,0.79943675,0.183319,1.344309e-05,0.00498158,2.353273e-05,u,0.79943675,0,1
0712_row_00042358,y,13高淳,01砖墙,砖墙张令国单字,5,5,y,0.9100284,0.00043824833,0.0088677695,0.051158875,0.0042443625,0.023068609,0.9100284,2.0914786e-05,0.002109272,6.354997e-05,y,0.9100284,0,1
0712_row_00042359,u,13高淳,01砖墙,砖墙张令国单字,4,4,u,0.46865377,0.0035928679,0.03651094,0.01822874,0.030622678,0.46865377,0.4281946,0.00012990838,0.013237799,0.0008286553,u,0.46865377,0,1
0712_row_00042360,u,13高淳,01砖墙,砖墙张令国单字,4,4,u,0.53806263,0.0017545312,0.009516491,0.02838234,0.012147385,0.53806263,0.40626904,0.00014329245,0.003280485,0.00044388344,u,0.53806263,0,1
0712_row_00042361,u,13高淳,01砖墙,砖墙张令国单字,4,4,u,0.78618354,0.0020763201,0.0019265886,0.0023272496,0.023890711,0.78618354,0.1699132,2.539905e-05,0.013572883,8.415635e-05,u,0.78618354,0,1
0712_row_00042362,o,13高淳,01砖墙,砖墙张令国单字,3,4,u,0.79027444,0.0018588991,0.000517863,0.0005139778,0.023535548,0.79027444,0.17694986,1.07497235e-05,0.0062888204,4.987317e-05,u,0.79027444,0,1
0712_row_00042363,u,13高淳,01砖墙,砖墙张令国单字,4,4,u,0.7023239,0.012111788,0.008370414,0.08408571,0.01812704,0.7023239,0.12668666,0.00015076174,0.040320866,0.007822901,u,0.7023239,0,1
0712_row_00042364,u,13高淳,01砖墙,砖墙张令国单字,4,4,u,0.6604391,0.0006779743,0.0005946888,0.0017688909,0.010128625,0.6604391,0.32425278,8.911327e-06,0.002057334,7.168943e-05,u,0.6604391,0,1
0712_row_00042365,u,13高淳,01砖墙,砖墙张令国单字,4,4,u,0.5908945,0.0035289123,0.021534516,0.06247186,0.015226709,0.5908945,0.30156815,0.00019250969,0.0040571652,0.0005257033,u,0.5908945,0,1
0712_row_00042366,y,13高淳,01砖墙,砖墙张令国单字,5,4,u,0.65058494,0.0012833069,0.0033718152,0.0029524742,0.008876039,0.65058494,0.32813826,2.4035924e-05,0.004699819,6.934428e-05,u,0.65058494,0,1
0712_row_00042367,y,13高淳,01砖墙,砖墙张令国单字,5,4,u,0.7630642,0.0119383065,0.007298701,0.0106924055,0.008140616,0.7630642,0.18709129,5.3269345e-05,0.011498182,0.00022306138,u,0.7630642,0,1
0712_row_00042368,y,13高淳,01砖墙,砖墙张令国单字,5,1,e,0.7019441,0.07901172,0.7019441,0.010385682,0.19876796,0.0010414122,0.001485283,0.0041964394,0.0021803658,0.0009869894,e,0.7019441,0,1
0712_row_00042369,y,13高淳,01砖墙,砖墙张令国单字,5,4,u,0.49369356,0.0003960171,0.0029493216,0.030218653,0.00667015,0.49369356,0.46393457,4.22637e-05,0.0016765572,0.00041879888,u,0.49369356,0,1
0712_row_00042370,y,13高淳,01砖墙,砖墙张令国单字,5,5,y,0.9383979,0.0003878294,0.0026608661,0.0038749762,0.010135214,0.04255471,0.9383979,8.589982e-06,0.001968229,1.1578579e-05,y,0.9383979,0,1
0712_row_00042371,y,13高淳,01砖墙,砖墙张令国单字,5,2,i,0.4386845,0.00084903196,0.008179998,0.4386845,0.0033348156,0.32997656,0.2161962,0.00012177419,0.0009071147,0.0017501519,i,0.4386845,0,1
0712_row_00042372,y,13高淳,01砖墙,砖墙张令国单字,5,5,y,0.8463625,0.00018023215,0.027796626,0.12086277,0.0016542218,0.0027483026,0.8463625,4.8326547e-06,0.00034390448,4.663291e-05,y,0.8463625,0,1
0712_row_00042373,y,13高淳,01砖墙,砖墙张令国单字,5,4,u,0.653131,0.0040973574,0.00018149464,0.000133932,0.010189971,0.653131,0.32820842,7.2057283e-06,0.0040357923,1.4858076e-05,u,0.653131,0,1
0712_row_00042374,y,13高淳,01砖墙,砖墙张令国单字,5,4,u,0.8441423,0.020887423,0.00045058713,0.00014577892,0.02266879,0.8441423,0.09608494,1.9244e-05,0.015566985,3.3960016e-05,u,0.8441423,0,1
0712_row_00042375,y,13高淳,01砖墙,砖墙张令国单字,5,4,u,0.743392,0.0039554113,0.00021865324,7.997198e-05,0.017585639,0.743392,0.22530188,5.3883496e-06,0.009450578,1.0357235e-05,u,0.743392,0,1
0712_row_00042376,u,13高淳,01砖墙,砖墙张令国单字,4,4,u,0.77274346,0.010864917,0.00036265588,0.00014242179,0.019783292,0.77274346,0.18671505,1.1622515e-05,0.009360868,1.5775717e-05,u,0.77274346,0,1
0712_row_00042377,y,13高淳,01砖墙,砖墙张令国单字,5,4,u,0.75752807,0.0016794797,0.00010457146,0.0007794921,0.010655359,0.75752807,0.22865354,6.5484e-06,0.00058278156,9.996961e-06,u,0.75752807,0,1
0712_row_00042378,y,13高淳,01砖墙,砖墙张令国单字,5,4,u,0.5294683,0.0025382878,0.017104013,0.04280858,0.021054707,0.5294683,0.38101074,0.0001900804,0.0052339933,0.00059128646,u,0.5294683,0,1
0712_row_00042379,u,13高淳,01砖墙,砖墙张令国单字,4,4,u,0.664524,0.0005431816,0.00038870782,0.0006461203,0.009175557,0.664524,0.3217904,5.6421595e-06,0.0028899016,3.6450987e-05,u,0.664524,0,1
0712_row_00042380,u,13高淳,01砖墙,砖墙张令国单字,4,4,u,0.7933759,0.0021812136,0.0003062439,0.00031881794,0.021678464,0.7933759,0.17282638,7.9939055e-06,0.009259997,4.483655e-05,u,0.7933759,0,1
0712_row_00042381,u,13高淳,01砖墙,砖墙张令国单字,4,4,u,0.6080026,0.00063119695,0.00081890816,0.0032823968,0.008241949,0.6080026,0.37714747,1.1762188e-05,0.0017313799,0.00013237764,u,0.6080026,0,1
0712_row_00042382,u,13高淳,01砖墙,砖墙张令国单字,4,4,u,0.61749303,0.0020742507,0.0038676565,0.011664735,0.01301613,0.61749303,0.34930745,5.318342e-05,0.0020820752,0.00044153281,u,0.61749303,0,1
0712_row_00042383,u,13高淳,01砖墙,砖墙张令国单字,4,1,e,0.27175358,0.042237226,0.27175358,0.084967814,0.020099392,0.27102324,0.26716816,0.0010832035,0.03724392,0.004423486,e,0.27175358,0,1
0712_row_00042384,u,13高淳,01砖墙,砖墙张令国单字,4,4,u,0.5133406,0.00061813835,0.0026076308,0.0052059847,0.008796169,0.5133406,0.46802306,2.8094424e-05,0.0012931004,8.718778e-05,u,0.5133406,0,1
0712_row_00042385,u,13高淳,01砖墙,砖墙张令国单字,4,4,u,0.7063836,0.000774618,0.0001664009,0.00019058354,0.013927545,0.7063836,0.2737129,3.2844478e-06,0.0048274347,1.3626504e-05,u,0.7063836,0,1
0712_row_00042386,u,13高淳,01砖墙,砖墙张令国单字,4,4,u,0.5898051,0.000707623,0.0013650532,0.0062549612,0.010392361,0.5898051,0.3870889,2.2646926e-05,0.004051147,0.00031221923,u,0.5898051,0,1
0712_row_00042387,y,13高淳,01砖墙,砖墙张令国单字,5,4,u,0.69098914,0.0018555988,0.0006037669,0.00042414162,0.008553653,0.69098914,0.2929646,7.0923397e-06,0.004584197,1.7878701e-05,u,0.69098914,0,1
0712_row_00042388,y,13高淳,01砖墙,砖墙张令国单字,5,5,y,0.5118427,0.000468256,0.0012266565,0.008174155,0.017038845,0.4570958,0.5118427,5.0381503e-05,0.003970713,0.00013241796,y,0.5118427,0,1
0712_row_00042389,y,13高淳,01砖墙,砖墙张令国单字,5,5,y,0.9629673,5.0208644e-05,0.0076332125,0.010637243,0.0015489226,0.016165238,0.9629673,6.8904837e-06,0.0009712564,1.9755063e-05,y,0.9629673,0,1
0712_row_00042390,y,13高淳,01砖墙,砖墙张令国单字,5,5,y,0.9397426,0.00020004963,0.015216246,0.02820095,0.0025600235,0.013811483,0.9397426,5.2711935e-06,0.00023756549,2.5742733e-05,y,0.9397426,0,1
0712_row_00042391,y,13高淳,01砖墙,砖墙张令国单字,5,5,y,0.9219059,0.00063850475,0.013515942,0.007088215,0.007949224,0.047544137,0.9219059,2.1765474e-05,0.0012913566,4.500171e-05,y,0.9219059,0,1
0712_row_00042392,a,13高淳,01砖墙,砖墙张令国单字,0,0,a,0.8462101,0.8462101,0.11655044,0.01045902,0.0019130687,0.011540031,7.424085e-05,2.9273284e-05,0.009365954,0.0038577719,a,0.8462101,0,1
0712_row_00042393,a,13高淳,01砖墙,砖墙张令国单字,0,0,a,0.867216,0.867216,0.08341266,3.709551e-05,0.0019920235,0.0055832346,1.1296149e-06,2.0519012e-05,0.04170359,3.3831293e-05,a,0.867216,0,1
0712_row_00042394,a,13高淳,01砖墙,砖墙张令国单字,0,1,e,0.6223612,0.25984475,0.6223612,0.024186373,0.0028813165,0.001716464,0.0030187028,3.7071375e-05,0.002504629,0.083449475,e,0.6223612,0,1
0712_row_00042395,e,13高淳,01砖墙,砖墙张令国单字,1,1,e,0.81200975,0.001192264,0.81200975,0.0033328037,0.0020926334,0.18072551,0.00043535308,0.00013908265,3.666778e-05,3.5963327e-05,e,0.81200975,0,1
0712_row_00042396,a,13高淳,01砖墙,砖墙张令国单字,0,1,e,0.5302896,0.4587119,0.5302896,0.00084095774,0.0011930292,0.0057653063,1.6757425e-05,5.0556682e-05,0.0025234579,0.00060843764,e,0.5302896,0,1
0712_row_00042398,a,13高淳,01砖墙,砖墙张令国单字,0,1,e,0.56519634,0.42824396,0.56519634,0.0003420563,0.001466469,0.0029667777,5.0315516e-06,6.4408596e-05,0.0015739572,0.00014097274,e,0.56519634,0,1
0712_row_00042399,ɛ,13高淳,01砖墙,砖墙张令国单字,8,8,ɛ,0.99593335,0.0015631254,0.0011247555,0.00017706948,0.00048554718,1.3936434e-06,0.00019234554,1.1516363e-06,0.00052122516,0.99593335,ɛ,0.99593335,0,1
0712_row_00042400,ɛ,13高淳,01砖墙,砖墙张令国单字,8,8,ɛ,0.99785304,0.0011097738,0.00040525896,8.9472975e-05,0.0001116641,9.241638e-07,6.870325e-05,4.8916087e-07,0.00036075653,0.99785304,ɛ,0.99785304,0,1
0712_row_00042401,ɛ,13高淳,01砖墙,砖墙张令国单字,8,8,ɛ,0.47514108,0.2738637,0.15562092,0.086619,0.0013919073,0.0033330042,0.0011919583,0.00071198907,0.0021264157,0.47514108,ɛ,0.47514108,0,1
0712_row_00042402,e,13高淳,01砖墙,砖墙张令国单字,1,1,e,0.94726944,0.01862881,0.94726944,3.7915986e-05,0.0003471243,0.00020127399,0.00018354139,8.712529e-06,0.00087983196,0.032443453,e,0.94726944,0,1
0712_row_00042403,a,13高淳,01砖墙,砖墙张令国单字,0,0,a,0.8977875,0.8977875,0.052209664,9.203988e-05,0.0028177192,0.023706954,2.6871187e-06,5.2143863e-05,0.023295136,3.613523e-05,a,0.8977875,0,1
0712_row_00042404,i,13高淳,01砖墙,砖墙张令国单字,2,5,y,0.8651621,8.453229e-05,0.017503278,0.11303674,0.0007596784,0.0027334485,0.8651621,5.6437007e-06,0.00066867354,4.6015102e-05,y,0.8651621,0,1
0712_row_00042405,i,13高淳,01砖墙,砖墙张令国单字,2,2,i,0.98291653,0.00022301088,0.008973456,0.98291653,0.00010768778,0.0018770815,0.0046748808,1.5341595e-05,0.00071004056,0.0005019492,i,0.98291653,0,1
0712_row_00042406,i,13高淳,01砖墙,砖墙张令国单字,2,5,y,0.87997395,0.0008137857,0.00404971,0.03262101,0.0037082995,0.068098776,0.87997395,4.1040184e-05,0.010613651,7.9691665e-05,y,0.87997395,0,1
0712_row_00042407,i,13高淳,01砖墙,砖墙张令国单字,2,1,e,0.6619702,0.009985942,0.6619702,0.25599313,0.0016804,0.0015033819,0.0014495254,0.0002104154,0.06523577,0.0019712641,e,0.6619702,0,1
0712_row_00042408,i,13高淳,01砖墙,砖墙张令国单字,2,2,i,0.95150805,0.001001437,0.031238753,0.95150805,0.00029157015,0.0029245075,0.0068620355,4.2420677e-05,0.0042402884,0.0018908951,i,0.95150805,0,1
0712_row_00042409,i,13高淳,01砖墙,砖墙张令国单字,2,2,i,0.9785588,0.00027915914,0.013596622,0.9785588,5.8369245e-05,0.0020592702,0.002063112,2.160752e-05,0.0022800534,0.0010830227,i,0.9785588,0,1
0712_row_00042410,i,13高淳,01砖墙,砖墙张令国单字,2,2,i,0.90482545,0.0018406219,0.080624446,0.90482545,0.00016245207,0.0040961714,0.0034189168,6.2691084e-05,0.0033787356,0.001590537,i,0.90482545,0,1
0712_row_00042411,i,13高淳,01砖墙,砖墙张令国单字,2,2,i,0.62248343,0.010071319,0.3298358,0.62248343,0.00078337954,0.005964396,0.0059763445,0.00040686878,0.020994915,0.0034836214,i,0.62248343,0,1
0712_row_00042412,i,13高淳,01砖墙,砖墙张令国单字,2,5,y,0.96850634,0.00021346808,0.0020052495,0.008184501,0.013433035,0.0049558445,0.96850634,8.1689395e-06,0.0026691898,2.4155965e-05,y,0.96850634,0,1
0712_row_00042413,i,13高淳,01砖墙,砖墙张令国单字,2,2,i,0.54828024,0.008636696,0.026269048,0.54828024,0.010032612,0.0016029645,0.40418005,6.6803594e-05,0.0005667469,0.00036493302,i,0.54828024,0,1
0712_row_00042414,i,13高淳,01砖墙,砖墙张令国单字,2,2,i,0.9913862,5.1771596e-05,0.0013207316,0.9913862,2.0238638e-05,0.0014858777,0.004449073,4.386561e-06,0.00024514354,0.0010367465,i,0.9913862,0,1
0712_row_00042415,i,13高淳,01砖墙,砖墙张令国单字,2,2,i,0.98952556,7.8045705e-05,0.0019036104,0.98952556,3.73617e-05,0.0020988649,0.005054616,6.5546847e-06,0.0002945327,0.001000732,i,0.98952556,0,1
0712_row_00042416,i,13高淳,01砖墙,砖墙张令国单字,2,2,i,0.976661,0.00018914226,0.007364459,0.976661,7.669145e-05,0.0031636497,0.008071201,1.8439541e-05,0.00152927,0.0029261224,i,0.976661,0,1
0712_row_00042417,i,13高淳,01砖墙,砖墙张令国单字,2,2,i,0.96690583,0.00020901083,0.0066597844,0.96690583,0.00015380805,0.004101687,0.018234007,2.1642421e-05,0.0009014813,0.0028127348,i,0.96690583,0,1
0712_row_00042418,i,13高淳,01砖墙,砖墙张令国单字,2,2,i,0.9872317,6.849344e-05,0.0017740476,0.9872317,4.133672e-05,0.0025022544,0.0067836265,7.6271303e-06,0.00033374195,0.0012572943,i,0.9872317,0,1
0712_row_00042419,e,13高淳,01砖墙,砖墙张令国单字,1,1,e,0.8740546,0.007547904,0.8740546,0.012614854,0.0030622552,0.1017231,0.00065964926,0.00011482362,0.00013714322,8.568864e-05,e,0.8740546,0,1
0712_row_00042420,e,13高淳,01砖墙,砖墙张令国单字,1,1,e,0.8716494,0.008213387,0.8716494,0.032167524,0.0009308105,0.08646486,0.0001541048,6.5427615e-05,0.000293224,6.12668e-05,e,0.8716494,0,1
0712_row_00042421,e,13高淳,01砖墙,砖墙张令国单字,1,1,e,0.7883456,0.0012335068,0.7883456,0.004990367,0.0012198001,0.20286947,0.00046381913,0.00044508485,0.00033496902,9.7521995e-05,e,0.7883456,0,1
0712_row_00042422,e,13高淳,01砖墙,砖墙张令国单字,1,1,e,0.72144467,0.00023605047,0.72144467,0.00095218973,0.00021128495,0.27664268,0.00011075318,0.000114219074,0.00023553777,5.2506235e-05,e,0.72144467,0,1
0712_row_00042423,e,13高淳,01砖墙,砖墙张令国单字,1,1,e,0.9589077,0.00029203072,0.9589077,0.0006719778,0.00024120849,0.039330587,8.379653e-05,5.816346e-05,0.00034128016,7.3124254e-05,e,0.9589077,0,1
0712_row_00042424,u,13高淳,01砖墙,砖墙张令国单字,4,1,e,0.6528501,0.00027881216,0.6528501,0.0013029348,0.00041912802,0.34365252,0.00032257068,9.0425645e-05,0.0009262575,0.0001571195,e,0.6528501,0,1
0712_row_00042425,a,13高淳,01砖墙,砖墙张令国单字,0,0,a,0.8382899,0.8382899,0.09969187,0.0024616385,0.028726088,0.017798988,0.00032045814,0.0007579954,0.0051563056,0.0067966785,a,0.8382899,0,1
0712_row_00042426,u,13高淳,01砖墙,砖墙张令国单字,4,1,e,0.66965604,0.0006091057,0.66965604,0.0018285965,0.0012792144,0.325424,0.0008302007,8.397445e-05,0.000118822754,0.00017012848,e,0.66965604,0,1
0712_row_00042427,a,13高淳,01砖墙,砖墙张令国单字,0,0,a,0.6685269,0.6685269,0.26280707,0.00032690127,0.016059827,0.032603666,3.822754e-05,0.00014913414,0.016207445,0.0032808355,a,0.6685269,0,1
0712_row_00042428,a,13高淳,01砖墙,砖墙张令国单字,0,0,a,0.8578658,0.8578658,0.047146678,0.001198322,0.06803878,0.0089584235,0.0005220695,0.0015043095,0.012701828,0.0020637293,a,0.8578658,0,1
0712_row_00042429,a,13高淳,01砖墙,砖墙张令国单字,0,0,a,0.988157,0.988157,0.0043173907,0.00058305374,0.0049437797,0.0008082087,5.4231773e-06,3.1614487e-05,0.0006463314,0.0005072915,a,0.988157,0,1
0712_row_00042430,a,13高淳,01砖墙,砖墙张令国单字,0,0,a,0.88715756,0.88715756,0.034553427,0.0024118603,0.051156454,0.017360203,0.00052422076,0.00072772475,0.0051281685,0.0009803867,a,0.88715756,0,1
0712_row_00042431,a,13高淳,01砖墙,砖墙张令国单字,0,0,a,0.9920711,0.9920711,0.0024210417,0.00092373835,0.0016595883,0.0011531285,9.732811e-06,0.00011217605,0.0014179287,0.0002315704,a,0.9920711,0,1
0712_row_00042432,a,13高淳,01砖墙,砖墙张令国单字,0,0,a,0.9908682,0.9908682,0.00234566,0.00022056006,0.004010418,0.0012409037,4.430623e-06,0.00015003112,0.0010370349,0.00012290389,a,0.9908682,0,1
0712_row_00042433,e,13高淳,01砖墙,砖墙张令国单字,1,1,e,0.8237127,0.0009879222,0.8237127,0.0014466991,0.00037220397,0.08821294,4.942358e-05,0.00011690882,0.084891215,0.00020989472,e,0.8237127,0,1
0712_row_00042434,e,13高淳,01砖墙,砖墙张令国单字,1,1,e,0.5846876,0.0037040522,0.5846876,0.0019925146,0.009137356,0.39808854,0.0014720106,0.00045691527,0.00033552223,0.00012551685,e,0.5846876,0,1
0712_row_00042435,e,13高淳,01砖墙,砖墙张令国单字,1,1,e,0.8729929,4.623942e-05,0.8729929,0.00023215202,8.813581e-05,0.12640125,3.0777457e-05,1.3385441e-05,0.00017288208,2.229804e-05,e,0.8729929,0,1
0712_row_00042436,e,13高淳,01砖墙,砖墙张令国单字,1,4,u,0.63832927,0.0004977988,0.3529473,0.0023784544,0.004918522,0.63832927,0.0007344444,6.187347e-05,5.763283e-05,7.4752395e-05,u,0.63832927,0,1
0712_row_00042437,e,13高淳,01砖墙,砖墙张令国单字,1,1,e,0.74919176,0.00026834474,0.74919176,0.002813213,0.0005560945,0.24679889,0.00017673809,0.00010987783,5.4565804e-05,3.0474052e-05,e,0.74919176,0,1
0712_row_00042438,i,13高淳,01砖墙,砖墙张令国单字,2,5,y,0.48899812,0.0010228055,0.005755718,0.027535355,0.015826413,0.4577923,0.48899812,0.000117273215,0.002419285,0.0005326454,y,0.48899812,0,1
0712_row_00042439,i,13高淳,01砖墙,砖墙张令国单字,2,2,i,0.99764854,5.2908057e-05,0.0007332248,0.99764854,5.522592e-06,0.000414712,0.0006202455,1.9629347e-06,0.0001831989,0.0003397792,i,0.99764854,0,1
0712_row_00042440,i,13高淳,01砖墙,砖墙张令国单字,2,2,i,0.9791885,0.0031388463,0.013786828,0.9791885,4.2582484e-05,0.0004954509,0.00017245313,8.2219685e-06,0.0029399614,0.00022727743,i,0.9791885,0,1
0712_row_00042441,i,13高淳,01砖墙,砖墙张令国单字,2,2,i,0.9992656,1.841298e-05,0.00013480202,0.9992656,1.9465099e-06,0.0002095858,0.00017667706,7.8236394e-07,4.6207086e-05,0.00014608735,i,0.9992656,0,1
0712_row_00042442,i,13高淳,01砖墙,砖墙张令国单字,2,5,y,0.9739871,2.2321301e-05,0.0015548335,0.020877786,0.0016377147,0.00014365425,0.9739871,8.733452e-07,0.001765885,9.758562e-06,y,0.9739871,0,1
0712_row_00042443,i,13高淳,01砖墙,砖墙张令国单字,2,2,i,0.97868115,0.00014688366,0.0050658025,0.97868115,0.0001123452,0.004535814,0.009653084,1.4334741e-05,0.00052714354,0.0012633896,i,0.97868115,0,1
0712_row_00042444,i,13高淳,01砖墙,砖墙张令国单字,2,2,i,0.985504,8.7969405e-05,0.0021345746,0.985504,4.4580982e-05,0.0037066028,0.006960443,1.0692254e-05,0.0002973964,0.0012539173,i,0.985504,0,1
0712_row_00042445,i,13高淳,01砖墙,砖墙张令国单字,2,2,i,0.9689827,0.00016414617,0.0104256505,0.9689827,0.00015840495,0.00066107773,0.018130263,9.3191165e-06,0.00083389523,0.0006346077,i,0.9689827,0,1
0712_row_00042446,i,13高淳,01砖墙,砖墙张令国单字,2,2,i,0.9804537,0.00019683896,0.011221848,0.9804537,9.4981435e-05,0.001399899,0.0039026167,1.6059821e-05,0.0016988163,0.0010152883,i,0.9804537,0,1
0712_row_00042447,i,13高淳,01砖墙,砖墙张令国单字,2,2,i,0.95853186,0.00041131198,0.020346118,0.95853186,0.0002644681,0.0039881067,0.01287193,4.4024957e-05,0.0017886047,0.0017536496,i,0.95853186,0,1
0712_row_00042448,i,13高淳,01砖墙,砖墙张令国单字,2,1,e,0.8947631,0.08529021,0.8947631,0.0011724163,0.0028390842,0.0020614623,0.0001811744,9.7770935e-05,0.012736931,0.0008576739,e,0.8947631,0,1
0712_row_00042449,e,13高淳,01砖墙,砖墙张令国单字,1,1,e,0.9357484,0.00019782738,0.9357484,0.0026476104,0.00016514726,0.060503475,5.8493668e-05,0.00038412833,0.00026071185,3.4351582e-05,e,0.9357484,0,1
0712_row_00042450,i,13高淳,01砖墙,砖墙张令国单字,2,2,i,0.70552975,0.0056154835,0.21544987,0.70552975,0.0009730123,0.009634348,0.007247905,0.0005358699,0.049660645,0.005353278,i,0.70552975,0,1
0712_row_00042451,i,13高淳,01砖墙,砖墙张令国单字,2,5,y,0.7672943,0.0006472292,0.011094027,0.21531698,0.0029129328,0.0011065545,0.7672943,1.1747373e-05,0.0014939747,0.00012242631,y,0.7672943,0,1
0712_row_00042452,i,13高淳,01砖墙,砖墙张令国单字,2,2,i,0.99960047,3.1298103e-05,0.00010872985,0.99960047,1.3576606e-06,7.07033e-05,0.0001008871,4.6839733e-07,3.87868e-05,4.7389567e-05,i,0.99960047,0,1
0712_row_00042453,i,13高淳,01砖墙,砖墙张令国单字,2,2,i,0.999632,1.7678574e-05,9.11605e-05,0.999632,9.934762e-07,6.639428e-05,0.000102347316,4.068273e-07,2.9257326e-05,5.978834e-05,i,0.999632,0,1
0712_row_00042454,i,13高淳,01砖墙,砖墙张令国单字,2,2,i,0.9987099,0.00010975368,0.00080842397,0.9987099,1.7942812e-06,0.00010549423,7.9178004e-05,5.739818e-07,0.000114123046,7.067744e-05,i,0.9987099,0,1
0712_row_00042455,i,13高淳,01砖墙,砖墙张令国单字,2,2,i,0.9990797,2.2486956e-05,0.00014988094,0.9990797,1.8420942e-06,0.00024127893,0.00026166587,7.8389263e-07,6.32588e-05,0.00017915918,i,0.9990797,0,1
0712_row_00042456,i,13高淳,01砖墙,砖墙张令国单字,2,5,y,0.81524503,0.0016831146,0.00956202,0.13573264,0.008038363,0.02737268,0.81524503,4.791554e-05,0.0020399373,0.00027834615,y,0.81524503,0,1
0712_row_00042457,i,13高淳,01砖墙,砖墙张令国单字,2,2,i,0.9545543,0.0001055426,0.0037555436,0.9545543,0.000121739955,0.018910231,0.020858232,2.3307426e-05,0.0003066786,0.0013643379,i,0.9545543,0,1
0712_row_00042458,i,13高淳,01砖墙,砖墙张令国单字,2,2,i,0.87248564,0.006324398,0.027210504,0.87248564,0.007404445,0.0029536008,0.07884196,0.0011504499,0.0031117175,0.00051726715,i,0.87248564,0,1
0712_row_00042459,i,13高淳,01砖墙,砖墙张令国单字,2,2,i,0.99905616,3.732071e-05,0.00027441297,0.99905616,3.2495204e-06,0.00019684414,0.00027185015,1.0212674e-06,5.497563e-05,0.0001040346,i,0.99905616,0,1
0712_row_00042460,i,13高淳,01砖墙,砖墙张令国单字,2,2,i,0.9995863,1.1040752e-05,8.3334366e-05,0.9995863,1.0107981e-06,6.083334e-05,0.00013330046,4.2751134e-07,3.3809356e-05,8.97882e-05,i,0.9995863,0,1
0712_row_00042461,i,13高淳,01砖墙,砖墙张令国单字,2,2,i,0.9983724,7.4599906e-05,0.0007733375,0.9983724,6.8436516e-06,0.00024083257,0.00034012154,1.4504482e-06,8.492458e-05,0.00010535956,i,0.9983724,0,1
0712_row_00042462,i,13高淳,01砖墙,砖墙张令国单字,2,2,i,0.99968386,1.950197e-05,6.237691e-05,0.99968386,7.6456905e-07,7.5434255e-05,6.0930437e-05,3.867493e-07,3.0850904e-05,6.607449e-05,i,0.99968386,0,1
0712_row_00042463,i,13高淳,01砖墙,砖墙张令国单字,2,2,i,0.99912506,3.0734256e-05,0.0001804288,0.99912506,2.3075963e-06,0.000113269576,0.0002973072,8.061483e-07,6.5467e-05,0.00018461968,i,0.99912506,0,1
0712_row_00042464,i,13高淳,01砖墙,砖墙张令国单字,2,2,i,0.99958974,1.2592382e-05,6.800694e-05,0.99958974,8.515375e-07,9.0937494e-05,0.00010758234,4.252552e-07,3.2947253e-05,9.6953794e-05,i,0.99958974,0,1
0712_row_00042465,i,13高淳,01砖墙,砖墙张令国单字,2,2,i,0.9995789,2.3619763e-05,0.00013536158,0.9995789,1.1037716e-06,6.405209e-05,0.00011030498,3.8904315e-07,3.1067822e-05,5.512281e-05,i,0.9995789,0,1
0712_row_00042466,i,13高淳,01砖墙,砖墙张令国单字,2,2,i,0.9995148,3.0727602e-05,0.00017032941,0.9995148,1.739156e-06,7.082715e-05,0.00011964496,7.750871e-07,4.7819634e-05,4.334419e-05,i,0.9995148,0,1
0712_row_00042467,i,13高淳,01砖墙,砖墙张令国单字,2,2,i,0.9990288,4.2964122e-05,0.00017161507,0.9990288,2.7486037e-06,0.00016730677,0.000300001,8.802719e-07,7.029286e-05,0.00021549303,i,0.9990288,0,1
0712_row_00042468,i,13高淳,01砖墙,砖墙张令国单字,2,2,i,0.7250532,0.00068275153,0.044711765,0.7250532,0.0024604455,0.00040761844,0.22250633,4.1020976e-05,0.00348105,0.0006558501,i,0.7250532,0,1
0712_row_00042469,i,13高淳,01砖墙,砖墙张令国单字,2,2,i,0.98699397,0.00012572709,0.0036765959,0.98699397,3.6657337e-05,0.0027690353,0.004137914,1.326818e-05,0.0006615305,0.0015852031,i,0.98699397,0,1
0712_row_00042470,i,13高淳,01砖墙,砖墙张令国单字,2,2,i,0.9833519,9.874792e-05,0.0031248457,0.9833519,6.052566e-05,0.004606996,0.007381651,1.3722276e-05,0.00034680116,0.0010149877,i,0.9833519,0,1
0712_row_00042471,i,13高淳,01砖墙,砖墙张令国单字,2,2,i,0.99631727,3.7156617e-05,0.0006448754,0.99631727,7.2642465e-06,8.9389214e-05,0.0013365933,2.1062947e-06,0.00092479825,0.0006404888,i,0.99631727,0,1
0712_row_00042472,i,13高淳,01砖墙,砖墙张令国单字,2,2,i,0.98638713,6.699073e-05,0.002520691,0.98638713,4.5367677e-05,0.0029611443,0.0064546242,1.0109169e-05,0.00034372252,0.0012101308,i,0.98638713,0,1
0712_row_00042473,i,13高淳,01砖墙,砖墙张令国单字,2,2,i,0.97692955,0.00012468323,0.0021507838,0.97692955,6.8871e-05,0.0022451812,0.01522368,1.2468829e-05,0.0004319262,0.0028128002,i,0.97692955,0,1
0712_row_00042474,i,13高淳,01砖墙,砖墙张令国单字,2,2,i,0.98471284,7.453651e-05,0.0026401067,0.98471284,4.310836e-05,0.0048314263,0.006679378,1.166025e-05,0.00019357487,0.0008133559,i,0.98471284,0,1
0712_row_00042475,u,13高淳,01砖墙,砖墙张令国单字,4,4,u,0.8358238,0.0023882196,0.12519103,0.01410308,0.00984719,0.8358238,0.0013777408,0.000118952084,0.0110078445,0.00014223426,u,0.8358238,0,1
0712_row_00042476,u,13高淳,01砖墙,砖墙张令国单字,4,1,e,0.60097545,0.00060655887,0.60097545,0.0014659272,0.0032517514,0.39157045,0.0017818899,7.9188016e-05,0.00016366332,0.0001051649,e,0.60097545,0,1
0712_row_00042477,u,13高淳,01砖墙,砖墙张令国单字,4,4,u,0.96473986,0.0001571028,0.027305067,0.0010872794,0.0054990295,0.96473986,0.00026458927,1.7941282e-05,0.00091910537,1.00180105e-05,u,0.96473986,0,1
0712_row_00042478,u,13高淳,01砖墙,砖墙张令国单字,4,4,u,0.9458023,0.0020515742,0.016616302,0.0039834725,0.020964777,0.9458023,0.0044740234,0.00015156399,0.0056974124,0.00025859222,u,0.9458023,0,1
0712_row_00042479,u,13高淳,01砖墙,砖墙张令国单字,4,4,u,0.5094535,0.0201032,0.40579802,0.037245627,0.010103495,0.5094535,0.014107949,0.00040383378,0.0013893422,0.0013951331,u,0.5094535,0,1
0712_row_00042480,u,13高淳,01砖墙,砖墙张令国单字,4,1,e,0.70559376,0.00061219995,0.70559376,0.0026715796,0.000895852,0.28942725,0.00030627576,0.0002893047,0.00014328698,6.053293e-05,e,0.70559376,0,1
0712_row_00042481,u,13高淳,01砖墙,砖墙张令国单字,4,1,e,0.5265576,0.00076655956,0.5265576,0.00367417,0.0010112104,0.38074458,0.000108244734,0.00081348367,0.08579057,0.00053361314,e,0.5265576,0,1
0712_row_00042482,u,13高淳,01砖墙,砖墙张令国单字,4,1,e,0.621738,0.001403684,0.621738,0.0075861313,0.002123532,0.36620954,0.0005680655,0.00020951602,9.877686e-05,6.26845e-05,e,0.621738,0,1
0712_row_00042483,u,13高淳,01砖墙,砖墙张令国单字,4,1,e,0.7793319,0.0010926981,0.7793319,0.004095645,0.001051236,0.20829655,0.00017676709,0.000100818026,0.005751726,0.00010257027,e,0.7793319,0,1
0712_row_00042484,u,13高淳,01砖墙,砖墙张令国单字,4,1,e,0.8154403,0.00015515609,0.8154403,0.00091368967,0.00029400885,0.18250674,5.813478e-05,3.4551496e-05,0.00057078054,2.6598356e-05,e,0.8154403,0,1
0712_row_00042485,u,13高淳,01砖墙,砖墙张令国单字,4,4,u,0.656396,0.00075604254,0.32460508,0.0008782061,0.014623104,0.656396,0.0025346423,5.78511e-05,0.000104880455,4.4268752e-05,u,0.656396,0,1
0712_row_00042486,u,13高淳,01砖墙,砖墙张令国单字,4,4,u,0.8714815,0.00036919903,0.122325994,0.0006208798,0.0028261442,0.8714815,0.00034884695,6.283693e-05,0.0018622656,0.00010221876,u,0.8714815,0,1
0712_row_00042487,e,13高淳,01砖墙,砖墙张令国单字,1,1,e,0.8443399,4.9889695e-05,0.8443399,0.00036531352,7.72636e-05,0.15482835,5.1397037e-05,9.595909e-06,0.00024096396,3.7298472e-05,e,0.8443399,0,1
0712_row_00042488,e,13高淳,01砖墙,砖墙张令国单字,1,1,e,0.73110706,0.00017293628,0.73110706,0.0013375019,0.00031567636,0.26670286,0.00014660294,2.4500976e-05,0.00014953334,4.3398693e-05,e,0.73110706,0,1
0712_row_00042489,e,13高淳,01砖墙,砖墙张令国单字,1,1,e,0.8578826,0.0012192806,0.8578826,0.00390058,0.00054163666,0.13579074,0.00017216879,0.000166498,0.00026149783,6.4986074e-05,e,0.8578826,0,1
0712_row_00042490,e,13高淳,01砖墙,砖墙张令国单字,1,1,e,0.68131757,0.006206958,0.68131757,0.0038413343,0.004254691,0.30177638,0.0010379944,0.0003805063,0.0010620089,0.00012256198,e,0.68131757,0,1
0712_row_00042491,u,13高淳,01砖墙,砖墙张令国单字,4,4,u,0.44553337,0.0065749865,0.41536444,0.001956808,0.121344164,0.44553337,0.008674216,0.0002666511,0.00014633978,0.00013909268,u,0.44553337,0,1
0712_row_00042492,u,13高淳,01砖墙,砖墙张令国单字,4,4,u,0.62883794,0.0011986746,0.33417436,0.0014536539,0.027457895,0.62883794,0.006576722,9.246783e-05,0.0001232262,8.49778e-05,u,0.62883794,0,1
0712_row_00042493,u,13高淳,01砖墙,砖墙张令国单字,4,1,e,0.5280891,0.0024789555,0.5280891,0.0065241274,0.0058951853,0.45319495,0.0031592306,0.00029481435,0.00016817113,0.00019547693,e,0.5280891,0,1
0712_row_00042494,u,13高淳,01砖墙,砖墙张令国单字,4,1,e,0.6692783,0.0009136889,0.6692783,0.0018372043,0.0011102877,0.3261247,0.00045781597,6.924484e-05,8.3398896e-05,0.00012539086,e,0.6692783,0,1
0712_row_00042495,ɔ,13高淳,01砖墙,砖墙张令国单字,6,6,ɔ,0.6521822,0.3375872,0.00022813116,0.003402675,0.0063452595,0.00023028304,2.8603283e-06,0.6521822,1.7026188e-05,4.2763745e-06,ɔ,0.6521822,0,1
0712_row_00042496,a,13高淳,01砖墙,砖墙张令国单字,0,0,a,0.7453299,0.7453299,0.0007035209,0.0026494109,0.03398221,0.0023750241,5.68557e-05,0.21463914,0.00024848047,1.535724e-05,a,0.7453299,0,1
0712_row_00042497,a,13高淳,01砖墙,砖墙张令国单字,0,0,a,0.6170357,0.6170357,0.01565642,0.0014348014,0.046950642,0.0026167056,1.4715179e-05,0.2520295,0.06411328,0.00014828703,a,0.6170357,0,1
0712_row_00042498,ɔ,13高淳,01砖墙,砖墙张令国单字,6,0,a,0.62844133,0.62844133,0.00020739048,0.00022358485,0.04330483,0.001374999,2.3716344e-05,0.32551378,0.0008834005,2.6958616e-05,a,0.62844133,0,1
0712_row_00042499,a,13高淳,01砖墙,砖墙张令国单字,0,6,ɔ,0.56451595,0.427017,0.0014155054,0.0004658873,0.006123462,0.0003662096,2.9939024e-06,0.56451595,8.7559936e-05,5.3915637e-06,ɔ,0.56451595,0,1
0712_row_00042500,ɔ,13高淳,01砖墙,砖墙张令国单字,6,3,o,0.5348986,0.111638755,0.012022292,5.474955e-05,0.5348986,0.0032775162,1.8693121e-05,0.10235153,0.23559274,0.00014513603,o,0.5348986,0,1
0712_row_00042502,ɔ,13高淳,01砖墙,砖墙张令国单字,6,6,ɔ,0.68402964,0.15043041,0.0060779727,7.129468e-05,0.08315069,0.001206791,2.1911396e-06,0.68402964,0.07501409,1.6891308e-05,ɔ,0.68402964,0,1
0712_row_00042504,a,13高淳,01砖墙,砖墙张令国单字,0,3,o,0.8099754,0.18217878,0.0018166921,0.0001861438,0.8099754,0.0002535564,6.975435e-05,0.0051268917,0.00014964351,0.00024319718,o,0.8099754,0,1
0712_row_00042505,a,13高淳,01砖墙,砖墙张令国单字,0,0,a,0.7241955,0.7241955,0.029471483,0.0015877595,0.0014954334,8.744866e-05,0.0005683419,0.00027349114,0.0020827777,0.24023779,a,0.7241955,0,1
0712_row_00042506,a,13高淳,01砖墙,砖墙张令国单字,0,0,a,0.96462494,0.96462494,0.0057931086,0.008222548,0.0034451028,5.4598742e-05,0.0003795112,0.0017196527,0.0011007036,0.014659884,a,0.96462494,0,1
0712_row_00042507,ɔ,13高淳,01砖墙,砖墙张令国单字,6,0,a,0.50449806,0.50449806,0.0030627497,0.0015826884,0.020788772,0.0002556396,4.758248e-06,0.46956834,0.00023540518,3.5460764e-06,a,0.50449806,0,1
0712_row_00042508,ɔ,13高淳,01砖墙,砖墙张令国单字,6,6,ɔ,0.7521088,0.17676716,0.00035570952,0.00012186794,0.07020534,0.00017901302,1.789553e-06,0.7521088,0.00025932363,1.0449058e-06,ɔ,0.7521088,0,1
0712_row_00042509,a,13高淳,01砖墙,砖墙张令国单字,0,3,o,0.9617389,0.03160028,0.0014230986,0.00012865732,0.9617389,0.0005704842,2.9041621e-05,0.0044256486,8.2399594e-05,1.4353212e-06,o,0.9617389,0,1
0712_row_00042510,a,13高淳,01砖墙,砖墙张令国单字,0,8,ɛ,0.542687,0.22693187,0.07015753,0.007229342,0.0030076334,0.0011340567,0.01602558,0.00025713263,0.13256997,0.542687,ɛ,0.542687,0,1
0712_row_00042511,a,13高淳,01砖墙,砖墙张令国单字,0,0,a,0.46341518,0.46341518,0.07465472,0.0048105293,0.002045883,0.0009393881,0.0077655665,0.00044217502,0.19980983,0.24611677,a,0.46341518,0,1
0712_row_00042512,a,13高淳,01砖墙,砖墙张令国单字,0,6,ɔ,0.680486,0.17725773,0.0008755468,3.4509627e-05,0.08553434,0.0012911292,5.073286e-06,0.680486,0.05445905,5.6578436e-05,ɔ,0.680486,0,1
0712_row_00042513,a,13高淳,01砖墙,砖墙张令国单字,0,3,o,0.7974597,0.11417759,0.0034259802,0.008799611,0.7974597,0.00035234424,0.062133443,0.0029343828,0.009777858,0.00093908794,o,0.7974597,0,1
0712_row_00042514,a,13高淳,01砖墙,砖墙张令国单字,0,8,ɛ,0.33581284,0.24401808,0.1995408,0.005557492,0.016444743,0.0057640304,0.015379515,0.0009157587,0.17656676,0.33581284,ɛ,0.33581284,0,1
0712_row_00042515,u,13高淳,01砖墙,砖墙张令国单字,4,5,y,0.858014,0.0031027098,0.0059348126,0.016405238,0.036695734,0.061876442,0.858014,0.00011785467,0.017487131,0.00036611315,y,0.858014,0,1
0712_row_00042516,o,13高淳,01砖墙,砖墙张令国单字,3,4,u,0.60668105,0.0011909623,0.0012388732,0.003547362,0.0370138,0.60668105,0.3354014,2.6805814e-05,0.014786266,0.00011345712,u,0.60668105,0,1
0712_row_00042517,o,13高淳,01砖墙,砖墙张令国单字,3,1,e,0.6603852,0.019839047,0.6603852,0.0034708837,0.00419464,0.28939554,0.00035494997,0.00054476736,0.021510018,0.00030509176,e,0.6603852,0,1
0712_row_00042518,o,13高淳,01砖墙,砖墙张令国单字,3,1,e,0.5335944,0.23782574,0.5335944,0.0028310635,0.2134134,0.0057728444,0.0003967317,0.002993717,0.0029485254,0.00022352558,e,0.5335944,0,1
0712_row_00042519,o,13高淳,01砖墙,砖墙张令国单字,3,3,o,0.8751148,0.021191556,0.030571125,0.0024954043,0.8751148,0.020024288,0.02500707,0.0010100891,0.0042637405,0.020321997,o,0.8751148,0,1
0712_row_00042520,o,13高淳,01砖墙,砖墙张令国单字,3,3,o,0.518584,0.08435002,0.21030952,0.023020443,0.518584,0.13781025,0.011304803,0.003940802,0.008812111,0.0018679957,o,0.518584,0,1
0712_row_00042521,o,13高淳,01砖墙,砖墙张令国单字,3,4,u,0.3417011,0.043017503,0.23390414,0.0839803,0.23471223,0.3417011,0.052597437,0.007835535,0.0019173359,0.000334459,u,0.3417011,0,1
0712_row_00042522,o,13高淳,01砖墙,砖墙张令国单字,3,4,u,0.70001787,0.010556812,0.1848696,0.01230465,0.025269441,0.70001787,0.0028295051,0.003852939,0.054285355,0.0060138516,u,0.70001787,0,1
0712_row_00042523,o,13高淳,01砖墙,砖墙张令国单字,3,4,u,0.6815212,0.008299405,0.24145098,0.022182364,0.018616725,0.6815212,0.002136429,0.0015776501,0.020208504,0.004006764,u,0.6815212,0,1
0712_row_00042524,u,13高淳,01砖墙,砖墙张令国单字,4,4,u,0.80980414,0.0025107705,0.0002190635,0.00017160432,0.010620748,0.80980414,0.17151181,6.428951e-06,0.0051367814,1.8641893e-05,u,0.80980414,0,1
0712_row_00042525,u,13高淳,01砖墙,砖墙张令国单字,4,4,u,0.7181271,0.0015046288,0.00011000495,0.00020419351,0.007995075,0.7181271,0.26957735,5.043606e-06,0.0024630274,1.3705249e-05,u,0.7181271,0,1
0712_row_00042526,u,13高淳,01砖墙,砖墙张令国单字,4,4,u,0.82529557,0.010861498,0.0012701055,0.0021231049,0.00852863,0.82529557,0.14196233,5.799197e-05,0.009571071,0.0003297263,u,0.82529557,0,1
0712_row_00042527,u,13高淳,01砖墙,砖墙张令国单字,4,4,u,0.83713263,0.007962116,0.001019019,0.0004269345,0.020057391,0.83713263,0.11966221,3.527511e-05,0.013618957,8.549006e-05,u,0.83713263,0,1
0712_row_00042528,o,13高淳,01砖墙,砖墙张令国单字,3,5,y,0.5368058,0.00041062094,0.00020126098,0.0022449845,0.035544984,0.42077732,0.5368058,1.5049655e-05,0.003909869,9.014546e-05,y,0.5368058,0,1
0712_row_00042529,o,13高淳,01砖墙,砖墙张令国单字,3,5,y,0.61490035,0.00047095865,0.00055840245,0.00068557286,0.02392512,0.34920964,0.61490035,1.0784545e-05,0.010199271,3.9909886e-05,y,0.61490035,0,1
0712_row_00042530,o,13高淳,01砖墙,砖墙张令国单字,3,4,u,0.49716747,0.0007555719,0.00033017935,0.0031905663,0.04266808,0.49716747,0.4494317,2.8612778e-05,0.0062567797,0.00017109113,u,0.49716747,0,1
0712_row_00042531,o,13高淳,01砖墙,砖墙张令国单字,3,5,y,0.54812634,0.0005575936,0.00027705714,0.0028734873,0.029911544,0.41401625,0.54812634,2.6967411e-05,0.0039730645,0.00023767051,y,0.54812634,0,1
0712_row_00042532,o,13高淳,01砖墙,砖墙张令国单字,3,5,y,0.5805142,0.00028861675,0.00035453727,0.009185112,0.012133445,0.3958642,0.5805142,2.3683619e-05,0.0013172118,0.0003190183,y,0.5805142,0,1
0712_row_00042533,o,13高淳,01砖墙,砖墙张令国单字,3,5,y,0.9270451,3.2783842e-05,0.00037863207,0.0003805808,0.071843825,0.00020064488,0.9270451,7.489904e-07,0.00011589643,1.6402712e-06,y,0.9270451,0,1
0712_row_00042534,o,13高淳,01砖墙,砖墙张令国单字,3,4,u,0.52101415,0.0006157126,0.00016624469,0.0021223547,0.043512885,0.52101415,0.42831266,1.1504517e-05,0.004142734,0.00010180969,u,0.52101415,0,1
0712_row_00042535,o,13高淳,01砖墙,砖墙张令国单字,3,5,y,0.98509777,1.3998129e-05,0.00079489255,0.0004353916,0.012378409,0.0006732743,0.98509777,7.251562e-07,0.00060048985,5.1222587e-06,y,0.98509777,0,1
0712_row_00042536,o,13高淳,01砖墙,砖墙张令国单字,3,5,y,0.97722876,5.9371483e-05,0.0012638537,0.0013182845,0.011654282,0.006558035,0.97722876,3.4215066e-06,0.0018990659,1.486694e-05,y,0.97722876,0,1
0712_row_00042537,o,13高淳,01砖墙,砖墙张令国单字,3,5,y,0.96791726,7.53183e-05,0.0013275655,0.0012658602,0.023720432,0.0047108475,0.96791726,5.8261808e-06,0.00096105,1.586727e-05,y,0.96791726,0,1
0712_row_00042538,o,13高淳,01砖墙,砖墙张令国单字,3,5,y,0.9428267,0.0001022373,0.0008240508,0.0009919212,0.053098325,0.0010508145,0.9428267,3.9155807e-06,0.0010870735,1.4990772e-05,y,0.9428267,0,1
0712_row_00042539,o,13高淳,01砖墙,砖墙张令国单字,3,5,y,0.9642321,0.00017231754,0.0014624178,0.0026530244,0.025415871,0.004841048,0.9642321,1.1990205e-05,0.0011670825,4.4290988e-05,y,0.9642321,0,1
0712_row_00042540,a,13高淳,01砖墙,砖墙张令国单字,0,5,y,0.9483857,4.350249e-05,0.00030696558,0.0002696147,0.03773614,0.012760134,0.9483857,2.4747796e-06,0.00049347035,1.9500421e-06,y,0.9483857,0,1
0712_row_00042541,a,13高淳,01砖墙,砖墙张令国单字,0,5,y,0.4828516,0.004039236,0.005723913,0.20997283,0.0011402195,0.0008766109,0.4828516,0.00012370646,0.017334104,0.27793777,y,0.4828516,0,1
0712_row_00042542,a,13高淳,01砖墙,砖墙张令国单字,0,4,u,0.57789034,0.027201312,0.13536835,0.19911142,0.013940139,0.57789034,0.002944827,0.0014499237,0.00868649,0.033407178,u,0.57789034,0,1
0712_row_00042543,a,13高淳,01砖墙,砖墙张令国单字,0,8,ɛ,0.73571986,0.0057421625,0.010879354,0.021725003,0.00059243763,0.00014695554,0.22050856,3.200049e-05,0.0046536694,0.73571986,ɛ,0.73571986,0,1
0712_row_00042544,a,13高淳,01砖墙,砖墙张令国单字,0,2,i,0.79660696,0.0034985414,0.0014132966,0.79660696,0.00056316704,0.0053919447,0.1468437,7.480639e-05,0.0012886879,0.04431902,i,0.79660696,0,1
0712_row_00042545,a,13高淳,01砖墙,砖墙张令国单字,0,1,e,0.44926438,0.3377952,0.44926438,0.0009386043,0.0674698,0.001926703,8.030122e-06,0.09597969,0.04659079,2.6626814e-05,e,0.44926438,0,1
0712_row_00042546,a,13高淳,01砖墙,砖墙张令国单字,0,8,ɛ,0.49621794,0.0060348003,0.031031651,0.15272067,0.002631468,0.0007319193,0.25085032,0.0005722984,0.05920885,0.49621794,ɛ,0.49621794,0,1
0712_row_00042547,a,13高淳,01砖墙,砖墙张令国单字,0,1,e,0.49409065,0.4428887,0.49409065,0.012451562,0.008621276,0.030561395,0.0007181801,0.00040663176,0.009819397,0.0004420541,e,0.49409065,0,1
0712_row_00042548,a,13高淳,01砖墙,砖墙张令国单字,0,0,a,0.54567224,0.54567224,0.07183955,0.014532381,0.0071061547,0.00023900514,0.013712531,0.0020479595,0.041503645,0.3033466,a,0.54567224,0,1
0712_row_00042549,i,13高淳,01砖墙,砖墙张令国单字,2,2,i,0.87465745,0.0013331127,0.008117923,0.87465745,0.0012744869,0.0044951406,0.105477415,6.268792e-05,0.0012773154,0.003304584,i,0.87465745,0,1
0712_row_00042550,a,13高淳,01砖墙,砖墙张令国单字,0,2,i,0.8890637,0.0036758177,0.0015283537,0.8890637,0.00054739055,0.0021839656,0.062553056,7.7929086e-05,0.0022462527,0.038123507,i,0.8890637,0,1
0712_row_00042551,a,13高淳,01砖墙,砖墙张令国单字,0,2,i,0.91653466,0.01649594,0.008041829,0.91653466,0.012887546,0.00092563045,0.043783985,4.7686604e-05,0.00033631854,0.0009464355,i,0.91653466,0,1
0712_row_00042552,a,13高淳,01砖墙,砖墙张令国单字,0,2,i,0.62641495,0.0149838105,0.017862245,0.62641495,0.010017798,0.015005819,0.307251,0.00043331028,0.0048138862,0.0032170913,i,0.62641495,0,1
0712_row_00042553,a,13高淳,01砖墙,砖墙张令国单字,0,2,i,0.57728827,0.027929371,0.010454381,0.57728827,0.011807138,0.008853534,0.35892287,0.00022905918,0.002747781,0.0017676909,i,0.57728827,0,1
0712_row_00042554,ə,13高淳,01砖墙,砖墙张令国单字,7,1,e,0.84307516,0.00733393,0.84307516,9.893264e-05,0.00817863,0.00043047126,1.3278878e-05,0.00024692118,0.14060381,1.891246e-05,e,0.84307516,0,1
0712_row_00042555,i,13高淳,01砖墙,砖墙张令国单字,2,8,ɛ,0.37876782,0.045330085,0.021017905,0.29913706,0.0011947454,0.000297405,0.04787284,0.00029658686,0.20608553,0.37876782,ɛ,0.37876782,0,1
0712_row_00042556,a,13高淳,01砖墙,砖墙张令国单字,0,2,i,0.98107177,0.001999691,0.01121549,0.98107177,0.000326572,0.00016632631,0.005010444,7.442883e-06,6.4030086e-05,0.00013819727,i,0.98107177,0,1
0712_row_00042557,i,13高淳,01砖墙,砖墙张令国单字,2,1,e,0.96962726,0.025658393,0.96962726,0.0037091547,0.0002356757,0.00011234621,1.8142275e-05,7.830724e-06,0.00060507393,2.606766e-05,e,0.96962726,0,1
0712_row_00042558,i,13高淳,01砖墙,砖墙张令国单字,2,2,i,0.9501942,0.0039601484,0.002730852,0.9501942,8.735201e-05,0.00029356204,0.006410597,1.652179e-05,0.036065992,0.00024069216,i,0.9501942,0,1
0712_row_00042559,i,13高淳,01砖墙,砖墙张令国单字,2,2,i,0.57686836,0.00034417797,0.00010373187,0.57686836,0.00018529737,0.020161074,0.3988995,5.082023e-06,0.0023194524,0.0011132839,i,0.57686836,0,1
0712_row_00042560,y,13高淳,01砖墙,砖墙张令国单字,5,2,i,0.544715,0.001701138,0.00016080236,0.544715,0.00021017854,0.07862252,0.36521608,1.06710795e-05,0.0083566895,0.0010070094,i,0.544715,0,1
0712_row_00042561,a,13高淳,01砖墙,砖墙张令国单字,0,7,ə,0.4669061,0.032686185,0.0026254703,0.000368027,0.44451421,0.052703425,0.00016395329,2.4085455e-05,0.4669061,8.590759e-06,ə,0.4669061,0,1
0712_row_00042562,i,13高淳,01砖墙,砖墙张令国单字,2,3,o,0.9672363,0.0030817823,0.0001437229,1.1813761e-05,0.9672363,0.016631883,3.841905e-06,7.021134e-05,0.012820325,2.510951e-07,o,0.9672363,0,1
0712_row_00042563,i,13高淳,01砖墙,砖墙张令国单字,2,1,e,0.5410496,0.13948904,0.5410496,0.008377154,0.011469178,0.0012448708,0.01508882,0.00022988005,0.08086824,0.20218332,e,0.5410496,0,1
0712_row_00042564,a,13高淳,01砖墙,砖墙张令国单字,0,8,ɛ,0.3375644,0.2054431,0.16398476,0.20130266,0.0037710716,0.0028850045,0.03386785,0.00031972557,0.0508614,0.3375644,ɛ,0.3375644,0,1
0712_row_00042565,a,13高淳,01砖墙,砖墙张令国单字,0,0,a,0.43878105,0.43878105,0.14015554,0.39559764,0.00066730333,0.003765379,0.0010182787,0.00012522854,0.0032128873,0.016676607,a,0.43878105,0,1
0712_row_00042566,a,13高淳,01砖墙,砖墙张令国单字,0,2,i,0.65918034,0.29293838,0.003311592,0.65918034,0.0025202695,0.0032350086,0.03012451,0.00010495786,0.00211415,0.0064708195,i,0.65918034,0,1
0712_row_00042567,a,13高淳,01砖墙,砖墙张令国单字,0,8,ɛ,0.5305121,0.0058173463,0.0104709985,0.11370157,0.0006727414,0.00028699782,0.32742873,4.9777995e-05,0.011059797,0.5305121,ɛ,0.5305121,0,1
0712_row_00042568,a,13高淳,01砖墙,砖墙张令国单字,0,3,o,0.66341615,0.03755715,0.01967943,0.014557848,0.66341615,0.072477095,0.18873268,0.0006813351,0.0020247959,0.0008735514,o,0.66341615,0,1
0712_row_00042569,a,13高淳,01砖墙,砖墙张令国单字,0,3,o,0.46622095,0.014396737,0.07224241,0.006794769,0.46622095,0.3919322,0.033222184,0.00037472087,0.009952482,0.004863592,o,0.46622095,0,1
0712_row_00042570,a,13高淳,01砖墙,砖墙张令国单字,0,1,e,0.9582625,0.0031210072,0.9582625,0.00023024686,0.0012836788,0.035633527,0.00032718014,8.876921e-06,7.954038e-05,0.001053446,e,0.9582625,0,1
0712_row_00042571,a,13高淳,01砖墙,砖墙张令国单字,0,1,e,0.6814197,0.0016224845,0.6814197,0.052491646,0.0010572136,0.2601213,0.00076383096,0.0004370797,0.0016411339,0.0004455809,e,0.6814197,0,1
0712_row_00042572,a,13高淳,01砖墙,砖墙张令国单字,0,0,a,0.96250904,0.96250904,0.00268626,0.0030529688,0.0045441324,0.0012620952,3.4039836e-05,0.024931595,0.0007887181,0.0001909195,a,0.96250904,0,1
0712_row_00042573,a,13高淳,01砖墙,砖墙张令国单字,0,8,ɛ,0.56054276,0.00652653,0.0057475655,0.107282266,0.00053014484,0.0002370048,0.30454442,6.312914e-05,0.014526144,0.56054276,ɛ,0.56054276,0,1
0712_row_00042574,a,13高淳,01砖墙,砖墙张令国单字,0,2,i,0.8974117,0.0068495465,0.006403877,0.8974117,0.0021707765,0.008796144,0.06571207,0.00022014481,0.0024323976,0.010003515,i,0.8974117,0,1
0712_row_00042575,a,13高淳,01砖墙,砖墙张令国单字,0,0,a,0.76050156,0.76050156,0.12708601,0.006557912,0.005496583,0.0021714573,1.0798596e-05,0.09731753,0.0007296022,0.00012856768,a,0.76050156,0,1
0712_row_00042576,a,13高淳,01砖墙,砖墙张令国单字,0,7,ə,0.40286177,0.28893363,0.19806357,0.075612344,0.008796004,0.012233939,0.0010931327,0.0011283392,0.40286177,0.011277206,ə,0.40286177,0,1
0712_row_00042577,a,13高淳,01砖墙,砖墙张令国单字,0,2,i,0.42085516,0.314304,0.007078596,0.42085516,0.0015350985,0.0016646516,0.024163598,0.0002295512,0.08629489,0.14387444,i,0.42085516,0,1
0712_row_00042578,i,13高淳,01砖墙,砖墙张令国单字,2,2,i,0.85680646,0.013628565,0.09827054,0.85680646,0.0022762099,0.017119564,0.008826506,0.00027713017,0.0009986077,0.0017965453,i,0.85680646,0,1
0712_row_00042579,i,13高淳,01砖墙,砖墙张令国单字,2,2,i,0.9441724,0.0030233674,0.04709988,0.9441724,0.00045656145,0.0012233164,0.003762927,3.3557444e-05,7.9927384e-05,0.00014811831,i,0.9441724,0,1
0712_row_00042580,i,13高淳,01砖墙,砖墙张令国单字,2,2,i,0.9768266,0.0021546877,0.013133955,0.9768266,0.00072794675,0.00029599477,0.006555608,1.9308443e-05,4.491857e-05,0.00024091436,i,0.9768266,0,1
0712_row_00042581,i,13高淳,01砖墙,砖墙张令国单字,2,2,i,0.92082644,0.0010872106,0.0015847516,0.92082644,0.00031281335,0.0046853814,0.06332312,3.685918e-05,0.0012342817,0.0069091623,i,0.92082644,0,1
0712_row_00042582,a,13高淳,01砖墙,砖墙张令国单字,0,2,i,0.95419014,0.0009978986,0.0013188835,0.95419014,0.0002510398,0.0021930041,0.032893974,3.218876e-05,0.000656822,0.0074661328,i,0.95419014,0,1
0712_row_00042583,a,13高淳,01砖墙,砖墙张令国单字,0,2,i,0.8997876,0.00080083957,0.0013077824,0.8997876,0.0005018736,0.0056874426,0.08554854,4.8112666e-05,0.00048444094,0.0058334847,i,0.8997876,0,1
0712_row_00042584,e,13高淳,01砖墙,砖墙张令国单字,1,1,e,0.75280845,0.1443987,0.75280845,0.022278259,0.002345414,0.0013179812,0.0036157072,0.000990187,0.057805624,0.0144396,e,0.75280845,0,1
0712_row_00042585,ə,13高淳,01砖墙,砖墙张令国单字,7,7,ə,0.4995395,0.013115944,0.41913265,0.035430886,0.011852473,0.014486018,0.0016240726,0.0002340802,0.4995395,0.004584342,ə,0.4995395,0,1
0712_row_00042586,i,13高淳,01砖墙,砖墙张令国单字,2,2,i,0.97095495,0.001975087,0.02070271,0.97095495,0.0005055581,0.00037586447,0.0052624103,1.5578435e-05,3.2996035e-05,0.00017475637,i,0.97095495,0,1
0712_row_00042587,e,13高淳,01砖墙,砖墙张令国单字,1,1,e,0.9325359,0.054647606,0.9325359,0.011015861,0.0006220698,0.00019070304,4.0313946e-05,1.4887299e-05,0.000855136,7.7645534e-05,e,0.9325359,0,1
0712_row_00042588,i,13高淳,01砖墙,砖墙张令国单字,2,2,i,0.91811264,0.051710997,0.020605551,0.91811264,0.0034544563,0.0009603911,0.0038513474,0.0006376654,0.00026445335,0.00040246808,i,0.91811264,0,1
0712_row_00042589,a,13高淳,01砖墙,砖墙张令国单字,0,5,y,0.74913484,0.001995249,0.0041482877,0.0021382442,0.092680685,0.13162483,0.74913484,8.173018e-05,0.017711995,0.00048423023,y,0.74913484,0,1
0712_row_00042590,a,13高淳,01砖墙,砖墙张令国单字,0,5,y,0.7846531,0.00027207765,0.00061891973,0.0012499887,0.013084675,0.19185212,0.7846531,1.35803575e-05,0.008199104,5.6538593e-05,y,0.7846531,0,1
0712_row_00042591,a,13高淳,01砖墙,砖墙张令国单字,0,5,y,0.72074145,0.00015391954,0.00019611578,0.0017911465,0.013058043,0.25939244,0.72074145,9.772814e-06,0.004584456,7.263499e-05,y,0.72074145,0,1
0712_row_00042592,a,13高淳,01砖墙,砖墙张令国单字,0,4,u,0.34626105,0.18919776,0.004231488,0.03169307,0.3148095,0.34626105,0.10854501,0.00067227177,0.0041022925,0.00048755918,u,0.34626105,0,1
0712_row_00042593,a,13高淳,01砖墙,砖墙张令国单字,0,4,u,0.49195355,0.04733808,0.0013349587,0.01112991,0.20978555,0.49195355,0.23565823,0.00019613781,0.0022560067,0.00034764552,u,0.49195355,0,1
0712_row_00042594,a,13高淳,01砖墙,砖墙张令国单字,0,0,a,0.989716,0.989716,0.0029802797,0.004852414,0.0007021169,0.0009362898,3.663044e-06,6.2329884e-05,0.00035513804,0.0003918234,a,0.989716,0,1
0712_row_00042595,a,13高淳,01砖墙,砖墙张令国单字,0,1,e,0.40048462,0.041435312,0.40048462,0.13442504,0.007123716,0.0033839277,0.39271748,4.010166e-05,0.0020071913,0.018382685,e,0.40048462,0,1
0712_row_00042596,a,13高淳,01砖墙,砖墙张令国单字,0,8,ɛ,0.939613,0.05436717,0.004505267,0.00038861393,2.926916e-05,1.2682173e-05,9.1891525e-05,1.1647271e-06,0.0009909739,0.939613,ɛ,0.939613,0,1
0712_row_00042597,a,13高淳,01砖墙,砖墙张令国单字,0,5,y,0.58695394,0.004365094,0.3572534,0.038680337,0.0042444235,0.00069245836,0.58695394,1.0363058e-05,0.0011900283,0.0066099665,y,0.58695394,0,1
0712_row_00042598,a,13高淳,01砖墙,砖墙张令国单字,0,0,a,0.8899285,0.8899285,0.004942786,0.00017527699,0.010401961,0.000654976,1.6438746e-06,0.0934739,0.00041352966,7.4646996e-06,a,0.8899285,0,1
0712_row_00042599,a,13高淳,01砖墙,砖墙张令国单字,0,5,y,0.67800015,0.00025201138,0.00025004332,0.0008586203,0.023206173,0.29339382,0.67800015,1.0230015e-05,0.0039712708,5.7599096e-05,y,0.67800015,0,1
0712_row_00042600,a,13高淳,01砖墙,砖墙张令国单字,0,4,u,0.52015316,0.0015602838,0.00055774755,0.00229283,0.09199838,0.52015316,0.3751292,5.397462e-05,0.008057331,0.00019709929,u,0.52015316,0,1
0712_row_00042601,a,13高淳,01砖墙,砖墙张令国单字,0,4,u,0.5036499,0.0017246949,0.00075641554,0.019385315,0.051376622,0.5036499,0.41331547,0.0001242805,0.008641121,0.0010262455,u,0.5036499,0,1
0712_row_00042602,a,13高淳,01砖墙,砖墙张令国单字,0,5,y,0.7257254,0.00053295126,0.00024657545,0.0026133102,0.02492822,0.24013683,0.7257254,2.1993112e-05,0.0056069577,0.0001877082,y,0.7257254,0,1
0712_row_00042603,a,13高淳,01砖墙,砖墙张令国单字,0,5,y,0.5169928,0.0004573894,0.00024391088,0.002720736,0.028681235,0.44819808,0.5169928,1.7328784e-05,0.002565994,0.000122611,y,0.5169928,0,1
0712_row_00042604,u,13高淳,01砖墙,砖墙张令国单字,4,5,y,0.686042,0.00030785878,0.0002522646,0.004323991,0.018543035,0.28812948,0.686042,1.9947469e-05,0.002184667,0.0001967348,y,0.686042,0,1
0712_row_00042605,i,13高淳,01砖墙,砖墙张令国单字,2,2,i,0.5571606,0.013121518,0.33667353,0.5571606,0.0023114893,0.0047704168,0.06009051,0.0005816628,0.010093696,0.01519655,i,0.5571606,0,1
0712_row_00042606,y,13高淳,01砖墙,砖墙张令国单字,5,1,e,0.45465156,0.19216551,0.45465156,0.0033468732,0.052054744,0.019283447,0.0075569325,0.008886756,0.2233449,0.038709212,e,0.45465156,0,1
0712_row_00042607,y,13高淳,01砖墙,砖墙张令国单字,5,5,y,0.4494368,0.00229131,0.013875733,0.42776266,0.002165425,0.0037930144,0.4494368,0.0003342991,0.006481377,0.09385925,y,0.4494368,0,1
0712_row_00042608,a,13高淳,01砖墙,砖墙张令国单字,0,2,i,0.6857351,0.029702652,0.11515497,0.6857351,0.012782666,0.0028835868,0.15205778,7.9636295e-05,0.0002900254,0.0013134559,i,0.6857351,0,1
0712_row_00042609,a,13高淳,01砖墙,砖墙张令国单字,0,1,e,0.49205312,0.423646,0.49205312,0.028098682,0.002570738,0.009317898,0.010281497,0.00017611832,0.008853662,0.025002344,e,0.49205312,0,1
0712_row_00042610,a,13高淳,01砖墙,砖墙张令国单字,0,0,a,0.9711556,0.9711556,0.016555326,0.0003970638,0.00075106224,0.0073641916,2.2538688e-06,2.8269405e-05,0.0035153758,0.00023101142,a,0.9711556,0,1
0712_row_00042611,y,13高淳,01砖墙,砖墙张令国单字,5,5,y,0.5491578,0.011655719,0.30225125,0.060334064,0.0023184537,0.00025738604,0.5491578,3.306245e-05,0.017767698,0.056224555,y,0.5491578,0,1
0712_row_00042612,e,13高淳,01砖墙,砖墙张令国单字,1,2,i,0.60892284,0.12150625,0.17808893,0.60892284,0.0019913896,0.0012020123,0.045011234,7.799256e-05,0.0043282225,0.038871173,i,0.60892284,0,1
0712_row_00042613,e,13高淳,01砖墙,砖墙张令国单字,1,1,e,0.39229798,0.05018534,0.39229798,0.025438277,0.0039653145,0.0009101419,0.20806205,6.2656814e-05,0.036282618,0.2827956,e,0.39229798,0,1
0712_row_00042614,ə,13高淳,01砖墙,砖墙张令国单字,7,3,o,0.9274904,0.0027730046,0.0008712005,2.4267486e-06,0.9274904,5.243865e-05,0.00021119276,5.8996156e-05,0.06841175,0.00012862224,o,0.9274904,0,1
0712_row_00042615,ə,13高淳,01砖墙,砖墙张令国单字,7,3,o,0.9705721,0.00035584366,2.3573679e-05,1.5151808e-05,0.9705721,0.0019940815,7.316375e-05,4.323088e-05,0.02690639,1.6443777e-05,o,0.9705721,0,1
0712_row_00042616,i,13高淳,01砖墙,砖墙张令国单字,2,2,i,0.9117512,0.001975493,0.07945717,0.9117512,0.00020576904,0.0010894269,0.0017048615,0.00016257007,0.003459033,0.00019442548,i,0.9117512,0,1
0712_row_00042617,i,13高淳,01砖墙,砖墙张令国单字,2,2,i,0.7088408,0.03372675,0.001296762,0.7088408,0.0005305419,0.03887325,0.15748394,2.1992602e-05,0.052984793,0.0062413006,i,0.7088408,0,1
0712_row_00042618,i,13高淳,01砖墙,砖墙张令国单字,2,2,i,0.49232566,0.0010308591,0.00010685296,0.49232566,0.002284555,0.06869847,0.42595515,1.4444574e-05,0.008506798,0.0010771537,i,0.49232566,0,1
0712_row_00042619,i,13高淳,01砖墙,砖墙张令国单字,2,2,i,0.927454,0.05767867,0.0004250928,0.927454,0.0010433518,8.595873e-05,0.011459351,4.2265724e-06,0.0017077882,0.00014166726,i,0.927454,0,1
0712_row_00042620,i,13高淳,01砖墙,砖墙张令国单字,2,1,e,0.79924715,0.026227517,0.79924715,9.435033e-05,0.006908693,0.002051293,7.198068e-06,0.000548788,0.16488585,2.9121416e-05,e,0.79924715,0,1
0712_row_00042621,i,13高淳,01砖墙,砖墙张令国单字,2,2,i,0.75890136,0.0008530246,9.4684154e-05,0.75890136,0.00018732004,0.0023957456,0.11045967,2.2784814e-06,0.12547041,0.001635444,i,0.75890136,0,1
0712_row_00042622,i,13高淳,01砖墙,砖墙张令国单字,2,2,i,0.6759137,0.0278766,0.00023776531,0.6759137,0.0007518378,0.1516054,0.12383281,1.1873625e-05,0.017712696,0.0020573763,i,0.6759137,0,1
0712_row_00042623,ə,13高淳,01砖墙,砖墙张令国单字,7,7,ə,0.77463543,0.0012142143,0.0002393155,2.9402627e-05,0.19441544,0.029405355,4.9594393e-05,1.0324866e-05,0.77463543,9.0264064e-07,ə,0.77463543,0,1
0712_row_00042624,ə,13高淳,01砖墙,砖墙张令国单字,7,7,ə,0.81591755,0.064090915,0.0013142496,0.00044269653,0.08608323,0.031139735,0.00021337067,0.0007362229,0.81591755,6.208854e-05,ə,0.81591755,0,1
0712_row_00042625,u,13高淳,01砖墙,砖墙张令国单字,4,4,u,0.5609192,0.040326547,0.00028452376,0.0016219554,0.28531966,0.5609192,0.0004487503,5.9032245e-05,0.11101431,5.971822e-06,u,0.5609192,0,1
0712_row_00042626,u,13高淳,01砖墙,砖墙张令国单字,4,7,ə,0.48534817,0.08472551,0.0015217231,0.00010747164,0.3022293,0.12566249,9.477314e-05,0.00030111574,0.48534817,9.478818e-06,ə,0.48534817,0,1
0712_row_00042627,u,13高淳,01砖墙,砖墙张令国单字,4,3,o,0.6586918,0.009515862,0.00031239568,2.0889216e-05,0.6586918,0.09393969,3.5087836e-05,2.7334643e-05,0.23745595,9.939178e-07,o,0.6586918,0,1
0712_row_00042628,u,13高淳,01砖墙,砖墙张令国单字,4,3,o,0.56331813,0.22002444,0.0010613524,4.5171768e-05,0.56331813,0.06084977,5.646081e-06,0.0002924155,0.15439679,6.30741e-06,o,0.56331813,0,1
0712_row_00042629,u,13高淳,01砖墙,砖墙张令国单字,4,3,o,0.90747535,0.00019181374,5.4693164e-06,9.760292e-07,0.90747535,0.0018187815,1.1855155e-05,4.5330726e-06,0.0904909,2.0480823e-07,o,0.90747535,0,1
0712_row_00042630,y,13高淳,01砖墙,砖墙张令国单字,5,5,y,0.7969345,0.0067145065,0.002691541,0.12201335,0.001782405,0.019150935,0.7969345,1.67828e-05,0.0505421,0.00015376789,y,0.7969345,0,1
0712_row_00042631,ə,13高淳,01砖墙,砖墙张令国单字,7,7,ə,0.7647631,0.11699229,0.013925591,2.6433587e-05,0.05898637,0.04514203,5.0286762e-05,7.3602256e-05,0.7647631,4.0320785e-05,ə,0.7647631,0,1
0712_row_00042632,ə,13高淳,01砖墙,砖墙张令国单字,7,7,ə,0.83131397,0.0062235347,0.00052263023,2.8892977e-05,0.119381666,0.042415865,8.73135e-05,2.0545127e-05,0.83131397,5.5009696e-06,ə,0.83131397,0,1
0712_row_00042634,y,13高淳,01砖墙,砖墙张令国单字,5,5,y,0.8524237,0.0030083633,0.00058624084,0.029656598,0.0009261557,0.016024733,0.8524237,4.19322e-06,0.09732011,4.9984104e-05,y,0.8524237,0,1
0712_row_00042635,y,13高淳,01砖墙,砖墙张令国单字,5,5,y,0.86602724,0.0020228447,0.0006973698,0.015691599,0.00061984017,0.0004115887,0.86602724,1.346842e-06,0.11448274,4.5574576e-05,y,0.86602724,0,1
0712_row_00042636,a,13高淳,01砖墙,砖墙张令国单字,0,8,ɛ,0.55957913,0.30810714,0.0404915,0.0036667553,0.0007077237,9.117676e-05,0.011080771,4.8887574e-05,0.07622696,0.55957913,ɛ,0.55957913,0,1
0712_row_00042637,o,13高淳,01砖墙,砖墙张令国单字,3,0,a,0.7103278,0.7103278,0.0060643456,0.000282701,0.0029217436,0.0030241301,4.3686773e-06,0.27595916,0.0013642273,5.138249e-05,a,0.7103278,0,1
0712_row_00042638,o,13高淳,01砖墙,砖墙张令国单字,3,0,a,0.70369446,0.70369446,0.050339043,0.21968858,0.010667453,0.00027492037,0.00029506633,0.0017072627,0.00064001355,0.012693303,a,0.70369446,0,1
0712_row_00042639,o,13高淳,01砖墙,砖墙张令国单字,3,3,o,0.288034,0.115913205,0.19218929,0.00017262963,0.288034,0.0027534056,6.4806127e-06,0.239073,0.16182737,3.0606367e-05,o,0.288034,0,1
0712_row_00042640,o,13高淳,01砖墙,砖墙张令国单字,3,6,ɔ,0.7484797,0.24887502,0.00088571745,0.0008285448,0.00060399476,0.00011307009,4.801992e-07,0.7484797,0.00020289033,1.0507903e-05,ɔ,0.7484797,0,1
0712_row_00042641,a,13高淳,01砖墙,砖墙张令国单字,0,0,a,0.90075576,0.90075576,0.0008485494,0.0009938227,0.0072581596,0.00034578083,7.865643e-06,0.083603345,0.005700503,0.00048636075,a,0.90075576,0,1
0712_row_00042642,a,13高淳,01砖墙,砖墙张令国单字,0,0,a,0.9785553,0.9785553,0.0024982265,0.0025828525,0.0022494807,0.0002282298,4.0666923e-06,0.0005905435,0.0034154884,0.009875789,a,0.9785553,0,1
0712_row_00042643,ə,13高淳,01砖墙,砖墙张令国单字,7,6,ɔ,0.7470417,0.16021939,0.0060940604,0.00012309483,0.045336057,0.00051659724,3.0388492e-06,0.7470417,0.04063483,3.1264404e-05,ɔ,0.7470417,0,1
0712_row_00042644,a,13高淳,01砖墙,砖墙张令国单字,0,0,a,0.9778536,0.9778536,0.0004737232,0.006556073,0.0027564333,7.779194e-05,6.710022e-06,0.011724774,0.00018206668,0.00036880758,a,0.9778536,0,1
0712_row_00042645,a,13高淳,01砖墙,砖墙张令国单字,0,0,a,0.9120241,0.9120241,0.005207746,0.00076742645,0.0011768474,0.0025865356,5.2447976e-06,0.055192918,0.022667147,0.00037205982,a,0.9120241,0,1
0712_row_00042646,a,13高淳,01砖墙,砖墙张令国单字,0,0,a,0.96541214,0.96541214,0.0021713052,0.01104263,8.4150706e-05,0.00048316037,6.865263e-06,0.00012129761,0.0072875177,0.013390975,a,0.96541214,0,1
0712_row_00042647,a,13高淳,01砖墙,砖墙张令国单字,0,0,a,0.98080885,0.98080885,0.0024292828,0.0043417313,0.00013501332,0.0011083488,2.819345e-06,7.593942e-05,0.0091362335,0.0019618159,a,0.98080885,0,1
0712_row_00042648,a,13高淳,01砖墙,砖墙张令国单字,0,0,a,0.9809941,0.9809941,0.0011869106,0.010197991,8.291264e-05,0.0002744316,2.24048e-06,0.001074163,0.004008118,0.002179258,a,0.9809941,0,1
0712_row_00042649,a,13高淳,01砖墙,砖墙张令国单字,0,0,a,0.6375219,0.6375219,0.0068780077,0.0004409321,0.027400255,0.0050802985,3.3715656e-05,0.08800087,0.23353092,0.0011130519,a,0.6375219,0,1
0712_row_00042650,a,13高淳,01砖墙,砖墙张令国单字,0,0,a,0.48860687,0.48860687,0.014404888,0.0013980495,0.0002860427,1.8872139e-05,0.0022715514,3.825384e-05,0.016571634,0.4764038,a,0.48860687,0,1
0712_row_00042651,a,13高淳,01砖墙,砖墙张令国单字,0,8,ɛ,0.77527434,0.22087458,0.00048543842,0.0009353934,0.0020233132,3.1547784e-06,3.5959238e-05,1.52342045e-05,0.00035260784,0.77527434,ɛ,0.77527434,0,1
0712_row_00042652,a,13高淳,01砖墙,砖墙张令国单字,0,0,a,0.70469034,0.70469034,0.09721657,0.065679476,0.004684956,0.0015962495,0.011858654,0.0026323854,0.05686187,0.05477942,a,0.70469034,0,1
0712_row_00042653,e,13高淳,01砖墙,砖墙张令国单字,1,0,a,0.44900772,0.44900772,0.035100162,0.002324253,0.001896244,0.00017878295,0.0009296259,0.00086337863,0.09136274,0.41833708,a,0.44900772,0,1
0712_row_00042654,o,13高淳,01砖墙,砖墙张令国单字,3,0,a,0.92439467,0.92439467,0.010604783,0.009459027,0.044979446,0.0044344906,0.0005205076,0.0028654959,0.0022226141,0.0005189695,a,0.92439467,0,1
0712_row_00042655,e,13高淳,01砖墙,砖墙张令国单字,1,1,e,0.89584905,0.09351681,0.89584905,0.00035559994,0.0017455043,0.0067857574,1.4516615e-05,0.00018414104,0.0015180926,3.0417032e-05,e,0.89584905,0,1
0712_row_00042656,e,13高淳,01砖墙,砖墙张令国单字,1,1,e,0.91301787,0.03441692,0.91301787,0.007370192,0.03778273,0.0025797808,0.0004599145,0.0010439751,0.0026979414,0.00063075323,e,0.91301787,0,1
0712_row_00042657,e,13高淳,01砖墙,砖墙张令国单字,1,0,a,0.6505709,0.6505709,0.30661154,0.004049368,0.024802407,0.0018289437,6.4344844e-05,0.0012072354,0.007855293,0.003009924,a,0.6505709,0,1
0712_row_00042659,e,13高淳,01砖墙,砖墙张令国单字,1,1,e,0.9581571,0.023510877,0.9581571,0.00040194642,0.0022708578,0.0001527247,0.005524564,6.608765e-05,0.0020683997,0.007847422,e,0.9581571,0,1
0712_row_00042660,ə,13高淳,01砖墙,砖墙张令国单字,7,7,ə,0.7814337,0.091635615,0.0005386778,0.000102811005,0.04490945,0.0811127,0.00020380103,4.562463e-05,0.7814337,1.7604698e-05,ə,0.7814337,0,1
0712_row_00042661,e,13高淳,01砖墙,砖墙张令国单字,1,1,e,0.9501167,0.016984763,0.9501167,0.0007936133,0.001800506,0.00015304366,1.944068e-05,0.0001280623,0.029964732,3.9059738e-05,e,0.9501167,0,1
0712_row_00042662,o,13高淳,01砖墙,砖墙张令国单字,3,3,o,0.8835406,0.09486508,0.017347235,0.0012052681,0.8835406,0.001892721,0.0005848108,0.0003287938,0.00017411447,6.137026e-05,o,0.8835406,0,1
0712_row_00042663,a,13高淳,01砖墙,砖墙张令国单字,0,0,a,0.84485495,0.84485495,0.062138963,0.0042441823,0.0013627948,0.0005589027,6.72179e-06,7.928672e-05,0.0015801972,0.08517399,a,0.84485495,0,1
0712_row_00042664,ə,13高淳,01砖墙,砖墙张令国单字,7,3,o,0.80131817,0.04680774,0.0001119899,4.9032715e-05,0.80131817,0.028702736,6.857868e-05,1.26865425e-05,0.12292644,2.5855395e-06,o,0.80131817,0,1
0712_row_00042665,ə,13高淳,01砖墙,砖墙张令国单字,7,7,ə,0.5817442,0.043146607,0.0003545998,0.00040174543,0.07473247,0.2986759,0.0009059096,1.6820317e-05,0.5817442,2.1743539e-05,ə,0.5817442,0,1
0712_row_00042666,a,13高淳,01砖墙,砖墙张令国单字,0,1,e,0.82934976,0.12228153,0.82934976,0.0014361276,0.036405314,0.008930957,0.00016392334,0.0006141597,0.0007487703,6.937119e-05,e,0.82934976,0,1
0712_row_00042667,a,13高淳,01砖墙,砖墙张令国单字,0,0,a,0.80525184,0.80525184,0.1575181,0.00043111248,0.006363408,0.013638746,1.5129424e-05,0.0016960012,0.014461146,0.0006243984,a,0.80525184,0,1
0712_row_00042668,e,13高淳,01砖墙,砖墙张令国单字,1,1,e,0.57030815,0.064610265,0.57030815,8.109888e-05,0.022446297,0.003399785,1.1986568e-05,0.0006225303,0.33840513,0.00011485446,e,0.57030815,0,1
0712_row_00042669,i,13高淳,01砖墙,砖墙张令国单字,2,2,i,0.98904514,0.0016337713,0.0012921015,0.98904514,4.384564e-05,8.362962e-05,0.0050904443,4.478166e-06,0.0027636806,4.286833e-05,i,0.98904514,0,1
0712_row_00042670,i,13高淳,01砖墙,砖墙张令国单字,2,2,i,0.9970878,7.547185e-05,0.0005211475,0.9970878,1.46691245e-05,4.179779e-06,0.0007954379,1.1859332e-06,0.0014885977,1.1698537e-05,i,0.9970878,0,1
0712_row_00042671,i,13高淳,01砖墙,砖墙张令国单字,2,2,i,0.9674562,0.00063453644,0.014791114,0.9674562,9.2194074e-05,8.312804e-05,0.0036120904,4.7038706e-05,0.013140098,0.00014341707,i,0.9674562,0,1
0712_row_00042672,ə,13高淳,01砖墙,砖墙张令国单字,7,7,ə,0.6330634,0.009993417,0.00087051187,2.4921063e-05,0.34901002,0.0068625836,9.3230956e-05,6.711838e-05,0.6330634,1.4868577e-05,ə,0.6330634,0,1
0712_row_00042673,ə,13高淳,01砖墙,砖墙张令国单字,7,7,ə,0.83768797,0.06945177,0.0016174405,1.9599122e-05,0.028727397,0.062440548,3.0227247e-05,1.8828996e-05,0.83768797,6.275198e-06,ə,0.83768797,0,1
0712_row_00042674,i,13高淳,01砖墙,砖墙张令国单字,2,2,i,0.44786647,0.2638781,0.0018113276,0.44786647,0.0026515995,0.024754059,0.083394825,7.79046e-06,0.17441992,0.0012158909,i,0.44786647,0,1
0712_row_00042675,i,13高淳,01砖墙,砖墙张令国单字,2,0,a,0.44601774,0.44601774,0.0015375597,0.42841187,0.00044678035,0.022409685,0.0233762,4.3847576e-06,0.0761194,0.0016764494,a,0.44601774,0,1
0712_row_00042676,ə,13高淳,01砖墙,砖墙张令国单字,7,7,ə,0.39779428,0.22146294,0.0031532014,0.34723666,0.0008094238,0.009881975,0.017598404,5.442346e-06,0.39779428,0.0020576685,ə,0.39779428,0,1
0712_row_00042677,i,13高淳,01砖墙,砖墙张令国单字,2,2,i,0.8955676,0.064491026,0.0007108704,0.8955676,7.0408554e-05,0.00052376,0.0075209043,6.8873665e-06,0.02995049,0.0011578965,i,0.8955676,0,1
0712_row_00042678,ə,13高淳,01砖墙,砖墙张令国单字,7,7,ə,0.76903325,0.04828127,0.00024569288,9.573365e-05,0.17272212,0.009423272,0.0001331825,5.0259416e-05,0.76903325,1.5213365e-05,ə,0.76903325,0,1
0712_row_00042679,ə,13高淳,01砖墙,砖墙张令国单字,7,5,y,0.8332427,6.373497e-05,0.00059302605,0.07666933,0.00028045062,0.0001666219,0.8332427,6.077216e-07,0.08894807,3.5454035e-05,y,0.8332427,0,1
0712_row_00042680,o,13高淳,01砖墙,砖墙张令国单字,3,3,o,0.9998124,9.028362e-06,1.2151623e-06,3.122663e-08,0.9998124,1.452433e-05,4.650572e-08,8.980654e-07,0.00016184058,7.5798985e-09,o,0.9998124,0,1
0712_row_00042681,o,13高淳,01砖墙,砖墙张令国单字,3,3,o,0.999141,0.00044016883,3.887986e-05,3.043731e-05,0.999141,0.00013571169,9.617628e-07,1.7854289e-05,0.00019475633,1.7964607e-07,o,0.999141,0,1
0712_row_00042682,o,13高淳,01砖墙,砖墙张令国单字,3,3,o,0.99991035,5.0248514e-06,1.4308873e-07,4.2426405e-09,0.99991035,8.929526e-06,1.6211425e-08,4.8105915e-07,7.51109e-05,1.5675257e-09,o,0.99991035,0,1
0712_row_00042683,o,13高淳,01砖墙,砖墙张令国单字,3,3,o,0.9998653,2.3403398e-05,6.7965567e-07,2.4279882e-07,0.9998653,6.2403706e-05,1.9278225e-07,1.5972024e-06,4.6147197e-05,6.6174577e-09,o,0.9998653,0,1
0712_row_00042684,o,13高淳,01砖墙,砖墙张令国单字,3,3,o,0.9920489,0.0019697268,3.6389676e-05,6.827849e-05,0.9920489,0.0032123614,3.0175037e-05,3.8996404e-05,0.0025902053,5.014427e-06,o,0.9920489,0,1
0712_row_00042685,o,13高淳,01砖墙,砖墙张令国单字,3,3,o,0.999411,0.00014600274,8.504309e-07,8.745885e-07,0.999411,0.00023107765,1.9371441e-06,2.0110165e-05,0.00018816603,4.0813944e-08,o,0.999411,0,1
0712_row_00042686,o,13高淳,01砖墙,砖墙张令国单字,3,3,o,0.98541534,0.00020457318,1.0767564e-05,7.990107e-06,0.98541534,0.0015394053,4.1301337e-05,4.6363104e-05,0.012726217,8.00918e-06,o,0.98541534,0,1
0712_row_00042687,u,13高淳,01砖墙,砖墙张令国单字,4,0,a,0.9023749,0.9023749,0.0282935,0.0024544382,0.002690008,0.014185914,4.0582512e-05,0.046110574,0.0036069977,0.00024315003,a,0.9023749,0,1
0712_row_00042688,o,13高淳,01砖墙,砖墙张令国单字,3,3,o,0.9998722,2.6770572e-06,1.7852281e-07,6.547422e-09,0.9998722,5.3117315e-06,2.0311395e-08,2.5068852e-07,0.000119350356,3.8526298e-09,o,0.9998722,0,1
0712_row_00042689,o,13高淳,01砖墙,砖墙张令国单字,3,3,o,0.50753546,0.058104187,0.0006112303,2.9571685e-05,0.50753546,0.050042283,4.8451217e-05,2.5872434e-05,0.38360086,2.147613e-06,o,0.50753546,0,1
0712_row_00042690,u,13高淳,01砖墙,砖墙张令国单字,4,0,a,0.98994094,0.98994094,0.003432255,0.00021076282,0.00023629858,0.0021365925,4.055636e-07,3.8087603e-06,0.00398355,5.5560256e-05,a,0.98994094,0,1
0712_row_00042691,o,13高淳,01砖墙,砖墙张令国单字,3,0,a,0.3955034,0.3955034,0.34422576,0.24415901,0.0014201641,0.0075663575,0.001753402,0.00049803883,0.0024734137,0.002400506,a,0.3955034,0,1
0712_row_00042692,y,13高淳,01砖墙,砖墙张令国单字,5,1,e,0.40595406,0.12756959,0.40595406,0.10211261,0.0009367803,0.00040833614,0.13153991,2.254999e-05,0.012727015,0.21872914,e,0.40595406,0,1
0712_row_00042693,o,13高淳,01砖墙,砖墙张令国单字,3,0,a,0.42461997,0.42461997,0.0017634458,8.403695e-06,0.4186325,0.019396976,1.8793724e-05,3.3582033e-05,0.13551578,1.0428419e-05,a,0.42461997,0,1
0712_row_00042694,o,13高淳,01砖墙,砖墙张令国单字,3,3,o,0.9718587,8.576859e-05,3.3281442e-06,2.1059506e-07,0.9718587,2.2722861e-05,2.6912887e-06,7.311761e-06,0.028018693,5.4648274e-07,o,0.9718587,0,1
0712_row_00042695,a,13高淳,01砖墙,砖墙张令国单字,0,0,a,0.8621035,0.8621035,0.017066708,0.008061156,0.0007735562,0.00010739267,0.00027945713,0.008625011,0.0025381183,0.10044507,a,0.8621035,0,1
0712_row_00042696,a,13高淳,01砖墙,砖墙张令国单字,0,0,a,0.98265785,0.98265785,0.012854526,0.0004896164,0.000115979885,0.0005934818,2.8300727e-07,3.4907448e-06,0.0011378286,0.002146935,a,0.98265785,0,1
0712_row_00042697,a,13高淳,01砖墙,砖墙张令国单字,0,0,a,0.98715067,0.98715067,0.0066351183,0.00028150924,0.00025768153,0.001836085,1.2505974e-06,0.0016889565,0.0015846121,0.00056408456,a,0.98715067,0,1
0712_row_00042698,a,13高淳,01砖墙,砖墙张令国单字,0,8,ɛ,0.7703106,0.2020945,0.008076682,0.0047641858,0.00020451151,3.46197e-05,0.0015372096,6.3835956e-05,0.012913962,0.7703106,ɛ,0.7703106,0,1
0712_row_00042699,ə,13高淳,01砖墙,砖墙张令国单字,7,8,ɛ,0.7383502,0.07244322,0.05559479,0.070201986,0.0006808107,0.00093065324,0.050956793,0.00030577273,0.010535683,0.7383502,ɛ,0.7383502,0,1
0712_row_00042700,ə,13高淳,01砖墙,砖墙张令国单字,7,0,a,0.9593517,0.9593517,0.007943132,0.000106077685,0.0005502291,0.0007386686,5.596179e-07,5.6103934e-05,0.030825939,0.00042750774,a,0.9593517,0,1
0712_row_00042701,u,13高淳,01砖墙,砖墙张令国单字,4,5,y,0.45062676,0.00239375,0.027856406,0.4032744,0.006440277,0.095423706,0.45062676,0.0001878274,0.002998794,0.0107981395,y,0.45062676,0,1
0712_row_00042702,ə,13高淳,01砖墙,砖墙张令国单字,7,5,y,0.5063665,0.0013013902,0.061157357,0.13400643,0.006654897,0.28600937,0.5063665,0.00012829184,0.0031753748,0.0012004247,y,0.5063665,0,1
0712_row_00042703,ɛ,13高淳,01砖墙,砖墙张令国单字,8,8,ɛ,0.70605725,0.06311718,0.02993815,0.087847404,0.0009892844,0.0008782533,0.04801049,0.0007198892,0.062442105,0.70605725,ɛ,0.70605725,0,1
0712_row_00042704,ɛ,13高淳,01砖墙,砖墙张令国单字,8,8,ɛ,0.7558032,0.06675676,0.031416006,0.07322251,0.00084610714,0.0006615194,0.04037432,0.00054935424,0.0303702,0.7558032,ɛ,0.7558032,0,1
0712_row_00042705,u,13高淳,01砖墙,砖墙张令国单字,4,1,e,0.6187318,0.0045883283,0.6187318,0.09010119,0.003661036,0.2813314,0.00046564516,0.00055382785,0.00023447002,0.00033236106,e,0.6187318,0,1
0712_row_00042706,a,13高淳,01砖墙,砖墙张令国单字,0,0,a,0.6480456,0.6480456,0.32984906,0.0011441461,0.0013764566,0.0050913,7.4846494e-06,0.0001238374,0.001289385,0.013072796,a,0.6480456,0,1
0712_row_00042707,i,13高淳,01砖墙,砖墙张令国单字,2,2,i,0.9653509,0.00015698103,0.0009948413,0.9653509,7.366033e-05,0.002593441,0.025695505,1.2715626e-05,0.00048130998,0.0046407287,i,0.9653509,0,1
0712_row_00042708,a,13高淳,01砖墙,砖墙张令国单字,0,0,a,0.6408079,0.6408079,0.0003827057,0.00045297365,0.038508363,0.0034807625,1.2778737e-05,0.31555796,0.0007349856,6.1595456e-05,a,0.6408079,0,1
0712_row_00042709,a,13高淳,01砖墙,砖墙张令国单字,0,6,ɔ,0.6312061,0.36061203,0.00020945206,0.0022691973,0.0055466886,7.545777e-05,1.2498319e-06,0.6312061,4.4207885e-05,3.5531288e-05,ɔ,0.6312061,0,1
0712_row_00042710,o,13高淳,01砖墙,砖墙张令国单字,3,4,u,0.5409247,0.017477581,0.34387463,0.016237497,0.036903817,0.5409247,0.004022651,0.0011606073,0.010739352,0.028658973,u,0.5409247,0,1
0712_row_00042711,a,13高淳,01砖墙,砖墙张令国单字,0,2,i,0.54666454,0.27890128,0.12641113,0.54666454,0.0014352849,0.014469946,0.0065890257,0.0001515428,0.0029665309,0.022410685,i,0.54666454,0,1
0712_row_00042712,a,13高淳,01砖墙,砖墙张令国单字,0,5,y,0.43695387,0.009590379,0.025870927,0.32395387,0.0010251215,0.0017266333,0.43695387,0.0004713915,0.011507634,0.18890017,y,0.43695387,0,1
0712_row_00042713,i,13高淳,01砖墙,砖墙张令国单字,2,2,i,0.7063075,0.0019073738,0.0019795303,0.7063075,0.0023265595,0.015618296,0.26152128,0.00012960589,0.0031208936,0.0070889643,i,0.7063075,0,1
0712_row_00042714,a,13高淳,01砖墙,砖墙张令国单字,0,2,i,0.8173052,0.0019922452,0.0010099448,0.8173052,0.00074925105,0.0046907645,0.15033816,0.00012252411,0.0017574462,0.022034392,i,0.8173052,0,1
0712_row_00042715,a,13高淳,01砖墙,砖墙张令国单字,0,2,i,0.38890928,0.053997744,0.010249358,0.38890928,0.00085590803,0.00018382154,0.060484726,0.00014029114,0.18693049,0.29824838,i,0.38890928,0,1
0712_row_00042716,i,13高淳,01砖墙,砖墙张令国单字,2,1,e,0.7080487,0.25184032,0.7080487,0.03366647,0.00060909044,0.00028720745,0.00011347316,4.769743e-05,0.0015485977,0.0038384474,e,0.7080487,0,1
0712_row_00042717,i,13高淳,01砖墙,砖墙张令国单字,2,2,i,0.9298889,0.009276829,0.03238061,0.9298889,0.0017060827,0.009357402,0.014751137,0.00025908623,0.00059821754,0.0017817193,i,0.9298889,0,1
0712_row_00042718,i,13高淳,01砖墙,砖墙张令国单字,2,2,i,0.7063022,0.28139845,0.0065895845,0.7063022,0.0017164018,0.0010968354,0.0010378446,0.00037352374,0.00032181616,0.0011634276,i,0.7063022,0,1
0712_row_00042719,a,13高淳,01砖墙,砖墙张令国单字,0,5,y,0.7342574,0.0005153796,0.000442485,0.002305537,0.037383653,0.22152892,0.7342574,2.4095296e-05,0.0034370737,0.00010545592,y,0.7342574,0,1
0712_row_00042720,u,13高淳,01砖墙,砖墙张令国单字,4,5,y,0.7189977,0.00025239275,0.00042631754,0.00083046395,0.022368854,0.25260937,0.7189977,1.4781723e-05,0.0044315197,6.86537e-05,y,0.7189977,0,1
0712_row_00042721,e,13高淳,01砖墙,砖墙张令国单字,1,8,ɛ,0.4435367,0.04559498,0.29217842,0.009781179,0.0014611104,0.00068083714,0.17919105,3.5692843e-05,0.027539955,0.4435367,ɛ,0.4435367,0,1
0712_row_00042722,ə,13高淳,01砖墙,砖墙张令国单字,7,3,o,0.9769803,8.130484e-05,1.4958507e-05,1.7496848e-06,0.9769803,0.0015692355,1.804995e-06,3.3636536e-06,0.02134718,7.1996276e-08,o,0.9769803,0,1
0712_row_00042723,e,13高淳,01砖墙,砖墙张令国单字,1,1,e,0.50863165,0.12935318,0.50863165,0.0013654124,0.0014447267,0.0002870828,0.00050579,0.00021097218,0.0027757727,0.35542548,e,0.50863165,0,1
0712_row_00042724,a,13高淳,01砖墙,砖墙张令国单字,0,0,a,0.6772718,0.6772718,0.02603067,0.0007814211,0.0016380155,8.9975925e-05,0.0037919183,0.00010274084,0.020333068,0.26996037,a,0.6772718,0,1
0712_row_00042725,a,13高淳,01砖墙,砖墙张令国单字,0,0,a,0.96219426,0.96219426,0.0016406896,0.00080302765,0.024776408,0.00073456625,2.7863724e-05,0.0007015593,0.0064234985,0.0026981516,a,0.96219426,0,1
0712_row_00042726,o,13高淳,01砖墙,砖墙张令国单字,3,7,ə,0.5162084,0.00035478768,6.485159e-05,1.7796352e-05,0.48303452,4.022927e-05,0.00015966267,3.054638e-05,0.5162084,8.9198336e-05,ə,0.5162084,0,1
0712_row_00042727,o,13高淳,01砖墙,砖墙张令国单字,3,3,o,0.61162907,0.048010543,0.08657037,0.00020779496,0.61162907,0.021426013,0.0015694307,0.0003931416,0.2294529,0.00074068725,o,0.61162907,0,1
0712_row_00042728,a,13高淳,01砖墙,砖墙张令国单字,0,0,a,0.9685967,0.9685967,0.0153624695,0.0013064718,0.00014648068,0.0003635736,9.872192e-07,4.333846e-06,0.0006612853,0.013557473,a,0.9685967,0,1
0712_row_00042729,a,13高淳,01砖墙,砖墙张令国单字,0,0,a,0.8571796,0.8571796,0.13221325,0.0005975868,0.00211742,0.0038172894,3.695365e-06,7.274101e-05,0.003839819,0.00015858094,a,0.8571796,0,1
0712_row_00042730,a,13高淳,01砖墙,砖墙张令国单字,0,5,y,0.57684875,0.0017602415,0.000629758,0.009263246,0.040854096,0.3603069,0.57684875,7.8813544e-05,0.0098592695,0.0003989243,y,0.57684875,0,1
0712_row_00042731,o,13高淳,01砖墙,砖墙张令国单字,3,4,u,0.73060215,0.0517987,0.0057582604,0.0035233868,0.13014272,0.73060215,0.05198857,0.0003192449,0.025657153,0.00020983277,u,0.73060215,0,1
0712_row_00042732,o,13高淳,01砖墙,砖墙张令国单字,3,3,o,0.9952237,2.7176444e-05,1.3091582e-05,4.0371855e-05,0.9952237,0.0014008593,1.1960811e-05,1.7460747e-05,0.0032645743,6.9985003e-07,o,0.9952237,0,1
0712_row_00042733,a,13高淳,01砖墙,砖墙张令国单字,0,8,ɛ,0.5942868,0.039985947,0.0023518468,0.02849273,0.000323558,3.1003012e-06,0.005467078,2.9926989e-05,0.329059,0.5942868,ɛ,0.5942868,0,1
0712_row_00042734,ɛ,13高淳,01砖墙,砖墙张令国单字,8,8,ɛ,0.5107453,0.072911836,0.012397036,0.16950294,0.0005432519,0.0002479695,0.037273478,0.0002648578,0.19611332,0.5107453,ɛ,0.5107453,0,1
0712_row_00042735,o,13高淳,01砖墙,砖墙张鹏单字,3,3,o,0.76284784,0.080705635,0.0074891276,0.0013495197,0.76284784,0.039656498,0.0015545333,0.00045881394,0.10443757,0.0015005327,o,0.76284784,0,1
0712_row_00042736,a,13高淳,01砖墙,砖墙张鹏单字,0,4,u,0.7588612,0.03007621,0.0010054508,0.0005295603,0.014050812,0.7588612,0.17658123,1.4948477e-05,0.01878899,9.16592e-05,u,0.7588612,0,1
0712_row_00042737,o,13高淳,01砖墙,砖墙张鹏单字,3,4,u,0.7027898,0.13207598,0.003385055,0.000843496,0.026777595,0.7027898,0.10258232,7.532358e-05,0.030908981,0.0005615035,u,0.7027898,0,1
0712_row_00042738,o,13高淳,01砖墙,砖墙张鹏单字,3,5,y,0.48913473,0.22376361,0.0032305096,0.09801551,0.051479593,0.0043235095,0.48913473,6.6017026e-05,0.1269514,0.0030351405,y,0.48913473,0,1
0712_row_00042739,o,13高淳,01砖墙,砖墙张鹏单字,3,0,a,0.91730607,0.91730607,0.015687868,0.008292948,0.009568882,0.026163025,0.00029581616,0.020414874,0.0018918058,0.00037869145,a,0.91730607,0,1
0712_row_00042740,o,13高淳,01砖墙,砖墙张鹏单字,3,4,u,0.39918533,0.30710945,0.054296024,0.018038418,0.0871861,0.39918533,0.064556316,0.0004204011,0.06829806,0.00090983085,u,0.39918533,0,1
0712_row_00042741,a,13高淳,01砖墙,砖墙张鹏单字,0,0,a,0.9870552,0.9870552,0.0027747229,0.0013205857,3.5303514e-05,0.0002768056,2.2069798e-07,9.367409e-06,0.00085190026,0.0076759444,a,0.9870552,0,1
0712_row_00042742,a,13高淳,01砖墙,砖墙张鹏单字,0,0,a,0.9351627,0.9351627,0.009059642,0.016492039,0.0062596635,0.0101136165,0.00035680842,0.016438603,0.0045601535,0.0015566496,a,0.9351627,0,1
0712_row_00042743,a,13高淳,01砖墙,砖墙张鹏单字,0,0,a,0.9723771,0.9723771,0.004348262,0.014569641,0.0004961831,0.0048066014,2.9145005e-05,0.0011000967,0.0017569205,0.0005160278,a,0.9723771,0,1
0712_row_00042744,a,13高淳,01砖墙,砖墙张鹏单字,0,0,a,0.99193794,0.99193794,0.0004933474,0.0005073123,2.9031027e-05,0.00022350233,2.7832624e-07,1.5044152e-06,0.0058416496,0.0009653758,a,0.99193794,0,1
0712_row_00042745,a,13高淳,01砖墙,砖墙张鹏单字,0,0,a,0.99167484,0.99167484,0.00059090566,0.00012419293,0.00026362043,0.00096373464,6.6677836e-07,3.056221e-05,0.0062969197,5.4467753e-05,a,0.99167484,0,1
0712_row_00042746,a,13高淳,01砖墙,砖墙张鹏单字,0,8,ɛ,0.6365479,0.35917348,0.000110934314,0.0035164696,0.00012652071,6.238154e-06,4.6580494e-06,1.0119523e-06,0.00051276165,0.6365479,ɛ,0.6365479,0,1
0712_row_00042747,a,13高淳,01砖墙,砖墙张鹏单字,0,8,ɛ,0.8667319,0.12821633,0.00031197525,0.001710452,9.531523e-05,3.885485e-06,1.8632427e-05,2.5724387e-06,0.00290899,0.8667319,ɛ,0.8667319,0,1
0712_row_00042748,ɛ,13高淳,01砖墙,砖墙张鹏单字,8,0,a,0.8990849,0.8990849,0.0025818066,0.015207731,7.7903525e-05,0.00082618394,3.5709887e-05,4.855919e-05,0.035265118,0.046872098,a,0.8990849,0,1
0712_row_00042749,ɛ,13高淳,01砖墙,砖墙张鹏单字,8,8,ɛ,0.56936777,0.39685267,0.0018025386,0.004770127,4.4725188e-05,2.2657689e-05,0.00018392582,1.0847397e-05,0.026944686,0.56936777,ɛ,0.56936777,0,1
0712_row_00042750,ɛ,13高淳,01砖墙,砖墙张鹏单字,8,8,ɛ,0.6496906,0.33003202,0.0029773894,0.0037585362,8.3152336e-05,9.764839e-05,0.0010541527,1.0492705e-05,0.01229596,0.6496906,ɛ,0.6496906,0,1
0712_row_00042751,ɛ,13高淳,01砖墙,砖墙张鹏单字,8,0,a,0.7175135,0.7175135,0.0062051066,0.025030822,0.000256125,0.00078737026,0.0004046417,0.0012877662,0.12459627,0.123918444,a,0.7175135,0,1
0712_row_00042752,ə,13高淳,01砖墙,砖墙张鹏单字,7,0,a,0.9881445,0.9881445,0.0010941293,0.0023645728,7.600979e-05,0.0003506943,9.0253354e-07,4.180784e-05,0.007294216,0.000633261,a,0.9881445,0,1
0712_row_00042753,ə,13高淳,01砖墙,砖墙张鹏单字,7,0,a,0.9687029,0.9687029,0.0010689946,0.00061917264,6.69887e-05,0.0003057532,7.7169204e-07,4.058651e-05,0.027149709,0.0020451015,a,0.9687029,0,1
0712_row_00042754,ə,13高淳,01砖墙,砖墙张鹏单字,7,0,a,0.98035204,0.98035204,0.0007965649,0.000995261,6.2679544e-05,0.00049386313,1.2817319e-06,2.6638754e-05,0.015852263,0.0014193826,a,0.98035204,0,1
0712_row_00042755,ə,13高淳,01砖墙,砖墙张鹏单字,7,0,a,0.5783733,0.5783733,0.0025416857,0.015936965,9.942915e-05,8.700264e-05,0.0012502434,1.23741265e-05,0.22394519,0.1777539,a,0.5783733,0,1
0712_row_00042756,ɛ,13高淳,01砖墙,砖墙张鹏单字,8,7,ə,0.4096025,0.18327229,0.003535634,0.039834935,0.00046486958,3.0893978e-05,0.008762848,3.788832e-05,0.4096025,0.35445827,ə,0.4096025,0,1
0712_row_00042757,ə,13高淳,01砖墙,砖墙张鹏单字,7,0,a,0.5025579,0.5025579,0.0018845532,0.053559184,0.00014347977,2.6113763e-05,0.002028253,1.34225875e-05,0.26551902,0.17426802,a,0.5025579,0,1
0712_row_00042758,a,13高淳,01砖墙,砖墙张鹏单字,0,0,a,0.99348325,0.99348325,0.0010050876,0.0039658817,0.00029529788,0.00043905215,2.4576166e-06,4.362189e-06,0.00048658167,0.0003179549,a,0.99348325,0,1
0712_row_00042759,a,13高淳,01砖墙,砖墙张鹏单字,0,0,a,0.99184203,0.99184203,0.0007907058,0.0007293818,0.00020558147,0.0023869437,1.5054206e-06,8.380719e-05,0.0038934436,6.658556e-05,a,0.99184203,0,1
0712_row_00042760,a,13高淳,01砖墙,砖墙张鹏单字,0,0,a,0.9946497,0.9946497,0.0013329559,0.0002837625,6.0650324e-05,0.0011296252,4.7641362e-07,1.3599727e-05,0.0022966391,0.00023251264,a,0.9946497,0,1
0712_row_00042761,a,13高淳,01砖墙,砖墙张鹏单字,0,0,a,0.993741,0.993741,0.00036944597,0.0040122746,2.9836458e-05,0.000378793,5.0300144e-07,3.1904794e-05,0.0012197946,0.00021638145,a,0.993741,0,1
0712_row_00042762,u,13高淳,01砖墙,砖墙张鹏单字,4,4,u,0.5211456,0.22342005,0.0066626836,0.008110399,0.19946858,0.5211456,0.02999551,0.00022164563,0.010736125,0.0002394008,u,0.5211456,0,1
0712_row_00042763,u,13高淳,01砖墙,砖墙张鹏单字,4,4,u,0.7974177,0.02247946,0.0006456924,0.00015503136,0.018495625,0.7974177,0.14560544,1.42382105e-05,0.015159694,2.69574e-05,u,0.7974177,0,1
0712_row_00042764,u,13高淳,01砖墙,砖墙张鹏单字,4,4,u,0.55649644,0.005216356,0.0016288671,0.0008697011,0.023834618,0.55649644,0.39753336,2.9098197e-05,0.014328042,6.3520616e-05,u,0.55649644,0,1
0712_row_00042765,u,13高淳,01砖墙,砖墙张鹏单字,4,4,u,0.5128609,0.0020040192,0.00045943272,0.0005719421,0.014001137,0.5128609,0.45981544,1.3167136e-05,0.010245559,2.8416178e-05,u,0.5128609,0,1
0712_row_00042766,u,13高淳,01砖墙,砖墙张鹏单字,4,4,u,0.61304605,0.025099691,0.0031083901,0.06955941,0.21266705,0.61304605,0.056477632,0.0003367357,0.01957779,0.00012724492,u,0.61304605,0,1
0712_row_00042768,u,13高淳,01砖墙,砖墙张鹏单字,4,4,u,0.7369225,0.1598867,0.005037476,0.009693016,0.0071407636,0.7369225,0.075923696,2.4046562e-05,0.0043456727,0.0010260459,u,0.7369225,0,1
0712_row_00042769,u,13高淳,01砖墙,砖墙张鹏单字,4,4,u,0.31486505,0.2554673,0.028084617,0.08878992,0.0151714515,0.31486505,0.29118222,9.879527e-05,0.005479563,0.00086110184,u,0.31486505,0,1
0712_row_00042770,y,13高淳,01砖墙,砖墙张鹏单字,5,5,y,0.9181359,0.002449844,0.00085297175,0.018941168,0.051424373,0.0046827514,0.9181359,1.2282611e-05,0.0034513907,4.9358496e-05,y,0.9181359,0,1
0712_row_00042771,u,13高淳,01砖墙,砖墙张鹏单字,4,4,u,0.5372729,0.0023217206,0.0004266664,0.00040623182,0.016651649,0.5372729,0.4333923,9.103249e-06,0.009496575,2.2919921e-05,u,0.5372729,0,1
0712_row_00042772,u,13高淳,01砖墙,砖墙张鹏单字,4,4,u,0.6364378,0.0034023556,0.0008595257,0.0009928936,0.014704286,0.6364378,0.33735144,1.2978606e-05,0.0062031923,3.5528345e-05,u,0.6364378,0,1
0712_row_00042773,u,13高淳,01砖墙,砖墙张鹏单字,4,4,u,0.6707625,0.0058776983,0.0006363176,0.0010082631,0.016741058,0.6707625,0.2956458,1.074876e-05,0.0092830695,3.4660516e-05,u,0.6707625,0,1
0712_row_00042774,o,13高淳,01砖墙,砖墙张鹏单字,3,4,u,0.5760445,0.0015185993,0.00063342747,0.0004684586,0.014570639,0.5760445,0.4007977,7.6654815e-06,0.0059366873,2.221171e-05,u,0.5760445,0,1
0712_row_00042775,u,13高淳,01砖墙,砖墙张鹏单字,4,4,u,0.88773984,0.018100847,0.00012168567,8.807372e-05,0.028438987,0.88773984,0.04377978,5.2621144e-06,0.021700617,2.4773439e-05,u,0.88773984,0,1
0712_row_00042776,u,13高淳,01砖墙,砖墙张鹏单字,4,4,u,0.606452,0.0011539747,0.00041810356,0.0002455697,0.013804372,0.606452,0.37055743,5.645585e-06,0.007345242,1.773362e-05,u,0.606452,0,1
0712_row_00042777,u,13高淳,01砖墙,砖墙张鹏单字,4,4,u,0.7171436,0.01654354,0.0012532871,0.002043702,0.014359907,0.7171436,0.23287018,2.7537246e-05,0.015605973,0.00015225948,u,0.7171436,0,1
0712_row_00042778,y,13高淳,01砖墙,砖墙张鹏单字,5,4,u,0.51680607,0.006570389,0.0007139078,0.0007519795,0.01457184,0.51680607,0.43163368,2.3770888e-05,0.028854184,7.4165495e-05,u,0.51680607,0,1
0712_row_00042779,y,13高淳,01砖墙,砖墙张鹏单字,5,4,u,0.53645897,0.0027401105,0.00058588485,0.0017557188,0.014226444,0.53645897,0.42270496,2.014889e-05,0.02142805,7.976104e-05,u,0.53645897,0,1
0712_row_00042780,y,13高淳,01砖墙,砖墙张鹏单字,5,0,a,0.7131689,0.7131689,0.055874996,0.10139708,0.0015397235,0.0029964086,0.00069397566,0.00015520248,0.004873813,0.119299866,a,0.7131689,0,1
0712_row_00042781,y,13高淳,01砖墙,砖墙张鹏单字,5,4,u,0.7081587,0.0031308467,0.00045522518,0.00073501153,0.02932559,0.7081587,0.23775071,1.3834317e-05,0.020369086,6.1050814e-05,u,0.7081587,0,1
0712_row_00042782,y,13高淳,01砖墙,砖墙张鹏单字,5,5,y,0.9639338,0.00054101803,0.00038701095,0.0036686568,0.025956986,0.00031360716,0.9639338,1.8015093e-06,0.005180298,1.6778315e-05,y,0.9639338,0,1
0712_row_00042783,y,13高淳,01砖墙,砖墙张鹏单字,5,5,y,0.5067918,0.0023759082,0.00018685487,0.00019969656,0.009231784,0.46972376,0.5067918,6.5798695e-06,0.01146972,1.3985676e-05,y,0.5067918,0,1
0712_row_00042784,y,13高淳,01砖墙,砖墙张鹏单字,5,5,y,0.53586966,0.03045665,0.0028820145,0.0022335707,0.021951232,0.3791748,0.53586966,2.6993517e-05,0.02727077,0.0001342418,y,0.53586966,0,1
0712_row_00042785,y,13高淳,01砖墙,砖墙张鹏单字,5,4,u,0.5400069,0.004083806,0.00014437198,0.00031076578,0.0026159573,0.5400069,0.45151588,4.9005016e-06,0.0012977046,1.9753861e-05,u,0.5400069,0,1
0712_row_00042786,y,13高淳,01砖墙,砖墙张鹏单字,5,4,u,0.6257216,0.0029924144,0.00028230238,0.00053491024,0.0025745905,0.6257216,0.36680952,4.622102e-06,0.0010648441,1.5169996e-05,u,0.6257216,0,1
0712_row_00042787,y,13高淳,01砖墙,砖墙张鹏单字,5,4,u,0.56291455,0.0021613855,0.00011078245,9.340284e-05,0.0025684105,0.56291455,0.43093628,1.8037689e-06,0.0012091359,4.2436886e-06,u,0.56291455,0,1
0712_row_00042788,u,13高淳,01砖墙,砖墙张鹏单字,4,2,i,0.6198482,0.20466255,0.024634756,0.6198482,0.0044285497,0.019357326,0.12073542,3.085255e-05,0.005406971,0.00089543534,i,0.6198482,0,1
0712_row_00042789,y,13高淳,01砖墙,砖墙张鹏单字,5,0,a,0.5639972,0.5639972,0.005066024,0.27717412,0.0046295645,0.081339985,0.061631102,2.6917205e-05,0.005463261,0.0006718064,a,0.5639972,0,1
0712_row_00042791,u,13高淳,01砖墙,砖墙张鹏单字,4,4,u,0.5198919,0.0017959573,0.0005155517,0.00030068323,0.010987994,0.5198919,0.46019718,8.867072e-06,0.0062811244,2.0702364e-05,u,0.5198919,0,1
0712_row_00042792,u,13高淳,01砖墙,砖墙张鹏单字,4,4,u,0.4965314,0.0006405662,0.0005331194,0.00028857167,0.012820601,0.4965314,0.48288956,7.0463557e-06,0.006269739,1.9263087e-05,u,0.4965314,0,1
0712_row_00042793,u,13高淳,01砖墙,砖墙张鹏单字,4,4,u,0.52413684,0.0007586003,0.00017523889,0.00024437316,0.011303442,0.52413684,0.45545247,5.652154e-06,0.00790032,2.3093105e-05,u,0.52413684,0,1
0712_row_00042794,u,13高淳,01砖墙,砖墙张鹏单字,4,4,u,0.7337226,0.007901396,0.0005720554,0.0010887169,0.014924772,0.7337226,0.22738533,1.7877574e-05,0.014257059,0.0001302444,u,0.7337226,0,1
0712_row_00042795,u,13高淳,01砖墙,砖墙张鹏单字,4,4,u,0.52517706,0.0032357269,0.00065932726,0.00047229524,0.020272883,0.52517706,0.43241394,1.7185954e-05,0.017687105,6.447447e-05,u,0.52517706,0,1
0712_row_00042796,u,13高淳,01砖墙,砖墙张鹏单字,4,4,u,0.8790757,0.026842069,0.00011254565,0.0065076174,0.00820188,0.8790757,0.06580244,6.649113e-06,0.013428703,2.2442619e-05,u,0.8790757,0,1
0712_row_00042797,u,13高淳,01砖墙,砖墙张鹏单字,4,4,u,0.6965985,0.005485937,0.0006517936,0.00033959208,0.02306541,0.6965985,0.26001003,1.215483e-05,0.013780606,5.6074125e-05,u,0.6965985,0,1
0712_row_00042798,u,13高淳,01砖墙,砖墙张鹏单字,4,4,u,0.60990024,0.0009299978,0.00026131095,0.000161775,0.015389161,0.60990024,0.36415142,4.7488043e-06,0.0091868015,1.46268585e-05,u,0.60990024,0,1
0712_row_00042799,y,13高淳,01砖墙,砖墙张鹏单字,5,4,u,0.58878875,0.008507891,0.00058543094,0.0007642124,0.014440005,0.58878875,0.3719361,1.13712185e-05,0.014940573,2.5628344e-05,u,0.58878875,0,1
0712_row_00042800,y,13高淳,01砖墙,砖墙张鹏单字,5,4,u,0.7066691,0.0041883094,0.0011035808,0.0020820622,0.019409131,0.7066691,0.25723183,1.733201e-05,0.009244858,5.387181e-05,u,0.7066691,0,1
0712_row_00042801,y,13高淳,01砖墙,砖墙张鹏单字,5,5,y,0.9191034,0.00192707,0.00174336,0.00155876,0.030631512,0.039270416,0.9191034,1.739944e-05,0.0057128705,3.513698e-05,y,0.9191034,0,1
0712_row_00042802,y,13高淳,01砖墙,砖墙张鹏单字,5,5,y,0.44429022,0.07659019,0.0023036834,0.008245816,0.032652453,0.3781028,0.44429022,3.531804e-05,0.057445712,0.00033378124,y,0.44429022,0,1
0712_row_00042803,y,13高淳,01砖墙,砖墙张鹏单字,5,5,y,0.8169066,0.004947184,0.0018012472,0.0018553596,0.032182164,0.114062645,0.8169066,3.1477914e-05,0.028137399,7.600592e-05,y,0.8169066,0,1
0712_row_00042804,a,13高淳,01砖墙,砖墙张鹏单字,0,0,a,0.97086346,0.97086346,0.004452276,0.0153322965,0.00013359598,0.006670512,5.065446e-06,1.0865649e-06,0.0019516555,0.00059006957,a,0.97086346,0,1
0712_row_00042805,a,13高淳,01砖墙,砖墙张鹏单字,0,0,a,0.9635747,0.9635747,0.0056144753,0.004741935,0.00028629275,0.0069171446,2.2656879e-05,2.21122e-05,0.016383503,0.0024371266,a,0.9635747,0,1
0712_row_00042806,a,13高淳,01砖墙,砖墙张鹏单字,0,4,u,0.7647594,0.09710383,0.007954727,0.043533973,0.009371395,0.7647594,0.062378302,5.0553335e-05,0.013522913,0.001324924,u,0.7647594,0,1
0712_row_00042807,e,13高淳,01砖墙,砖墙张鹏单字,1,1,e,0.88400424,0.007325448,0.88400424,0.018436458,0.00094653893,0.087501064,0.00091491634,0.00036292212,0.00035559855,0.00015282498,e,0.88400424,0,1
0712_row_00042808,a,13高淳,01砖墙,砖墙张鹏单字,0,0,a,0.6341993,0.6341993,0.25027347,0.002975962,0.0013791056,0.04046383,0.00013899189,0.0001688336,0.0701332,0.00026724007,a,0.6341993,0,1
0712_row_00042809,ɛ,13高淳,01砖墙,砖墙张鹏单字,8,7,ə,0.6256821,0.028788703,0.013465675,0.0074469927,0.0046378165,0.00045468772,0.15001026,4.7648882e-05,0.6256821,0.16946618,ə,0.6256821,0,1
0712_row_00042810,a,13高淳,01砖墙,砖墙张鹏单字,0,0,a,0.78020453,0.78020453,0.17963766,0.011816648,0.00028397326,0.016155278,5.969167e-05,4.427481e-05,0.011249364,0.0005486391,a,0.78020453,0,1
0712_row_00042811,ɛ,13高淳,01砖墙,砖墙张鹏单字,8,8,ɛ,0.28481278,0.15147859,0.07133368,0.025972432,0.017098583,0.006115272,0.22169486,0.00017152802,0.22132234,0.28481278,ɛ,0.28481278,0,1
0712_row_00042812,ɛ,13高淳,01砖墙,砖墙张鹏单字,8,8,ɛ,0.7959537,0.09994194,0.005968417,0.003068372,0.001559698,0.00024921575,0.0056224843,1.6586842e-05,0.08761956,0.7959537,ɛ,0.7959537,0,1
0712_row_00042813,ɛ,13高淳,01砖墙,砖墙张鹏单字,8,8,ɛ,0.7523632,0.17453961,0.027180225,0.037566446,0.0012304723,0.003071999,0.0013435757,0.00016967059,0.0025348042,0.7523632,ɛ,0.7523632,0,1
0712_row_00042814,e,13高淳,01砖墙,砖墙张鹏单字,1,0,a,0.5252297,0.5252297,0.39773282,0.00019617005,0.0025482501,0.0032492264,0.00035209206,1.13460255e-05,0.038251385,0.03242902,a,0.5252297,0,1
0712_row_00042815,a,13高淳,01砖墙,砖墙张鹏单字,0,0,a,0.53394383,0.53394383,0.3993495,0.038172327,0.0009208159,0.014815448,0.00077985396,8.690782e-05,0.0075938236,0.004337564,a,0.53394383,0,1
0712_row_00042816,i,13高淳,01砖墙,砖墙张鹏单字,2,2,i,0.6741339,0.009839906,0.02020141,0.6741339,0.048428405,0.019445866,0.22609746,0.00047195138,0.0010858822,0.000295316,i,0.6741339,0,1
0712_row_00042817,i,13高淳,01砖墙,砖墙张鹏单字,2,2,i,0.9734109,0.00104415,0.0011712671,0.9734109,0.00026660686,0.00043057985,0.017928805,1.5442145e-05,0.0033161081,0.002416037,i,0.9734109,0,1
0712_row_00042818,i,13高淳,01砖墙,砖墙张鹏单字,2,5,y,0.8542616,0.0006312391,0.0011788015,0.08427219,0.014391331,0.002029255,0.8542616,1.1773937e-05,0.04306392,0.00015980723,y,0.8542616,0,1
0712_row_00042819,i,13高淳,01砖墙,砖墙张鹏单字,2,2,i,0.9019701,0.0038096323,0.0074432585,0.9019701,0.005861537,0.00050318375,0.080041245,1.9963414e-05,0.00023258552,0.00011847356,i,0.9019701,0,1
0712_row_00042820,i,13高淳,01砖墙,砖墙张鹏单字,2,2,i,0.94025856,0.0024991806,0.0066140085,0.94025856,0.0013341667,0.012364935,0.030183991,0.00011675565,0.0023099165,0.004318516,i,0.94025856,0,1
0712_row_00042821,i,13高淳,01砖墙,砖墙张鹏单字,2,2,i,0.65190923,0.0033057365,0.0089139035,0.65190923,0.0028004996,0.10327119,0.2209945,0.00022815182,0.0025331574,0.0060436586,i,0.65190923,0,1
0712_row_00042822,i,13高淳,01砖墙,砖墙张鹏单字,2,2,i,0.97782284,0.00020232554,0.0012539559,0.97782284,7.163421e-05,0.0050742375,0.012221963,1.9278394e-05,0.00044575872,0.0028880828,i,0.97782284,0,1
0712_row_00042823,i,13高淳,01砖墙,砖墙张鹏单字,2,4,u,0.50105,0.0011032529,0.004649468,0.06394787,0.020740101,0.50105,0.40477178,0.00024335357,0.0028872136,0.0006069227,u,0.50105,0,1
0712_row_00042824,i,13高淳,01砖墙,砖墙张鹏单字,2,4,u,0.53378564,0.0022806877,0.012742146,0.1610361,0.011529258,0.53378564,0.2696036,0.00040220935,0.007004659,0.0016157659,u,0.53378564,0,1
0712_row_00042825,i,13高淳,01砖墙,砖墙张鹏单字,2,5,y,0.9665874,4.4065426e-05,0.00040118396,0.0019821208,0.021874232,0.0001643073,0.9665874,1.2673758e-06,0.008934123,1.1268378e-05,y,0.9665874,0,1
0712_row_00042826,i,13高淳,01砖墙,砖墙张鹏单字,2,5,y,0.8910771,0.0003369223,0.00044224228,0.003930383,0.09156909,0.00063112326,0.8910771,6.444041e-06,0.011984007,2.2607697e-05,y,0.8910771,0,1
0712_row_00042827,i,13高淳,01砖墙,砖墙张鹏单字,2,5,y,0.76670146,0.0494771,0.0032348286,0.0920844,0.051435303,0.019154405,0.76670146,0.000102788916,0.016738072,0.0010716205,y,0.76670146,0,1
0712_row_00042828,i,13高淳,01砖墙,砖墙张鹏单字,2,2,i,0.9312548,0.0011485902,0.001558261,0.9312548,0.00023967391,0.0049528396,0.04765599,5.1421757e-05,0.0019596952,0.011178835,i,0.9312548,0,1
0712_row_00042829,i,13高淳,01砖墙,砖墙张鹏单字,2,2,i,0.98766357,0.0002884283,0.00025523422,0.98766357,2.8111761e-05,0.0010393936,0.0060829064,5.3843733e-06,0.00045104482,0.0041858368,i,0.98766357,0,1
0712_row_00042830,i,13高淳,01砖墙,砖墙张鹏单字,2,2,i,0.94705963,0.0008739753,0.0014118374,0.94705963,0.00015445799,0.009693927,0.03076283,3.245495e-05,0.001798111,0.008212787,i,0.94705963,0,1
0712_row_00042831,i,13高淳,01砖墙,砖墙张鹏单字,2,2,i,0.81979764,0.0025730878,0.0020105923,0.81979764,0.00081295875,0.06623022,0.10236572,6.067581e-05,0.0015593765,0.0045897053,i,0.81979764,0,1
0712_row_00042832,i,13高淳,01砖墙,砖墙张鹏单字,2,2,i,0.97235763,0.0013123823,0.000413206,0.97235763,0.00011527116,0.0022473207,0.013188344,1.275256e-05,0.0016233275,0.008729729,i,0.97235763,0,1
0712_row_00042834,e,13高淳,01砖墙,砖墙张鹏单字,1,4,u,0.54471326,0.054615684,0.28922963,0.04131977,0.038977887,0.54471326,0.0092619,0.0012323892,0.019273179,0.0013763068,u,0.54471326,0,1
0712_row_00042835,e,13高淳,01砖墙,砖墙张鹏单字,1,1,e,0.9303727,0.00072909886,0.9303727,0.008217591,0.00023679541,0.059330106,0.00023278898,0.00047866206,0.0003280144,7.406168e-05,e,0.9303727,0,1
0712_row_00042836,e,13高淳,01砖墙,砖墙张鹏单字,1,1,e,0.8233256,0.00014933829,0.8233256,0.00066587847,0.00017989257,0.17517823,9.5149866e-05,0.000118962635,0.00023353942,5.348394e-05,e,0.8233256,0,1
0712_row_00042837,e,13高淳,01砖墙,砖墙张鹏单字,1,1,e,0.7259724,0.0017305744,0.7259724,0.0013640942,0.0013889167,0.24821152,0.001081757,0.00017340774,0.019874582,0.00020266809,e,0.7259724,0,1
0712_row_00042838,u,13高淳,01砖墙,砖墙张鹏单字,4,4,u,0.7136659,0.04709693,0.18539976,0.0046686195,0.025425632,0.7136659,0.013479323,0.00042137902,0.008665105,0.0011773392,u,0.7136659,0,1
0712_row_00042839,a,13高淳,01砖墙,砖墙张鹏单字,0,0,a,0.9336689,0.9336689,0.0049766875,0.0014986675,0.009612982,0.024964731,0.0008587177,4.0701147e-05,0.024244783,0.00013394022,a,0.9336689,0,1
0712_row_00042840,u,13高淳,01砖墙,砖墙张鹏单字,4,1,e,0.4456354,0.012083468,0.4456354,0.0036609853,0.036592335,0.44423813,0.054718956,0.00025483893,0.0024511383,0.00036479335,e,0.4456354,0,1
0712_row_00042841,a,13高淳,01砖墙,砖墙张鹏单字,0,0,a,0.9841224,0.9841224,0.0010728076,0.0023158293,0.00018797614,0.0047165127,1.25398665e-05,2.9799537e-06,0.007105721,0.0004633302,a,0.9841224,0,1
0712_row_00042842,a,13高淳,01砖墙,砖墙张鹏单字,0,0,a,0.7972633,0.7972633,0.020738563,0.0040980265,0.010931375,0.060725592,0.0024789928,0.00020676813,0.10295292,0.000604471,a,0.7972633,0,1
0712_row_00042843,a,13高淳,01砖墙,砖墙张鹏单字,0,0,a,0.9917157,0.9917157,0.0017819457,0.0043028584,0.00025394722,0.0011386374,2.192898e-06,9.242924e-07,0.00047546477,0.00032820494,a,0.9917157,0,1
0712_row_00042844,a,13高淳,01砖墙,砖墙张鹏单字,0,0,a,0.6314731,0.6314731,0.044060633,0.0024543363,0.15356977,0.09989686,0.007681356,0.0007429556,0.059403382,0.0007174561,a,0.6314731,0,1
0712_row_00042845,a,13高淳,01砖墙,砖墙张鹏单字,0,4,u,0.4150554,0.20887843,0.06959859,0.00020799557,0.019587643,0.4150554,0.0011993515,0.00015645765,0.28521955,9.654643e-05,u,0.4150554,0,1
0712_row_00042846,a,13高淳,01砖墙,砖墙张鹏单字,0,0,a,0.9929092,0.9929092,0.00060810935,0.002861298,0.0002974825,0.00036487967,7.2606035e-06,1.5226753e-05,0.002695142,0.00024139808,a,0.9929092,0,1
0712_row_00042847,a,13高淳,01砖墙,砖墙张鹏单字,0,0,a,0.99034786,0.99034786,0.0005573066,0.0056676976,0.000111247275,0.00034847247,4.472401e-06,3.005513e-06,0.002524987,0.00043496498,a,0.99034786,0,1
0712_row_00042848,e,13高淳,01砖墙,砖墙张鹏单字,1,1,e,0.60623443,0.0010032972,0.60623443,0.0059025395,0.00079878105,0.29214585,0.0004428431,0.00029495757,0.0911771,0.002000111,e,0.60623443,0,1
0712_row_00042849,e,13高淳,01砖墙,砖墙张鹏单字,1,1,e,0.49516755,0.010009735,0.49516755,0.011760957,0.0065691886,0.46972775,0.0059345546,0.000153947,0.00029659658,0.00037973106,e,0.49516755,0,1
0712_row_00042850,e,13高淳,01砖墙,砖墙张鹏单字,1,1,e,0.8776548,0.00057579245,0.8776548,0.00073140085,0.0003850024,0.11691639,0.0002589926,7.394386e-05,0.003303422,0.000100203215,e,0.8776548,0,1
0712_row_00042851,e,13高淳,01砖墙,砖墙张鹏单字,1,4,u,0.7623762,0.001904377,0.20172234,0.0013452908,0.020827517,0.7623762,0.011138774,5.7660112e-05,0.0004539705,0.0001739749,u,0.7623762,0,1
0712_row_00042852,e,13高淳,01砖墙,砖墙张鹏单字,1,1,e,0.82356673,0.018922683,0.82356673,0.017838074,0.0011969684,0.1360173,0.0013037659,0.00016214415,0.00069009874,0.00030215248,e,0.82356673,0,1
0712_row_00042853,i,13高淳,01砖墙,砖墙张鹏单字,2,4,u,0.55750245,0.0027748619,0.0019081552,0.00067285117,0.016741645,0.55750245,0.41189846,2.5750453e-05,0.008410958,6.490348e-05,u,0.55750245,0,1
0712_row_00042854,i,13高淳,01砖墙,砖墙张鹏单字,2,2,i,0.997142,0.00016512953,0.00041670256,0.997142,2.0209327e-05,0.00069979415,0.00092234096,5.5314235e-06,0.00016701836,0.0004611861,i,0.997142,0,1
0712_row_00042855,i,13高淳,01砖墙,砖墙张鹏单字,2,2,i,0.9912874,0.0007704623,0.0052450798,0.9912874,5.266374e-05,0.00057917775,0.0007098522,1.7258022e-05,0.0010129849,0.00032503836,i,0.9912874,0,1
0712_row_00042856,i,13高淳,01砖墙,砖墙张鹏单字,2,2,i,0.9953473,0.00019415087,0.00026213203,0.9953473,2.6499556e-05,0.0009627641,0.0019931223,5.7525654e-06,0.0004662014,0.0007422238,i,0.9953473,0,1
0712_row_00042857,i,13高淳,01砖墙,砖墙张鹏单字,2,5,y,0.9791445,5.0961396e-05,0.00037322042,0.0011988386,0.016005639,0.00010520727,0.9791445,7.534982e-07,0.0031145364,6.43201e-06,y,0.9791445,0,1
0712_row_00042858,i,13高淳,01砖墙,砖墙张鹏单字,2,2,i,0.9092246,0.0006840976,0.0055620614,0.9092246,0.00041057952,0.053184725,0.028560529,5.30731e-05,0.0006336061,0.0016866613,i,0.9092246,0,1
0712_row_00042859,i,13高淳,01砖墙,砖墙张鹏单字,2,2,i,0.97779477,0.00027816658,0.0004670199,0.97779477,5.2134572e-05,0.0033394047,0.013233056,7.636333e-06,0.00045204122,0.004375776,i,0.97779477,0,1
0712_row_00042860,i,13高淳,01砖墙,砖墙张鹏单字,2,2,i,0.97104484,0.0010315845,0.0037454253,0.97104484,0.00028309738,0.006397589,0.013318185,4.187698e-05,0.0015115779,0.002625793,i,0.97104484,0,1
0712_row_00042861,i,13高淳,01砖墙,砖墙张鹏单字,2,2,i,0.9968694,0.00017621859,0.00023967646,0.9968694,3.238065e-05,0.00037989038,0.0016582481,3.158285e-06,0.00023764919,0.00040332184,i,0.9968694,0,1
0712_row_00042862,i,13高淳,01砖墙,砖墙张鹏单字,2,2,i,0.9838313,0.00016869702,0.00081923563,0.9838313,5.7081466e-05,0.0028921468,0.009690366,1.201077e-05,0.00026647476,0.002262569,i,0.9838313,0,1
0712_row_00042863,i,13高淳,01砖墙,砖墙张鹏单字,2,0,a,0.7910578,0.7910578,0.05043825,0.025848007,0.0039929342,0.11065031,0.0031788961,3.6162386e-05,0.012740698,0.002057023,a,0.7910578,0,1
0712_row_00042864,e,13高淳,01砖墙,砖墙张鹏单字,1,5,y,0.97721386,8.063301e-05,0.00041042638,0.0030905567,0.013523389,0.00016155196,0.97721386,9.2992485e-07,0.005508115,1.0467404e-05,y,0.97721386,0,1
0712_row_00042865,e,13高淳,01砖墙,砖墙张鹏单字,1,1,e,0.96150607,0.000849947,0.96150607,0.008399756,0.000142555,0.027476486,0.00017386863,0.0008808616,0.0005270988,4.337039e-05,e,0.96150607,0,1
0712_row_00042866,i,13高淳,01砖墙,砖墙张鹏单字,2,4,u,0.45858613,0.0013738833,0.0071175396,0.06025927,0.011602842,0.45858613,0.45694315,0.0001401429,0.0035081801,0.0004688229,u,0.45858613,0,1
0712_row_00042867,i,13高淳,01砖墙,砖墙张鹏单字,2,5,y,0.6347909,0.11451808,0.0011027919,0.010230955,0.1293872,0.044236764,0.6347909,0.00013042439,0.06490226,0.0007005652,y,0.6347909,0,1
0712_row_00042868,i,13高淳,01砖墙,砖墙张鹏单字,2,2,i,0.9979048,2.7912174e-05,9.355388e-05,0.9979048,5.4187835e-06,0.00051278895,0.001097096,1.6662376e-06,4.09515e-05,0.00031586812,i,0.9979048,0,1
0712_row_00042869,i,13高淳,01砖墙,砖墙张鹏单字,2,2,i,0.99896955,2.425878e-05,3.563335e-05,0.99896955,2.4389997e-06,0.00030123373,0.000423027,9.424314e-07,3.604441e-05,0.0002067981,i,0.99896955,0,1
0712_row_00042870,i,13高淳,01砖墙,砖墙张鹏单字,2,2,i,0.99871993,5.4054035e-05,0.00019843948,0.99871993,4.79476e-06,0.0005399162,0.00038577185,1.3660023e-06,2.8316657e-05,6.74727e-05,i,0.99871993,0,1
0712_row_00042871,i,13高淳,01砖墙,砖墙张鹏单字,2,2,i,0.9971221,0.00033600035,0.0003342982,0.9971221,0.00023515208,0.0003000799,0.0011118986,3.0729207e-05,0.00022589891,0.00030376663,i,0.9971221,0,1
0712_row_00042872,i,13高淳,01砖墙,砖墙张鹏单字,2,5,y,0.9713864,0.0010573445,0.00033130255,0.008817686,0.012776598,0.0021511945,0.9713864,2.9021428e-06,0.0034668993,9.727207e-06,y,0.9713864,0,1
0712_row_00042873,i,13高淳,01砖墙,砖墙张鹏单字,2,5,y,0.5754724,0.0064463285,0.0033193599,0.17866224,0.014054407,0.1808878,0.5754724,0.000655399,0.007154176,0.033347845,y,0.5754724,0,1
0712_row_00042874,i,13高淳,01砖墙,砖墙张鹏单字,2,2,i,0.88688254,0.02561947,0.009906631,0.88688254,0.011644545,0.0015242131,0.060831908,7.395559e-05,0.0020691187,0.0014475101,i,0.88688254,0,1
0712_row_00042875,i,13高淳,01砖墙,砖墙张鹏单字,2,2,i,0.99660766,4.7980833e-05,9.0735826e-05,0.99660766,1.1145153e-05,0.0010633817,0.0017161929,3.1619456e-06,9.251026e-05,0.00036716327,i,0.99660766,0,1
0712_row_00042876,i,13高淳,01砖墙,砖墙张鹏单字,2,2,i,0.9975293,5.9582006e-05,0.00019953125,0.9975293,2.109222e-05,0.0003780129,0.0014015947,4.8353954e-06,0.00014208107,0.000263872,i,0.9975293,0,1
0712_row_00042877,i,13高淳,01砖墙,砖墙张鹏单字,2,2,i,0.99868447,4.8988324e-05,8.24429e-05,0.99868447,3.1842565e-06,0.0003764225,0.00047760116,1.0487784e-06,5.0894734e-05,0.00027493917,i,0.99868447,0,1
0712_row_00042878,i,13高淳,01砖墙,砖墙张鹏单字,2,2,i,0.9988651,2.132291e-05,0.00010068816,0.9988651,3.409275e-06,0.00021335065,0.0005539212,1.1787129e-06,4.5845693e-05,0.00019506161,i,0.9988651,0,1
0712_row_00042879,i,13高淳,01砖墙,砖墙张鹏单字,2,2,i,0.9987866,0.0001444682,0.00040773326,0.9987866,6.7582405e-06,0.00018678198,0.00018407867,6.8837703e-06,0.00014034062,0.00013619594,i,0.9987866,0,1
0712_row_00042880,i,13高淳,01砖墙,砖墙张鹏单字,2,2,i,0.99842525,5.5174303e-05,0.00027406347,0.99842525,7.57348e-06,0.00027495014,0.00064861635,3.4266e-06,0.00014784418,0.0001630465,i,0.99842525,0,1
0712_row_00042881,i,13高淳,01砖墙,砖墙张鹏单字,2,2,i,0.9981357,3.167647e-05,0.00016960425,0.9981357,4.344863e-06,0.0006354449,0.00064820936,1.1395164e-06,4.8079608e-05,0.00032570583,i,0.9981357,0,1
0712_row_00042882,i,13高淳,01砖墙,砖墙张鹏单字,2,2,i,0.99335784,0.00021889945,0.00025660612,0.99335784,5.364203e-05,0.000965949,0.0032535212,9.73635e-06,0.00021905106,0.001664703,i,0.99335784,0,1
0712_row_00042883,i,13高淳,01砖墙,砖墙张鹏单字,2,2,i,0.9986576,5.007706e-05,0.0003040795,0.9986576,9.777109e-06,0.00018951857,0.00043439088,3.7959585e-06,0.00016333924,0.0001873258,i,0.9986576,0,1
0712_row_00042884,i,13高淳,01砖墙,砖墙张鹏单字,2,5,y,0.5025807,0.053530518,0.0014166154,0.34941643,0.07747885,0.006159145,0.5025807,7.223439e-05,0.009103689,0.00024180544,y,0.5025807,0,1
0712_row_00042885,i,13高淳,01砖墙,砖墙张鹏单字,2,2,i,0.9543193,0.0015242889,0.0013086947,0.9543193,0.00018391862,0.011393888,0.0218798,3.7236096e-05,0.0020858743,0.0072669564,i,0.9543193,0,1
0712_row_00042886,i,13高淳,01砖墙,砖墙张鹏单字,2,2,i,0.88604134,0.0019687992,0.013579017,0.88604134,0.0008932022,0.058192465,0.0342159,0.00014319898,0.002417782,0.0025483551,i,0.88604134,0,1
0712_row_00042887,i,13高淳,01砖墙,砖墙张鹏单字,2,2,i,0.98955697,0.00035064723,0.0006350927,0.98955697,6.628616e-05,0.00035975376,0.0055772252,8.670515e-06,0.0016729066,0.0017723666,i,0.98955697,0,1
0712_row_00042888,i,13高淳,01砖墙,砖墙张鹏单字,2,2,i,0.98875475,0.000315904,0.0009609344,0.98875475,4.177557e-05,0.0022989507,0.004790977,1.3833653e-05,0.0008790434,0.0019438972,i,0.98875475,0,1
0712_row_00042889,i,13高淳,01砖墙,砖墙张鹏单字,2,2,i,0.7670267,0.00082490814,0.0022366752,0.7670267,0.00057736266,0.050978962,0.16883144,8.031841e-05,0.0012029628,0.00824061,i,0.7670267,0,1
0712_row_00042890,i,13高淳,01砖墙,砖墙张鹏单字,2,2,i,0.41614866,0.09672744,0.043120775,0.41614866,0.05699428,0.25017354,0.08038841,0.006207007,0.026592148,0.023647651,i,0.41614866,0,1
0712_row_00042891,u,13高淳,01砖墙,砖墙张鹏单字,4,4,u,0.64594895,0.009147147,0.066624336,0.0031908918,0.029884616,0.64594895,0.005491079,0.0015870866,0.23673865,0.0013873146,u,0.64594895,0,1
0712_row_00042892,u,13高淳,01砖墙,砖墙张鹏单字,4,4,u,0.93340605,0.0010037917,0.05261918,0.001187698,0.008768664,0.93340605,0.0020869335,1.6403163e-05,0.00080988405,0.000101474296,u,0.93340605,0,1
0712_row_00042893,u,13高淳,01砖墙,砖墙张鹏单字,4,4,u,0.9216021,0.0019598193,0.019071259,0.0005012778,0.03138558,0.9216021,0.02314794,1.6958542e-05,0.002249826,6.5414715e-05,u,0.9216021,0,1
0712_row_00042894,u,13高淳,01砖墙,砖墙张鹏单字,4,4,u,0.91283035,0.026507152,0.008373786,0.0059600724,0.008979786,0.91283035,0.009964684,9.8244825e-05,0.026052829,0.0012330685,u,0.91283035,0,1
0712_row_00042895,u,13高淳,01砖墙,砖墙张鹏单字,4,1,e,0.4612683,0.036636114,0.4612683,0.008833568,0.1054599,0.23583671,0.14527129,0.00059579796,0.005201077,0.00089712633,e,0.4612683,0,1
0712_row_00042896,u,13高淳,01砖墙,砖墙张鹏单字,4,1,e,0.72039425,0.00047274304,0.72039425,0.0013439086,0.0006742087,0.27643543,0.00034567775,9.481141e-05,0.00016130702,7.77363e-05,e,0.72039425,0,1
0712_row_00042897,u,13高淳,01砖墙,砖墙张鹏单字,4,1,e,0.55614,0.0009847912,0.55614,0.0025748878,0.0007869964,0.37381938,0.00024658904,0.00028900284,0.064551204,0.0006071192,e,0.55614,0,1
0712_row_00042898,u,13高淳,01砖墙,砖墙张鹏单字,4,4,u,0.70315313,0.02348341,0.055001,0.0026232973,0.04824092,0.70315313,0.09666372,0.00042810556,0.0690169,0.0013894332,u,0.70315313,0,1
0712_row_00042899,u,13高淳,01砖墙,砖墙张鹏单字,4,4,u,0.74045265,0.007962541,0.009782498,0.004986096,0.049290143,0.74045265,0.012985734,0.001145486,0.17216909,0.0012258147,u,0.74045265,0,1
0712_row_00042900,u,13高淳,01砖墙,砖墙张鹏单字,4,1,e,0.49682266,0.0023174905,0.49682266,0.0007162673,0.005591222,0.46086603,0.0014063945,0.00020002837,0.031577636,0.00050239597,e,0.49682266,0,1
0712_row_00042901,u,13高淳,01砖墙,砖墙张鹏单字,4,4,u,0.61435115,0.0023308054,0.36440068,0.0009701017,0.01117628,0.61435115,0.006145603,4.7547404e-05,0.00023790011,0.00033995917,u,0.61435115,0,1
0712_row_00042902,u,13高淳,01砖墙,砖墙张鹏单字,4,4,u,0.82759595,0.011986077,0.047024615,0.0013574804,0.011885062,0.82759595,0.0017450718,0.00032133012,0.09778458,0.00029980397,u,0.82759595,0,1
0712_row_00042903,e,13高淳,01砖墙,砖墙张鹏单字,1,1,e,0.89223814,0.0015393529,0.89223814,0.0024753292,0.00058318605,0.090909824,0.000540824,0.00029454683,0.01119468,0.00022405676,e,0.89223814,0,1
0712_row_00042904,e,13高淳,01砖墙,砖墙张鹏单字,1,1,e,0.8562017,0.0010800955,0.8562017,0.0014332356,0.00048217893,0.12745647,0.0006386587,0.00016430081,0.012289402,0.00025394824,e,0.8562017,0,1
0712_row_00042905,e,13高淳,01砖墙,砖墙张鹏单字,1,5,y,0.97007656,0.000109295404,0.0010869808,0.00767756,0.010603721,0.000768035,0.97007656,3.6918382e-06,0.009643447,3.071488e-05,y,0.97007656,0,1
0712_row_00042906,e,13高淳,01砖墙,砖墙张鹏单字,1,1,e,0.6750788,0.0051687965,0.6750788,0.0070729903,0.0031220252,0.29310867,0.0026002491,0.0007013228,0.01228938,0.0008577304,e,0.6750788,0,1
0712_row_00042907,u,13高淳,01砖墙,砖墙张鹏单字,4,4,u,0.9594001,0.0017206919,0.018668186,0.0032493854,0.011184751,0.9594001,0.0044447263,1.1257894e-05,0.0011838843,0.00013709652,u,0.9594001,0,1
0712_row_00042908,u,13高淳,01砖墙,砖墙张鹏单字,4,4,u,0.903539,0.0017543042,0.06866118,0.0019562067,0.011108956,0.903539,0.010590402,4.103681e-05,0.0020307722,0.00031813368,u,0.903539,0,1
0712_row_00042909,u,13高淳,01砖墙,砖墙张鹏单字,4,4,u,0.69685096,0.059357535,0.19852349,0.032288965,0.003312304,0.69685096,0.004894834,0.00026678387,0.002083821,0.0024212566,u,0.69685096,0,1
0712_row_00042910,u,13高淳,01砖墙,砖墙张鹏单字,4,4,u,0.48197842,0.02390222,0.43198642,0.028938415,0.010689831,0.48197842,0.020397795,0.00033101335,0.00064752274,0.0011282045,u,0.48197842,0,1
0712_row_00042911,ɔ,13高淳,01砖墙,砖墙张鹏单字,6,0,a,0.5956518,0.5956518,0.0029153125,0.0005019774,0.31091887,0.021648157,0.00023105211,0.064192,0.0037329362,0.0002078448,a,0.5956518,0,1
0712_row_00042912,a,13高淳,01砖墙,砖墙张鹏单字,0,3,o,0.75428045,0.22231293,0.0013334139,6.2412524e-05,0.75428045,0.01568952,5.6334597e-05,0.0052574943,0.0010026087,4.958142e-06,o,0.75428045,0,1
0712_row_00042913,a,13高淳,01砖墙,砖墙张鹏单字,0,0,a,0.7526931,0.7526931,0.004652534,0.0018855059,0.08523332,0.03040762,0.00030955885,0.10354946,0.019661283,0.0016074374,a,0.7526931,0,1
0712_row_00042915,a,13高淳,01砖墙,砖墙张鹏单字,0,3,o,0.5090075,0.4670911,0.0005235072,0.00010398349,0.5090075,0.012185185,9.7000935e-05,0.010445642,0.0005434901,2.5137367e-06,o,0.5090075,0,1
0712_row_00042916,ɔ,13高淳,01砖墙,砖墙张鹏单字,6,0,a,0.6928197,0.6928197,0.002858165,0.0004690426,0.08244159,0.01259029,0.00014680663,0.15257373,0.055507105,0.00059345714,a,0.6928197,0,1
0712_row_00042917,ɔ,13高淳,01砖墙,砖墙张鹏单字,6,3,o,0.39464867,0.29160395,0.004308848,8.178011e-05,0.39464867,0.046182398,0.00017412582,0.05199267,0.21054432,0.0004631734,o,0.39464867,0,1
0712_row_00042918,ɔ,13高淳,01砖墙,砖墙张鹏单字,6,0,a,0.85808814,0.85808814,0.0026514046,0.0053832117,0.011485833,0.052294467,0.0007485937,0.009556971,0.058785174,0.0010061273,a,0.85808814,0,1
0712_row_00042919,ɔ,13高淳,01砖墙,砖墙张鹏单字,6,0,a,0.6381271,0.6381271,0.0037212519,0.0009811497,0.04602141,0.116322964,0.0011621112,0.07494623,0.11782758,0.0008903192,a,0.6381271,0,1
0712_row_00042920,a,13高淳,01砖墙,砖墙张鹏单字,0,3,o,0.922026,0.07498985,0.0014520182,5.7063524e-05,0.922026,0.00026081162,0.00010706811,0.0008999331,4.6617926e-05,0.00016062116,o,0.922026,0,1
0712_row_00042921,a,13高淳,01砖墙,砖墙张鹏单字,0,0,a,0.9267395,0.9267395,0.014624255,0.0051659704,0.005892254,0.010183339,0.00027875658,0.006836141,0.02612247,0.0041573206,a,0.9267395,0,1
0712_row_00042922,a,13高淳,01砖墙,砖墙张鹏单字,0,0,a,0.7295653,0.7295653,0.02722862,0.0743233,0.0031955435,0.003239675,0.0007775419,0.032516893,0.01849561,0.110657506,a,0.7295653,0,1
0712_row_00042923,ɔ,13高淳,01砖墙,砖墙张鹏单字,6,0,a,0.67313313,0.67313313,0.0053655594,0.0014749885,0.28249136,0.0009874643,2.3817653e-05,0.036172625,0.00034068702,1.0288588e-05,a,0.67313313,0,1
0712_row_00042924,ɔ,13高淳,01砖墙,砖墙张鹏单字,6,3,o,0.3725825,0.3253884,0.0027817085,0.00069455354,0.3725825,0.012711621,6.4696826e-05,0.2813579,0.004404699,1.3815638e-05,o,0.3725825,0,1
0712_row_00042925,a,13高淳,01砖墙,砖墙张鹏单字,0,3,o,0.5143312,0.46004212,0.0069251168,0.00047564387,0.5143312,0.0030452416,9.5191754e-05,0.013928557,0.0009228101,0.00023406219,o,0.5143312,0,1
0712_row_00042926,a,13高淳,01砖墙,砖墙张鹏单字,0,0,a,0.72518814,0.72518814,0.04117568,0.0054403762,0.008392821,0.008564331,0.0027557132,0.008907741,0.11933676,0.080238365,a,0.72518814,0,1
0712_row_00042927,a,13高淳,01砖墙,砖墙张鹏单字,0,0,a,0.54080075,0.54080075,0.033140242,0.010846946,0.009803185,0.024503523,0.0058983895,0.0074356874,0.23004821,0.13752304,a,0.54080075,0,1
0712_row_00042928,a,13高淳,01砖墙,砖墙张鹏单字,0,0,a,0.38027248,0.38027248,0.004843166,7.085952e-05,0.29059643,0.049751423,0.0002522089,0.01793285,0.25590527,0.00037527035,a,0.38027248,0,1
0712_row_00042929,a,13高淳,01砖墙,砖墙张鹏单字,0,3,o,0.940978,0.0050456296,0.00037216058,0.0012652965,0.940978,9.4205985e-05,0.052018918,3.5650766e-05,0.00018028315,9.819251e-06,o,0.940978,0,1
0712_row_00042930,a,13高淳,01砖墙,砖墙张鹏单字,0,0,a,0.5730699,0.5730699,0.012569294,0.0022716583,0.00088472635,0.0004520044,0.0015621383,0.00040137992,0.06723306,0.3415558,a,0.5730699,0,1
0712_row_00042931,u,13高淳,01砖墙,砖墙张鹏单字,4,5,y,0.877255,0.015044943,0.0038634683,0.022033911,0.04849748,0.010585772,0.877255,6.4399304e-05,0.022385526,0.00026954076,y,0.877255,0,1
0712_row_00042932,o,13高淳,01砖墙,砖墙张鹏单字,3,4,u,0.39073858,0.15086737,0.30585665,0.09386463,0.034401912,0.39073858,0.0073588323,0.001366644,0.014543256,0.0010020545,u,0.39073858,0,1
0712_row_00042933,o,13高淳,01砖墙,砖墙张鹏单字,3,4,u,0.5354171,0.012281741,0.020841403,0.0030309497,0.027847923,0.5354171,0.0043643382,0.0029704513,0.39155143,0.00169467,u,0.5354171,0,1
0712_row_00042934,o,13高淳,01砖墙,砖墙张鹏单字,3,1,e,0.6171574,0.0065876464,0.6171574,0.0016998077,0.0033331949,0.29107663,0.00068368454,0.0015957581,0.07746302,0.00040287565,e,0.6171574,0,1
0712_row_00042935,o,13高淳,01砖墙,砖墙张鹏单字,3,4,u,0.2557362,0.2094931,0.24345821,0.045070812,0.039219603,0.2557362,0.020385338,0.0003989677,0.006060668,0.18017715,u,0.2557362,0,1
0712_row_00042936,o,13高淳,01砖墙,砖墙张鹏单字,3,4,u,0.7448888,0.04876812,0.002807011,0.055517886,0.028867306,0.7448888,0.07109222,0.00036943777,0.046496633,0.0011926554,u,0.7448888,0,1
0712_row_00042937,o,13高淳,01砖墙,砖墙张鹏单字,3,1,e,0.34433025,0.043954343,0.34433025,0.335224,0.01785241,0.23418169,0.020773655,0.001705568,0.00052259857,0.0014554574,e,0.34433025,0,1
0712_row_00042938,o,13高淳,01砖墙,砖墙张鹏单字,3,2,i,0.2502893,0.09685927,0.073544025,0.2502893,0.048244007,0.15149091,0.21510431,0.0067782584,0.11877464,0.03891536,i,0.2502893,0,1
0712_row_00042939,o,13高淳,01砖墙,砖墙张鹏单字,3,4,u,0.3608722,0.09360231,0.12182153,0.031088753,0.047740415,0.3608722,0.058056604,0.007292082,0.24427702,0.035249107,u,0.3608722,0,1
0712_row_00042940,u,13高淳,01砖墙,砖墙张鹏单字,4,4,u,0.59048647,0.0066894996,0.00011998719,0.00014009167,0.0058994186,0.59048647,0.39422774,9.062106e-06,0.0024012937,2.6461226e-05,u,0.59048647,0,1
0712_row_00042941,u,13高淳,01砖墙,砖墙张鹏单字,4,4,u,0.5146964,0.00090171164,8.347529e-05,0.0001512442,0.0033615723,0.5146964,0.47995988,3.584745e-06,0.00082971825,1.239938e-05,u,0.5146964,0,1
0712_row_00042942,u,13高淳,01砖墙,砖墙张鹏单字,4,1,e,0.3855139,0.37832755,0.3855139,0.022879753,0.025312372,0.118289866,0.016290406,0.0007193118,0.047878962,0.004787861,e,0.3855139,0,1
0712_row_00042943,u,13高淳,01砖墙,砖墙张鹏单字,4,4,u,0.69613034,0.042870723,0.0022081505,0.0011213832,0.010796416,0.69613034,0.23363289,6.531436e-05,0.012516676,0.0006581749,u,0.69613034,0,1
0712_row_00042944,o,13高淳,01砖墙,砖墙张鹏单字,3,4,u,0.5522018,0.007964631,0.1409503,0.0079795355,0.02629226,0.5522018,0.0018062391,0.0037360152,0.25739557,0.0016736116,u,0.5522018,0,1
0712_row_00042945,o,13高淳,01砖墙,砖墙张鹏单字,3,5,y,0.61446273,0.0004863626,0.0007731478,0.0027203734,0.014429653,0.35619146,0.61446273,3.439448e-05,0.010777078,0.00012483608,y,0.61446273,0,1
0712_row_00042946,o,13高淳,01砖墙,砖墙张鹏单字,3,4,u,0.5983357,0.0023837879,0.0008676449,0.0029503526,0.033280488,0.5983357,0.35039467,5.9309983e-05,0.011516688,0.00021135971,u,0.5983357,0,1
0712_row_00042947,o,13高淳,01砖墙,砖墙张鹏单字,3,4,u,0.5308814,0.001336986,0.0006114782,0.0017465203,0.026468663,0.5308814,0.4268741,4.2969332e-05,0.011932456,0.00010542351,u,0.5308814,0,1
0712_row_00042948,o,13高淳,01砖墙,砖墙张鹏单字,3,4,u,0.5221479,0.0010140995,0.0005138255,0.0018138557,0.022404741,0.5221479,0.44205952,4.6207264e-05,0.009878862,0.00012099938,u,0.5221479,0,1
0712_row_00042949,o,13高淳,01砖墙,砖墙张鹏单字,3,5,y,0.6965392,0.039539363,0.0009278243,0.074800365,0.18617366,0.0011208414,0.6965392,2.1006166e-05,0.00064836506,0.00022935004,y,0.6965392,0,1
0712_row_00042950,o,13高淳,01砖墙,砖墙张鹏单字,3,4,u,0.6058184,0.0008145233,0.00029314953,0.002782295,0.036519967,0.6058184,0.35022563,2.2094655e-05,0.003389319,0.00013463027,u,0.6058184,0,1
0712_row_00042951,o,13高淳,01砖墙,砖墙张鹏单字,3,5,y,0.9404927,0.0002620409,0.0006644634,0.0016490197,0.027691757,0.019526433,0.9404927,1.2560715e-05,0.009671118,2.9927452e-05,y,0.9404927,0,1
0712_row_00042952,o,13高淳,01砖墙,砖墙张鹏单字,3,5,y,0.96422833,0.0002287271,0.0022955236,0.0067864,0.013847589,0.007729655,0.96422833,1.51448585e-05,0.00484261,2.5965765e-05,y,0.96422833,0,1
0712_row_00042953,o,13高淳,01砖墙,砖墙张鹏单字,3,5,y,0.99048436,1.0273679e-05,0.0005301802,0.0030937097,0.0018743194,0.00028592767,0.99048436,5.5262603e-07,0.0037148972,5.841129e-06,y,0.99048436,0,1
0712_row_00042955,o,13高淳,01砖墙,砖墙张鹏单字,3,5,y,0.98762727,1.572997e-05,0.00059564295,0.0021317892,0.0047129304,0.00040881347,0.98762727,1.0533196e-06,0.0044994242,7.3472966e-06,y,0.98762727,0,1
0712_row_00042956,a,13高淳,01砖墙,砖墙张鹏单字,0,5,y,0.74154913,0.00017781153,0.00016755541,0.00020101895,0.25718823,0.0005432037,0.74154913,3.2492771e-06,0.00016582538,3.8467037e-06,y,0.74154913,0,1
0712_row_00042957,a,13高淳,01砖墙,砖墙张鹏单字,0,5,y,0.49264503,0.00084531965,0.00014563759,0.009286449,0.014599366,0.47844538,0.49264503,1.8439809e-05,0.0034586766,0.0005555345,y,0.49264503,0,1
0712_row_00042958,a,13高淳,01砖墙,砖墙张鹏单字,0,5,y,0.27080476,0.18070027,0.010151561,0.02226594,0.16679917,0.11014348,0.27080476,0.0007614299,0.15086299,0.087510385,y,0.27080476,0,1
0712_row_00042959,a,13高淳,01砖墙,砖墙张鹏单字,0,4,u,0.6675929,0.008751553,0.00070271495,0.020696802,0.019947032,0.6675929,0.25813282,0.000100724414,0.023121344,0.0009541955,u,0.6675929,0,1
0712_row_00042960,a,13高淳,01砖墙,砖墙张鹏单字,0,5,y,0.6608606,0.0004999575,0.0008433653,0.007628197,0.012667497,0.30905014,0.6608606,4.673216e-05,0.008127851,0.0002756289,y,0.6608606,0,1
0712_row_00042961,a,13高淳,01砖墙,砖墙张鹏单字,0,2,i,0.57066584,0.0027048017,0.0016187315,0.57066584,0.00265863,0.063958734,0.3143413,0.00019512059,0.010781617,0.033075284,i,0.57066584,0,1
0712_row_00042962,a,13高淳,01砖墙,砖墙张鹏单字,0,4,u,0.63268805,0.089961015,0.00913208,0.092349924,0.016737882,0.63268805,0.06759661,0.0017227445,0.08463369,0.0051779673,u,0.63268805,0,1
0712_row_00042963,a,13高淳,01砖墙,砖墙张鹏单字,0,0,a,0.7143102,0.7143102,0.007087679,0.0074765775,0.0018378187,0.0004083412,1.479445e-05,0.22338858,0.044492606,0.0009833489,a,0.7143102,0,1
0712_row_00042964,a,13高淳,01砖墙,砖墙张鹏单字,0,5,y,0.54535276,0.011387368,0.00604193,0.038281128,0.015812399,0.3108853,0.54535276,0.0005702619,0.06556605,0.0061027966,y,0.54535276,0,1
0712_row_00042965,a,13高淳,01砖墙,砖墙张鹏单字,0,5,y,0.6718377,0.019466937,0.02094593,0.24204871,0.015518885,0.021060795,0.6718377,0.00016721997,0.0063967803,0.002557068,y,0.6718377,0,1
0712_row_00042966,a,13高淳,01砖墙,砖墙张鹏单字,0,8,ɛ,0.6643675,0.3180572,0.0019927649,0.00033801506,0.00065973186,1.1745047e-05,0.00030082033,0.00014019328,0.014131992,0.6643675,ɛ,0.6643675,0,1
0712_row_00042967,i,13高淳,01砖墙,砖墙张鹏单字,2,5,y,0.7260504,0.00053805974,0.00033893605,0.08543337,0.005692107,0.17835514,0.7260504,5.9476817e-05,0.0012176333,0.0023149156,y,0.7260504,0,1
0712_row_00042968,a,13高淳,01砖墙,砖墙张鹏单字,0,2,i,0.6694495,0.0030874072,0.00074712903,0.6694495,0.0014289946,0.016726142,0.24398509,0.000110889894,0.004358601,0.060106233,i,0.6694495,0,1
0712_row_00042969,a,13高淳,01砖墙,砖墙张鹏单字,0,2,i,0.961811,0.012973989,0.0058414307,0.961811,0.0046283174,0.00020259497,0.014142971,1.7809503e-05,5.8012778e-05,0.00032390244,i,0.961811,0,1
0712_row_00042970,a,13高淳,01砖墙,砖墙张鹏单字,0,5,y,0.6727737,0.01398857,0.010331014,0.24892949,0.020367453,0.018504987,0.6727737,0.00023719468,0.010837967,0.0040296284,y,0.6727737,0,1
0712_row_00042971,a,13高淳,01砖墙,砖墙张鹏单字,0,5,y,0.8198807,0.0032263435,0.008256364,0.10917953,0.02129121,0.03389393,0.8198807,0.00013917807,0.0029388326,0.001193819,y,0.8198807,0,1
0712_row_00042972,ə,13高淳,01砖墙,砖墙张鹏单字,7,0,a,0.9072363,0.9072363,0.018400615,5.518221e-05,0.018411003,0.0123969605,1.1683483e-05,0.0020213767,0.041456997,1.0020248e-05,a,0.9072363,0,1
0712_row_00042973,i,13高淳,01砖墙,砖墙张鹏单字,2,2,i,0.99286884,0.00045704292,0.00035526507,0.99286884,0.000106454674,4.439558e-05,0.0042895614,2.9310695e-06,0.0009931836,0.0008824229,i,0.99286884,0,1
0712_row_00042974,i,13高淳,01砖墙,砖墙张鹏单字,2,8,ɛ,0.42130068,0.20698538,0.03745324,0.10299223,0.00087304594,0.0006524992,0.03161697,0.0001957199,0.1979302,0.42130068,ɛ,0.42130068,0,1
0712_row_00042975,a,13高淳,01砖墙,砖墙张鹏单字,0,2,i,0.8658695,0.0722405,0.0026088846,0.8658695,0.004762139,0.0006041426,0.053256605,2.5252195e-05,7.133365e-05,0.0005616361,i,0.8658695,0,1
0712_row_00042976,i,13高淳,01砖墙,砖墙张鹏单字,2,2,i,0.25121582,0.21847288,0.24665448,0.25121582,0.0109572625,0.23447813,0.027533403,0.00017477298,0.009110312,0.0014028847,i,0.25121582,0,1
0712_row_00042977,i,13高淳,01砖墙,砖墙张鹏单字,2,2,i,0.9699204,0.013575832,0.00072604057,0.9699204,9.695134e-05,0.00018276207,0.0058727744,3.7246568e-06,0.009467734,0.00015383697,i,0.9699204,0,1
0712_row_00042978,i,13高淳,01砖墙,砖墙张鹏单字,2,2,i,0.47633317,0.004071093,4.6384255e-05,0.47633317,0.0025028586,0.08961837,0.40181854,9.86867e-06,0.023380226,0.002219602,i,0.47633317,0,1
0712_row_00042979,y,13高淳,01砖墙,砖墙张鹏单字,5,4,u,0.4847102,0.0022458828,4.680629e-05,0.16097209,0.0032381199,0.4847102,0.32725036,1.4008007e-05,0.021205783,0.00031676368,u,0.4847102,0,1
0712_row_00042980,a,13高淳,01砖墙,砖墙张鹏单字,0,0,a,0.50325316,0.50325316,0.00035382487,1.09781295e-05,0.26438203,0.08120086,9.802044e-05,0.00021441672,0.15047178,1.4925357e-05,a,0.50325316,0,1
0712_row_00042981,i,13高淳,01砖墙,砖墙张鹏单字,2,7,ə,0.83889663,0.13135706,0.0001764163,0.005939382,0.015683884,0.0042730896,0.0034021696,3.729403e-05,0.83889663,0.00023413818,ə,0.83889663,0,1
0712_row_00042982,i,13高淳,01砖墙,砖墙张鹏单字,2,1,e,0.4467702,0.35099855,0.4467702,0.017934708,0.0061172238,0.024400136,0.0016264006,0.0033671148,0.14704204,0.0017435965,e,0.4467702,0,1
0712_row_00042983,a,13高淳,01砖墙,砖墙张鹏单字,0,1,e,0.48919082,0.23826791,0.48919082,0.109790325,0.014596707,0.027124917,0.01950783,0.0005315012,0.07899279,0.021997329,e,0.48919082,0,1
0712_row_00042984,a,13高淳,01砖墙,砖墙张鹏单字,0,4,u,0.5491272,0.30981544,0.0096016675,0.09235384,0.002657654,0.5491272,0.012198716,0.00014474032,0.022833206,0.0012674878,u,0.5491272,0,1
0712_row_00042985,a,13高淳,01砖墙,砖墙张鹏单字,0,0,a,0.74641186,0.74641186,0.0016700275,0.23175198,0.008440661,0.0032231046,0.0072815777,1.8839948e-05,0.0002661312,0.0009356639,a,0.74641186,0,1
0712_row_00042986,a,13高淳,01砖墙,砖墙张鹏单字,0,5,y,0.51748174,0.0018811515,0.00046436442,0.03117958,0.019925892,0.41581818,0.51748174,4.602323e-05,0.004768786,0.008434346,y,0.51748174,0,1
0712_row_00042987,a,13高淳,01砖墙,砖墙张鹏单字,0,5,y,0.28525567,0.15234005,0.04268632,0.02270083,0.2037801,0.1499589,0.28525567,0.0009901226,0.08386237,0.058425657,y,0.28525567,0,1
0712_row_00042988,a,13高淳,01砖墙,砖墙张鹏单字,0,4,u,0.55197567,0.019166296,0.0027792386,0.004204254,0.03687924,0.55197567,0.3040375,0.0001686856,0.07993168,0.00085733045,u,0.55197567,0,1
0712_row_00042989,a,13高淳,01砖墙,砖墙张鹏单字,0,1,e,0.5297693,0.022322288,0.5297693,0.0024259673,0.006961521,0.41868332,0.006735469,0.00011556248,0.004631108,0.00835547,e,0.5297693,0,1
0712_row_00042990,a,13高淳,01砖墙,砖墙张鹏单字,0,1,e,0.51099306,0.03094117,0.51099306,0.22365981,0.008049563,0.21429363,0.0076335096,0.0025796876,0.0006100585,0.0012395165,e,0.51099306,0,1
0712_row_00042991,a,13高淳,01砖墙,砖墙张鹏单字,0,0,a,0.9262683,0.9262683,0.00029384068,0.0002037074,0.0016982281,0.000110639565,1.040718e-05,0.06971778,0.0007314451,0.0009657354,a,0.9262683,0,1
0712_row_00042992,a,13高淳,01砖墙,砖墙张鹏单字,0,5,y,0.59533834,0.0045768595,0.0031584394,0.14115077,0.01741659,0.085062064,0.59533834,0.00022894915,0.015259497,0.13780841,y,0.59533834,0,1
0712_row_00042993,a,13高淳,01砖墙,砖墙张鹏单字,0,5,y,0.6432635,0.0017788085,0.0007218696,0.25299484,0.0036242905,0.080568485,0.6432635,0.00013313344,0.0034616333,0.013453379,y,0.6432635,0,1
0712_row_00042994,a,13高淳,01砖墙,砖墙张鹏单字,0,6,ɔ,0.7444684,0.25305912,0.00057061075,0.0012995955,0.00024421237,4.12953e-05,5.8965514e-07,0.7444684,0.0002659341,5.019112e-05,ɔ,0.7444684,0,1
0712_row_00042995,a,13高淳,01砖墙,砖墙张鹏单字,0,0,a,0.8153432,0.8153432,0.0011379385,0.00011391002,0.005562191,0.004079036,4.833197e-06,0.1346603,0.03885876,0.0002397501,a,0.8153432,0,1
0712_row_00042996,a,13高淳,01砖墙,砖墙张鹏单字,0,0,a,0.8852163,0.8852163,0.004529353,0.028235992,0.0001940641,0.0015786156,0.001534841,2.1873599e-05,0.034452442,0.044236485,a,0.8852163,0,1
0712_row_00042997,i,13高淳,01砖墙,砖墙张鹏单字,2,2,i,0.57682806,0.025989264,0.027068866,0.57682806,0.011696481,0.06591113,0.27320147,0.00043614948,0.0043646116,0.014503937,i,0.57682806,0,1
0712_row_00042998,i,13高淳,01砖墙,砖墙张鹏单字,2,2,i,0.6498094,0.30618882,0.00040475666,0.6498094,0.003217908,0.00021976972,0.03952564,5.817378e-06,0.00037006894,0.00025777202,i,0.6498094,0,1
0712_row_00042999,i,13高淳,01砖墙,砖墙张鹏单字,2,2,i,0.9467732,0.007266025,0.029048804,0.9467732,0.0033445251,0.0016401293,0.011307226,4.46683e-05,0.00012145891,0.0004540482,i,0.9467732,0,1
0712_row_00043000,i,13高淳,01砖墙,砖墙张鹏单字,2,2,i,0.84597564,0.0011450711,0.00029331015,0.84597564,0.00036499088,0.003382923,0.10447376,3.072863e-05,0.0028496021,0.041484002,i,0.84597564,0,1
0712_row_00043001,a,13高淳,01砖墙,砖墙张鹏单字,0,2,i,0.7391514,0.0038367754,0.0014299862,0.7391514,0.0005527186,0.005936853,0.041220162,7.9012956e-05,0.025245572,0.1825476,i,0.7391514,0,1
0712_row_00043002,a,13高淳,01砖墙,砖墙张鹏单字,0,5,y,0.38100168,0.018932521,0.013439112,0.06903771,0.0871084,0.21266878,0.38100168,0.00038689547,0.10075137,0.116673455,y,0.38100168,0,1
0712_row_00043003,e,13高淳,01砖墙,砖墙张鹏单字,1,4,u,0.39601094,0.2883744,0.09154185,0.070787795,0.01610039,0.39601094,0.08246645,0.0009965121,0.045739114,0.007982475,u,0.39601094,0,1
0712_row_00043004,ə,13高淳,01砖墙,砖墙张鹏单字,7,0,a,0.6130818,0.6130818,0.010546538,0.00029773617,0.023763826,0.17928211,0.00015227628,0.0024547488,0.17028195,0.00013883239,a,0.6130818,0,1
0712_row_00043005,i,13高淳,01砖墙,砖墙张鹏单字,2,2,i,0.9340246,0.0019634105,0.060532782,0.9340246,0.00031090266,0.00093380845,0.0016805548,3.7970814e-05,0.00019316797,0.0003228621,i,0.9340246,0,1
0712_row_00043006,e,13高淳,01砖墙,砖墙张鹏单字,1,2,i,0.4092506,0.26936054,0.011719859,0.4092506,0.0015436156,0.2983997,0.003920107,3.9838298e-05,0.0045241755,0.0012417431,i,0.4092506,0,1
0712_row_00043007,i,13高淳,01砖墙,砖墙张鹏单字,2,2,i,0.8290638,0.16275415,0.0021106,0.8290638,0.00036573253,0.00031614528,0.0037446728,9.270875e-06,0.00032450797,0.0013111252,i,0.8290638,0,1
0712_row_00043008,a,13高淳,01砖墙,砖墙张鹏单字,0,5,y,0.5359273,0.0010213563,0.0008473998,0.0007706695,0.022115357,0.38640308,0.5359273,1.8638859e-05,0.052844185,5.2068983e-05,y,0.5359273,0,1
0712_row_00043009,a,13高淳,01砖墙,砖墙张鹏单字,0,5,y,0.83488613,0.00057067815,0.0011581162,0.0015046283,0.011692032,0.08861818,0.83488613,3.729955e-05,0.061444305,8.853874e-05,y,0.83488613,0,1
0712_row_00043010,a,13高淳,01砖墙,砖墙张鹏单字,0,5,y,0.60645926,0.00023864472,0.00019064231,0.0010552881,0.0127055505,0.3724831,0.60645926,7.60865e-06,0.0068394905,2.0411633e-05,y,0.60645926,0,1
0712_row_00043011,a,13高淳,01砖墙,砖墙张鹏单字,0,5,y,0.91365784,0.0087227905,0.007809457,0.0144067295,0.0074491356,0.04361429,0.91365784,1.8724302e-05,0.004282326,3.8611288e-05,y,0.91365784,0,1
0712_row_00043012,a,13高淳,01砖墙,砖墙张鹏单字,0,4,u,0.6444873,0.05112083,0.00801684,0.0077565606,0.015431354,0.6444873,0.26381573,6.30593e-05,0.00907468,0.00023363484,u,0.6444873,0,1
0712_row_00043013,a,13高淳,01砖墙,砖墙张鹏单字,0,0,a,0.97799224,0.97799224,0.0008258737,0.011555931,0.0004368207,0.00024127269,1.3173149e-05,0.005022928,0.0031814622,0.0007301657,a,0.97799224,0,1
0712_row_00043014,a,13高淳,01砖墙,砖墙张鹏单字,0,5,y,0.69693846,0.08010448,0.012319109,0.081184685,0.0068081887,0.0100950245,0.69693846,6.3221254e-05,0.111318015,0.0011688292,y,0.69693846,0,1
0712_row_00043015,a,13高淳,01砖墙,砖墙张鹏单字,0,8,ɛ,0.9344254,0.062448014,0.00093121076,0.00061970163,2.0442656e-05,5.0473764e-06,3.373395e-05,2.0657833e-06,0.0015143105,0.9344254,ɛ,0.9344254,0,1
0712_row_00043016,a,13高淳,01砖墙,砖墙张鹏单字,0,1,e,0.57080203,0.07704299,0.57080203,0.027940007,0.008282518,0.0062313178,0.2908432,7.297278e-05,0.012740949,0.006044057,e,0.57080203,0,1
0712_row_00043017,a,13高淳,01砖墙,砖墙张鹏单字,0,0,a,0.9745641,0.9745641,0.0019299359,0.009173829,0.00092397677,0.0004182988,8.386285e-06,0.010780308,0.001748307,0.00045288037,a,0.9745641,0,1
0712_row_00043018,a,13高淳,01砖墙,砖墙张鹏单字,0,5,y,0.723225,0.0002075637,0.0006476584,0.0052958988,0.006558102,0.25685412,0.723225,1.9470683e-05,0.007093833,9.824712e-05,y,0.723225,0,1
0712_row_00043019,a,13高淳,01砖墙,砖墙张鹏单字,0,4,u,0.49208245,0.0012416414,0.0003501277,0.0032170012,0.03505105,0.49208245,0.45425913,3.9757197e-05,0.013632326,0.00012658353,u,0.49208245,0,1
0712_row_00043020,a,13高淳,01砖墙,砖墙张鹏单字,0,5,y,0.656028,0.00029800288,0.00032917754,0.0014410602,0.011869188,0.32287362,0.656028,1.52024e-05,0.007092724,5.3102547e-05,y,0.656028,0,1
0712_row_00043021,a,13高淳,01砖墙,砖墙张鹏单字,0,5,y,0.5562481,0.0008594065,0.00079416105,0.0024179523,0.024287209,0.40315065,0.5562481,4.040979e-05,0.012034973,0.00016709969,y,0.5562481,0,1
0712_row_00043022,a,13高淳,01砖墙,砖墙张鹏单字,0,5,y,0.5141305,0.0022559273,0.0013140724,0.0047679935,0.038420986,0.4224015,0.5141305,0.000108999506,0.01629173,0.00030842898,y,0.5141305,0,1
0712_row_00043023,u,13高淳,01砖墙,砖墙张鹏单字,4,5,y,0.574081,0.00039773164,0.0002586896,0.0013420928,0.020492477,0.39969313,0.574081,1.0647764e-05,0.003680376,4.3822765e-05,y,0.574081,0,1
0712_row_00043024,i,13高淳,01砖墙,砖墙张鹏单字,2,5,y,0.4406781,0.010571584,0.021247046,0.34537503,0.010740116,0.15020443,0.4406781,0.00053211686,0.007697232,0.012954262,y,0.4406781,0,1
0712_row_00043025,y,13高淳,01砖墙,砖墙张鹏单字,5,5,y,0.4319318,0.05971995,0.016734023,0.023115266,0.012137526,0.3682056,0.4319318,0.00021368923,0.08521127,0.0027309915,y,0.4319318,0,1
0712_row_00043026,y,13高淳,01砖墙,砖墙张鹏单字,5,4,u,0.6931893,0.041041926,0.013537905,0.0840631,0.037481446,0.6931893,0.1006002,0.00084826257,0.026665142,0.0025726617,u,0.6931893,0,1
0712_row_00043027,a,13高淳,01砖墙,砖墙张鹏单字,0,2,i,0.9089452,0.014723831,0.055026833,0.9089452,0.004095589,0.0014099415,0.015167712,4.9217746e-05,0.000112606525,0.0004691359,i,0.9089452,0,1
0712_row_00043028,a,13高淳,01砖墙,砖墙张鹏单字,0,0,a,0.6121317,0.6121317,0.124286175,0.0908782,0.0035291265,0.08684128,0.02448846,0.00024876947,0.031728327,0.025867928,a,0.6121317,0,1
0712_row_00043029,a,13高淳,01砖墙,砖墙张鹏单字,0,0,a,0.89145654,0.89145654,0.00093603984,0.00025733476,0.0011959504,0.0012082554,2.4905155e-06,0.08648671,0.018210676,0.0002458978,a,0.89145654,0,1
0712_row_00043030,y,13高淳,01砖墙,砖墙张鹏单字,5,5,y,0.43134674,0.0067792702,0.042400576,0.3709431,0.0029075115,0.000103823724,0.43134674,4.5861474e-05,0.11059726,0.034875892,y,0.43134674,0,1
0712_row_00043031,e,13高淳,01砖墙,砖墙张鹏单字,1,2,i,0.48277724,0.024386205,0.05990126,0.48277724,0.0018254179,0.00044823127,0.26958874,9.6726726e-05,0.12823734,0.032738835,i,0.48277724,0,1
0712_row_00043032,e,13高淳,01砖墙,砖墙张鹏单字,1,0,a,0.89905804,0.89905804,0.004038304,0.021361038,7.7411e-05,0.00065881544,0.0006870572,4.07278e-06,0.02003883,0.05407641,a,0.89905804,0,1
0712_row_00043033,e,13高淳,01砖墙,砖墙张鹏单字,1,4,u,0.4439192,0.18177854,0.03158854,0.058121398,0.011347633,0.4439192,0.17104757,0.0008247861,0.09524392,0.00612839,u,0.4439192,0,1
0712_row_00043034,ə,13高淳,01砖墙,砖墙张鹏单字,7,7,ə,0.73613435,0.04154406,0.0008598344,0.00015320993,0.21226306,0.00023885393,0.0067258067,0.00015496966,0.73613435,0.0019258083,ə,0.73613435,0,1
0712_row_00043035,ə,13高淳,01砖墙,砖墙张鹏单字,7,3,o,0.9453839,0.0016485484,3.9146576e-05,7.127021e-06,0.9453839,0.0021302705,5.0721992e-05,6.540456e-05,0.050659053,1.585788e-05,o,0.9453839,0,1
0712_row_00043036,i,13高淳,01砖墙,砖墙张鹏单字,2,2,i,0.9955428,0.0019283204,0.00023743755,0.9955428,4.0712686e-05,1.8377721e-05,0.0011720548,1.8545818e-06,0.0010448118,1.3505495e-05,i,0.9955428,0,1
0712_row_00043037,i,13高淳,01砖墙,砖墙张鹏单字,2,5,y,0.51745254,0.0011844272,2.768213e-05,0.32621413,0.00021568254,0.0071586063,0.51745254,1.6424183e-06,0.14741385,0.00033146958,y,0.51745254,0,1
0712_row_00043038,i,13高淳,01砖墙,砖墙张鹏单字,2,2,i,0.6899446,0.0008491333,3.426448e-05,0.6899446,0.0002514084,0.014365127,0.28827557,3.5702196e-06,0.004180398,0.0020959117,i,0.6899446,0,1
0712_row_00043039,i,13高淳,01砖墙,砖墙张鹏单字,2,2,i,0.9769473,0.011302759,0.00035434298,0.9769473,0.0004919018,8.97219e-05,0.009646759,3.2788466e-06,0.0011102488,5.3825002e-05,i,0.9769473,0,1
0712_row_00043040,i,13高淳,01砖墙,砖墙张鹏单字,2,2,i,0.82044756,0.161858,0.0044626934,0.82044756,0.001099285,0.0007254247,0.009838941,1.6943231e-05,0.000391241,0.001159827,i,0.82044756,0,1
0712_row_00043041,i,13高淳,01砖墙,砖墙张鹏单字,2,0,a,0.9655542,0.9655542,0.011517969,0.00080754963,0.0005855921,0.0010077961,8.091006e-07,0.0005159825,0.01988612,0.00012388646,a,0.9655542,0,1
0712_row_00043042,i,13高淳,01砖墙,砖墙张鹏单字,2,5,y,0.5457537,0.03069646,0.00012817087,0.13194355,0.001701066,0.22657312,0.5457537,1.9052733e-05,0.062329464,0.0008553909,y,0.5457537,0,1
0712_row_00043043,i,13高淳,01砖墙,砖墙张鹏单字,2,4,u,0.43761542,0.015073256,0.00011147693,0.21611683,0.000796204,0.43761542,0.2386757,1.555166e-05,0.09132208,0.00027346332,u,0.43761542,0,1
0712_row_00043044,ə,13高淳,01砖墙,砖墙张鹏单字,7,3,o,0.9198198,0.0017420993,4.3112643e-05,1.3413413e-06,0.9198198,0.00086826173,3.5944386e-06,9.968046e-06,0.07751157,3.4693124e-07,o,0.9198198,0,1
0712_row_00043045,ə,13高淳,01砖墙,砖墙张鹏单字,7,3,o,0.8608248,0.05135271,0.0011130448,0.00045971794,0.8608248,0.0032120352,0.0002464234,0.0017274519,0.080694206,0.0003695551,o,0.8608248,0,1
0712_row_00043046,u,13高淳,01砖墙,砖墙张鹏单字,4,3,o,0.9980495,0.00047139503,8.838994e-06,1.670556e-06,0.9980495,0.00071663415,6.670947e-06,2.7970718e-05,0.00071676535,7.156025e-07,o,0.9980495,0,1
0712_row_00043047,u,13高淳,01砖墙,砖墙张鹏单字,4,4,u,0.78060895,0.06371266,0.00033863442,0.002483259,0.046209242,0.78060895,0.038627736,5.809463e-05,0.067908704,5.273871e-05,u,0.78060895,0,1
0712_row_00043048,u,13高淳,01砖墙,砖墙张鹏单字,4,3,o,0.63263613,0.016048191,0.00020123318,0.0009514892,0.63263613,0.26954538,0.014185152,8.491634e-05,0.066271596,7.583499e-05,o,0.63263613,0,1
0712_row_00043049,u,13高淳,01砖墙,砖墙张鹏单字,4,0,a,0.36447737,0.36447737,0.0013246372,0.00016015765,0.24779914,0.08534593,0.00087278406,0.00017029706,0.29971558,0.00013411198,a,0.36447737,0,1
0712_row_00043050,u,13高淳,01砖墙,砖墙张鹏单字,4,3,o,0.505453,0.033429757,0.00024992222,0.0008510526,0.505453,0.3209101,0.013320548,0.00012856664,0.12558044,7.6511686e-05,o,0.505453,0,1
0712_row_00043051,y,13高淳,01砖墙,砖墙张鹏单字,5,5,y,0.87684876,0.025077745,0.0011874486,0.013186874,0.0018352143,0.041426342,0.87684876,1.471666e-05,0.040250927,0.0001719372,y,0.87684876,0,1
0712_row_00043052,ə,13高淳,01砖墙,砖墙张鹏单字,7,3,o,0.8047509,0.11378023,0.00014254519,2.7775874e-05,0.8047509,0.042482328,0.0003840557,5.582853e-05,0.03836857,7.766603e-06,o,0.8047509,0,1
0712_row_00043053,ə,13高淳,01砖墙,砖墙张鹏单字,7,3,o,0.9657213,0.0007922278,2.8680157e-05,2.735988e-07,0.9657213,0.00051864184,3.9276324e-06,2.7028571e-05,0.032907203,6.342039e-07,o,0.9657213,0,1
0712_row_00043054,ə,13高淳,01砖墙,砖墙张鹏单字,7,3,o,0.9991265,0.000284847,1.3833778e-06,8.6079325e-07,0.9991265,0.00017177449,3.025603e-06,9.686132e-06,0.00040190291,1.8113239e-07,o,0.9991265,0,1
0712_row_00043055,y,13高淳,01砖墙,砖墙张鹏单字,5,5,y,0.7859073,0.06275703,0.0026011516,0.006236308,0.004189303,0.031907894,0.7859073,5.885146e-05,0.10581781,0.0005243413,y,0.7859073,0,1
0712_row_00043056,y,13高淳,01砖墙,砖墙张鹏单字,5,0,a,0.35570896,0.35570896,0.00045471356,0.30608663,0.002834776,0.0030712418,0.23807527,6.4137153e-06,0.09365748,0.00010460631,a,0.35570896,0,1
0712_row_00043057,o,13高淳,01砖墙,砖墙张鹏单字,3,6,ɔ,0.57994956,0.41662332,0.0012576095,0.0014959198,0.00030499045,0.0001578905,2.5003608e-06,0.57994956,8.3839586e-05,0.00012427219,ɔ,0.57994956,0,1
0712_row_00043058,o,13高淳,01砖墙,砖墙张鹏单字,3,0,a,0.58776635,0.58776635,0.38145185,0.016701989,0.001472551,0.0040433127,0.000158658,9.945499e-05,0.0048968643,0.0034090572,a,0.58776635,0,1
0712_row_00043059,o,13高淳,01砖墙,砖墙张鹏单字,3,0,a,0.87865525,0.87865525,0.0019119661,0.00029921476,0.0022928172,0.0004433993,1.588872e-06,0.09741134,0.018090203,0.0008940501,a,0.87865525,0,1
0712_row_00043060,o,13高淳,01砖墙,砖墙张鹏单字,3,0,a,0.9645456,0.9645456,0.0015193436,0.0139806615,0.0003949857,0.00011119843,4.7143208e-06,0.0054761902,0.0005013206,0.01346598,a,0.9645456,0,1
0712_row_00043061,a,13高淳,01砖墙,砖墙张鹏单字,0,0,a,0.9296586,0.9296586,0.00047554862,0.000291663,0.015804112,0.00238999,1.98454e-05,0.04015001,0.011047799,0.00016233846,a,0.9296586,0,1
0712_row_00043062,a,13高淳,01砖墙,砖墙张鹏单字,0,0,a,0.9448248,0.9448248,0.0015681245,0.004776015,0.00052761857,0.002366946,3.701907e-05,0.0026565,0.041532494,0.0017104194,a,0.9448248,0,1
0712_row_00043063,ə,13高淳,01砖墙,砖墙张鹏单字,7,0,a,0.8152876,0.8152876,0.0005213164,0.00050240144,0.0037421002,0.0002818089,4.3059704e-06,0.15456854,0.023673682,0.0014183153,a,0.8152876,0,1
0712_row_00043064,a,13高淳,01砖墙,砖墙张鹏单字,0,0,a,0.95660084,0.95660084,0.0018215332,0.022826064,0.007881995,0.0036820679,8.625435e-05,0.0041732467,0.0017032919,0.0012247864,a,0.95660084,0,1
0712_row_00043065,a,13高淳,01砖墙,砖墙张鹏单字,0,0,a,0.99293315,0.99293315,0.00080332754,0.00015808451,0.00051637104,0.0016930435,1.1533008e-06,0.0006614871,0.0030335123,0.0001999548,a,0.99293315,0,1
0712_row_00043066,a,13高淳,01砖墙,砖墙张鹏单字,0,0,a,0.8491596,0.8491596,0.00053563865,0.0017547755,0.00081261614,0.0010421181,1.2784965e-06,0.14489655,0.0017409337,5.6499415e-05,a,0.8491596,0,1
0712_row_00043067,a,13高淳,01砖墙,砖墙张鹏单字,0,0,a,0.9614768,0.9614768,0.00054566667,0.003645076,0.0004039301,0.0014575367,3.1609748e-06,0.024721524,0.0074891704,0.0002570313,a,0.9614768,0,1
0712_row_00043068,a,13高淳,01砖墙,砖墙张鹏单字,0,0,a,0.8211901,0.8211901,0.002220026,0.08439807,0.00016914464,0.00076528185,4.1883526e-05,0.0011090031,0.004295625,0.08581074,a,0.8211901,0,1
0712_row_00043069,a,13高淳,01砖墙,砖墙张鹏单字,0,0,a,0.9514901,0.9514901,0.0032409686,0.0018916358,0.0003344457,0.0014529072,1.6240208e-05,0.0006402099,0.03582752,0.005106007,a,0.9514901,0,1
0712_row_00043070,a,13高淳,01砖墙,砖墙张鹏单字,0,0,a,0.8577818,0.8577818,0.005719202,0.0005434646,0.003501898,5.298118e-05,0.00077472214,0.0010989794,0.039219145,0.09130789,a,0.8577818,0,1
0712_row_00043071,a,13高淳,01砖墙,砖墙张鹏单字,0,0,a,0.9035262,0.9035262,0.0009738057,0.0006029027,0.003653811,2.3181025e-05,2.3612047e-05,0.00016109183,0.0015110378,0.08952432,a,0.9035262,0,1
0712_row_00043072,a,13高淳,01砖墙,砖墙张鹏单字,0,0,a,0.7766231,0.7766231,0.007843891,0.024715168,0.00062486663,0.004374183,0.0011692954,0.0015671484,0.08032989,0.10275258,a,0.7766231,0,1
0712_row_00043073,a,13高淳,01砖墙,砖墙张鹏单字,0,0,a,0.91438735,0.91438735,0.0002970893,0.00049394625,0.007742548,2.1716985e-05,7.95952e-06,0.0003281967,0.0014082179,0.07531303,a,0.91438735,0,1
0712_row_00043074,e,13高淳,01砖墙,砖墙张鹏单字,1,8,ɛ,0.55563456,0.36433673,0.009229748,0.004111102,0.00021966541,8.587176e-05,0.0009806461,0.00033068034,0.065071106,0.55563456,ɛ,0.55563456,0,1
0712_row_00043075,o,13高淳,01砖墙,砖墙张鹏单字,3,0,a,0.94503343,0.94503343,0.0033126797,0.00587756,0.005860279,0.001854244,0.0009414181,0.002944312,0.032129917,0.0020461797,a,0.94503343,0,1
0712_row_00043076,e,13高淳,01砖墙,砖墙张鹏单字,1,0,a,0.94624376,0.94624376,0.049053974,0.00075270265,0.00020080044,0.0011717966,1.4108391e-06,9.974177e-05,0.0017561886,0.00071950286,a,0.94624376,0,1
0712_row_00043077,e,13高淳,01砖墙,砖墙张鹏单字,1,0,a,0.9897205,0.9897205,0.0055979313,0.0006319455,0.00061374105,0.0005603652,3.9516917e-06,2.2388488e-06,0.0019832503,0.00088588614,a,0.9897205,0,1
0712_row_00043078,e,13高淳,01砖墙,砖墙张鹏单字,1,0,a,0.8788186,0.8788186,0.019035239,0.003940881,0.0037955656,0.0017618425,7.677379e-05,0.0013586578,0.054604094,0.036608327,a,0.8788186,0,1
0712_row_00043079,e,13高淳,01砖墙,砖墙张鹏单字,1,0,a,0.53855747,0.53855747,0.19053511,0.0003147953,0.010731043,0.008498886,1.5524127e-05,0.004841623,0.24632949,0.00017616969,a,0.53855747,0,1
0712_row_00043080,e,13高淳,01砖墙,砖墙张鹏单字,1,0,a,0.4405173,0.4405173,0.14130859,0.0012030577,0.002494902,0.0010844808,0.00045741373,0.00016167773,0.016165145,0.3966075,a,0.4405173,0,1
0712_row_00043081,ə,13高淳,01砖墙,砖墙张鹏单字,7,3,o,0.40299487,0.35500076,0.0003890645,1.0525589e-05,0.40299487,0.06399805,7.33968e-05,0.00021589405,0.17730887,8.694968e-06,o,0.40299487,0,1
0712_row_00043082,e,13高淳,01砖墙,砖墙张鹏单字,1,0,a,0.9264032,0.9264032,0.041143652,0.010101456,0.00051639706,0.006356034,5.7145662e-05,6.902008e-05,0.013276644,0.0020765294,a,0.9264032,0,1
0712_row_00043083,o,13高淳,01砖墙,砖墙张鹏单字,3,0,a,0.9748029,0.9748029,0.009310771,0.00945459,0.0036943967,0.0007507938,2.7437894e-05,0.00025572555,0.00029173706,0.0014115652,a,0.9748029,0,1
0712_row_00043084,a,13高淳,01砖墙,砖墙张鹏单字,0,0,a,0.9782436,0.9782436,0.0010716207,0.010082208,0.00013572554,0.00024275434,1.9837248e-06,0.00012778646,0.0042385203,0.00585569,a,0.9782436,0,1
0712_row_00043085,ə,13高淳,01砖墙,砖墙张鹏单字,7,0,a,0.63913757,0.63913757,0.00043177672,1.747633e-05,0.27886793,0.011781034,4.393725e-05,0.00025746055,0.06942373,3.9005063e-05,a,0.63913757,0,1
0712_row_00043086,ə,13高淳,01砖墙,砖墙张鹏单字,7,4,u,0.5108098,0.0005187561,0.0003471946,0.0060768956,0.02149305,0.5108098,0.45817435,2.1637194e-05,0.002354873,0.00020348132,u,0.5108098,0,1
0712_row_00043087,ə,13高淳,01砖墙,砖墙张鹏单字,7,3,o,0.97891915,0.012125572,1.4716977e-05,1.6400767e-06,0.97891915,0.0015491084,7.534753e-06,4.0388844e-05,0.007339334,2.4978629e-06,o,0.97891915,0,1
0712_row_00043088,a,13高淳,01砖墙,砖墙张鹏单字,0,0,a,0.9350267,0.9350267,0.049158763,0.00050477596,0.0027670786,0.0029834257,3.5933997e-06,0.004577375,0.004865096,0.00011317006,a,0.9350267,0,1
0712_row_00043089,a,13高淳,01砖墙,砖墙张鹏单字,0,0,a,0.97032017,0.97032017,0.0042238417,0.0011332761,0.001055703,0.0016579588,4.5197266e-06,0.0013400579,0.019895284,0.00036927496,a,0.97032017,0,1
0712_row_00043090,e,13高淳,01砖墙,砖墙张鹏单字,1,0,a,0.82571524,0.82571524,0.017829364,0.0001564416,0.018032776,0.012354842,1.548348e-05,0.011536799,0.1142694,8.962917e-05,a,0.82571524,0,1
0712_row_00043091,i,13高淳,01砖墙,砖墙张鹏单字,2,2,i,0.9668415,0.017002938,0.00018254227,0.9668415,0.00014903952,0.00018107853,0.0067289397,3.444699e-06,0.008872253,3.8405553e-05,i,0.9668415,0,1
0712_row_00043092,i,13高淳,01砖墙,砖墙张鹏单字,2,3,o,0.9885201,0.00054126355,2.9784076e-05,2.8403351e-06,0.9885201,0.00021127035,4.6540704e-06,0.00021076824,0.01047666,2.76513e-06,o,0.9885201,0,1
0712_row_00043093,i,13高淳,01砖墙,砖墙张鹏单字,2,2,i,0.85715944,0.06937981,0.00062031485,0.85715944,0.0011911248,0.0012839972,0.063840225,8.152971e-06,0.0064508324,6.6039225e-05,i,0.85715944,0,1
0712_row_00043094,i,13高淳,01砖墙,砖墙张鹏单字,2,2,i,0.88693875,0.07639887,0.0007459333,0.88693875,0.00014588684,0.0033314645,0.0056043235,2.9149305e-05,0.026742551,6.3113876e-05,i,0.88693875,0,1
0712_row_00043095,ə,13高淳,01砖墙,砖墙张鹏单字,7,7,ə,0.42791715,0.14449345,0.0016094281,1.7527682e-05,0.41775978,0.007047165,0.00016660203,0.0009190915,0.42791715,6.9878035e-05,ə,0.42791715,0,1
0712_row_00043096,ə,13高淳,01砖墙,砖墙张鹏单字,7,0,a,0.4124414,0.4124414,0.001174996,0.00010344784,0.37768158,0.026027193,6.594969e-05,0.0013748524,0.18104306,8.749038e-05,a,0.4124414,0,1
0712_row_00043097,i,13高淳,01砖墙,砖墙张鹏单字,2,4,u,0.51368976,0.022615798,0.00049926376,0.08258689,0.00634108,0.51368976,0.3200392,5.721623e-05,0.053988926,0.00018196394,u,0.51368976,0,1
0712_row_00043098,i,13高淳,01砖墙,砖墙张鹏单字,2,4,u,0.4252892,0.19280852,0.0005566572,0.044665877,0.0036031608,0.4252892,0.24290162,2.044863e-05,0.089986406,0.00016797108,u,0.4252892,0,1
0712_row_00043099,ə,13高淳,01砖墙,砖墙张鹏单字,7,4,u,0.6377142,0.08165053,0.0008729575,0.021518396,0.006737618,0.6377142,0.16480845,3.8033846e-05,0.08612858,0.00053126604,u,0.6377142,0,1
0712_row_00043100,i,13高淳,01砖墙,砖墙张鹏单字,2,2,i,0.8404028,0.119194664,0.00043201147,0.8404028,0.00012898586,0.0015882585,0.008428741,7.691356e-06,0.029580541,0.00023633959,i,0.8404028,0,1
0712_row_00043101,ə,13高淳,01砖墙,砖墙张鹏单字,7,0,a,0.76990163,0.76990163,0.0004663643,0.00036109277,0.20914447,0.0021020886,7.131666e-05,7.997124e-05,0.017781531,9.158673e-05,a,0.76990163,0,1
0712_row_00043102,ə,13高淳,01砖墙,砖墙张鹏单字,7,0,a,0.4319378,0.4319378,0.004428405,0.19832501,0.01090436,0.1158006,0.23462065,3.6008543e-05,0.0037931835,0.00015406952,a,0.4319378,0,1
0712_row_00043103,ə,13高淳,01砖墙,砖墙张鹏单字,7,5,y,0.49730468,0.0009646204,0.00054586853,0.13980927,0.00076239737,3.2928656e-05,0.49730468,4.3430464e-06,0.36045626,0.00011965837,y,0.49730468,0,1
0712_row_00043104,o,13高淳,01砖墙,砖墙张鹏单字,3,3,o,0.7562625,0.023170393,0.00020256781,1.5591153e-05,0.7562625,0.004815429,0.00013289614,0.00011155621,0.21527821,1.0879927e-05,o,0.7562625,0,1
0712_row_00043105,o,13高淳,01砖墙,砖墙张鹏单字,3,7,ə,0.6450448,0.18749438,0.0009881908,0.00015301451,0.16334832,0.0023110341,0.00043733887,6.2066894e-05,0.6450448,0.00016076912,ə,0.6450448,0,1
0712_row_00043106,o,13高淳,01砖墙,砖墙张鹏单字,3,3,o,0.9116748,0.0406763,0.00010221914,1.9302672e-06,0.9116748,0.0012032161,8.318481e-06,6.939155e-05,0.046261325,2.4934295e-06,o,0.9116748,0,1
0712_row_00043107,o,13高淳,01砖墙,砖墙张鹏单字,3,3,o,0.9316285,0.032263048,0.00015035698,4.483878e-05,0.9316285,0.018352289,8.829814e-05,9.427558e-05,0.017374601,3.7296313e-06,o,0.9316285,0,1
0712_row_00043108,o,13高淳,01砖墙,砖墙张鹏单字,3,0,a,0.4869439,0.4869439,0.0006531212,0.00022590916,0.239846,0.009192327,0.0001036144,9.850147e-05,0.2628033,0.00013329969,a,0.4869439,0,1
0712_row_00043109,o,13高淳,01砖墙,砖墙张鹏单字,3,3,o,0.9992687,0.00017949393,4.6718724e-06,3.1841554e-07,0.9992687,7.968452e-05,7.3309053e-07,2.0092677e-05,0.0004453776,8.0091655e-07,o,0.9992687,0,1
0712_row_00043110,o,13高淳,01砖墙,砖墙张鹏单字,3,3,o,0.99654096,0.00021648039,1.1051565e-05,4.112274e-06,0.99654096,0.00083902146,1.6982352e-05,8.188149e-05,0.0022847091,4.7834365e-06,o,0.99654096,0,1
0712_row_00043111,u,13高淳,01砖墙,砖墙张鹏单字,4,0,a,0.7190223,0.7190223,0.12221629,0.005267904,0.0029813105,0.020956125,0.00010508919,0.1257777,0.0032965576,0.00037667315,a,0.7190223,0,1
0712_row_00043112,o,13高淳,01砖墙,砖墙张鹏单字,3,3,o,0.98850876,0.0044991793,9.728417e-05,1.6248548e-05,0.98850876,0.0007158927,1.5957417e-05,2.8666896e-05,0.0061166314,1.530397e-06,o,0.98850876,0,1
0712_row_00043113,o,13高淳,01砖墙,砖墙张鹏单字,3,3,o,0.56142884,0.33559155,0.00042157967,1.2662198e-05,0.56142884,0.014718504,4.7367394e-05,0.00048988237,0.08726453,2.5064626e-05,o,0.56142884,0,1
0712_row_00043114,u,13高淳,01砖墙,砖墙张鹏单字,4,0,a,0.97977245,0.97977245,0.0013313877,0.0051644165,0.00040586834,0.001430328,8.217478e-06,0.0015801366,0.010078314,0.00022893028,a,0.97977245,0,1
0712_row_00043115,o,13高淳,01砖墙,砖墙张鹏单字,3,2,i,0.86803555,0.08535563,0.00449261,0.86803555,0.0035332958,0.000114414055,0.036093377,3.38356e-05,0.0006626664,0.001678633,i,0.86803555,0,1
0712_row_00043116,o,13高淳,01砖墙,砖墙张鹏单字,3,2,i,0.5475366,0.29358178,0.11458419,0.5475366,0.0038937046,0.013219399,0.0207793,0.00038073683,0.003799724,0.0022245375,i,0.5475366,0,1
0712_row_00043117,y,13高淳,01砖墙,砖墙张鹏单字,5,5,y,0.58631736,0.03169937,0.13060276,0.044622093,0.004314242,0.00027798698,0.58631736,3.7692662e-05,0.116411544,0.08571699,y,0.58631736,0,1
0712_row_00043118,o,13高淳,01砖墙,砖墙张鹏单字,3,0,a,0.74112207,0.74112207,0.00031781604,3.5108962e-05,0.11874285,0.04999784,8.364274e-05,0.0003191068,0.08935886,2.282332e-05,a,0.74112207,0,1
0712_row_00043119,o,13高淳,01砖墙,砖墙张鹏单字,3,3,o,0.873106,0.015858863,0.00013960285,4.5968022e-06,0.873106,0.00025651904,0.0004808269,0.0002236633,0.1098185,0.00011125026,o,0.873106,0,1
0712_row_00043120,a,13高淳,01砖墙,砖墙张鹏单字,0,0,a,0.93038386,0.93038386,0.0014529215,0.0101569425,0.001841014,0.00012304711,4.4523673e-05,0.027863456,0.0062622116,0.021872072,a,0.93038386,0,1
0712_row_00043121,a,13高淳,01砖墙,砖墙张鹏单字,0,0,a,0.98954904,0.98954904,0.0036017399,0.00084118516,9.6321295e-05,0.0005535705,4.607358e-07,6.298605e-05,0.0019196916,0.00337483,a,0.98954904,0,1
0712_row_00043122,a,13高淳,01砖墙,砖墙张鹏单字,0,0,a,0.9770323,0.9770323,0.008339151,0.007019393,0.00017485468,0.0023756006,3.534372e-06,0.0033657388,0.0010288451,0.00066070893,a,0.9770323,0,1
0712_row_00043123,a,13高淳,01砖墙,砖墙张鹏单字,0,8,ɛ,0.722114,0.27098367,0.0002999517,0.0051508844,0.00020471145,6.661335e-06,1.9127401e-05,9.1134916e-07,0.0012200244,0.722114,ɛ,0.722114,0,1
0712_row_00043124,ə,13高淳,01砖墙,砖墙张鹏单字,7,4,u,0.39974827,0.19846675,0.003281983,0.099775985,0.0039268075,0.39974827,0.21220289,0.00023505333,0.0792617,0.003100626,u,0.39974827,0,1
0712_row_00043125,ə,13高淳,01砖墙,砖墙张鹏单字,7,0,a,0.8497859,0.8497859,0.01759662,5.592475e-05,0.021677295,0.008870308,6.6108496e-06,0.01691714,0.08507316,1.7116245e-05,a,0.8497859,0,1
0712_row_00043126,ə,13高淳,01砖墙,砖墙张鹏单字,7,0,a,0.97317797,0.97317797,0.0026572542,0.0006352995,0.00032322932,0.0006045397,1.6931749e-06,0.00029645467,0.019624844,0.0026788465,a,0.97317797,0,1
0712_row_00043127,u,13高淳,01砖墙,砖墙张鹏单字,4,4,u,0.6434784,0.0073385006,0.0014539913,0.0030171508,0.020951778,0.6434784,0.3161182,4.4658387e-05,0.0075056786,9.165998e-05,u,0.6434784,0,1
0712_row_00043128,ə,13高淳,01砖墙,砖墙张鹏单字,7,4,u,0.51322985,0.005328784,0.00070916716,0.0006060156,0.0155757805,0.51322985,0.44365817,1.729847e-05,0.020828836,4.610097e-05,u,0.51322985,0,1
0712_row_00043129,ɛ,13高淳,01砖墙,砖墙张鹏单字,8,7,ə,0.38107118,0.06152994,0.026709143,0.0078001013,0.016728863,0.002206611,0.18774483,0.00013392844,0.38107118,0.3160755,ə,0.38107118,0,1
0712_row_00043130,ɛ,13高淳,01砖墙,砖墙张鹏单字,8,8,ɛ,0.34541804,0.2961888,0.029749839,0.015852286,0.006594506,0.0009388866,0.04069332,7.837045e-05,0.264486,0.34541804,ɛ,0.34541804,0,1
0712_row_00043131,u,13高淳,01砖墙,砖墙张鹏单字,4,1,e,0.82184756,0.0065412107,0.82184756,0.009456133,0.001004213,0.15842552,0.00089551107,0.00039758589,0.0011392047,0.00029311772,e,0.82184756,0,1
0712_row_00043132,a,13高淳,01砖墙,砖墙张鹏单字,0,0,a,0.93185025,0.93185025,0.005488471,0.0032110037,0.0020385443,0.036139365,0.00015382993,6.4405205e-05,0.020703753,0.00035040794,a,0.93185025,0,1
0712_row_00043133,i,13高淳,01砖墙,砖墙张鹏单字,2,2,i,0.94293624,0.0032451446,0.00250169,0.94293624,0.00084298564,0.0066865687,0.02296919,8.474273e-05,0.0027597856,0.017973753,i,0.94293624,0,1
0712_row_00043134,a,13高淳,01砖墙,砖墙张鹏单字,0,0,a,0.5037841,0.5037841,0.0012106665,0.0023729417,0.43858358,0.0082452735,7.233971e-05,0.045487955,0.00021973683,2.3389133e-05,a,0.5037841,0,1
0712_row_00043135,a,13高淳,01砖墙,砖墙张鹏单字,0,0,a,0.60438186,0.60438186,0.00015646494,0.0011834165,0.020161474,0.00051855424,9.134255e-06,0.37340218,0.0001731331,1.3817606e-05,a,0.60438186,0,1
0712_row_00043136,o,13高淳,01砖墙,砖墙张鹏单字,3,4,u,0.54049826,0.07112391,0.057222992,0.026550855,0.08098375,0.54049826,0.05488506,0.0040217433,0.15377939,0.010933968,u,0.54049826,0,1
0712_row_00043137,a,13高淳,01砖墙,砖墙张鹏单字,0,4,u,0.6948341,0.15735695,0.001264885,0.08783853,0.002847672,0.6948341,0.034261618,4.5961828e-05,0.02087768,0.000672533,u,0.6948341,0,1
0712_row_00043139,i,13高淳,01砖墙,砖墙张鹏单字,2,5,y,0.66315925,0.00043280498,0.0002500359,0.10674509,0.005782592,0.22070447,0.66315925,4.7094814e-05,0.0013941542,0.0014844665,y,0.66315925,0,1
0712_row_00043140,a,13高淳,01砖墙,砖墙张鹏单字,0,5,y,0.62682515,0.0013804535,0.00078760355,0.009964691,0.015588254,0.33914134,0.62682515,7.0784474e-05,0.002334065,0.0039076754,y,0.62682515,0,1
0712_row_00043141,a,13高淳,01砖墙,砖墙张鹏单字,0,5,y,0.5400776,0.03345076,0.061676238,0.12107166,0.011269003,0.024321299,0.5400776,0.00055595237,0.18007134,0.027506182,y,0.5400776,0,1
0712_row_00043142,i,13高淳,01砖墙,砖墙张鹏单字,2,0,a,0.45262828,0.45262828,0.12407556,0.21083589,0.003483411,0.19239104,0.005849554,6.583981e-05,0.007910458,0.0027599775,a,0.45262828,0,1
0712_row_00043143,i,13高淳,01砖墙,砖墙张鹏单字,2,4,u,0.51472276,0.020845845,0.0060069878,0.050032128,0.0416792,0.51472276,0.2966353,0.0008871294,0.061770882,0.007419691,u,0.51472276,0,1
0712_row_00043144,a,13高淳,01砖墙,砖墙张鹏单字,0,5,y,0.5033802,0.00067939697,0.00026596407,0.0012067306,0.03387265,0.4522509,0.5033802,1.1282796e-05,0.008292223,4.0663428e-05,y,0.5033802,0,1
0712_row_00043145,u,13高淳,01砖墙,砖墙张鹏单字,4,5,y,0.6086237,0.0005025011,0.00037538022,0.0026915986,0.02416578,0.3587096,0.6086237,1.4795762e-05,0.0048687146,4.793136e-05,y,0.6086237,0,1
0712_row_00043146,e,13高淳,01砖墙,砖墙张鹏单字,1,7,ə,0.2822407,0.23425388,0.10826902,0.043994963,0.016397897,0.19349949,0.10337245,0.0026293339,0.2822407,0.015342171,ə,0.2822407,0,1
0712_row_00043147,ə,13高淳,01砖墙,砖墙张鹏单字,7,3,o,0.970256,0.0004902416,7.095937e-05,4.120016e-06,0.970256,0.0006714898,3.1239756e-06,1.1810129e-05,0.028491896,3.6924098e-07,o,0.970256,0,1
0712_row_00043148,e,13高淳,01砖墙,砖墙张鹏单字,1,0,a,0.878496,0.878496,0.0037904868,0.107859045,0.0020487504,0.004978013,0.00016824988,0.0004098468,0.0010894496,0.0011600322,a,0.878496,0,1
0712_row_00043149,e,13高淳,01砖墙,砖墙张鹏单字,1,0,a,0.7937572,0.7937572,0.002668079,0.01526314,0.00019914214,3.8457747e-05,0.00045701576,0.0025445726,0.050028898,0.13504341,a,0.7937572,0,1
0712_row_00043150,a,13高淳,01砖墙,砖墙张鹏单字,0,0,a,0.9805989,0.9805989,0.0004537262,0.0008119691,0.0016048419,0.00901606,3.080105e-05,7.46571e-05,0.0071436046,0.00026537647,a,0.9805989,0,1
0712_row_00043151,o,13高淳,01砖墙,砖墙张鹏单字,3,3,o,0.93077254,0.00084315933,2.3637529e-05,6.3138873e-07,0.93077254,4.1809373e-05,2.2739232e-05,3.18438e-05,0.0682476,1.5969445e-05,o,0.93077254,0,1
0712_row_00043152,o,13高淳,01砖墙,砖墙张鹏单字,3,0,a,0.7156015,0.7156015,0.0014560493,2.2014627e-05,0.08150636,0.13130708,0.00023297996,0.0006273406,0.06922507,2.1564998e-05,a,0.7156015,0,1
0712_row_00043153,a,13高淳,01砖墙,砖墙张鹏单字,0,0,a,0.98919594,0.98919594,0.004044511,0.00064773735,7.45304e-05,0.000491205,3.6218506e-07,2.2186114e-05,0.001697887,0.0038257071,a,0.98919594,0,1
0712_row_00043154,a,13高淳,01砖墙,砖墙张鹏单字,0,0,a,0.9788007,0.9788007,0.004045053,0.0027091107,0.002834868,0.0038661237,1.7023804e-05,0.0010128495,0.006522448,0.00019186038,a,0.9788007,0,1
0712_row_00043155,a,13高淳,01砖墙,砖墙张鹏单字,0,5,y,0.62410873,0.00033648958,0.00022296137,0.00499908,0.016880486,0.34969217,0.62410873,1.32663245e-05,0.0036811337,6.572586e-05,y,0.62410873,0,1
0712_row_00043156,o,13高淳,01砖墙,砖墙张鹏单字,3,4,u,0.79468834,0.04128974,0.003906003,0.00069502887,0.05364323,0.79468834,0.08071493,4.4479366e-05,0.024946643,7.1571034e-05,u,0.79468834,0,1
0712_row_00043157,o,13高淳,01砖墙,砖墙张鹏单字,3,3,o,0.99591464,5.8440022e-05,5.1628717e-06,7.941285e-06,0.99591464,0.0011749786,4.0351602e-05,4.517799e-05,0.0027506317,2.5177528e-06,o,0.99591464,0,1
0712_row_00043158,a,13高淳,01砖墙,砖墙张鹏单字,0,0,a,0.82617307,0.82617307,0.0018690696,0.088958606,0.0012870466,0.00051562715,0.00023618626,0.07223739,0.0058585894,0.0028643413,a,0.82617307,0,1
0712_row_00043159,a,13高淳,01砖墙,砖墙张鹏单字,0,7,ə,0.76656735,0.034911938,0.0015504339,0.003782374,0.00054281816,2.7926471e-06,0.0040181787,6.855278e-05,0.76656735,0.1885555,ə,0.76656735,0,1
0712_row_00043160,ɛ,13高淳,01砖墙,砖墙张鹏单字,8,2,i,0.36602172,0.04530234,0.045504745,0.36602172,0.0019911986,0.0002525812,0.14743479,0.00015605245,0.22413097,0.1692057,i,0.36602172,0,1
0712_row_00043161,o,13高淳,01砖墙,砖墙陈应兰单字,3,3,o,0.9923556,0.0038549476,0.0027871416,1.4756801e-05,0.9923556,0.00066573767,9.7020875e-06,0.00027932395,3.2303702e-05,4.897416e-07,o,0.9923556,0,1
0712_row_00043162,a,13高淳,01砖墙,砖墙陈应兰单字,0,3,o,0.989967,0.007409664,0.00035570556,6.0897094e-07,0.989967,0.00057825184,1.0854548e-06,0.0015592949,0.00012836145,4.59325e-08,o,0.989967,0,1
0712_row_00043163,o,13高淳,01砖墙,砖墙陈应兰单字,3,3,o,0.9772349,0.016262623,0.0040362678,7.993678e-05,0.9772349,0.0011407732,7.249747e-06,0.00095461035,0.0002834859,3.76764e-07,o,0.9772349,0,1
0712_row_00043164,o,13高淳,01砖墙,砖墙陈应兰单字,3,3,o,0.9838838,0.0074840398,0.0003013479,1.655273e-05,0.9838838,0.0071598524,4.214394e-05,0.0010936097,1.863494e-05,1.4472549e-07,o,0.9838838,0,1
0712_row_00043165,o,13高淳,01砖墙,砖墙陈应兰单字,3,3,o,0.9501292,0.02800415,0.0020948062,0.0001618047,0.9501292,0.017397495,0.0008267151,0.00060670165,0.0007709497,8.021055e-06,o,0.9501292,0,1
0712_row_00043166,o,13高淳,01砖墙,砖墙陈应兰单字,3,3,o,0.8095292,0.11283038,0.005032325,0.0269573,0.8095292,0.015443409,0.0036636633,0.0025842516,0.023914801,4.463585e-05,o,0.8095292,0,1
0712_row_00043167,a,13高淳,01砖墙,砖墙陈应兰单字,0,0,a,0.99371004,0.99371004,0.0034082378,9.987434e-05,7.913379e-05,0.00028352338,1.02672956e-07,6.9523405e-05,0.0009643904,0.0013852526,a,0.99371004,0,1
0712_row_00043168,a,13高淳,01砖墙,砖墙陈应兰单字,0,0,a,0.9953825,0.9953825,0.0010631176,3.2808548e-05,0.00042606704,0.0013443949,4.4587077e-07,0.00032974593,0.001383346,3.7620888e-05,a,0.9953825,0,1
0712_row_00043169,a,13高淳,01砖墙,砖墙陈应兰单字,0,0,a,0.9943435,0.9943435,0.0021996251,6.1464416e-05,0.0003298302,0.001570049,4.6934213e-07,0.00029569396,0.0011425634,5.6707224e-05,a,0.9943435,0,1
0712_row_00043170,a,13高淳,01砖墙,砖墙陈应兰单字,0,0,a,0.99332124,0.99332124,0.0019357087,3.4790493e-05,0.00015433927,0.00048630193,1.4747555e-07,2.5271827e-06,0.003986035,7.897296e-05,a,0.99332124,0,1
0712_row_00043171,a,13高淳,01砖墙,砖墙陈应兰单字,0,0,a,0.9908727,0.9908727,0.0024313175,6.617447e-06,0.0002456614,0.0013859725,9.193629e-08,5.3354834e-06,0.0050375806,1.4769584e-05,a,0.9908727,0,1
0712_row_00043172,a,13高淳,01砖墙,砖墙陈应兰单字,0,8,ɛ,0.9783861,0.021409143,7.388492e-05,2.1357415e-05,8.607059e-06,5.988287e-07,6.593168e-07,2.5721342e-08,9.966159e-05,0.9783861,ɛ,0.9783861,0,1
0712_row_00043173,a,13高淳,01砖墙,砖墙陈应兰单字,0,8,ɛ,0.99241805,0.007447967,9.363633e-05,6.9196917e-06,6.882868e-06,1.6298436e-07,5.0712214e-07,1.9932513e-08,2.5895386e-05,0.99241805,ɛ,0.99241805,0,1
0712_row_00043174,ɛ,13高淳,01砖墙,砖墙陈应兰单字,8,8,ɛ,0.85445523,0.1432611,0.00073660776,0.00038911868,8.154648e-06,5.2458404e-06,4.636815e-05,1.703966e-07,0.001098034,0.85445523,ɛ,0.85445523,0,1
0712_row_00043175,ɛ,13高淳,01砖墙,砖墙陈应兰单字,8,8,ɛ,0.8570247,0.13736622,0.0011822745,0.00043719658,1.9261468e-05,6.494341e-06,9.412664e-05,9.914684e-07,0.0038686271,0.8570247,ɛ,0.8570247,0,1
0712_row_00043176,ɛ,13高淳,01砖墙,砖墙陈应兰单字,8,8,ɛ,0.92230487,0.048012737,0.0035654048,0.0069500343,0.000115261166,4.1116884e-05,0.01586618,3.8621224e-06,0.003140541,0.92230487,ɛ,0.92230487,0,1
0712_row_00043177,ɛ,13高淳,01砖墙,砖墙陈应兰单字,8,0,a,0.783392,0.783392,0.007597592,0.0023846384,4.9101647e-05,0.00013531178,6.161311e-05,1.2693278e-06,0.008443529,0.19793487,a,0.783392,0,1
0712_row_00043178,ə,13高淳,01砖墙,砖墙陈应兰单字,7,0,a,0.9850376,0.9850376,0.003092186,3.874965e-05,0.00019783639,0.0006533837,2.3829907e-07,4.6263394e-06,0.01093287,4.2457144e-05,a,0.9850376,0,1
0712_row_00043179,ə,13高淳,01砖墙,砖墙陈应兰单字,7,0,a,0.99417996,0.99417996,0.0023581819,3.035578e-05,0.00015668951,0.00053282076,1.2926921e-07,8.315949e-07,0.0027011263,3.9935538e-05,a,0.99417996,0,1
0712_row_00043180,ə,13高淳,01砖墙,砖墙陈应兰单字,7,0,a,0.9904697,0.9904697,0.004695927,0.00044962455,0.00020007158,0.0014124821,1.0635221e-06,5.508268e-07,0.0027123925,5.8195e-05,a,0.9904697,0,1
0712_row_00043181,ə,13高淳,01砖墙,砖墙陈应兰单字,7,8,ɛ,0.5211673,0.33858147,0.002803918,0.011727952,9.452666e-05,3.4729277e-05,0.0010709078,5.0878784e-06,0.1245142,0.5211673,ɛ,0.5211673,0,1
0712_row_00043182,ɛ,13高淳,01砖墙,砖墙陈应兰单字,8,0,a,0.44735426,0.44735426,0.0024264886,0.02012834,9.4805735e-05,2.5374899e-05,0.0026834856,1.834166e-06,0.14504732,0.3822381,a,0.44735426,0,1
0712_row_00043183,ə,13高淳,01砖墙,砖墙陈应兰单字,7,8,ɛ,0.6686584,0.10686083,0.0047946447,0.017796164,0.00010494161,1.6154025e-05,0.0065633906,4.3987534e-06,0.19520116,0.6686584,ɛ,0.6686584,0,1
0712_row_00043184,a,13高淳,01砖墙,砖墙陈应兰单字,0,0,a,0.9925648,0.9925648,0.002568277,9.913689e-05,0.00052494626,0.0020384954,8.80535e-07,4.1617436e-06,0.0020861325,0.00011315193,a,0.9925648,0,1
0712_row_00043185,a,13高淳,01砖墙,砖墙陈应兰单字,0,0,a,0.9643364,0.9643364,0.011942002,4.0482595e-05,0.004536952,0.008276324,1.3950088e-06,2.2877182e-05,0.01080228,4.138167e-05,a,0.9643364,0,1
0712_row_00043186,a,13高淳,01砖墙,砖墙陈应兰单字,0,0,a,0.9888552,0.9888552,0.0058942814,1.7937617e-05,0.0009046935,0.0011076379,5.44188e-07,1.7583199e-06,0.0028059569,0.00041197895,a,0.9888552,0,1
0712_row_00043187,a,13高淳,01砖墙,砖墙陈应兰单字,0,0,a,0.99057806,0.99057806,0.0018943655,0.00058892294,0.00036810612,0.0004660539,5.56319e-06,3.4269174e-06,0.0018898238,0.0042057205,a,0.99057806,0,1
0712_row_00043188,u,13高淳,01砖墙,砖墙陈应兰单字,4,4,u,0.8577186,0.015919257,0.00049522467,0.00017408973,0.044709112,0.8577186,0.064686134,2.5219955e-05,0.016254805,1.7603528e-05,u,0.8577186,0,1
0712_row_00043189,u,13高淳,01砖墙,砖墙陈应兰单字,4,3,o,0.56105095,0.029840315,0.014724769,0.00087171624,0.56105095,0.35514107,0.005159424,0.00039986672,0.03279359,1.8194238e-05,o,0.56105095,0,1
0712_row_00043190,u,13高淳,01砖墙,砖墙陈应兰单字,4,4,u,0.795079,0.0087579,0.0034197827,0.00064557244,0.14186817,0.795079,0.03665284,8.807875e-05,0.013454385,3.4189005e-05,u,0.795079,0,1
0712_row_00043191,u,13高淳,01砖墙,砖墙陈应兰单字,4,3,o,0.565704,0.0067392946,0.0036085988,0.0004621683,0.565704,0.31558213,0.09076309,0.00023144716,0.016821384,8.7986205e-05,o,0.565704,0,1
0712_row_00043192,u,13高淳,01砖墙,砖墙陈应兰单字,4,3,o,0.8046779,0.1181924,0.037068628,0.0026220747,0.8046779,0.015180747,0.00031036307,0.017607896,0.004328066,1.1984674e-05,o,0.8046779,0,1
0712_row_00043193,u,13高淳,01砖墙,砖墙陈应兰单字,4,3,o,0.5727095,0.016077723,0.007922067,0.08517811,0.5727095,0.022972219,0.27249646,0.00075978006,0.021144424,0.0007398103,o,0.5727095,0,1
0712_row_00043194,u,13高淳,01砖墙,砖墙陈应兰单字,4,4,u,0.84259593,0.0024214906,8.5173975e-05,5.002576e-05,0.018840231,0.84259593,0.12844813,2.7079207e-06,0.0075496244,6.6753637e-06,u,0.84259593,0,1
0712_row_00043195,u,13高淳,01砖墙,砖墙陈应兰单字,4,4,u,0.512589,0.002095991,0.0001789874,0.00056175946,0.015223061,0.512589,0.46891192,6.8629365e-06,0.00042730678,5.084115e-06,u,0.512589,0,1
0712_row_00043196,y,13高淳,01砖墙,砖墙陈应兰单字,5,5,y,0.8135857,0.00044873916,0.0024604877,0.11585546,0.047852665,0.0009542089,0.8135857,4.3990727e-05,0.018161053,0.0006376453,y,0.8135857,0,1
0712_row_00043197,u,13高淳,01砖墙,砖墙陈应兰单字,4,4,u,0.6701507,0.012451512,0.0024756046,0.0021108603,0.09152217,0.6701507,0.19629265,0.00014439804,0.024499215,0.0003528335,u,0.6701507,0,1
0712_row_00043198,u,13高淳,01砖墙,砖墙陈应兰单字,4,4,u,0.475271,0.046497606,0.017706282,0.00909524,0.31301895,0.475271,0.07407593,0.00062464725,0.06271587,0.0009944569,u,0.475271,0,1
0712_row_00043199,u,13高淳,01砖墙,砖墙陈应兰单字,4,4,u,0.6046479,0.010445974,0.0042846277,0.0015108198,0.2864569,0.6046479,0.081889704,0.00036001625,0.010335169,6.888312e-05,u,0.6046479,0,1
0712_row_00043200,o,13高淳,01砖墙,砖墙陈应兰单字,3,4,u,0.7965823,0.035041425,0.005985824,0.0035443262,0.07543515,0.7965823,0.049975622,0.00017089918,0.032262873,0.0010015042,u,0.7965823,0,1
0712_row_00043201,u,13高淳,01砖墙,砖墙陈应兰单字,4,4,u,0.7581728,0.011771626,0.0008826535,0.00015242159,0.21032315,0.7581728,0.007198352,9.4181174e-05,0.011384935,1.986564e-05,u,0.7581728,0,1
0712_row_00043202,u,13高淳,01砖墙,砖墙陈应兰单字,4,4,u,0.734023,0.0023744598,0.00055751856,0.0003600704,0.031351242,0.734023,0.22671445,1.2224781e-05,0.0045805895,2.6425478e-05,u,0.734023,0,1
0712_row_00043203,u,13高淳,01砖墙,砖墙陈应兰单字,4,4,u,0.63215923,0.0039312663,0.0007844778,0.00057444244,0.15063684,0.63215923,0.1975532,5.1436444e-05,0.01426956,3.952406e-05,u,0.63215923,0,1
0712_row_00043204,y,13高淳,01砖墙,砖墙陈应兰单字,5,4,u,0.5560392,0.16417867,0.0075807543,0.020822348,0.16646677,0.5560392,0.058170326,0.00021962955,0.024758121,0.0017642103,u,0.5560392,0,1
0712_row_00043206,y,13高淳,01砖墙,砖墙陈应兰单字,5,1,e,0.9186261,0.064445615,0.9186261,0.0003459952,0.009371197,0.00079597486,2.8612278e-05,0.00018903438,0.0061768787,2.0623966e-05,e,0.9186261,0,1
0712_row_00043207,y,13高淳,01砖墙,砖墙陈应兰单字,5,4,u,0.7441134,0.0032640195,0.0014287616,0.01435972,0.036982678,0.7441134,0.19318639,0.00015528247,0.0062568425,0.00025291613,u,0.7441134,0,1
0712_row_00043208,y,13高淳,01砖墙,砖墙陈应兰单字,5,2,i,0.53143966,0.00066407624,0.008279034,0.53143966,0.003961612,1.5061504e-05,0.45012698,1.1768719e-06,0.005185126,0.00032721192,i,0.53143966,0,1
0712_row_00043209,y,13高淳,01砖墙,砖墙陈应兰单字,5,4,u,0.6568749,0.004687773,0.0016097395,0.0060011507,0.08294229,0.6568749,0.24276471,0.00010365993,0.004906138,0.000109570276,u,0.6568749,0,1
0712_row_00043210,y,13高淳,01砖墙,砖墙陈应兰单字,5,5,y,0.64353764,0.025594527,0.007252614,0.15950944,0.077917755,0.08260697,0.64353764,0.00020835709,0.0028483507,0.0005243755,y,0.64353764,0,1
0712_row_00043211,y,13高淳,01砖墙,砖墙陈应兰单字,5,4,u,0.79834354,0.023620728,0.002582481,0.0009983943,0.07185016,0.79834354,0.0708453,4.985734e-05,0.031652912,5.6649642e-05,u,0.79834354,0,1
0712_row_00043212,y,13高淳,01砖墙,砖墙陈应兰单字,5,4,u,0.77877104,0.00096004887,8.0033176e-05,4.292423e-05,0.02084475,0.77877104,0.19247526,1.7446478e-06,0.0068212864,2.8493482e-06,u,0.77877104,0,1
0712_row_00043214,u,13高淳,01砖墙,砖墙陈应兰单字,4,4,u,0.8757983,0.0036327252,0.00017437171,7.914531e-05,0.04209163,0.8757983,0.063419476,8.169376e-06,0.014790482,5.699631e-06,u,0.8757983,0,1
0712_row_00043215,y,13高淳,01砖墙,砖墙陈应兰单字,5,4,u,0.74684083,0.019793501,0.00021250734,0.0010707293,0.012300647,0.74684083,0.21882463,9.529059e-06,0.0009329169,1.472823e-05,u,0.74684083,0,1
0712_row_00043216,y,13高淳,01砖墙,砖墙陈应兰单字,5,4,u,0.57596385,0.0021456492,0.0013892925,0.003192406,0.029918328,0.57596385,0.37766346,4.9415226e-05,0.009559894,0.00011763104,u,0.57596385,0,1
0712_row_00043217,u,13高淳,01砖墙,砖墙陈应兰单字,4,4,u,0.74540704,0.0010435756,0.00015661075,8.5435415e-05,0.028469378,0.74540704,0.22090854,2.645569e-06,0.0039201807,6.509971e-06,u,0.74540704,0,1
0712_row_00043218,u,13高淳,01砖墙,砖墙陈应兰单字,4,4,u,0.7788465,0.0011386878,0.00014040562,0.00011872535,0.034977295,0.7788465,0.17657776,3.2959924e-06,0.008189425,8.0227055e-06,u,0.7788465,0,1
0712_row_00043219,u,13高淳,01砖墙,砖墙陈应兰单字,4,4,u,0.77330303,0.010461462,0.00241222,0.0010496979,0.12629831,0.77330303,0.08108293,5.688671e-05,0.005263786,7.1699535e-05,u,0.77330303,0,1
0712_row_00043220,u,13高淳,01砖墙,砖墙陈应兰单字,4,4,u,0.72268796,0.0050299214,0.0002674185,0.00019779857,0.017088123,0.72268796,0.24748097,4.3689065e-06,0.0072238166,1.9526933e-05,u,0.72268796,0,1
0712_row_00043221,u,13高淳,01砖墙,砖墙陈应兰单字,4,4,u,0.6032972,0.17146385,0.007010657,0.020034421,0.068288386,0.6032972,0.06752936,0.00022740744,0.057638112,0.004510696,u,0.6032972,0,1
0712_row_00043222,u,13高淳,01砖墙,砖墙陈应兰单字,4,4,u,0.67267454,0.0031867938,0.0009216119,0.0003056429,0.030590966,0.67267454,0.2860515,1.5150288e-05,0.006193399,6.0416667e-05,u,0.67267454,0,1
0712_row_00043223,u,13高淳,01砖墙,砖墙陈应兰单字,4,4,u,0.7833977,0.0013023143,0.00013529134,0.00012987398,0.02866472,0.7833977,0.17236853,2.6363225e-06,0.013989967,9.08475e-06,u,0.7833977,0,1
0712_row_00043224,u,13高淳,01砖墙,砖墙陈应兰单字,4,4,u,0.8457021,0.001320709,0.000118082244,0.0004559456,0.05171199,0.8457021,0.09072646,5.3868453e-06,0.009945267,1.4092935e-05,u,0.8457021,0,1
0712_row_00043225,y,13高淳,01砖墙,砖墙陈应兰单字,5,4,u,0.49990627,0.00072268344,0.00028730766,0.0024611985,0.019052861,0.49990627,0.46432456,2.9516557e-05,0.013152069,6.3472806e-05,u,0.49990627,0,1
0712_row_00043226,y,13高淳,01砖墙,砖墙陈应兰单字,5,4,u,0.6768231,0.0022359753,0.0010376389,0.012253549,0.042018667,0.6768231,0.25420752,7.315955e-05,0.011222533,0.00012790818,u,0.6768231,0,1
0712_row_00043227,y,13高淳,01砖墙,砖墙陈应兰单字,5,5,y,0.9765817,9.073178e-05,0.0017520786,0.012063084,0.0051807375,0.0012584494,0.9765817,4.2933784e-06,0.0030343744,3.4615972e-05,y,0.9765817,0,1
0712_row_00043228,y,13高淳,01砖墙,砖墙陈应兰单字,5,5,y,0.94904095,0.00012560523,0.0012565161,0.004147783,0.005862013,0.015720097,0.94904095,9.351613e-06,0.02379698,4.0757524e-05,y,0.94904095,0,1
0712_row_00043229,y,13高淳,01砖墙,砖墙陈应兰单字,5,5,y,0.99150425,5.28047e-06,0.00057301146,0.005544718,0.0014365002,9.622872e-05,0.99150425,3.830285e-07,0.0008355726,4.119335e-06,y,0.99150425,0,1
0712_row_00043230,a,13高淳,01砖墙,砖墙陈应兰单字,0,0,a,0.6049676,0.6049676,0.38957155,0.0026270049,0.00024157105,0.0009741211,4.796152e-06,1.0228201e-05,0.0011923834,0.00041071206,a,0.6049676,0,1
0712_row_00043231,a,13高淳,01砖墙,砖墙陈应兰单字,0,0,a,0.66693664,0.66693664,0.3014887,0.0013640114,0.00084249204,0.019215629,9.772635e-06,1.3309466e-05,0.010050044,7.9433354e-05,a,0.66693664,0,1
0712_row_00043232,a,13高淳,01砖墙,砖墙陈应兰单字,0,0,a,0.47909606,0.47909606,0.28230885,0.18995805,0.007803575,0.010461548,0.005101478,0.00045653575,0.003927684,0.020886134,a,0.47909606,0,1
0712_row_00043233,e,13高淳,01砖墙,砖墙陈应兰单字,1,4,u,0.57134,0.0015665244,0.4094909,0.0017691844,0.012371351,0.57134,0.00326635,4.931302e-05,4.573955e-05,0.00010051705,u,0.57134,0,1
0712_row_00043234,a,13高淳,01砖墙,砖墙陈应兰单字,0,0,a,0.8274867,0.8274867,0.14973213,0.00018330409,0.0026359765,0.010516616,4.1843955e-06,0.00033704974,0.008877331,0.00022682745,a,0.8274867,0,1
0712_row_00043235,ɛ,13高淳,01砖墙,砖墙陈应兰单字,8,8,ɛ,0.9900293,0.0077661127,0.0019125609,5.105739e-05,0.00021135127,5.8555142e-06,5.188638e-06,1.0956136e-06,1.7464756e-05,0.9900293,ɛ,0.9900293,0,1
0712_row_00043236,a,13高淳,01砖墙,砖墙陈应兰单字,0,0,a,0.8102687,0.8102687,0.17404939,0.0001268682,0.0012305299,0.0048472765,2.5993038e-06,0.00040615138,0.008942598,0.00012587658,a,0.8102687,0,1
0712_row_00043237,ɛ,13高淳,01砖墙,砖墙陈应兰单字,8,8,ɛ,0.95704,0.02093358,0.019952,0.00082677876,0.0011363168,1.9223997e-05,4.5556888e-05,7.782805e-06,3.870373e-05,0.95704,ɛ,0.95704,0,1
0712_row_00043238,ɛ,13高淳,01砖墙,砖墙陈应兰单字,8,8,ɛ,0.8178528,0.1606523,0.018854057,0.002119757,0.00029167402,9.01243e-05,7.1845784e-06,5.946604e-06,0.0001261234,0.8178528,ɛ,0.8178528,0,1
0712_row_00043239,ɛ,13高淳,01砖墙,砖墙陈应兰单字,8,8,ɛ,0.9296638,0.033751316,0.035025854,0.0007718573,0.00020252963,0.00010585821,0.00032880684,1.4368178e-05,0.0001356673,0.9296638,ɛ,0.9296638,0,1
0712_row_00043240,e,13高淳,01砖墙,砖墙陈应兰单字,1,1,e,0.9062773,0.07591524,0.9062773,9.01714e-05,0.0005511329,0.00015488577,6.7106834e-05,9.500705e-06,0.0012404056,0.015694305,e,0.9062773,0,1
0712_row_00043241,a,13高淳,01砖墙,砖墙陈应兰单字,0,0,a,0.7566424,0.7566424,0.22360323,0.00015401594,0.0022505724,0.007811873,1.204196e-06,0.00019501365,0.009272269,6.950773e-05,a,0.7566424,0,1
0712_row_00043242,i,13高淳,01砖墙,砖墙陈应兰单字,2,4,u,0.5740252,0.0020159096,0.0042665885,0.076007634,0.02038385,0.5740252,0.31958425,0.000182571,0.0031411042,0.00039283806,u,0.5740252,0,1
0712_row_00043243,i,13高淳,01砖墙,砖墙陈应兰单字,2,2,i,0.969396,0.0030397284,0.012438936,0.969396,0.000382252,0.0030195715,0.0077601573,5.0856277e-05,0.0024174755,0.0014950322,i,0.969396,0,1
0712_row_00043244,i,13高淳,01砖墙,砖墙陈应兰单字,2,5,y,0.85397625,0.00027763905,0.0017497655,0.09377417,0.04462316,0.000348001,0.85397625,1.354116e-05,0.00497778,0.0002596523,y,0.85397625,0,1
0712_row_00043245,i,13高淳,01砖墙,砖墙陈应兰单字,2,2,i,0.978032,0.00029634926,0.005707441,0.978032,0.00023161374,0.0017574363,0.0088196555,4.8682778e-05,0.0030403272,0.0020663263,i,0.978032,0,1
0712_row_00043246,i,13高淳,01砖墙,砖墙陈应兰单字,2,2,i,0.9715135,0.00042327098,0.007556506,0.9715135,0.00019641887,0.0072001475,0.008310267,7.870227e-05,0.0024404172,0.0022806684,i,0.9715135,0,1
0712_row_00043247,i,13高淳,01砖墙,砖墙陈应兰单字,2,2,i,0.9873007,0.00015616605,0.0028876483,0.9873007,8.923661e-05,0.0015479797,0.0053473944,2.310472e-05,0.0010656895,0.0015821249,i,0.9873007,0,1
0712_row_00043248,i,13高淳,01砖墙,砖墙陈应兰单字,2,2,i,0.7548006,0.0020532846,0.009112329,0.7548006,0.0044691996,0.13755623,0.08632746,0.00030553844,0.002317341,0.0030580505,i,0.7548006,0,1
0712_row_00043249,i,13高淳,01砖墙,砖墙陈应兰单字,2,1,e,0.5445588,0.021245189,0.5445588,0.010834739,0.043323036,0.35968637,0.004615697,0.0057062306,0.009012292,0.0010175953,e,0.5445588,0,1
0712_row_00043250,i,13高淳,01砖墙,砖墙陈应兰单字,2,5,y,0.8211242,0.0024286194,0.0012681521,0.0906724,0.0626342,4.265505e-05,0.8211242,2.8606278e-06,0.021581573,0.00024539547,y,0.8211242,0,1
0712_row_00043251,i,13高淳,01砖墙,砖墙陈应兰单字,2,5,y,0.7312578,0.0030952785,0.0022041106,0.13777946,0.11399779,0.00017319726,0.7312578,2.280478e-05,0.010847668,0.0006217724,y,0.7312578,0,1
0712_row_00043252,i,13高淳,01砖墙,砖墙陈应兰单字,2,2,i,0.98113704,0.0075538745,0.0005283691,0.98113704,0.0008091382,2.8475186e-05,0.008654004,4.557368e-06,0.0003284788,0.00095610385,i,0.98113704,0,1
0712_row_00043253,i,13高淳,01砖墙,砖墙陈应兰单字,2,2,i,0.9609,0.000349334,0.00252948,0.9609,0.00013276628,0.0059406124,0.025436232,3.9611426e-05,0.001141847,0.0035301999,i,0.9609,0,1
0712_row_00043254,i,13高淳,01砖墙,砖墙陈应兰单字,2,2,i,0.98837787,0.00019261627,0.0011955625,0.98837787,4.3712927e-05,0.003165511,0.005288297,9.812329e-06,0.00041394032,0.0013127888,i,0.98837787,0,1
0712_row_00043255,i,13高淳,01砖墙,砖墙陈应兰单字,2,2,i,0.7997936,0.00083491945,0.001650372,0.7997936,0.00075484527,0.022611376,0.16768798,7.541872e-05,0.0016658393,0.004925583,i,0.7997936,0,1
0712_row_00043256,i,13高淳,01砖墙,砖墙陈应兰单字,2,2,i,0.8360945,0.0003740731,0.0019508065,0.8360945,0.00035962768,0.016962996,0.13681963,4.8037826e-05,0.0015241681,0.0058661913,i,0.8360945,0,1
0712_row_00043257,i,13高淳,01砖墙,砖墙陈应兰单字,2,2,i,0.9879752,0.00014817972,0.001184784,0.9879752,2.7573624e-05,0.0015338818,0.005786936,9.765649e-06,0.00087597297,0.002457621,i,0.9879752,0,1
0712_row_00043258,e,13高淳,01砖墙,砖墙陈应兰单字,1,1,e,0.85425997,0.001319564,0.85425997,0.0023177671,0.0012493469,0.1400098,0.000104252584,0.00054241344,0.00014492933,5.2078067e-05,e,0.85425997,0,1
0712_row_00043259,e,13高淳,01砖墙,砖墙陈应兰单字,1,1,e,0.921717,0.011093166,0.921717,0.0051969644,0.011870652,0.048863992,0.00011406481,0.00051990146,0.00059473666,2.9419047e-05,e,0.921717,0,1
0712_row_00043260,e,13高淳,01砖墙,砖墙陈应兰单字,1,1,e,0.827059,0.0013775766,0.827059,0.0038426523,0.002564962,0.16370678,0.000660936,0.0004339169,0.00029637414,5.7750458e-05,e,0.827059,0,1
0712_row_00043261,e,13高淳,01砖墙,砖墙陈应兰单字,1,1,e,0.7054251,0.00032932687,0.7054251,0.001020775,0.0010202859,0.29178888,0.00021073922,0.00012645288,4.3556236e-05,3.4904286e-05,e,0.7054251,0,1
0712_row_00043262,e,13高淳,01砖墙,砖墙陈应兰单字,1,1,e,0.90871674,0.009765782,0.90871674,0.0008933695,0.0039773355,0.0742885,0.0003008345,8.833981e-05,0.0017413041,0.00022785363,e,0.90871674,0,1
0712_row_00043263,u,13高淳,01砖墙,砖墙陈应兰单字,4,1,e,0.52476716,0.0005182989,0.52476716,0.0022033448,0.0024085352,0.46482038,0.00032278823,0.00029145333,0.0044646314,0.00020341037,e,0.52476716,0,1
0712_row_00043264,a,13高淳,01砖墙,砖墙陈应兰单字,0,0,a,0.8925577,0.8925577,0.02125543,0.0021080277,0.057431467,0.021570511,0.00021427317,0.002323489,0.0024062633,0.00013294682,a,0.8925577,0,1
0712_row_00043265,u,13高淳,01砖墙,砖墙陈应兰单字,4,1,e,0.5971721,0.011544799,0.5971721,0.03599331,0.03122347,0.30113184,0.019983502,0.00056189205,0.0013464931,0.00104261,e,0.5971721,0,1
0712_row_00043266,a,13高淳,01砖墙,砖墙陈应兰单字,0,0,a,0.95085883,0.95085883,0.0068674646,0.00021622496,0.017292883,0.016117387,4.0545023e-05,0.00026814922,0.0081974855,0.00014088904,a,0.95085883,0,1
0712_row_00043267,a,13高淳,01砖墙,砖墙陈应兰单字,0,0,a,0.94627255,0.94627255,0.013049367,0.0016426893,0.02311545,0.012238332,0.00012270095,0.00055530353,0.002154194,0.00084931706,a,0.94627255,0,1
0712_row_00043268,a,13高淳,01砖墙,砖墙陈应兰单字,0,0,a,0.99641824,0.99641824,0.00043233254,0.00012391036,0.0008542032,0.00037609233,1.5799814e-06,2.0978445e-05,0.0017063132,6.6408116e-05,a,0.99641824,0,1
0712_row_00043270,a,13高淳,01砖墙,砖墙陈应兰单字,0,0,a,0.9954596,0.9954596,0.000897904,0.00038636403,0.001156112,0.00059888046,3.0191138e-06,2.9343786e-05,0.0012973691,0.00017137289,a,0.9954596,0,1
0712_row_00043271,a,13高淳,01砖墙,砖墙陈应兰单字,0,0,a,0.99628496,0.99628496,0.00084205286,0.0005099859,0.00042774616,0.00034954998,2.0665955e-06,5.511615e-06,0.0012274695,0.00035076452,a,0.99628496,0,1
0712_row_00043272,e,13高淳,01砖墙,砖墙陈应兰单字,1,1,e,0.8168558,0.00084957737,0.8168558,0.0024799076,0.0012523782,0.16448852,0.00022534802,0.00017650191,0.013323205,0.00034885082,e,0.8168558,0,1
0712_row_00043273,e,13高淳,01砖墙,砖墙陈应兰单字,1,4,u,0.52797955,0.0192872,0.3911395,0.028274585,0.021822736,0.52797955,0.009323033,0.00031329237,0.00070697465,0.001153072,u,0.52797955,0,1
0712_row_00043274,e,13高淳,01砖墙,砖墙陈应兰单字,1,1,e,0.9611388,0.00026247255,0.9611388,0.00016840477,0.00017661734,0.03790226,3.4988698e-05,3.9133385e-05,0.0002465892,3.0668463e-05,e,0.9611388,0,1
0712_row_00043275,e,13高淳,01砖墙,砖墙陈应兰单字,1,1,e,0.85044247,0.0044427477,0.85044247,0.006726357,0.008099484,0.1285629,0.0013592604,0.00017456136,4.9535283e-05,0.0001426836,e,0.85044247,0,1
0712_row_00043276,e,13高淳,01砖墙,砖墙陈应兰单字,1,1,e,0.9553058,0.008601315,0.9553058,0.0012106061,0.014716442,0.016542992,5.479485e-05,0.0015566356,0.0020012727,1.0293851e-05,e,0.9553058,0,1
0712_row_00043277,i,13高淳,01砖墙,砖墙陈应兰单字,2,4,u,0.6689839,0.0068415017,0.007042439,0.013402508,0.043683425,0.6689839,0.243036,0.0001727175,0.016528275,0.00030938187,u,0.6689839,0,1
0712_row_00043278,i,13高淳,01砖墙,砖墙陈应兰单字,2,2,i,0.98768127,0.00017829062,0.001859686,0.98768127,6.446693e-05,0.0034102486,0.004811123,2.2678547e-05,0.0007763289,0.0011957668,i,0.98768127,0,1
0712_row_00043279,i,13高淳,01砖墙,砖墙陈应兰单字,2,2,i,0.81321335,0.009848087,0.1685542,0.81321335,0.00042346134,0.0027011745,0.0015921586,5.783431e-05,0.0032157442,0.00039389677,i,0.81321335,0,1
0712_row_00043280,i,13高淳,01砖墙,砖墙陈应兰单字,2,2,i,0.98730564,0.002904023,0.0063541485,0.98730564,2.9094796e-05,0.0009096587,0.0002797863,6.703549e-06,0.0015315213,0.0006793098,i,0.98730564,0,1
0712_row_00043281,i,13高淳,01砖墙,砖墙陈应兰单字,2,2,i,0.53338736,0.094522834,0.02189006,0.53338736,0.022060176,0.0061627203,0.24382432,0.00021794425,0.062237356,0.015697142,i,0.53338736,0,1
0712_row_00043282,i,13高淳,01砖墙,砖墙陈应兰单字,2,2,i,0.98978627,0.0003049867,0.0011567508,0.98978627,2.8566745e-05,0.0020429143,0.0040709516,7.4945724e-06,0.00057190785,0.0020301784,i,0.98978627,0,1
0712_row_00043283,i,13高淳,01砖墙,砖墙陈应兰单字,2,2,i,0.9930789,8.380317e-05,0.00039307718,0.9930789,1.6721613e-05,0.0012738536,0.003744173,5.011731e-06,0.00023660922,0.0011680172,i,0.9930789,0,1
0712_row_00043284,i,13高淳,01砖墙,砖墙陈应兰单字,2,2,i,0.95075476,0.0006358213,0.0046928218,0.95075476,0.00033739483,0.005044578,0.034834675,5.6590205e-05,0.001780779,0.0018625837,i,0.95075476,0,1
0712_row_00043285,i,13高淳,01砖墙,砖墙陈应兰单字,2,2,i,0.9627534,0.0013292688,0.02359196,0.9627534,9.081395e-05,0.002236933,0.0024090488,9.807701e-06,0.006573518,0.0010053626,i,0.9627534,0,1
0712_row_00043286,i,13高淳,01砖墙,砖墙陈应兰单字,2,2,i,0.9858242,0.0003901543,0.0024954698,0.9858242,4.5770637e-05,0.0010963718,0.0037937812,1.0641246e-05,0.0039037426,0.0024399825,i,0.9858242,0,1
0712_row_00043287,i,13高淳,01砖墙,砖墙陈应兰单字,2,1,e,0.3551296,0.33057418,0.3551296,0.16712058,0.011107165,0.08594152,0.030505784,0.0004399144,0.010897552,0.0082837595,e,0.3551296,0,1
0712_row_00043288,e,13高淳,01砖墙,砖墙陈应兰单字,1,3,o,0.71600145,0.0043145977,0.00014978313,0.0034919009,0.71600145,0.0009336103,0.27405748,2.837359e-05,0.0010175646,5.231471e-06,o,0.71600145,0,1
0712_row_00043289,i,13高淳,01砖墙,砖墙陈应兰单字,2,4,u,0.7060388,0.0025767111,0.0013210701,0.016415955,0.010807452,0.7060388,0.25353447,6.925292e-05,0.009080522,0.00015579977,u,0.7060388,0,1
0712_row_00043290,i,13高淳,01砖墙,砖墙陈应兰单字,2,5,y,0.6794704,0.003908913,0.00093680335,0.28639993,0.026979757,0.00011773473,0.6794704,1.0361955e-05,0.0016572156,0.00051877537,y,0.6794704,0,1
0712_row_00043291,i,13高淳,01砖墙,砖墙陈应兰单字,2,2,i,0.98926544,0.00077880826,0.007075792,0.98926544,7.6954326e-05,0.0012558718,0.0009520252,1.5304333e-05,0.00036595055,0.00021379505,i,0.98926544,0,1
0712_row_00043292,i,13高淳,01砖墙,砖墙陈应兰单字,2,2,i,0.99516654,0.00014515298,0.0017292032,0.99516654,4.0487597e-05,0.0016412897,0.0009082034,5.204934e-06,0.000117188385,0.00024660173,i,0.99516654,0,1
0712_row_00043293,i,13高淳,01砖墙,砖墙陈应兰单字,2,2,i,0.82949847,0.0044303224,0.15463822,0.82949847,0.00068866275,0.002889061,0.0016339199,7.862151e-05,0.00576959,0.00037306486,i,0.82949847,0,1
0712_row_00043294,i,13高淳,01砖墙,砖墙陈应兰单字,2,2,i,0.9745715,0.000624174,0.0046935966,0.9745715,0.00012514186,0.014212647,0.003630185,2.7392378e-05,0.00087866816,0.001236559,i,0.9745715,0,1
0712_row_00043295,i,13高淳,01砖墙,砖墙陈应兰单字,2,2,i,0.73289114,0.0016858103,0.0062070806,0.73289114,0.0020835449,0.0004518728,0.20310165,2.6682334e-05,0.05183782,0.0017145026,i,0.73289114,0,1
0712_row_00043296,i,13高淳,01砖墙,砖墙陈应兰单字,2,2,i,0.8984932,0.00038179965,0.001308552,0.8984932,0.0002593984,0.013225597,0.07896433,4.176317e-05,0.001049846,0.0062755235,i,0.8984932,0,1
0712_row_00043297,i,13高淳,01砖墙,砖墙陈应兰单字,2,5,y,0.67107356,0.003792788,0.009081057,0.2473872,0.047254287,0.0038593444,0.67107356,0.00016295123,0.0111068105,0.0062820455,y,0.67107356,0,1
0712_row_00043298,i,13高淳,01砖墙,砖墙陈应兰单字,2,2,i,0.9852387,0.0012797456,0.0069753365,0.9852387,0.00015895205,0.0032157188,0.001959535,2.6526744e-05,0.00062705955,0.0005184668,i,0.9852387,0,1
0712_row_00043299,i,13高淳,01砖墙,砖墙陈应兰单字,2,2,i,0.9931918,0.0002546339,0.0045597255,0.9931918,7.450682e-05,0.00047985744,0.0010243017,1.4001019e-05,0.00020098337,0.0002002395,i,0.9931918,0,1
0712_row_00043300,i,13高淳,01砖墙,砖墙陈应兰单字,2,2,i,0.9684184,0.0004478587,0.011575002,0.9684184,0.0006183389,0.0070660478,0.010657455,8.947527e-05,0.00047803746,0.00064941426,i,0.9684184,0,1
0712_row_00043301,i,13高淳,01砖墙,砖墙陈应兰单字,2,2,i,0.998201,8.1575505e-05,0.0006753276,0.998201,3.355802e-05,0.00030578495,0.00054796174,5.0180847e-06,4.2476368e-05,0.00010723614,i,0.998201,0,1
0712_row_00043302,i,13高淳,01砖墙,砖墙陈应兰单字,2,2,i,0.9887411,0.000156484,0.0047421856,0.9887411,0.00018995552,0.0027206356,0.0030446656,2.5014026e-05,0.00011073015,0.00026932624,i,0.9887411,0,1
0712_row_00043303,i,13高淳,01砖墙,砖墙陈应兰单字,2,2,i,0.9962813,0.0002281313,0.0006909049,0.9962813,7.059324e-05,0.0010329793,0.0012375606,1.1313677e-05,0.00013037052,0.000316861,i,0.9962813,0,1
0712_row_00043304,i,13高淳,01砖墙,砖墙陈应兰单字,2,1,e,0.49988952,0.031066505,0.49988952,0.45870942,0.0013790372,0.0014532963,0.00077358197,0.00010123143,0.006374597,0.0002527372,e,0.49988952,0,1
0712_row_00043305,i,13高淳,01砖墙,砖墙陈应兰单字,2,2,i,0.9903471,0.00012695586,0.004145709,0.9903471,9.2775685e-05,0.0022622477,0.0027812077,1.0447482e-05,7.09759e-05,0.00016271044,i,0.9903471,0,1
0712_row_00043306,i,13高淳,01砖墙,砖墙陈应兰单字,2,2,i,0.99633646,7.6916556e-05,0.0015417202,0.99633646,2.8934242e-05,0.00071526284,0.0010869564,4.726819e-06,6.600326e-05,0.00014285314,i,0.99633646,0,1
0712_row_00043307,i,13高淳,01砖墙,砖墙陈应兰单字,2,2,i,0.6704687,0.0002503019,0.0012859837,0.6704687,0.003233996,7.7745906e-05,0.30069908,6.258278e-06,0.023416942,0.0005610995,i,0.6704687,0,1
0712_row_00043308,i,13高淳,01砖墙,砖墙陈应兰单字,2,2,i,0.8819688,0.0007195519,0.0017436263,0.8819688,0.0004574071,0.016614582,0.09191809,7.345191e-05,0.0015585885,0.004945823,i,0.8819688,0,1
0712_row_00043309,i,13高淳,01砖墙,砖墙陈应兰单字,2,2,i,0.9764133,0.00077872403,0.004874118,0.9764133,0.000120466575,0.0073243636,0.0072932905,2.0584219e-05,0.0012745721,0.0019006978,i,0.9764133,0,1
0712_row_00043310,i,13高淳,01砖墙,砖墙陈应兰单字,2,2,i,0.9741587,0.001416922,0.003774067,0.9741587,0.00040823102,0.000905618,0.016386991,3.5313933e-05,0.0013633855,0.0015509442,i,0.9741587,0,1
0712_row_00043311,i,13高淳,01砖墙,砖墙陈应兰单字,2,2,i,0.94212127,0.0011072201,0.004310929,0.94212127,0.00038985128,0.026204772,0.022450102,6.234706e-05,0.00094135915,0.0024122256,i,0.94212127,0,1
0712_row_00043312,i,13高淳,01砖墙,砖墙陈应兰单字,2,2,i,0.8882085,0.00043634174,0.0008147927,0.8882085,0.00020549147,0.011575642,0.090113394,3.6384692e-05,0.0009006079,0.0077087753,i,0.8882085,0,1
0712_row_00043313,i,13高淳,01砖墙,砖墙陈应兰单字,2,2,i,0.9741073,0.00019964254,0.0008081638,0.9741073,7.368664e-05,0.003951948,0.017088722,1.8491186e-05,0.00094826636,0.002803641,i,0.9741073,0,1
0712_row_00043314,u,13高淳,01砖墙,砖墙陈应兰单字,4,1,e,0.91521966,0.040264193,0.91521966,0.01844683,0.008915295,0.013118075,0.0006070907,0.00035880614,0.002937892,0.000132045,e,0.91521966,0,1
0712_row_00043315,u,13高淳,01砖墙,砖墙陈应兰单字,4,3,o,0.6558991,0.04287933,0.04538519,0.00028827458,0.6558991,0.22261676,0.0031229826,0.001861396,0.027923517,2.3520084e-05,o,0.6558991,0,1
0712_row_00043316,u,13高淳,01砖墙,砖墙陈应兰单字,4,3,o,0.8827894,0.0045900233,0.042111274,0.0001320411,0.8827894,0.064615354,0.00046487595,0.002334016,0.0029580737,4.9787322e-06,o,0.8827894,0,1
0712_row_00043317,u,13高淳,01砖墙,砖墙陈应兰单字,4,4,u,0.8807452,0.015028515,0.05430805,0.0058391453,0.04086558,0.8807452,0.0003065767,0.000213102,0.0025323813,0.00016135765,u,0.8807452,0,1
0712_row_00043318,u,13高淳,01砖墙,砖墙陈应兰单字,4,1,e,0.58214015,0.045031562,0.58214015,0.018086353,0.14522505,0.19573064,0.0057907063,0.0039737653,0.003252134,0.00076967577,e,0.58214015,0,1
0712_row_00043319,u,13高淳,01砖墙,砖墙陈应兰单字,4,1,e,0.8690513,0.0006005378,0.8690513,0.000614235,0.002303297,0.1266692,0.00024675668,0.00030203877,0.0001755967,3.6983103e-05,e,0.8690513,0,1
0712_row_00043320,u,13高淳,01砖墙,砖墙陈应兰单字,4,1,e,0.4352056,0.0016135935,0.4352056,0.0022875683,0.010025814,0.3614285,0.00042973613,0.0034441897,0.18408197,0.0014830668,e,0.4352056,0,1
0712_row_00043321,u,13高淳,01砖墙,砖墙陈应兰单字,4,1,e,0.92041683,0.004690525,0.92041683,0.0043824823,0.0009072975,0.06867296,0.00018053,0.00030758133,0.00039201643,4.9787894e-05,e,0.92041683,0,1
0712_row_00043322,u,13高淳,01砖墙,砖墙陈应兰单字,4,4,u,0.6463392,0.009811437,0.24798188,0.024198946,0.027152253,0.6463392,0.0018647393,0.0006950222,0.041140825,0.0008157245,u,0.6463392,0,1
0712_row_00043323,u,13高淳,01砖墙,砖墙陈应兰单字,4,4,u,0.8268913,0.002345804,0.14764233,0.0047536157,0.014268255,0.8268913,0.0014067041,0.00011571888,0.002498085,7.8194025e-05,u,0.8268913,0,1
0712_row_00043324,u,13高淳,01砖墙,砖墙陈应兰单字,4,1,e,0.82721096,0.020647235,0.82721096,0.0073327096,0.0068727727,0.13590905,0.0007137328,0.0004064191,0.000146733,0.0007603459,e,0.82721096,0,1
0712_row_00043325,u,13高淳,01砖墙,砖墙陈应兰单字,4,1,e,0.8121559,0.000833672,0.8121559,0.00028573492,0.0020648413,0.18134302,0.00027840422,0.00011338014,0.0025788017,0.00034624015,e,0.8121559,0,1
0712_row_00043326,e,13高淳,01砖墙,砖墙陈应兰单字,1,1,e,0.7615553,0.0038394036,0.7615553,0.0004901733,0.002594424,0.20068601,0.0015874831,0.00021042982,0.028806474,0.00023044771,e,0.7615553,0,1
0712_row_00043327,e,13高淳,01砖墙,砖墙陈应兰单字,1,1,e,0.9573902,0.00030544936,0.9573902,0.0012368311,0.00025900415,0.04057119,4.6064437e-05,8.888845e-05,8.5725005e-05,1.6653772e-05,e,0.9573902,0,1
0712_row_00043328,e,13高淳,01砖墙,砖墙陈应兰单字,1,1,e,0.52240145,0.008201635,0.52240145,0.0052700653,0.025438432,0.41473293,0.003527947,0.0031590536,0.015945876,0.0013225544,e,0.52240145,0,1
0712_row_00043329,e,13高淳,01砖墙,砖墙陈应兰单字,1,5,y,0.9228263,0.00028750184,0.0014032382,0.022698736,0.031841516,0.0017885794,0.9228263,1.3470668e-05,0.019072818,6.7998684e-05,y,0.9228263,0,1
0712_row_00043330,e,13高淳,01砖墙,砖墙陈应兰单字,1,1,e,0.8260296,0.0107314335,0.8260296,0.0022475822,0.009953984,0.14353234,0.0007123173,0.0017524316,0.0046174033,0.00042291638,e,0.8260296,0,1
0712_row_00043331,u,13高淳,01砖墙,砖墙陈应兰单字,4,4,u,0.73929775,0.044033974,0.18424927,0.014157132,0.015954167,0.73929775,0.00069476024,0.00019972501,0.0007595929,0.000653671,u,0.73929775,0,1
0712_row_00043332,u,13高淳,01砖墙,砖墙陈应兰单字,4,1,e,0.6847445,0.0037502511,0.6847445,0.0015445632,0.012131871,0.29605427,0.0010702311,0.0002576061,0.0003287375,0.000118042735,e,0.6847445,0,1
0712_row_00043333,u,13高淳,01砖墙,砖墙陈应兰单字,4,4,u,0.4899691,0.2862756,0.15447244,0.030284619,0.01193994,0.4899691,0.004235289,0.00036950203,0.0117831575,0.010670368,u,0.4899691,0,1
0712_row_00043334,u,13高淳,01砖墙,砖墙陈应兰单字,4,1,e,0.66475886,0.0058164163,0.66475886,0.0037851431,0.009045183,0.2910383,0.013742861,0.00063472206,0.009120737,0.002057615,e,0.66475886,0,1
0712_row_00043335,ɔ,13高淳,01砖墙,砖墙陈应兰单字,6,0,a,0.41310444,0.41310444,0.0012229938,1.9327757e-05,0.21766946,0.0016995852,1.0354987e-05,0.36379793,0.002441265,3.4619876e-05,a,0.41310444,0,1
0712_row_00043337,a,13高淳,01砖墙,砖墙陈应兰单字,0,0,a,0.50041616,0.50041616,0.0020896269,0.0002767407,0.015094724,0.000583102,4.3238874e-06,0.4753826,0.0061230925,2.9591047e-05,a,0.50041616,0,1
0712_row_00043338,ɔ,13高淳,01砖墙,砖墙陈应兰单字,6,3,o,0.74500155,0.20946917,0.0012534794,4.3997487e-05,0.74500155,0.01422797,0.00011044924,0.028174544,0.0017111421,7.614539e-06,o,0.74500155,0,1
0712_row_00043339,a,13高淳,01砖墙,砖墙陈应兰单字,0,0,a,0.49999356,0.49999356,0.0010228008,0.00022926053,0.47122908,0.00972114,0.00012180813,0.016649716,0.0009983395,3.431136e-05,a,0.49999356,0,1
0712_row_00043340,ɔ,13高淳,01砖墙,砖墙陈应兰单字,6,3,o,0.6379474,0.14949529,0.010479172,2.89626e-05,0.6379474,0.012678357,7.260188e-05,0.013977986,0.17497717,0.00034310285,o,0.6379474,0,1
0712_row_00043341,ɔ,13高淳,01砖墙,砖墙陈应兰单字,6,3,o,0.5034256,0.23228677,0.0115628075,8.722611e-05,0.5034256,0.0034082325,0.00022212768,0.037227284,0.20686367,0.004916336,o,0.5034256,0,1
0712_row_00043342,ɔ,13高淳,01砖墙,砖墙陈应兰单字,6,4,u,0.3829363,0.36707765,0.011512351,0.00093221397,0.075445876,0.3829363,0.0021584327,0.00501273,0.15453234,0.0003921944,u,0.3829363,0,1
0712_row_00043343,ɔ,13高淳,01砖墙,砖墙陈应兰单字,6,0,a,0.45335966,0.45335966,0.00308148,5.982247e-05,0.35529402,0.08368155,9.2350594e-05,0.044691313,0.059726264,1.3541731e-05,a,0.45335966,0,1
0712_row_00043344,a,13高淳,01砖墙,砖墙陈应兰单字,0,3,o,0.98995364,0.0093824,0.00025752655,1.7056824e-06,0.98995364,6.913441e-05,2.686803e-06,0.00031812114,1.1305489e-05,3.2542205e-06,o,0.98995364,0,1
0712_row_00043345,a,13高淳,01砖墙,砖墙陈应兰单字,0,3,o,0.42089352,0.32887536,0.106821336,0.001051502,0.42089352,0.0019910147,4.0359824e-05,0.1401003,0.000115589464,0.000110957095,o,0.42089352,0,1
0712_row_00043346,a,13高淳,01砖墙,砖墙陈应兰单字,0,0,a,0.79813015,0.79813015,0.05898162,0.0036831098,0.0062418706,0.0013074848,0.0001407766,0.10193902,0.021266548,0.008309465,a,0.79813015,0,1
0712_row_00043347,ɔ,13高淳,01砖墙,砖墙陈应兰单字,6,0,a,0.4725382,0.4725382,0.11333245,0.00017573607,0.40758732,0.0011516724,1.2665576e-05,0.0032598074,0.0019375846,4.7366857e-06,a,0.4725382,0,1
0712_row_00043348,ɔ,13高淳,01砖墙,砖墙陈应兰单字,6,3,o,0.42317995,0.19656193,0.0010229363,4.0690447e-05,0.42317995,0.0003359228,9.544194e-07,0.37864462,0.00021282639,2.0286528e-07,o,0.42317995,0,1
0712_row_00043349,a,13高淳,01砖墙,砖墙陈应兰单字,0,3,o,0.77823055,0.091279015,0.1241938,0.00015993902,0.77823055,0.0014140317,1.0346001e-05,0.004163123,0.00054287264,6.2453037e-06,o,0.77823055,0,1
0712_row_00043350,a,13高淳,01砖墙,砖墙陈应兰单字,0,0,a,0.59303814,0.59303814,0.16332091,0.0010580646,0.06972772,0.0006956469,0.032374244,0.00031648748,0.025750363,0.11371855,a,0.59303814,0,1
0712_row_00043351,a,13高淳,01砖墙,砖墙陈应兰单字,0,8,ɛ,0.45580748,0.38119596,0.06750348,0.0023868678,0.0027873474,0.00017734405,0.009144308,0.00013771164,0.0808595,0.45580748,ɛ,0.45580748,0,1
0712_row_00043352,a,13高淳,01砖墙,砖墙陈应兰单字,0,3,o,0.54314345,0.24581519,0.009461693,5.7425616e-05,0.54314345,0.007843307,0.00017928271,0.029612105,0.16213411,0.0017534514,o,0.54314345,0,1
0712_row_00043353,a,13高淳,01砖墙,砖墙陈应兰单字,0,3,o,0.9666194,0.0022244533,0.001167226,0.00042384933,0.9666194,2.3266126e-05,0.028629627,2.8757355e-05,0.0006607259,0.00022274189,o,0.9666194,0,1
0712_row_00043354,a,13高淳,01砖墙,砖墙陈应兰单字,0,0,a,0.86835736,0.86835736,0.027021559,0.0014415924,0.0036367325,0.0005473525,0.0034960909,0.00017666574,0.023228167,0.07209452,a,0.86835736,0,1
0712_row_00043355,u,13高淳,01砖墙,砖墙陈应兰单字,4,3,o,0.7038264,0.111826286,0.010558674,0.002732496,0.7038264,0.11379605,0.02754429,0.00086628535,0.02871669,0.00013271056,o,0.7038264,0,1
0712_row_00043356,o,13高淳,01砖墙,砖墙陈应兰单字,3,1,e,0.9202811,0.02822829,0.9202811,0.006940861,0.023501512,0.007853517,0.00017885596,0.0010898076,0.011868374,5.7665668e-05,e,0.9202811,0,1
0712_row_00043357,o,13高淳,01砖墙,砖墙陈应兰单字,3,1,e,0.6556078,0.05048124,0.6556078,0.1148712,0.027355086,0.14124681,0.001646563,0.002908243,0.003447671,0.002435278,e,0.6556078,0,1
0712_row_00043358,o,13高淳,01砖墙,砖墙陈应兰单字,3,4,u,0.7001146,0.0015751916,0.23543574,0.0059287,0.0011895762,0.7001146,0.00042937818,0.00035952096,0.052570473,0.0023967677,u,0.7001146,0,1
0712_row_00043359,o,13高淳,01砖墙,砖墙陈应兰单字,3,3,o,0.97791666,0.0053946567,0.004284546,0.000109234184,0.97791666,0.0031321575,0.0070953052,0.0010237321,0.0007384736,0.00030509735,o,0.97791666,0,1
0712_row_00043360,o,13高淳,01砖墙,砖墙陈应兰单字,3,3,o,0.95403636,0.013721912,0.00037461068,0.0007952733,0.95403636,0.0075231264,0.0222429,0.0008706043,0.00042557257,9.669862e-06,o,0.95403636,0,1
0712_row_00043361,o,13高淳,01砖墙,砖墙陈应兰单字,3,2,i,0.92180103,0.025274111,0.00061993144,0.92180103,0.024588147,0.00012859871,0.025720924,0.00017731276,0.001417694,0.00027214843,i,0.92180103,0,1
0712_row_00043362,o,13高淳,01砖墙,砖墙陈应兰单字,3,3,o,0.74916726,0.022591058,0.033066098,0.00029479133,0.74916726,0.04634584,0.0012131318,0.023634942,0.12315822,0.0005286542,o,0.74916726,0,1
0712_row_00043363,o,13高淳,01砖墙,砖墙陈应兰单字,3,3,o,0.41252336,0.00990438,0.34095633,0.0005913693,0.41252336,0.15518595,0.0011627546,0.020915542,0.05827036,0.0004899632,o,0.41252336,0,1
0712_row_00043364,u,13高淳,01砖墙,砖墙陈应兰单字,4,4,u,0.5567272,0.00023262926,3.0544965e-05,1.7448767e-05,0.005461189,0.5567272,0.4361924,3.5884275e-07,0.0013375239,8.239381e-07,u,0.5567272,0,1
0712_row_00043365,u,13高淳,01砖墙,砖墙陈应兰单字,4,4,u,0.7421179,0.0013447241,5.4956774e-05,3.328773e-05,0.013831408,0.7421179,0.23624887,1.5748915e-06,0.006364482,2.8000848e-06,u,0.7421179,0,1
0712_row_00043366,u,13高淳,01砖墙,砖墙陈应兰单字,4,4,u,0.8621092,0.004118299,0.0004081586,0.000108987966,0.08331889,0.8621092,0.042520955,1.9886058e-05,0.0073853303,1.0319605e-05,u,0.8621092,0,1
0712_row_00043367,u,13高淳,01砖墙,砖墙陈应兰单字,4,4,u,0.7198706,0.0048024883,0.00048412997,0.00021751603,0.25934875,0.7198706,0.009105086,5.0514052e-05,0.0061153118,5.582123e-06,u,0.7198706,0,1
0712_row_00043368,o,13高淳,01砖墙,砖墙陈应兰单字,3,4,u,0.43272322,0.031985182,0.16548917,0.03881636,0.1430181,0.43272322,0.009684834,0.022561034,0.15465558,0.0010665592,u,0.43272322,0,1
0712_row_00043369,o,13高淳,01砖墙,砖墙陈应兰单字,3,4,u,0.52523345,0.0032080368,0.002509703,0.023496132,0.01672068,0.52523345,0.42275476,8.9761976e-05,0.00567006,0.00031747148,u,0.52523345,0,1
0712_row_00043370,o,13高淳,01砖墙,砖墙陈应兰单字,3,4,u,0.5624651,0.00415874,0.0014429964,0.012149016,0.18488358,0.5624651,0.2244068,0.00039328693,0.009727945,0.00037258887,u,0.5624651,0,1
0712_row_00043371,o,13高淳,01砖墙,砖墙陈应兰单字,3,4,u,0.4865427,0.0011950631,0.0004971325,0.010527779,0.046958648,0.4865427,0.441363,8.2459184e-05,0.012377853,0.0004552585,u,0.4865427,0,1
0712_row_00043372,o,13高淳,01砖墙,砖墙陈应兰单字,3,4,u,0.464944,0.0016737424,0.00085157016,0.009587123,0.078192264,0.464944,0.42971778,0.00013958798,0.014299034,0.0005949268,u,0.464944,0,1
0712_row_00043373,o,13高淳,01砖墙,砖墙陈应兰单字,3,5,y,0.42259178,0.03951022,0.0011549523,0.20793843,0.3249339,0.003606673,0.42259178,6.729428e-05,8.6614986e-05,0.00011016025,y,0.42259178,0,1
0712_row_00043374,o,13高淳,01砖墙,砖墙陈应兰单字,3,4,u,0.621867,0.0008291266,0.00014220917,0.0022115863,0.11342685,0.621867,0.25579375,2.3538487e-05,0.0056338683,7.209862e-05,u,0.621867,0,1
0712_row_00043375,o,13高淳,01砖墙,砖墙陈应兰单字,3,5,y,0.85711116,0.00033230017,0.00075813907,0.0007353488,0.13826346,0.0013097076,0.85711116,7.0404417e-06,0.0014571624,2.568174e-05,y,0.85711116,0,1
0712_row_00043376,o,13高淳,01砖墙,砖墙陈应兰单字,3,5,y,0.9577016,9.784382e-05,0.0007578221,0.0015349559,0.03579903,0.0008536226,0.9577016,3.5541277e-06,0.0032061934,4.5448083e-05,y,0.9577016,0,1
0712_row_00043377,o,13高淳,01砖墙,砖墙陈应兰单字,3,5,y,0.8968769,0.0008586446,0.003175436,0.007433083,0.0630101,0.005511464,0.8968769,3.745569e-05,0.022593312,0.00050373236,y,0.8968769,0,1
0712_row_00043378,o,13高淳,01砖墙,砖墙陈应兰单字,3,5,y,0.8515643,0.0015379735,0.0004018262,0.0036748215,0.14061555,0.00054128666,0.8515643,6.512052e-06,0.0016111308,4.6596273e-05,y,0.8515643,0,1
0712_row_00043379,o,13高淳,01砖墙,砖墙陈应兰单字,3,5,y,0.6547876,0.03297788,0.0011618978,0.013549738,0.26631737,0.0011775856,0.6547876,4.3013457e-05,0.028084727,0.0019001182,y,0.6547876,0,1
0712_row_00043380,a,13高淳,01砖墙,砖墙陈应兰单字,0,5,y,0.37815127,0.046864863,0.0016195406,0.32176602,0.24997115,0.0011568437,0.37815127,5.28886e-05,0.00023663456,0.00018072064,y,0.37815127,0,1
0712_row_00043381,a,13高淳,01砖墙,砖墙陈应兰单字,0,2,i,0.46300736,0.008295243,0.022664072,0.46300736,0.003858113,0.0024497537,0.34965855,0.0005722625,0.038835216,0.11065935,i,0.46300736,0,1
0712_row_00043382,a,13高淳,01砖墙,砖墙陈应兰单字,0,3,o,0.66329545,0.046306744,0.060957164,0.0017352703,0.66329545,0.19988303,0.010736044,0.0009856026,0.005784317,0.010316372,o,0.66329545,0,1
0712_row_00043383,a,13高淳,01砖墙,砖墙陈应兰单字,0,2,i,0.45502287,0.015247677,0.007494214,0.45502287,0.007615208,0.008918034,0.307332,0.0015743009,0.120560385,0.07623532,i,0.45502287,0,1
0712_row_00043384,a,13高淳,01砖墙,砖墙陈应兰单字,0,1,e,0.92867297,0.06789176,0.92867297,0.0002859982,0.0008369414,0.0007115145,8.505949e-06,4.277168e-05,0.0015044515,4.5176756e-05,e,0.92867297,0,1
0712_row_00043385,a,13高淳,01砖墙,砖墙陈应兰单字,0,2,i,0.97012424,0.004434461,0.0027045587,0.97012424,0.00039319115,0.0071625137,0.0100258775,4.657335e-05,0.0017457439,0.00336282,i,0.97012424,0,1
0712_row_00043386,a,13高淳,01砖墙,砖墙陈应兰单字,0,2,i,0.34128943,0.1103457,0.031570334,0.34128943,0.002413272,0.0074271527,0.08079038,0.0036356791,0.15149745,0.27103066,i,0.34128943,0,1
0712_row_00043387,a,13高淳,01砖墙,砖墙陈应兰单字,0,0,a,0.71094126,0.71094126,0.020398637,0.000108827786,0.012179334,0.0020050637,4.453938e-06,0.1176335,0.13651124,0.00021755236,a,0.71094126,0,1
0712_row_00043388,a,13高淳,01砖墙,砖墙陈应兰单字,0,2,i,0.71986574,0.0060524954,0.07880537,0.71986574,0.0042909784,0.0031246766,0.12157428,0.00042641643,0.023997016,0.04186294,i,0.71986574,0,1
0712_row_00043389,a,13高淳,01砖墙,砖墙陈应兰单字,0,4,u,0.33173677,0.2538652,0.12585257,0.009743765,0.25149435,0.33173677,0.005849242,0.0014050188,0.018975712,0.0010773377,u,0.33173677,0,1
0712_row_00043390,a,13高淳,01砖墙,砖墙陈应兰单字,0,8,ɛ,0.69274426,0.2927518,0.0044457354,0.0009653059,0.00070257374,1.67257e-05,0.000992835,7.658215e-05,0.0073041692,0.69274426,ɛ,0.69274426,0,1
0712_row_00043391,i,13高淳,01砖墙,砖墙陈应兰单字,2,2,i,0.74111396,0.0011795947,0.0009610457,0.74111396,0.00041660297,0.018445184,0.22982863,3.937077e-05,0.00349498,0.004520673,i,0.74111396,0,1
0712_row_00043392,a,13高淳,01砖墙,砖墙陈应兰单字,0,2,i,0.73673344,0.006355531,0.0035962746,0.73673344,0.0042932252,0.0077584586,0.19216283,0.0004944022,0.016491987,0.032113895,i,0.73673344,0,1
0712_row_00043393,a,13高淳,01砖墙,砖墙陈应兰单字,0,2,i,0.98775846,0.0021966677,0.00080924603,0.98775846,0.0011977699,3.2657477e-05,0.006770344,8.638067e-06,0.00037076918,0.0008554053,i,0.98775846,0,1
0712_row_00043394,a,13高淳,01砖墙,砖墙陈应兰单字,0,2,i,0.8743334,0.027638705,0.0034366774,0.8743334,0.0038067715,0.0018031603,0.07475912,8.4074345e-05,0.009834248,0.0043037753,i,0.8743334,0,1
0712_row_00043395,a,13高淳,01砖墙,砖墙陈应兰单字,0,2,i,0.91604334,0.019743484,0.001683269,0.91604334,0.0016028034,0.0009413934,0.04203626,3.688858e-05,0.014220508,0.0036920365,i,0.91604334,0,1
0712_row_00043396,ə,13高淳,01砖墙,砖墙陈应兰单字,7,7,ə,0.43837574,0.071452655,0.08991158,0.364473,0.004569156,0.01855742,0.0022559646,0.005501545,0.43837574,0.0049030385,ə,0.43837574,0,1
0712_row_00043398,a,13高淳,01砖墙,砖墙陈应兰单字,0,2,i,0.968188,0.021363832,0.0012073057,0.968188,0.0019383454,7.012443e-05,0.0064054374,6.2481076e-06,0.0004790433,0.0003416,i,0.968188,0,1
0712_row_00043399,i,13高淳,01砖墙,砖墙陈应兰单字,2,1,e,0.9610115,0.032512125,0.9610115,0.0033848805,0.0003926356,0.00024389054,4.968825e-05,1.6626012e-05,0.0023610643,2.7659447e-05,e,0.9610115,0,1
0712_row_00043400,i,13高淳,01砖墙,砖墙陈应兰单字,2,2,i,0.90952766,0.037013434,0.0056250165,0.90952766,0.00085074775,0.00075547484,0.028039439,6.0552822e-05,0.011747128,0.006380599,i,0.90952766,0,1
0712_row_00043401,i,13高淳,01砖墙,砖墙陈应兰单字,2,2,i,0.3128132,0.0071722874,0.006665923,0.3128132,0.2842231,0.16960897,0.122056656,0.0022137607,0.09404621,0.0011999505,i,0.3128132,0,1
0712_row_00043402,y,13高淳,01砖墙,砖墙陈应兰单字,5,2,i,0.57674634,0.0017899239,8.653876e-05,0.57674634,0.0005586268,0.0534676,0.34467798,1.3658667e-05,0.022326624,0.0003327122,i,0.57674634,0,1
0712_row_00043403,a,13高淳,01砖墙,砖墙陈应兰单字,0,3,o,0.9995183,9.327451e-05,2.82633e-06,7.611859e-08,0.9995183,0.000108843014,1.1660041e-07,1.3604547e-06,0.00027536537,4.6823776e-09,o,0.9995183,0,1
0712_row_00043404,i,13高淳,01砖墙,砖墙陈应兰单字,2,3,o,0.98090976,0.0007540333,2.4481007e-05,7.035716e-07,0.98090976,0.0035837968,1.5220628e-06,1.619303e-05,0.014709515,4.5423718e-08,o,0.98090976,0,1
0712_row_00043405,i,13高淳,01砖墙,砖墙陈应兰单字,2,2,i,0.6015933,0.019777985,0.048480548,0.6015933,0.0027757315,0.009056647,0.19537745,0.0006433539,0.055572584,0.066722415,i,0.6015933,0,1
0712_row_00043406,a,13高淳,01砖墙,砖墙陈应兰单字,0,2,i,0.525097,0.04904985,0.39284664,0.525097,0.0047352114,0.0019515767,0.00566799,0.00052942254,0.011319313,0.008802978,i,0.525097,0,1
0712_row_00043407,a,13高淳,01砖墙,砖墙陈应兰单字,0,0,a,0.557918,0.557918,0.22122559,0.1184162,0.0049848096,0.007043354,0.004122092,0.0015697004,0.041298408,0.043421805,a,0.557918,0,1
0712_row_00043408,a,13高淳,01砖墙,砖墙陈应兰单字,0,0,a,0.4874207,0.4874207,0.0009618114,0.48086262,0.0011487008,0.00060331024,0.0040808395,3.5918558e-05,0.004162005,0.020724107,a,0.4874207,0,1
0712_row_00043409,a,13高淳,01砖墙,砖墙陈应兰单字,0,5,y,0.36858603,0.010378249,0.0076396884,0.24455062,0.0012395292,0.00047242938,0.36858603,0.00017133658,0.02483458,0.34212762,y,0.36858603,0,1
0712_row_00043410,a,13高淳,01砖墙,砖墙陈应兰单字,0,3,o,0.78273964,0.038305894,0.012977027,0.0029118033,0.78273964,0.012536907,0.019940767,0.011608456,0.11581029,0.0031691918,o,0.78273964,0,1
0712_row_00043411,a,13高淳,01砖墙,砖墙陈应兰单字,0,3,o,0.58821255,0.015530759,0.24400456,0.0015176523,0.58821255,0.07372985,0.07469733,0.00047766208,0.0010601758,0.0007695035,o,0.58821255,0,1
0712_row_00043412,a,13高淳,01砖墙,砖墙陈应兰单字,0,3,o,0.7227931,0.08513705,0.12492857,0.00021146396,0.7227931,0.014912723,0.0012801315,0.04807549,0.002401468,0.00026001656,o,0.7227931,0,1
0712_row_00043413,a,13高淳,01砖墙,砖墙陈应兰单字,0,3,o,0.43668717,0.22625636,0.0076708654,0.23850231,0.43668717,0.014088911,0.06825965,0.0068661165,0.0012080246,0.0004604978,o,0.43668717,0,1
0712_row_00043414,a,13高淳,01砖墙,砖墙陈应兰单字,0,0,a,0.98807216,0.98807216,0.0033667479,0.002362478,0.002294825,0.0011248395,2.9432358e-05,0.0013123977,0.0003397251,0.0010974281,a,0.98807216,0,1
0712_row_00043415,a,13高淳,01砖墙,砖墙陈应兰单字,0,5,y,0.4422338,0.0060463888,0.008108119,0.38666347,0.006780859,0.0049943835,0.4422338,0.00039825452,0.062119752,0.08265502,y,0.4422338,0,1
0712_row_00043416,a,13高淳,01砖墙,砖墙陈应兰单字,0,2,i,0.5750916,0.0138712805,0.053472657,0.5750916,0.0016850131,0.00042011304,0.051387537,0.00044461057,0.031189159,0.27243808,i,0.5750916,0,1
0712_row_00043417,a,13高淳,01砖墙,砖墙陈应兰单字,0,0,a,0.59315443,0.59315443,0.0023453077,0.0013884507,0.00050904986,0.0002622235,1.9332226e-06,0.40015078,0.0020488217,0.00013909017,a,0.59315443,0,1
0712_row_00043418,a,13高淳,01砖墙,砖墙陈应兰单字,0,0,a,0.95771027,0.95771027,0.015242682,0.00014811776,0.0011128625,0.0018875794,1.6123296e-06,0.00016068113,0.023623142,0.00011308511,a,0.95771027,0,1
0712_row_00043419,a,13高淳,01砖墙,砖墙陈应兰单字,0,0,a,0.2873949,0.2873949,0.015429768,0.20275833,0.0032362451,0.008956188,0.017484631,0.0021581985,0.21748191,0.24509984,a,0.2873949,0,1
0712_row_00043420,i,13高淳,01砖墙,砖墙陈应兰单字,2,2,i,0.94016033,0.002024622,0.03997022,0.94016033,0.0009239202,0.0016770513,0.0145009,5.296694e-05,0.00034765634,0.0003421881,i,0.94016033,0,1
0712_row_00043421,i,13高淳,01砖墙,砖墙陈应兰单字,2,2,i,0.9393258,0.04772311,0.001238327,0.9393258,0.0013148182,0.000119332886,0.009674671,4.1853664e-06,0.0003050261,0.00029477544,i,0.9393258,0,1
0712_row_00043422,i,13高淳,01砖墙,砖墙陈应兰单字,2,2,i,0.9823111,0.0006784319,0.014465183,0.9823111,0.0003373627,0.00013182384,0.0018000279,8.932949e-06,8.215574e-05,0.00018490561,i,0.9823111,0,1
0712_row_00043423,i,13高淳,01砖墙,砖墙陈应兰单字,2,2,i,0.9719811,0.0007095249,0.004716936,0.9719811,0.00023614375,0.0012710463,0.019050345,2.8151111e-05,0.00071756716,0.0012890479,i,0.9719811,0,1
0712_row_00043424,a,13高淳,01砖墙,砖墙陈应兰单字,0,2,i,0.9667249,0.0011444313,0.010752979,0.9667249,0.00022812528,0.0041548195,0.014322108,3.7601658e-05,0.001184283,0.0014508225,i,0.9667249,0,1
0712_row_00043425,a,13高淳,01砖墙,砖墙陈应兰单字,0,2,i,0.9755397,0.0006342197,0.0016546076,0.9755397,9.289189e-05,0.0028204573,0.015121216,1.1667537e-05,0.0011003138,0.0030250377,i,0.9755397,0,1
0712_row_00043426,e,13高淳,01砖墙,砖墙陈应兰单字,1,0,a,0.4179963,0.4179963,0.21776359,0.2248481,0.004089689,0.09348437,0.016993726,0.0005562281,0.011115087,0.013153065,a,0.4179963,0,1
0712_row_00043427,ə,13高淳,01砖墙,砖墙陈应兰单字,7,2,i,0.5327721,0.010953469,0.3867603,0.5327721,0.00022526107,0.0024378386,0.00040628706,0.00010395776,0.06562795,0.00071282376,i,0.5327721,0,1
0712_row_00043428,i,13高淳,01砖墙,砖墙陈应兰单字,2,2,i,0.98794156,0.0021567114,0.0021407024,0.98794156,0.0008348808,6.39416e-05,0.006519858,6.896781e-06,0.0001261624,0.00020922361,i,0.98794156,0,1
0712_row_00043429,e,13高淳,01砖墙,砖墙陈应兰单字,1,1,e,0.7333551,0.17856522,0.7333551,0.08427676,0.0006601442,0.000645158,0.00016105932,4.1472907e-05,0.0020053706,0.00028971,e,0.7333551,0,1
0712_row_00043430,i,13高淳,01砖墙,砖墙陈应兰单字,2,2,i,0.68214893,0.13286994,0.12411334,0.68214893,0.016618753,0.0014691305,0.02911854,0.0004885575,0.0051835873,0.00798928,i,0.68214893,0,1
0712_row_00043431,a,13高淳,01砖墙,砖墙陈应兰单字,0,5,y,0.52448505,0.0057946066,0.0027443164,0.002448669,0.28447953,0.14271605,0.52448505,0.00015153915,0.03661487,0.0005653121,y,0.52448505,0,1
0712_row_00043432,a,13高淳,01砖墙,砖墙陈应兰单字,0,5,y,0.6500948,0.0012483569,0.00048807627,0.001047744,0.2198162,0.117776565,0.6500948,5.372791e-05,0.009404827,6.978291e-05,y,0.6500948,0,1
0712_row_00043433,a,13高淳,01砖墙,砖墙陈应兰单字,0,5,y,0.46422535,0.0011221864,0.0006382919,0.0017341978,0.098448,0.41841128,0.46422535,3.8850558e-05,0.015280026,0.000101700796,y,0.46422535,0,1
0712_row_00043434,a,13高淳,01砖墙,砖墙陈应兰单字,0,0,a,0.58165115,0.58165115,0.00056500186,0.32276028,0.043931767,0.00055351126,0.01478216,0.000107873224,0.03538067,0.00026760338,a,0.58165115,0,1
0712_row_00043435,a,13高淳,01砖墙,砖墙陈应兰单字,0,3,o,0.489438,0.17157277,0.004603263,0.16775051,0.489438,0.0043726573,0.05190483,0.00082555646,0.108655035,0.0008774382,o,0.489438,0,1
0712_row_00043436,a,13高淳,01砖墙,砖墙陈应兰单字,0,0,a,0.99638283,0.99638283,0.00037323718,0.00010845265,0.0009995849,0.00045420794,2.1445035e-06,1.09176e-05,0.0016151279,5.344928e-05,a,0.99638283,0,1
0712_row_00043437,a,13高淳,01砖墙,砖墙陈应兰单字,0,5,y,0.33815348,0.20482041,0.04389745,0.073815405,0.08604649,0.19472845,0.33815348,0.0018968248,0.043578297,0.013063225,y,0.33815348,0,1
0712_row_00043438,a,13高淳,01砖墙,砖墙陈应兰单字,0,8,ɛ,0.9133795,0.07102943,0.0149965305,4.6453428e-05,7.837421e-05,2.0857744e-05,5.1026647e-05,3.701669e-07,0.0003974818,0.9133795,ɛ,0.9133795,0,1
0712_row_00043439,a,13高淳,01砖墙,砖墙陈应兰单字,0,5,y,0.6288415,0.019000346,0.22169171,0.0047460813,0.040378317,0.07396633,0.6288415,0.0003256833,0.008218602,0.0028314171,y,0.6288415,0,1
0712_row_00043440,a,13高淳,01砖墙,砖墙陈应兰单字,0,0,a,0.9728985,0.9728985,0.0021783204,0.00030533032,0.019165779,0.00013226888,2.208256e-05,0.0046985834,0.00054202595,5.706881e-05,a,0.9728985,0,1
0712_row_00043441,a,13高淳,01砖墙,砖墙陈应兰单字,0,5,y,0.71754164,0.0011415443,0.0007890753,0.003386638,0.061660532,0.20519017,0.71754164,8.607534e-05,0.009957671,0.00024669128,y,0.71754164,0,1
0712_row_00043442,a,13高淳,01砖墙,砖墙陈应兰单字,0,4,u,0.52968854,0.0023402767,0.004773254,0.16742165,0.025860073,0.52968854,0.26513773,0.00029455483,0.0032813635,0.0012025535,u,0.52968854,0,1
0712_row_00043443,a,13高淳,01砖墙,砖墙陈应兰单字,0,5,y,0.35715696,0.0063959886,0.0020110293,0.02745934,0.30042064,0.29122695,0.35715696,0.0010510088,0.013229491,0.0010484679,y,0.35715696,0,1
0712_row_00043444,a,13高淳,01砖墙,砖墙陈应兰单字,0,5,y,0.52034473,0.004185737,0.0018027844,0.0036582446,0.103846446,0.33487344,0.52034473,0.0002233528,0.03048275,0.0005824578,y,0.52034473,0,1
0712_row_00043445,a,13高淳,01砖墙,砖墙陈应兰单字,0,4,u,0.58202285,0.017057419,0.011207907,0.07999928,0.07540004,0.58202285,0.22850257,0.00034739176,0.00492216,0.0005404486,u,0.58202285,0,1
0712_row_00043446,u,13高淳,01砖墙,砖墙陈应兰单字,4,5,y,0.5723011,0.0010187648,0.00030336517,0.010038436,0.05932162,0.34360752,0.5723011,8.5122614e-05,0.013139565,0.00018447114,y,0.5723011,0,1
0712_row_00043447,i,13高淳,01砖墙,砖墙陈应兰单字,2,2,i,0.60796547,0.011023739,0.010904342,0.60796547,0.0075288084,0.13030757,0.17868063,0.0020764444,0.045297373,0.0062156203,i,0.60796547,0,1
0712_row_00043448,y,13高淳,01砖墙,砖墙陈应兰单字,5,5,y,0.4972385,0.0019171302,0.006489091,0.30375534,0.0007374652,0.0011026683,0.4972385,0.00016532952,0.007932893,0.1806616,y,0.4972385,0,1
0712_row_00043449,y,13高淳,01砖墙,砖墙陈应兰单字,5,2,i,0.8120571,0.00089096435,0.003762807,0.8120571,0.00035520745,0.001878278,0.16103679,4.514548e-05,0.002565264,0.017408503,i,0.8120571,0,1
0712_row_00043450,a,13高淳,01砖墙,砖墙陈应兰单字,0,2,i,0.9396776,0.0073156413,0.028869038,0.9396776,0.003472385,0.00018122364,0.013953746,2.835285e-05,0.0011235141,0.00537842,i,0.9396776,0,1
0712_row_00043451,a,13高淳,01砖墙,砖墙陈应兰单字,0,0,a,0.3910651,0.3910651,0.3305151,0.25801578,0.00082607113,0.0071122097,0.0029522714,0.00014202317,0.0010394468,0.00833217,a,0.3910651,0,1
0712_row_00043452,a,13高淳,01砖墙,砖墙陈应兰单字,0,0,a,0.94505256,0.94505256,0.011133742,0.00056180975,0.002529404,0.015650494,3.540717e-05,0.005683956,0.018733993,0.0006185824,a,0.94505256,0,1
0712_row_00043453,y,13高淳,01砖墙,砖墙陈应兰单字,5,5,y,0.45679352,0.013289063,0.20168778,0.073010564,0.004353279,0.0005961549,0.45679352,0.0001230024,0.062462185,0.18768445,y,0.45679352,0,1
0712_row_00043454,e,13高淳,01砖墙,砖墙陈应兰单字,1,8,ɛ,0.49864435,0.020816004,0.019764619,0.25839293,0.001605087,0.0005550673,0.08819601,0.00050025614,0.11152562,0.49864435,ɛ,0.49864435,0,1
0712_row_00043455,e,13高淳,01砖墙,砖墙陈应兰单字,1,5,y,0.8591761,0.0013796731,0.120983526,0.003940877,0.004234776,0.0005609628,0.8591761,1.114716e-05,0.006096103,0.0036167055,y,0.8591761,0,1
0712_row_00043456,e,13高淳,01砖墙,砖墙陈应兰单字,1,5,y,0.8136891,0.010620413,0.059903823,0.0074310307,0.01329193,0.08618072,0.8136891,8.5396925e-05,0.008023447,0.0007741986,y,0.8136891,0,1
0712_row_00043457,ə,13高淳,01砖墙,砖墙陈应兰单字,7,3,o,0.99965584,1.4129177e-05,3.7794562e-06,5.5510345e-08,0.99965584,0.00013158598,1.6793042e-07,8.367907e-06,0.00018615284,4.4881916e-09,o,0.99965584,0,1
0712_row_00043458,ə,13高淳,01砖墙,砖墙陈应兰单字,7,3,o,0.99990296,1.5693024e-06,2.0856096e-07,6.3718635e-09,0.99990296,2.6039634e-05,6.920621e-08,2.09166e-06,6.699765e-05,3.1076735e-09,o,0.99990296,0,1
0712_row_00043459,i,13高淳,01砖墙,砖墙陈应兰单字,2,2,i,0.97369486,0.0003021587,0.019774893,0.97369486,0.00043505104,0.00010163297,0.0019012364,2.5541523e-05,0.0035212345,0.00024334814,i,0.97369486,0,1
0712_row_00043460,i,13高淳,01砖墙,砖墙陈应兰单字,2,2,i,0.63983774,0.0038131431,0.0004294002,0.63983774,0.01539751,0.0068146884,0.1522426,0.00018953606,0.179052,0.0022234274,i,0.63983774,0,1
0712_row_00043461,i,13高淳,01砖墙,砖墙陈应兰单字,2,2,i,0.7446521,0.0029730073,0.007261768,0.7446521,0.0112482,0.03243205,0.10473914,0.0002537731,0.0950553,0.0013846023,i,0.7446521,0,1
0712_row_00043462,i,13高淳,01砖墙,砖墙陈应兰单字,2,3,o,0.9890564,0.00093884964,0.00022036662,1.3941672e-05,0.9890564,0.0041696285,3.404279e-06,2.3673845e-05,0.0055735908,8.812369e-08,o,0.9890564,0,1
0712_row_00043463,i,13高淳,01砖墙,砖墙陈应兰单字,2,1,e,0.693517,0.05724796,0.693517,0.0009834301,0.013788461,0.009019544,0.00018115305,0.00086436066,0.22422735,0.00017072828,e,0.693517,0,1
0712_row_00043464,i,13高淳,01砖墙,砖墙陈应兰单字,2,2,i,0.79249716,0.036773883,0.041109603,0.79249716,0.003996442,0.00047402902,0.07292382,0.00035499036,0.019111995,0.03275809,i,0.79249716,0,1
0712_row_00043465,i,13高淳,01砖墙,砖墙陈应兰单字,2,2,i,0.6528665,0.0008610488,6.47317e-05,0.6528665,0.00086029456,0.0016477007,0.2583244,1.4768148e-05,0.0838522,0.0015084627,i,0.6528665,0,1
0712_row_00043466,i,13高淳,01砖墙,砖墙陈应兰单字,2,2,i,0.59685236,0.00079480605,6.4551e-05,0.59685236,0.00060223724,0.044297706,0.33009508,5.5971127e-06,0.026482562,0.00080505514,i,0.59685236,0,1
0712_row_00043467,ə,13高淳,01砖墙,砖墙陈应兰单字,7,3,o,0.9953608,0.00018718377,4.6550333e-05,1.701866e-07,0.9953608,0.00013542715,2.4424133e-07,8.59616e-06,0.004261136,3.6180882e-08,o,0.9953608,0,1
0712_row_00043468,ə,13高淳,01砖墙,砖墙陈应兰单字,7,3,o,0.9911513,0.00044197938,1.9869583e-05,7.4286586e-06,0.9911513,0.00093283976,2.648805e-06,4.7854766e-05,0.0073960116,1.3082801e-07,o,0.9911513,0,1
0712_row_00043469,u,13高淳,01砖墙,砖墙陈应兰单字,4,3,o,0.99477166,0.0005965886,0.0004396165,5.0078556e-06,0.99477166,0.0007991663,1.2178807e-06,3.2343123e-05,0.0033543252,6.217363e-08,o,0.99477166,0,1
0712_row_00043470,u,13高淳,01砖墙,砖墙陈应兰单字,4,3,o,0.9344877,0.01425442,0.001366412,4.2837117e-05,0.9344877,0.019938307,0.00022342363,0.00030775234,0.02937577,3.3000572e-06,o,0.9344877,0,1
0712_row_00043471,u,13高淳,01砖墙,砖墙陈应兰单字,4,3,o,0.9469369,0.008532837,0.0005092227,0.00025550256,0.9469369,0.03305377,5.445782e-05,8.943828e-05,0.010567139,7.820543e-07,o,0.9469369,0,1
0712_row_00043472,u,13高淳,01砖墙,砖墙陈应兰单字,4,3,o,0.98576397,0.0025776816,8.614203e-05,1.1417424e-05,0.98576397,0.005812564,2.8042228e-05,1.9319148e-05,0.0056994427,1.3936103e-06,o,0.98576397,0,1
0712_row_00043473,u,13高淳,01砖墙,砖墙陈应兰单字,4,3,o,0.9592687,0.004894204,0.00035252937,6.245391e-05,0.9592687,0.014701815,8.0893995e-05,5.925289e-05,0.020576203,3.984872e-06,o,0.9592687,0,1
0712_row_00043474,y,13高淳,01砖墙,砖墙陈应兰单字,5,5,y,0.6701456,0.0008898193,0.0012445961,0.14412962,0.0011227267,0.079112306,0.6701456,1.368296e-05,0.1031292,0.00021256415,y,0.6701456,0,1
0712_row_00043475,ə,13高淳,01砖墙,砖墙陈应兰单字,7,3,o,0.95345145,0.0008211978,0.0019057892,1.0836187e-05,0.95345145,0.0069957823,4.1354742e-06,2.0486232e-05,0.036790002,2.926968e-07,o,0.95345145,0,1
0712_row_00043476,ə,13高淳,01砖墙,砖墙陈应兰单字,7,3,o,0.9859978,0.0004232459,2.198525e-05,1.2047365e-06,0.9859978,0.0017418141,3.928221e-06,3.4310717e-06,0.011806515,1.1954643e-07,o,0.9859978,0,1
0712_row_00043477,ə,13高淳,01砖墙,砖墙陈应兰单字,7,3,o,0.92220795,0.0022762357,8.348888e-05,1.3441392e-06,0.92220795,0.0073160063,3.753735e-06,1.9077936e-05,0.068091884,2.3584113e-07,o,0.92220795,0,1
0712_row_00043478,y,13高淳,01砖墙,砖墙陈应兰单字,5,5,y,0.65681225,0.0028533724,0.015228904,0.15721427,0.003133815,0.036686838,0.65681225,6.3455904e-05,0.12638104,0.0016260723,y,0.65681225,0,1
0712_row_00043479,y,13高淳,01砖墙,砖墙陈应兰单字,5,5,y,0.7270773,0.104570806,0.00016492719,0.10450881,0.023053288,0.026192192,0.7270773,4.7201673e-05,0.014290087,9.535554e-05,y,0.7270773,0,1
0712_row_00043480,a,13高淳,01砖墙,砖墙陈应兰单字,0,0,a,0.985427,0.985427,0.007428192,3.5589666e-05,0.000620596,0.0011784015,3.0024572e-07,7.1915594e-05,0.0051679653,6.996391e-05,a,0.985427,0,1
0712_row_00043481,o,13高淳,01砖墙,砖墙陈应兰单字,3,3,o,0.6019763,0.010635894,0.0067558223,0.0069476147,0.6019763,0.11493611,0.251137,0.00042017177,0.0070926244,9.843599e-05,o,0.6019763,0,1
0712_row_00043482,o,13高淳,01砖墙,砖墙陈应兰单字,3,0,a,0.6968585,0.6968585,0.008701154,0.041160308,0.00030145756,0.00010983298,5.5734374e-05,0.00018477779,0.0010748811,0.25155342,a,0.6968585,0,1
0712_row_00043483,o,13高淳,01砖墙,砖墙陈应兰单字,3,6,ɔ,0.93431,0.04956001,0.00035932302,3.532137e-06,0.008596857,0.00012938755,2.2342554e-07,0.93431,0.0070382534,2.4877677e-06,ɔ,0.93431,0,1
0712_row_00043484,o,13高淳,01砖墙,砖墙陈应兰单字,3,0,a,0.96058553,0.96058553,0.0007101489,0.00076048373,0.0060166847,0.00014438025,8.009242e-06,0.031319194,0.00042850542,2.7063901e-05,a,0.96058553,0,1
0712_row_00043485,a,13高淳,01砖墙,砖墙陈应兰单字,0,3,o,0.9109347,0.06417513,0.00080498523,2.347358e-05,0.9109347,0.0018030254,3.0347768e-05,0.0011539819,0.020852875,0.00022142647,o,0.9109347,0,1
0712_row_00043486,a,13高淳,01砖墙,砖墙陈应兰单字,0,0,a,0.9967945,0.9967945,0.0007746754,0.0005195325,0.00056019955,0.0004361087,3.745333e-07,0.00054597954,0.00033022097,3.8537968e-05,a,0.9967945,0,1
0712_row_00043487,ə,13高淳,01砖墙,砖墙陈应兰单字,7,0,a,0.91568303,0.91568303,0.016688155,0.00014688974,0.003497579,0.0007927803,2.0077425e-06,0.012455847,0.050601285,0.00013244779,a,0.91568303,0,1
0712_row_00043488,a,13高淳,01砖墙,砖墙陈应兰单字,0,0,a,0.98632413,0.98632413,0.0002080195,0.00011718474,0.007873191,0.0024516052,1.5599917e-05,1.1676133e-05,0.0029924416,6.15448e-06,a,0.98632413,0,1
0712_row_00043489,a,13高淳,01砖墙,砖墙陈应兰单字,0,0,a,0.9953135,0.9953135,0.0004783789,0.0001146881,0.00015191399,0.0017448424,4.9180085e-07,1.5195638e-05,0.0021560306,2.4879608e-05,a,0.9953135,0,1
0712_row_00043490,a,13高淳,01砖墙,砖墙陈应兰单字,0,0,a,0.9853566,0.9853566,0.0015281475,0.0030203152,0.001998069,0.0064015025,2.1366604e-05,0.00014695483,0.0013563605,0.0001706041,a,0.9853566,0,1
0712_row_00043491,a,13高淳,01砖墙,砖墙陈应兰单字,0,0,a,0.91539836,0.91539836,0.0053325146,0.008139477,0.0057378425,0.061657753,0.0008319311,2.1824839e-05,0.002022796,0.00085734867,a,0.91539836,0,1
0712_row_00043492,a,13高淳,01砖墙,砖墙陈应兰单字,0,0,a,0.91569394,0.91569394,0.0077569797,0.0072840066,0.0120922495,0.05259321,0.0003184612,2.337645e-05,0.0035889724,0.000649005,a,0.91569394,0,1
0712_row_00043493,a,13高淳,01砖墙,砖墙陈应兰单字,0,0,a,0.97708786,0.97708786,0.008099111,0.0036990806,0.0012133948,0.00808103,3.8286886e-05,1.0213474e-05,0.0014924087,0.00027864706,a,0.97708786,0,1
0712_row_00043494,a,13高淳,01砖墙,砖墙陈应兰单字,0,0,a,0.83923966,0.83923966,0.009800553,0.004588477,0.009515831,0.00071520853,0.0021305997,0.0048391907,0.06728982,0.06188079,a,0.83923966,0,1
0712_row_00043495,a,13高淳,01砖墙,砖墙陈应兰单字,0,0,a,0.6175626,0.6175626,0.006490948,0.0004550981,0.34412158,0.0010420379,8.918307e-06,0.030119102,0.00017490388,2.4886098e-05,a,0.6175626,0,1
0712_row_00043496,a,13高淳,01砖墙,砖墙陈应兰单字,0,0,a,0.48056632,0.48056632,0.0025233564,0.15824106,0.11223826,0.08444065,0.07342989,0.0035017016,0.07516166,0.009897082,a,0.48056632,0,1
0712_row_00043497,e,13高淳,01砖墙,砖墙陈应兰单字,1,0,a,0.9843536,0.9843536,0.003197972,6.866274e-05,0.0013879279,0.0011137057,6.374426e-07,0.00473125,0.0051176627,2.8750019e-05,a,0.9843536,0,1
0712_row_00043498,o,13高淳,01砖墙,砖墙陈应兰单字,3,3,o,0.61314875,0.16616863,0.045843363,0.0030126073,0.61314875,0.03980814,0.03320595,0.00034775076,0.09814934,0.00031537111,o,0.61314875,0,1
0712_row_00043499,e,13高淳,01砖墙,砖墙陈应兰单字,1,3,o,0.8561865,0.07095975,0.005851631,1.7528935e-05,0.8561865,0.004696609,1.5456078e-05,0.061325017,0.00094645703,1.002052e-06,o,0.8561865,0,1
0712_row_00043500,e,13高淳,01砖墙,砖墙陈应兰单字,1,3,o,0.9716195,0.006936686,0.0073282393,4.1320727e-05,0.9716195,0.0029695677,0.0010822625,0.0065873754,0.003346076,8.892566e-05,o,0.9716195,0,1
0712_row_00043501,e,13高淳,01砖墙,砖墙陈应兰单字,1,0,a,0.6839235,0.6839235,0.22136156,0.0014421017,0.051541697,0.0030927628,0.00015622246,0.0051889718,0.033276916,1.6384132e-05,a,0.6839235,0,1
0712_row_00043502,e,13高淳,01砖墙,砖墙陈应兰单字,1,1,e,0.6533965,0.15150309,0.6533965,0.0015125603,0.005516904,0.010658229,0.00014471494,0.0006854242,0.17651314,6.942856e-05,e,0.6533965,0,1
0712_row_00043503,e,13高淳,01砖墙,砖墙陈应兰单字,1,1,e,0.7763705,0.13825987,0.7763705,8.143651e-05,0.05768054,0.001469474,0.0035300776,0.00022156043,0.015884133,0.006502355,e,0.7763705,0,1
0712_row_00043504,ə,13高淳,01砖墙,砖墙陈应兰单字,7,3,o,0.9979526,0.0003591791,6.726967e-05,3.0595976e-07,0.9979526,0.00024342732,2.3143782e-07,5.1423785e-06,0.0013718726,1.9111217e-08,o,0.9979526,0,1
0712_row_00043505,e,13高淳,01砖墙,砖墙陈应兰单字,1,3,o,0.34262532,0.12232817,0.040395465,0.0039298427,0.34262532,0.010894306,0.0014418827,0.16977066,0.3066956,0.0019186819,o,0.34262532,0,1
0712_row_00043506,o,13高淳,01砖墙,砖墙陈应兰单字,3,3,o,0.48007843,0.3197925,0.035932574,0.00013911998,0.48007843,0.11385378,0.0024378472,0.00027855192,0.04747568,1.1487846e-05,o,0.48007843,0,1
0712_row_00043507,a,13高淳,01砖墙,砖墙陈应兰单字,0,0,a,0.96372604,0.96372604,0.0017750188,0.00037810227,4.2685217e-05,6.981291e-05,8.58295e-07,1.2918116e-07,0.0017514079,0.03225593,a,0.96372604,0,1
0712_row_00043508,ə,13高淳,01砖墙,砖墙陈应兰单字,7,3,o,0.99985206,2.8489067e-05,6.479874e-07,6.8604544e-09,0.99985206,1.3990677e-05,1.7744673e-08,1.6156571e-06,0.00010313654,2.292505e-09,o,0.99985206,0,1
0712_row_00043509,ə,13高淳,01砖墙,砖墙陈应兰单字,7,3,o,0.9803494,0.0025127176,8.4877276e-05,2.7370712e-05,0.9803494,0.0060549364,1.06486e-05,1.2934362e-05,0.010946688,4.0617707e-07,o,0.9803494,0,1
0712_row_00043510,a,13高淳,01砖墙,砖墙陈应兰单字,0,0,a,0.81818855,0.81818855,0.050054107,7.655065e-05,0.11012897,0.0067733666,3.575461e-05,0.0055761673,0.009162377,4.01412e-06,a,0.81818855,0,1
0712_row_00043511,a,13高淳,01砖墙,砖墙陈应兰单字,0,0,a,0.56722915,0.56722915,0.2897978,0.00041711584,0.019754937,0.068559565,0.000584213,0.0002138792,0.05339129,5.200205e-05,a,0.56722915,0,1
0712_row_00043512,e,13高淳,01砖墙,砖墙陈应兰单字,1,1,e,0.6323114,0.2699343,0.6323114,0.0012863985,0.0137988245,0.009144504,8.621218e-05,0.0017353906,0.07166971,3.32715e-05,e,0.6323114,0,1
0712_row_00043513,i,13高淳,01砖墙,砖墙陈应兰单字,2,2,i,0.97564894,0.001017864,0.009901001,0.97564894,0.0011603666,8.408605e-05,0.0028144412,4.9604198e-05,0.008798908,0.0005248094,i,0.97564894,0,1
0712_row_00043514,i,13高淳,01砖墙,砖墙陈应兰单字,2,3,o,0.9810923,0.0008334914,4.0251616e-05,8.843996e-06,0.9810923,0.0014410185,3.501705e-06,6.752336e-05,0.016512945,1.8212339e-07,o,0.9810923,0,1
0712_row_00043515,i,13高淳,01砖墙,砖墙陈应兰单字,2,2,i,0.98192835,0.0011500396,0.010910924,0.98192835,0.00046172156,0.00013643297,0.0026688764,3.3592576e-05,0.0018579257,0.00085211353,i,0.98192835,0,1
0712_row_00043516,i,13高淳,01砖墙,砖墙陈应兰单字,2,2,i,0.96080136,0.0011313758,0.029246341,0.96080136,0.00085969054,0.000719437,0.00179688,6.2147206e-05,0.005154635,0.00022817473,i,0.96080136,0,1
0712_row_00043517,ə,13高淳,01砖墙,砖墙陈应兰单字,7,3,o,0.986317,0.00022537606,8.3387595e-06,4.5745543e-07,0.986317,0.00014611543,1.2575832e-06,1.4160339e-05,0.013287004,2.5698247e-07,o,0.986317,0,1
0712_row_00043518,ə,13高淳,01砖墙,砖墙陈应兰单字,7,3,o,0.9998952,2.4979408e-05,3.4020235e-07,3.7863237e-09,0.9998952,1.42402105e-05,1.8952464e-08,7.713551e-07,6.463527e-05,1.6651761e-09,o,0.9998952,0,1
0712_row_00043519,i,13高淳,01砖墙,砖墙陈应兰单字,2,2,i,0.78219247,0.0019109222,0.005915641,0.78219247,0.001246996,0.011205767,0.07112432,6.618885e-05,0.12399337,0.00234445,i,0.78219247,0,1
0712_row_00043520,i,13高淳,01砖墙,砖墙陈应兰单字,2,2,i,0.5701678,0.013407041,0.0045886305,0.5701678,0.0033868,0.011111638,0.06395214,6.2748186e-05,0.33183748,0.0014857135,i,0.5701678,0,1
0712_row_00043521,ə,13高淳,01砖墙,砖墙陈应兰单字,7,2,i,0.8686626,0.002167391,0.0005892164,0.8686626,5.4714114e-05,0.00033020807,0.01451478,3.915527e-06,0.11127016,0.00240711,i,0.8686626,0,1
0712_row_00043522,i,13高淳,01砖墙,砖墙陈应兰单字,2,2,i,0.9220014,0.04255433,0.011931112,0.9220014,0.00061780197,0.0016669569,0.008111252,2.871675e-05,0.009723895,0.003364495,i,0.9220014,0,1
0712_row_00043523,ə,13高淳,01砖墙,砖墙陈应兰单字,7,3,o,0.99424607,0.0019985703,1.9767785e-05,2.0392772e-05,0.99424607,0.0024985438,8.100159e-06,8.0294805e-05,0.0011283664,3.472775e-08,o,0.99424607,0,1
0712_row_00043524,ə,13高淳,01砖墙,砖墙陈应兰单字,7,5,y,0.96324813,0.00015627485,0.0059767812,0.023959205,0.0024188794,0.00040537398,0.96324813,5.747449e-06,0.0037579364,7.160054e-05,y,0.96324813,0,1
0712_row_00043525,o,13高淳,01砖墙,砖墙陈应兰单字,3,3,o,0.999668,2.3509521e-05,2.263117e-05,1.2090118e-07,0.999668,7.2005365e-05,1.3600429e-07,8.814397e-06,0.00020485012,1.376423e-08,o,0.999668,0,1
0712_row_00043526,o,13高淳,01砖墙,砖墙陈应兰单字,3,3,o,0.99971515,2.3948536e-05,1.8670421e-06,1.4595262e-08,0.99971515,2.0782318e-05,6.43606e-08,1.7623289e-06,0.00023637914,7.3030857e-09,o,0.99971515,0,1
0712_row_00043527,o,13高淳,01砖墙,砖墙陈应兰单字,3,3,o,0.9990207,1.3615662e-05,4.436483e-06,9.236245e-08,0.9990207,4.1147712e-05,1.4478724e-07,2.0428158e-06,0.000917891,2.2006356e-08,o,0.9990207,0,1
0712_row_00043528,o,13高淳,01砖墙,砖墙陈应兰单字,3,3,o,0.99942553,7.931813e-05,8.204409e-06,2.619606e-07,0.99942553,0.00014365549,2.1236076e-07,8.921953e-06,0.00033380583,9.496993e-09,o,0.99942553,0,1
0712_row_00043529,o,13高淳,01砖墙,砖墙陈应兰单字,3,3,o,0.9985089,0.00020360216,1.1363171e-06,8.796631e-08,0.9985089,0.00055070815,2.9999316e-07,2.1364606e-06,0.0007330436,4.49725e-09,o,0.9985089,0,1
0712_row_00043530,o,13高淳,01砖墙,砖墙陈应兰单字,3,3,o,0.999398,7.624242e-05,2.6819855e-06,6.574952e-07,0.999398,0.00041113386,1.1417585e-06,7.838829e-05,3.1743402e-05,2.4413314e-09,o,0.999398,0,1
0712_row_00043531,o,13高淳,01砖墙,砖墙陈应兰单字,3,3,o,0.99971575,4.5187858e-06,7.3063717e-07,1.6522527e-08,0.99971575,6.619991e-05,2.1489032e-07,6.0285906e-06,0.00020648791,1.5609416e-08,o,0.99971575,0,1
0712_row_00043532,u,13高淳,01砖墙,砖墙陈应兰单字,4,0,a,0.43999335,0.43999335,0.0045058667,0.00043751852,0.39734605,0.13052711,0.0026292503,0.0051983623,0.01933988,2.2653881e-05,a,0.43999335,0,1
0712_row_00043533,o,13高淳,01砖墙,砖墙陈应兰单字,3,3,o,0.9948297,0.0003516014,0.002205239,3.932804e-06,0.9948297,0.0008740607,1.4619673e-06,0.00018401418,0.0015498069,1.831906e-07,o,0.9948297,0,1
0712_row_00043534,o,13高淳,01砖墙,砖墙陈应兰单字,3,3,o,0.99988174,1.10247465e-05,4.3686546e-07,1.0925976e-08,0.99988174,1.7255632e-05,3.0587884e-08,7.331626e-07,8.875186e-05,3.1686516e-09,o,0.99988174,0,1
0712_row_00043535,u,13高淳,01砖墙,砖墙陈应兰单字,4,0,a,0.42518735,0.42518735,0.05067493,0.0007894802,0.04469033,0.4029485,0.017347977,0.0003631221,0.057912804,8.54086e-05,a,0.42518735,0,1
0712_row_00043536,o,13高淳,01砖墙,砖墙陈应兰单字,3,2,i,0.8642398,0.022574479,0.037395954,0.8642398,0.008132443,0.00095402094,0.051519323,0.00017428145,0.005915245,0.0090944255,i,0.8642398,0,1
0712_row_00043537,y,13高淳,01砖墙,砖墙陈应兰单字,5,5,y,0.7326772,0.0019703235,0.2422243,0.006315042,0.0024459762,0.00034815408,0.7326772,6.746388e-06,0.0034544668,0.010557818,y,0.7326772,0,1
0712_row_00043538,o,13高淳,01砖墙,砖墙陈应兰单字,3,3,o,0.99926573,0.00018557973,5.1356733e-06,1.1664568e-07,0.99926573,0.000112981375,2.638851e-07,3.869536e-06,0.00042647086,2.3841226e-08,o,0.99926573,0,1
0712_row_00043539,o,13高淳,01砖墙,砖墙陈应兰单字,3,3,o,0.99984276,6.169855e-06,2.7045343e-07,5.4872604e-09,0.99984276,1.4854745e-05,5.315882e-08,3.7426844e-06,0.00013217043,3.1457899e-09,o,0.99984276,0,1
0712_row_00043540,a,13高淳,01砖墙,砖墙陈应兰单字,0,0,a,0.869376,0.869376,0.03011702,0.0027760305,0.009485996,0.00024711856,1.279936e-05,0.079240434,0.0067995857,0.0019450686,a,0.869376,0,1
0712_row_00043541,a,13高淳,01砖墙,砖墙陈应兰单字,0,0,a,0.9921056,0.9921056,0.0025658505,0.0004645034,3.3461616e-05,0.0002491267,1.8919339e-07,1.1105661e-06,0.0013257057,0.0032545635,a,0.9921056,0,1
0712_row_00043542,a,13高淳,01砖墙,砖墙陈应兰单字,0,0,a,0.99370474,0.99370474,0.0023602827,9.032196e-05,0.00018543577,0.0016113514,4.2526102e-07,0.00020374177,0.0017359788,0.00010770177,a,0.99370474,0,1
0712_row_00043543,a,13高淳,01砖墙,砖墙陈应兰单字,0,0,a,0.9434943,0.9434943,0.0018243651,0.0003467899,0.00016221382,0.000101766025,1.0046058e-06,1.5013867e-07,0.00070233725,0.05336717,a,0.9434943,0,1
0712_row_00043544,ə,13高淳,01砖墙,砖墙陈应兰单字,7,2,i,0.6849326,0.010704669,0.11055772,0.6849326,0.004793137,0.0012508761,0.04802991,0.0007385992,0.031557795,0.107434705,i,0.6849326,0,1
0712_row_00043546,u,13高淳,01砖墙,砖墙陈应兰单字,4,4,u,0.37597266,0.0027418013,0.0005838929,0.00015994653,0.3687756,0.37597266,0.25048167,4.0673505e-05,0.0012368289,6.9192283e-06,u,0.37597266,0,1
0712_row_00043547,ə,13高淳,01砖墙,砖墙陈应兰单字,7,4,u,0.75036025,0.0028439437,0.00031810347,0.00056888664,0.039062027,0.75036025,0.17978404,1.1455465e-05,0.027025852,2.5533516e-05,u,0.75036025,0,1
0712_row_00043549,ɛ,13高淳,01砖墙,砖墙陈应兰单字,8,8,ɛ,0.7174384,0.17075188,0.104289554,0.0033876963,0.0037090664,8.960661e-05,7.323284e-05,5.8479098e-05,0.00020207957,0.7174384,ɛ,0.7174384,0,1
0712_row_00043550,u,13高淳,01砖墙,砖墙陈应兰单字,4,1,e,0.60940313,0.060504895,0.60940313,0.29014948,0.0050395937,0.032332346,0.0014932434,0.0003936488,0.00016426352,0.00051945716,e,0.60940313,0,1
0712_row_00043551,a,13高淳,01砖墙,砖墙陈应兰单字,0,1,e,0.8870769,0.058935713,0.8870769,3.2517324e-05,0.0032199142,0.020455493,9.766983e-06,0.00024366005,0.029952703,7.3401956e-05,e,0.8870769,0,1
0712_row_00043552,i,13高淳,01砖墙,砖墙陈应兰单字,2,2,i,0.9821753,0.0006116348,0.005751935,0.9821753,6.853759e-05,0.0030368117,0.0050221947,2.6707825e-05,0.0014645718,0.0018423568,i,0.9821753,0,1
0712_row_00043553,a,13高淳,01砖墙,砖墙陈应兰单字,0,3,o,0.8249823,0.14730051,0.0003941498,5.040808e-05,0.8249823,0.017788272,8.5080304e-05,0.008585124,0.000809694,4.420191e-06,o,0.8249823,0,1
0712_row_00043554,a,13高淳,01砖墙,砖墙陈应兰单字,0,0,a,0.43027183,0.43027183,4.5345576e-05,0.0001153122,0.15653016,0.00033809917,1.4767387e-06,0.41268376,1.3716331e-05,3.4523654e-07,a,0.43027183,0,1
0712_row_00043555,o,13高淳,01砖墙,砖墙陈应兰单字,3,4,u,0.34531137,0.017713407,0.32884827,0.0022365039,0.26091728,0.34531137,0.0026546454,0.013084901,0.02610668,0.003127015,u,0.34531137,0,1
0712_row_00043556,a,13高淳,01砖墙,砖墙陈应兰单字,0,0,a,0.31652158,0.31652158,0.16729887,0.29733172,0.004419482,0.012694407,0.00463595,0.0039486736,0.11444542,0.0787038,a,0.31652158,0,1
0712_row_00043557,a,13高淳,01砖墙,砖墙陈应兰单字,0,2,i,0.50686896,0.11875596,0.017345686,0.50686896,0.0009426938,0.0031635095,0.036602516,0.0009777471,0.10311273,0.21223022,i,0.50686896,0,1
0712_row_00043558,i,13高淳,01砖墙,砖墙陈应兰单字,2,2,i,0.56385976,0.0027743378,0.0013547064,0.56385976,0.0029714664,0.042573083,0.3675427,0.00024155226,0.0135584595,0.0051238737,i,0.56385976,0,1
0712_row_00043559,a,13高淳,01砖墙,砖墙陈应兰单字,0,2,i,0.960874,0.004638478,0.021950359,0.960874,0.00031330262,0.005016359,0.0048242863,2.6717542e-05,0.000993349,0.0013632159,i,0.960874,0,1
0712_row_00043560,a,13高淳,01砖墙,砖墙陈应兰单字,0,2,i,0.3578512,0.020702831,0.019611938,0.3578512,0.0031770687,0.00021900312,0.053653527,0.00029030195,0.20079546,0.34369862,i,0.3578512,0,1
0712_row_00043561,i,13高淳,01砖墙,砖墙陈应兰单字,2,1,e,0.87258524,0.053491104,0.87258524,0.0641748,0.0016774017,0.0012843766,0.0004416489,0.00019778113,0.0058763274,0.00027138248,e,0.87258524,0,1
0712_row_00043562,i,13高淳,01砖墙,砖墙陈应兰单字,2,2,i,0.9369919,0.0034668667,0.046654537,0.9369919,0.00067753677,0.0020971666,0.009290159,6.540197e-05,0.00021599028,0.0005404402,i,0.9369919,0,1
0712_row_00043563,i,13高淳,01砖墙,砖墙陈应兰单字,2,2,i,0.9034547,0.00504942,0.012495325,0.9034547,0.003071592,0.00011208002,0.056803446,0.00010705996,0.007397113,0.011509219,i,0.9034547,0,1
0712_row_00043564,a,13高淳,01砖墙,砖墙陈应兰单字,0,5,y,0.4772133,0.0032234313,0.00072856667,0.0043776473,0.03928568,0.4468434,0.4772133,7.046166e-05,0.028028704,0.00022888077,y,0.4772133,0,1
0712_row_00043565,u,13高淳,01砖墙,砖墙陈应兰单字,4,5,y,0.62925017,0.0015992179,0.00023254417,0.057506107,0.03396352,0.26722932,0.62925017,0.00011041156,0.009560989,0.00054766086,y,0.62925017,0,1
0712_row_00043566,e,13高淳,01砖墙,砖墙陈应兰单字,1,5,y,0.5441589,0.07352363,0.102004424,0.06608993,0.023516895,0.17572592,0.5441589,0.00019975784,0.013356008,0.0014244962,y,0.5441589,0,1
0712_row_00043567,ə,13高淳,01砖墙,砖墙陈应兰单字,7,3,o,0.998727,2.8761604e-05,1.0921662e-05,7.910716e-08,0.998727,0.0001325154,8.766174e-08,8.103166e-06,0.0010924527,8.116386e-09,o,0.998727,0,1
0712_row_00043568,e,13高淳,01砖墙,砖墙陈应兰单字,1,3,o,0.5175578,0.39123082,0.024623025,0.00083683827,0.5175578,0.010978946,0.009757852,0.00083857356,0.04389617,0.00027989686,o,0.5175578,0,1
0712_row_00043569,a,13高淳,01砖墙,砖墙陈应兰单字,0,0,a,0.98939604,0.98939604,0.00357138,8.26758e-05,0.0019300806,0.0010403126,1.360047e-06,0.0005080567,0.0034117107,5.8432233e-05,a,0.98939604,0,1
0712_row_00043570,a,13高淳,01砖墙,砖墙陈应兰单字,0,3,o,0.5888684,0.25469634,0.04338267,0.00021604712,0.5888684,0.09451437,0.0012753523,0.0009470548,0.016092066,7.698575e-06,o,0.5888684,0,1
0712_row_00043571,o,13高淳,01砖墙,砖墙陈应兰单字,3,3,o,0.9997906,1.7188546e-05,2.3295668e-06,3.4570437e-08,0.9997906,3.0346315e-05,1.18038855e-07,6.9390608e-06,0.00015240813,8.589668e-09,o,0.9997906,0,1
0712_row_00043572,o,13高淳,01砖墙,砖墙陈应兰单字,3,4,u,0.4837535,0.25046465,0.047498256,0.0061225547,0.14062445,0.4837535,0.048542354,0.001379664,0.021210002,0.00040463757,u,0.4837535,0,1
0712_row_00043573,a,13高淳,01砖墙,砖墙陈应兰单字,0,0,a,0.99597037,0.99597037,0.002239958,0.00016215774,6.667245e-05,0.0001588911,8.34291e-08,1.2441046e-06,0.00056141533,0.00083914667,a,0.99597037,0,1
0712_row_00043574,a,13高淳,01砖墙,砖墙陈应兰单字,0,0,a,0.6742086,0.6742086,0.073084176,0.00011371449,0.12885529,0.048211873,0.00090446376,0.000493465,0.07408999,3.8361533e-05,a,0.6742086,0,1
0712_row_00043575,a,13高淳,01砖墙,砖墙陈应兰单字,0,4,u,0.4761613,0.0077189156,0.0016832551,0.04200572,0.10093399,0.4761613,0.3009618,0.000738647,0.06854215,0.0012542193,u,0.4761613,0,1
0712_row_00043576,o,13高淳,01砖墙,砖墙陈应兰单字,3,3,o,0.89699924,0.037810635,0.017778412,0.00038499146,0.89699924,0.03392293,0.0006914089,0.009649211,0.0027591037,4.1063126e-06,o,0.89699924,0,1
0712_row_00043577,o,13高淳,01砖墙,砖墙陈应兰单字,3,3,o,0.9998592,7.754196e-06,5.324212e-07,1.785926e-08,0.9998592,6.666993e-05,1.05767874e-07,9.89701e-06,5.580871e-05,2.3661562e-09,o,0.9998592,0,1
0712_row_00043578,a,13高淳,01砖墙,砖墙陈应兰单字,0,8,ɛ,0.45680216,0.108004846,0.005810665,0.08326575,0.0003049621,1.917395e-05,0.022432324,0.00011857215,0.32324156,0.45680216,ɛ,0.45680216,0,1
0712_row_00043579,ɛ,13高淳,01砖墙,砖墙陈应兰单字,8,8,ɛ,0.3116711,0.09446587,0.019642426,0.25720778,0.0020076705,0.0006479422,0.059056032,0.00046119207,0.25484002,0.3116711,ɛ,0.3116711,0,1
0712_row_00043580,o,13高淳,02淳溪,淳溪刘德保单字,3,3,o,0.9421957,0.052524045,0.0026401393,1.5395448e-05,0.9421957,0.0014511693,1.4656184e-05,0.0005112946,0.00064215064,5.546618e-06,o,0.9421957,0,1
0712_row_00043581,a,13高淳,02淳溪,淳溪刘德保单字,0,3,o,0.585047,0.24716015,0.0024752787,5.401638e-05,0.585047,0.09202508,0.000520698,0.00021183773,0.07247599,2.992796e-05,o,0.585047,0,1
0712_row_00043582,a,13高淳,02淳溪,淳溪刘德保单字,0,0,a,0.9894481,0.9894481,0.0015217362,0.00066677865,8.135159e-05,0.00019052875,2.6742174e-07,4.5051015e-06,0.00418428,0.0039025068,a,0.9894481,0,1
0712_row_00043583,o,13高淳,02淳溪,淳溪刘德保单字,3,3,o,0.8244668,0.15085983,0.0034111657,8.38609e-05,0.8244668,0.015507277,0.000122129,0.0011343523,0.0043963594,1.8078601e-05,o,0.8244668,0,1
0712_row_00043584,o,13高淳,02淳溪,淳溪刘德保单字,3,3,o,0.93815786,0.036476534,0.0002836481,2.2111919e-05,0.93815786,0.02345895,4.942452e-05,0.0014513887,9.963178e-05,3.324125e-07,o,0.93815786,0,1
0712_row_00043585,o,13高淳,02淳溪,淳溪刘德保单字,3,3,o,0.82746154,0.11668109,0.001492746,0.0033314321,0.82746154,0.046002682,0.003797429,0.0006329796,0.0005631236,3.6956284e-05,o,0.82746154,0,1
0712_row_00043586,o,13高淳,02淳溪,淳溪刘德保单字,3,3,o,0.9712985,0.024525179,0.00030414783,2.2694976e-05,0.9712985,0.0033910053,1.3824979e-05,0.00018456894,0.00025968117,4.964044e-07,o,0.9712985,0,1
0712_row_00043587,a,13高淳,02淳溪,淳溪刘德保单字,0,0,a,0.926002,0.926002,0.049629122,0.013452097,0.0002070467,0.00095520465,8.032445e-06,5.524972e-05,0.0009425302,0.008748618,a,0.926002,0,1
0712_row_00043588,a,13高淳,02淳溪,淳溪刘德保单字,0,0,a,0.99320847,0.99320847,0.00077318255,0.00050341873,0.0007350706,0.0019693575,4.1470716e-06,0.0013993138,0.0013102595,9.6871496e-05,a,0.99320847,0,1
0712_row_00043589,a,13高淳,02淳溪,淳溪刘德保单字,0,0,a,0.99040574,0.99040574,0.0018621216,0.0002740056,0.0004658646,0.0031968765,1.3237478e-06,0.0025404787,0.0011930121,6.039114e-05,a,0.99040574,0,1
0712_row_00043590,a,13高淳,02淳溪,淳溪刘德保单字,0,0,a,0.98153424,0.98153424,0.0039154636,5.6752146e-05,0.00029357543,0.0009240436,2.5962092e-07,1.8597606e-05,0.0130429715,0.00021408295,a,0.98153424,0,1
0712_row_00043591,a,13高淳,02淳溪,淳溪刘德保单字,0,0,a,0.99092066,0.99092066,0.0018824195,1.684678e-05,0.00017504713,0.000922076,1.03255495e-07,1.8502833e-05,0.0060221655,4.2035634e-05,a,0.99092066,0,1
0712_row_00043592,a,13高淳,02淳溪,淳溪刘德保单字,0,8,ɛ,0.9893343,0.010402665,0.00013831306,6.2487576e-05,1.0243808e-05,1.5236003e-07,1.2919245e-06,7.361006e-08,5.0427225e-05,0.9893343,ɛ,0.9893343,0,1
0712_row_00043593,a,13高淳,02淳溪,淳溪刘德保单字,0,8,ɛ,0.91854155,0.07853406,0.0006063597,0.00032812412,1.0387787e-05,2.9816395e-06,4.601548e-05,2.5336948e-07,0.001930234,0.91854155,ɛ,0.91854155,0,1
0712_row_00043594,a,13高淳,02淳溪,淳溪刘德保单字,0,8,ɛ,0.9708945,0.028778672,0.00018108154,5.926226e-05,1.705801e-05,3.7777485e-07,9.272037e-07,5.4475144e-08,6.812319e-05,0.9708945,ɛ,0.9708945,0,1
0712_row_00043595,a,13高淳,02淳溪,淳溪刘德保单字,0,8,ɛ,0.9058693,0.08988617,0.0012254266,0.00058963516,1.4854851e-05,4.0616324e-06,0.00015341376,3.2886314e-07,0.0022567885,0.9058693,ɛ,0.9058693,0,1
0712_row_00043596,ɛ,13高淳,02淳溪,淳溪刘德保单字,8,8,ɛ,0.96703476,0.031788293,0.00026088706,7.8189194e-05,8.600569e-06,5.247051e-07,2.5444302e-05,1.07906274e-07,0.0008031305,0.96703476,ɛ,0.96703476,0,1
0712_row_00043597,ɛ,13高淳,02淳溪,淳溪刘德保单字,8,8,ɛ,0.89528555,0.1011745,0.0010465105,0.00029059162,8.7237495e-06,1.8934385e-06,8.326376e-05,2.1721499e-07,0.002108768,0.89528555,ɛ,0.89528555,0,1
0712_row_00043598,ɛ,13高淳,02淳溪,淳溪刘德保单字,8,8,ɛ,0.4313326,0.2854167,0.025304627,0.117009275,0.00066706585,0.0031808016,0.07081209,0.00017244526,0.06610439,0.4313326,ɛ,0.4313326,0,1
0712_row_00043599,ɛ,13高淳,02淳溪,淳溪刘德保单字,8,0,a,0.5261454,0.5261454,0.053495977,0.09056887,0.00044577426,0.0047715036,0.010345838,5.558098e-05,0.03520476,0.27896628,a,0.5261454,0,1
0712_row_00043600,ə,13高淳,02淳溪,淳溪刘德保单字,7,0,a,0.95528847,0.95528847,0.018738678,0.0018158329,0.0004462848,0.0006327084,3.792603e-06,0.00020267842,0.021404142,0.0014672907,a,0.95528847,0,1
0712_row_00043601,ə,13高淳,02淳溪,淳溪刘德保单字,7,0,a,0.9702153,0.9702153,0.0017074395,0.0002128218,0.00010536449,0.00037876779,5.878398e-07,3.6102174e-05,0.025848772,0.0014947754,a,0.9702153,0,1
0712_row_00043602,ə,13高淳,02淳溪,淳溪刘德保单字,7,0,a,0.9679597,0.9679597,0.0059461254,0.00019483909,0.0005786691,0.0007964535,2.08776e-06,2.96248e-05,0.023369215,0.0011232432,a,0.9679597,0,1
0712_row_00043603,ə,13高淳,02淳溪,淳溪刘德保单字,7,8,ɛ,0.5139202,0.42151782,0.005370714,0.016056292,5.853037e-05,5.3879226e-05,0.0006288487,3.2978376e-06,0.04239038,0.5139202,ɛ,0.5139202,0,1
0712_row_00043604,ɛ,13高淳,02淳溪,淳溪刘德保单字,8,8,ɛ,0.343719,0.21089455,0.0034832463,0.10478627,0.00018185767,3.5527293e-05,0.011722426,2.1988595e-05,0.32515517,0.343719,ɛ,0.343719,0,1
0712_row_00043605,ə,13高淳,02淳溪,淳溪刘德保单字,7,7,ə,0.34340173,0.26011616,0.0022792995,0.15331316,0.00023344478,2.0711599e-05,0.012046576,3.9072595e-05,0.34340173,0.2285499,ə,0.34340173,0,1
0712_row_00043606,a,13高淳,02淳溪,淳溪刘德保单字,0,0,a,0.9954418,0.9954418,0.0015988168,0.00086055056,0.0003808276,0.00073506375,1.1605208e-06,1.4371296e-05,0.00072623085,0.0002412987,a,0.9954418,0,1
0712_row_00043607,a,13高淳,02淳溪,淳溪刘德保单字,0,0,a,0.9948691,0.9948691,0.00164791,7.9012636e-05,0.0005564967,0.0009102685,3.9948776e-07,0.00012147242,0.0017806698,3.4873396e-05,a,0.9948691,0,1
0712_row_00043608,a,13高淳,02淳溪,淳溪刘德保单字,0,0,a,0.9936488,0.9936488,0.0017438496,0.00023361828,0.00042770326,0.00077656173,9.1266276e-07,1.3229875e-05,0.0029328577,0.00022234346,a,0.9936488,0,1
0712_row_00043609,a,13高淳,02淳溪,淳溪刘德保单字,0,0,a,0.99567443,0.99567443,0.0014668511,0.00083931704,0.000121458455,0.00032823134,6.590558e-07,1.0486547e-05,0.00082733686,0.0007313923,a,0.99567443,0,1
0712_row_00043610,u,13高淳,02淳溪,淳溪刘德保单字,4,4,u,0.8486601,0.072515965,0.0009740784,0.010462806,0.028669443,0.8486601,0.034486603,0.000549457,0.003577631,0.00010386513,u,0.8486601,0,1
0712_row_00043611,u,13高淳,02淳溪,淳溪刘德保单字,4,4,u,0.83830106,0.003627011,0.0004874853,0.00026551005,0.034211457,0.83830106,0.118585244,1.6130858e-05,0.004493628,1.25765355e-05,u,0.83830106,0,1
0712_row_00043612,u,13高淳,02淳溪,淳溪刘德保单字,4,4,u,0.82909185,0.0015772164,4.437639e-05,3.0872798e-05,0.0050513055,0.82909185,0.16270135,7.9271e-07,0.0015004218,1.8126046e-06,u,0.82909185,0,1
0712_row_00043613,u,13高淳,02淳溪,淳溪刘德保单字,4,4,u,0.7792637,0.002072458,0.0004845648,0.0004968222,0.025930217,0.7792637,0.16274297,8.8617435e-06,0.028977659,2.291389e-05,u,0.7792637,0,1
0712_row_00043614,u,13高淳,02淳溪,淳溪刘德保单字,4,4,u,0.7453911,0.045777336,0.0037028447,0.0024487197,0.16446489,0.7453911,0.018124731,0.00012549148,0.019903528,6.139927e-05,u,0.7453911,0,1
0712_row_00043615,u,13高淳,02淳溪,淳溪刘德保单字,4,5,y,0.9395655,0.0004677047,0.008096378,0.02459977,0.0048237043,0.016480422,0.9395655,1.8802833e-05,0.005879978,6.771412e-05,y,0.9395655,0,1
0712_row_00043616,u,13高淳,02淳溪,淳溪刘德保单字,4,4,u,0.68642443,0.0008978625,8.3978804e-05,6.561373e-05,0.010915529,0.68642443,0.29783255,2.4207134e-06,0.003769134,8.542888e-06,u,0.68642443,0,1
0712_row_00043617,u,13高淳,02淳溪,淳溪刘德保单字,4,4,u,0.7776708,0.0009810547,8.087267e-05,0.00013983421,0.0064215716,0.7776708,0.2135449,2.596667e-06,0.001153237,5.0628782e-06,u,0.7776708,0,1
0712_row_00043618,y,13高淳,02淳溪,淳溪刘德保单字,5,5,y,0.9642504,4.674711e-05,0.00126501,0.026696865,0.004868084,0.00021159751,0.9642504,1.9457837e-06,0.0026282351,3.10401e-05,y,0.9642504,0,1
0712_row_00043619,u,13高淳,02淳溪,淳溪刘德保单字,4,4,u,0.80937773,0.0017042244,0.0014986946,0.0007650642,0.012726857,0.80937773,0.14243634,1.7687193e-05,0.031392947,8.0475416e-05,u,0.80937773,0,1
0712_row_00043620,u,13高淳,02淳溪,淳溪刘德保单字,4,4,u,0.7678785,0.0039108614,0.0011040042,0.0006291986,0.009037764,0.7678785,0.21028486,1.44670685e-05,0.0070946068,4.5761597e-05,u,0.7678785,0,1
0712_row_00043621,u,13高淳,02淳溪,淳溪刘德保单字,4,4,u,0.7129175,0.0011958595,0.000315801,0.0002606243,0.023104515,0.7129175,0.25439256,7.4842574e-06,0.0077936864,1.2003217e-05,u,0.7129175,0,1
0712_row_00043622,o,13高淳,02淳溪,淳溪刘德保单字,3,4,u,0.75725466,0.0019251253,0.0018987588,0.0015608214,0.010363145,0.75725466,0.22183706,2.1312182e-05,0.0050644316,7.475969e-05,u,0.75725466,0,1
0712_row_00043623,u,13高淳,02淳溪,淳溪刘德保单字,4,4,u,0.8955014,0.0071032518,0.00037696314,2.850731e-05,0.04311508,0.8955014,0.005990232,1.1159705e-05,0.04786323,1.0249104e-05,u,0.8955014,0,1
0712_row_00043624,u,13高淳,02淳溪,淳溪刘德保单字,4,4,u,0.70400053,0.0023174316,0.0010303037,0.0032255815,0.024198148,0.70400053,0.26019228,4.6058914e-05,0.0048939046,9.575611e-05,u,0.70400053,0,1
0712_row_00043625,u,13高淳,02淳溪,淳溪刘德保单字,4,4,u,0.8860815,0.0018395069,0.00013440035,8.5707514e-05,0.01858327,0.8860815,0.062035974,3.0110004e-06,0.031225313,1.1170539e-05,u,0.8860815,0,1
0712_row_00043626,y,13高淳,02淳溪,淳溪刘德保单字,5,4,u,0.88210464,0.014005676,0.0009898676,0.00014141177,0.033899687,0.88210464,0.024532191,1.9442812e-05,0.044286024,2.0995303e-05,u,0.88210464,0,1
0712_row_00043627,y,13高淳,02淳溪,淳溪刘德保单字,5,4,u,0.52826273,0.0014633345,0.0016043149,0.0038326902,0.022536205,0.52826273,0.4243557,4.7369827e-05,0.017787453,0.000110275934,u,0.52826273,0,1
0712_row_00043628,y,13高淳,02淳溪,淳溪刘德保单字,5,3,o,0.52274555,0.2738471,0.15061378,0.01850904,0.52274555,0.0012125034,0.015276265,0.0019965062,0.0061796876,0.009619583,o,0.52274555,0,1
0712_row_00043629,y,13高淳,02淳溪,淳溪刘德保单字,5,4,u,0.70723915,0.0038855812,0.00682759,0.011324635,0.05661424,0.70723915,0.20434941,0.00027640193,0.008912677,0.0005703667,u,0.70723915,0,1
0712_row_00043630,y,13高淳,02淳溪,淳溪刘德保单字,5,5,y,0.8957701,0.000116336785,0.012143561,0.085599355,0.002588786,0.0011115717,0.8957701,1.0509845e-05,0.0026094373,5.0361985e-05,y,0.8957701,0,1
0712_row_00043631,y,13高淳,02淳溪,淳溪刘德保单字,5,4,u,0.66915673,0.000944046,0.00055492844,0.0015379372,0.06108999,0.66915673,0.25936547,2.3977535e-05,0.0072630695,6.3886335e-05,u,0.66915673,0,1
0712_row_00043632,y,13高淳,02淳溪,淳溪刘德保单字,5,5,y,0.9780462,3.3245826e-05,0.0025296542,0.014828642,0.0026082832,0.0011674308,0.9780462,1.675006e-06,0.0007605003,2.4346582e-05,y,0.9780462,0,1
0712_row_00043633,y,13高淳,02淳溪,淳溪刘德保单字,5,4,u,0.8246436,0.0038452782,0.00010524823,9.53521e-05,0.010015111,0.8246436,0.15753525,6.9390667e-06,0.0037369493,1.6258926e-05,u,0.8246436,0,1
0712_row_00043634,y,13高淳,02淳溪,淳溪刘德保单字,5,4,u,0.6192829,0.0014001353,0.00018799337,0.00012036729,0.005024002,0.6192829,0.37142858,4.400837e-06,0.0025412543,1.0423673e-05,u,0.6192829,0,1
0712_row_00043635,y,13高淳,02淳溪,淳溪刘德保单字,5,4,u,0.5480633,0.00032397217,4.1833773e-05,4.0352727e-05,0.003256202,0.5480633,0.44734585,9.827098e-07,0.0009249692,2.639431e-06,u,0.5480633,0,1
0712_row_00043636,u,13高淳,02淳溪,淳溪刘德保单字,4,4,u,0.7301642,0.00084253674,5.1321407e-05,4.5884197e-05,0.003545328,0.7301642,0.26415405,7.9275713e-07,0.0011931532,2.7955207e-06,u,0.7301642,0,1
0712_row_00043637,y,13高淳,02淳溪,淳溪刘德保单字,5,4,u,0.7637858,0.0016173522,8.463122e-05,5.612436e-05,0.0040998384,0.7637858,0.22783737,1.4033411e-06,0.002511762,5.710077e-06,u,0.7637858,0,1
0712_row_00043638,y,13高淳,02淳溪,淳溪刘德保单字,5,4,u,0.6269827,0.001712443,0.001690447,0.00827586,0.019489815,0.6269827,0.3342715,4.6646655e-05,0.0074051158,0.00012553694,u,0.6269827,0,1
0712_row_00043639,u,13高淳,02淳溪,淳溪刘德保单字,4,4,u,0.71016717,0.0015263,0.0007970503,0.0020629815,0.015695317,0.71016717,0.26412633,3.2062104e-05,0.005517561,7.527259e-05,u,0.71016717,0,1
0712_row_00043640,u,13高淳,02淳溪,淳溪刘德保单字,4,4,u,0.8409536,0.0030573872,0.00046220893,0.00025944723,0.031435806,0.8409536,0.10475592,1.425748e-05,0.019016115,4.53301e-05,u,0.8409536,0,1
0712_row_00043641,u,13高淳,02淳溪,淳溪刘德保单字,4,4,u,0.851363,0.0012443296,0.00029465713,0.00014886938,0.01631063,0.851363,0.12240975,3.2677526e-06,0.00820998,1.549334e-05,u,0.851363,0,1
0712_row_00043642,u,13高淳,02淳溪,淳溪刘德保单字,4,4,u,0.89328706,0.004479206,0.00024555123,0.0008484393,0.030804107,0.89328706,0.05006839,1.1045174e-05,0.020129697,0.00012649746,u,0.89328706,0,1
0712_row_00043643,u,13高淳,02淳溪,淳溪刘德保单字,4,4,u,0.88686174,0.011108811,0.0034715994,0.0015685083,0.026060835,0.88686174,0.03110333,3.7392627e-05,0.03967604,0.000111641435,u,0.88686174,0,1
0712_row_00043644,u,13高淳,02淳溪,淳溪刘德保单字,4,4,u,0.6334153,0.0008376125,0.0007025711,0.00095437473,0.01502422,0.6334153,0.3456861,1.4175113e-05,0.0033209655,4.4699344e-05,u,0.6334153,0,1
0712_row_00043645,u,13高淳,02淳溪,淳溪刘德保单字,4,4,u,0.77540576,0.009215049,0.00043899927,0.00033340798,0.1302786,0.77540576,0.03333709,7.961213e-05,0.05084674,6.472538e-05,u,0.77540576,0,1
0712_row_00043646,u,13高淳,02淳溪,淳溪刘德保单字,4,4,u,0.8960659,0.0016720641,8.219375e-05,8.624023e-05,0.02571328,0.8960659,0.05700315,3.85157e-06,0.01936309,1.0280927e-05,u,0.8960659,0,1
0712_row_00043647,y,13高淳,02淳溪,淳溪刘德保单字,5,4,u,0.5794814,0.0030433096,0.0012238704,0.011727308,0.022408837,0.5794814,0.36632314,6.824261e-05,0.015593607,0.00013029382,u,0.5794814,0,1
0712_row_00043648,y,13高淳,02淳溪,淳溪刘德保单字,5,4,u,0.49689993,0.00083410245,0.0004012133,0.0007468067,0.04193892,0.49689993,0.4507454,1.4543523e-05,0.008389502,2.9601097e-05,u,0.49689993,0,1
0712_row_00043649,y,13高淳,02淳溪,淳溪刘德保单字,5,5,y,0.99197876,4.312346e-06,0.00045124997,0.0054837363,0.00054913136,0.000682094,0.99197876,5.1949326e-07,0.00084454997,5.687462e-06,y,0.99197876,0,1
0712_row_00043650,y,13高淳,02淳溪,淳溪刘德保单字,5,5,y,0.99519867,2.96666e-06,0.0013672254,0.001964697,0.00084187626,0.00032689518,0.99519867,2.710913e-07,0.00029507236,2.353837e-06,y,0.99519867,0,1
0712_row_00043651,y,13高淳,02淳溪,淳溪刘德保单字,5,5,y,0.97880965,4.3062668e-05,0.0028991753,0.013516026,0.003120674,0.0010297685,0.97880965,1.8527038e-06,0.00056678004,1.3036998e-05,y,0.97880965,0,1
0712_row_00043652,a,13高淳,02淳溪,淳溪刘德保单字,0,1,e,0.7001454,0.24440075,0.7001454,0.053178146,0.00031982985,0.0010840542,5.086229e-05,4.39186e-05,0.00036861462,0.0004085729,e,0.7001454,0,1
0712_row_00043653,a,13高淳,02淳溪,淳溪刘德保单字,0,1,e,0.74402374,0.13418236,0.74402374,0.0002811166,0.0017183396,0.0163754,1.2868596e-05,0.000108544366,0.10324096,5.669526e-05,e,0.74402374,0,1
0712_row_00043654,a,13高淳,02淳溪,淳溪刘德保单字,0,0,a,0.6663478,0.6663478,0.06283779,0.11094145,0.0045724944,0.046570793,0.001209352,0.0008215194,0.016559286,0.09013944,a,0.6663478,0,1
0712_row_00043655,e,13高淳,02淳溪,淳溪刘德保单字,1,1,e,0.50128716,0.00051452586,0.50128716,0.00064977247,0.010426741,0.48561195,0.0011612825,0.00025208222,6.9634465e-05,2.6918979e-05,e,0.50128716,0,1
0712_row_00043656,a,13高淳,02淳溪,淳溪刘德保单字,0,0,a,0.69169724,0.69169724,0.29504985,0.0009303884,0.0020255728,0.006375784,4.180474e-05,0.00012978626,0.002836568,0.00091308425,a,0.69169724,0,1
0712_row_00043657,ɛ,13高淳,02淳溪,淳溪刘德保单字,8,8,ɛ,0.99262685,0.0046107294,0.0020247896,0.00012830766,0.00027480614,9.026852e-06,8.254742e-05,1.9791653e-06,0.00024100654,0.99262685,ɛ,0.99262685,0,1
0712_row_00043658,a,13高淳,02淳溪,淳溪刘德保单字,0,1,e,0.8549744,0.11109161,0.8549744,0.003722523,0.011616566,0.015851112,0.00071974087,0.0008005614,0.0006022142,0.0006211028,e,0.8549744,0,1
0712_row_00043659,ɛ,13高淳,02淳溪,淳溪刘德保单字,8,8,ɛ,0.9895845,0.004564271,0.0025721116,0.00082122325,0.00031671952,7.5137964e-06,0.0003832376,4.128041e-06,0.0017463347,0.9895845,ɛ,0.9895845,0,1
0712_row_00043660,ɛ,13高淳,02淳溪,淳溪刘德保单字,8,8,ɛ,0.99374557,0.003716266,0.00045464278,0.0001030815,0.0011228018,2.6342434e-05,0.00011052705,1.0773172e-05,0.00070995133,0.99374557,ɛ,0.99374557,0,1
0712_row_00043661,ɛ,13高淳,02淳溪,淳溪刘德保单字,8,1,e,0.96452457,0.023037076,0.96452457,3.9060207e-05,0.0026155747,0.004883441,0.00045498082,5.5550856e-05,0.0018939499,0.0024957322,e,0.96452457,0,1
0712_row_00043662,e,13高淳,02淳溪,淳溪刘德保单字,1,1,e,0.9523876,0.021677956,0.9523876,4.0301824e-05,0.015261199,0.0058386754,0.00043302067,0.00014237502,0.0033669423,0.00085196435,e,0.9523876,0,1
0712_row_00043663,a,13高淳,02淳溪,淳溪刘德保单字,0,0,a,0.7555866,0.7555866,0.17980805,0.0003991023,0.0028758587,0.0340572,1.157753e-05,0.00027875596,0.026788667,0.00019410277,a,0.7555866,0,1
0712_row_00043665,i,13高淳,02淳溪,淳溪刘德保单字,2,2,i,0.9677576,0.0005361871,0.00127635,0.9677576,0.0001081619,6.212027e-05,0.020313269,6.3018747e-06,0.006066844,0.003873225,i,0.9677576,0,1
0712_row_00043666,i,13高淳,02淳溪,淳溪刘德保单字,2,5,y,0.68673855,0.00014241633,0.020253146,0.28819793,0.0015903412,0.0010699179,0.68673855,2.4148365e-05,0.0016535844,0.00033001727,y,0.68673855,0,1
0712_row_00043667,i,13高淳,02淳溪,淳溪刘德保单字,2,2,i,0.8026409,0.00025328758,0.010985829,0.8026409,0.00071826193,0.029482896,0.15137927,6.480369e-05,0.002081239,0.002393454,i,0.8026409,0,1
0712_row_00043668,i,13高淳,02淳溪,淳溪刘德保单字,2,2,i,0.55277056,0.0012102477,0.0030120867,0.55277056,0.0016842069,0.19123583,0.23987044,0.00014219905,0.0070591145,0.0030153836,i,0.55277056,0,1
0712_row_00043669,i,13高淳,02淳溪,淳溪刘德保单字,2,2,i,0.9797372,0.00012183296,0.0006221613,0.9797372,3.0343546e-05,0.0017048708,0.012961608,8.027016e-06,0.001144182,0.003669653,i,0.9797372,0,1
0712_row_00043670,i,13高淳,02淳溪,淳溪刘德保单字,2,2,i,0.91346246,0.00026706167,0.003148369,0.91346246,0.00024262362,0.010862128,0.0659648,3.0950563e-05,0.0027420314,0.0032796874,i,0.91346246,0,1
0712_row_00043671,i,13高淳,02淳溪,淳溪刘德保单字,2,2,i,0.8943774,0.0003741384,0.0037153391,0.8943774,0.00029997813,0.0058335382,0.07342138,6.64887e-05,0.008848385,0.013063379,i,0.8943774,0,1
0712_row_00043672,i,13高淳,02淳溪,淳溪刘德保单字,2,5,y,0.91717577,0.0026303965,0.005780267,0.037907377,0.022367721,0.007908216,0.91717577,4.382455e-05,0.005786971,0.00039954862,y,0.91717577,0,1
0712_row_00043673,i,13高淳,02淳溪,淳溪刘德保单字,2,5,y,0.98546576,1.3432074e-05,0.0012835012,0.008637886,0.00167675,0.0012525362,0.98546576,1.4041264e-06,0.0016554131,1.3363679e-05,y,0.98546576,0,1
0712_row_00043674,i,13高淳,02淳溪,淳溪刘德保单字,2,5,y,0.9812449,3.8179314e-05,0.0019441381,0.012597337,0.0026624724,8.3395826e-05,0.9812449,1.5183459e-06,0.0013977331,3.0343877e-05,y,0.9812449,0,1
0712_row_00043675,i,13高淳,02淳溪,淳溪刘德保单字,2,2,i,0.9127041,0.0013470533,0.0101152025,0.9127041,0.0010713438,0.032618877,0.040089253,0.00021891415,0.0005966518,0.0012385376,i,0.9127041,0,1
0712_row_00043676,i,13高淳,02淳溪,淳溪刘德保单字,2,2,i,0.7500817,0.0036256537,0.008567824,0.7500817,0.0016971151,0.13904786,0.08752926,0.00010728092,0.005286087,0.004057098,i,0.7500817,0,1
0712_row_00043677,i,13高淳,02淳溪,淳溪刘德保单字,2,2,i,0.45025504,0.0014016002,0.003833308,0.45025504,0.0029266914,0.17521499,0.35734287,0.00017676156,0.0044764588,0.0043722675,i,0.45025504,0,1
0712_row_00043678,i,13高淳,02淳溪,淳溪刘德保单字,2,2,i,0.6026945,0.0005943745,0.0011843144,0.6026945,0.0012008602,0.09555346,0.2928772,6.712766e-05,0.0014514737,0.0043767933,i,0.6026945,0,1
0712_row_00043679,i,13高淳,02淳溪,淳溪刘德保单字,2,2,i,0.56725883,0.0013637992,0.004339453,0.56725883,0.0025186578,0.13048956,0.28342056,0.00019103009,0.0030115126,0.0074065328,i,0.56725883,0,1
0712_row_00043680,e,13高淳,02淳溪,淳溪刘德保单字,1,1,e,0.8063116,0.0005879777,0.8063116,0.00088536536,0.0009792548,0.19031014,0.000166416,0.0002796672,0.00044061168,3.888299e-05,e,0.8063116,0,1
0712_row_00043681,e,13高淳,02淳溪,淳溪刘德保单字,1,1,e,0.61712873,0.0042715305,0.61712873,0.024925824,0.010724416,0.34140894,0.00068238104,0.00025890616,0.0004885751,0.00011066623,e,0.61712873,0,1
0712_row_00043682,e,13高淳,02淳溪,淳溪刘德保单字,1,1,e,0.720979,0.0011755988,0.720979,0.006546361,0.00294737,0.2667359,0.00038339297,0.0010849703,0.00010542071,4.181956e-05,e,0.720979,0,1
0712_row_00043683,e,13高淳,02淳溪,淳溪刘德保单字,1,1,e,0.61144227,0.0009029341,0.61144227,0.005189,0.0019649821,0.37925905,0.0005643226,0.00044256667,0.00015207457,8.287793e-05,e,0.61144227,0,1
0712_row_00043684,e,13高淳,02淳溪,淳溪刘德保单字,1,1,e,0.9661375,6.3193256e-05,0.9661375,0.00042639408,3.344414e-05,0.03312974,2.6958905e-05,1.631094e-05,0.0001476927,1.8739218e-05,e,0.9661375,0,1
0712_row_00043685,u,13高淳,02淳溪,淳溪刘德保单字,4,1,e,0.89798963,0.0008450921,0.89798963,0.0003726373,0.0005039617,0.09949602,0.00012406184,3.7174283e-05,0.00040462363,0.00022683901,e,0.89798963,0,1
0712_row_00043686,a,13高淳,02淳溪,淳溪刘德保单字,0,0,a,0.77207917,0.77207917,0.02456424,0.00094087864,0.12172575,0.043266226,0.0012281599,0.003697486,0.03225686,0.00024123618,a,0.77207917,0,1
0712_row_00043687,u,13高淳,02淳溪,淳溪刘德保单字,4,1,e,0.6030555,0.005533309,0.6030555,0.012620281,0.009765502,0.36457762,0.0035293975,0.00034667103,0.0002942096,0.00027749228,e,0.6030555,0,1
0712_row_00043688,a,13高淳,02淳溪,淳溪刘德保单字,0,1,e,0.53764313,0.28741705,0.53764313,0.002262005,0.017372243,0.14263709,0.00025675114,0.0006463119,0.010053253,0.0017123021,e,0.53764313,0,1
0712_row_00043689,a,13高淳,02淳溪,淳溪刘德保单字,0,0,a,0.45226473,0.45226473,0.09971632,0.0016456838,0.2569153,0.05140792,0.0032893764,0.03594976,0.096938945,0.0018719955,a,0.45226473,0,1
0712_row_00043690,a,13高淳,02淳溪,淳溪刘德保单字,0,0,a,0.98586386,0.98586386,0.0073618097,0.0019372058,0.001443866,0.0013306813,4.787059e-06,0.00055712386,0.0010533766,0.00044722034,a,0.98586386,0,1
0712_row_00043691,a,13高淳,02淳溪,淳溪刘德保单字,0,1,e,0.45508248,0.2865797,0.45508248,0.00029782555,0.013199662,0.17104584,0.00030557465,0.0007385463,0.07204386,0.00070656097,e,0.45508248,0,1
0712_row_00043692,a,13高淳,02淳溪,淳溪刘德保单字,0,0,a,0.43209267,0.43209267,0.25217593,0.0110599045,0.21237355,0.06328803,0.008718271,0.0012263207,0.013678053,0.005387402,a,0.43209267,0,1
0712_row_00043693,a,13高淳,02淳溪,淳溪刘德保单字,0,0,a,0.9934296,0.9934296,0.00059877883,0.0045918263,0.00046865665,0.00025202928,2.6552457e-06,2.3969658e-05,0.00044052635,0.00019214397,a,0.9934296,0,1
0712_row_00043694,a,13高淳,02淳溪,淳溪刘德保单字,0,0,a,0.9950117,0.9950117,0.0010291002,0.0018996523,0.00065364665,0.0005877148,2.9888615e-06,6.812115e-05,0.0005469861,0.00020021615,a,0.9950117,0,1
0712_row_00043695,e,13高淳,02淳溪,淳溪刘德保单字,1,1,e,0.85663265,0.0006019879,0.85663265,0.002425419,0.00042364348,0.117019534,8.6977656e-05,0.00023153135,0.022342347,0.00023590682,e,0.85663265,0,1
0712_row_00043696,e,13高淳,02淳溪,淳溪刘德保单字,1,1,e,0.7364254,0.0009622194,0.7364254,0.0051319883,0.0034142395,0.25213107,0.0005541868,0.0011157889,0.00021558549,4.9464932e-05,e,0.7364254,0,1
0712_row_00043697,e,13高淳,02淳溪,淳溪刘德保单字,1,1,e,0.62135327,0.005854406,0.62135327,0.001660639,0.008533332,0.3024071,0.0021906088,0.0010572331,0.056593098,0.00035029688,e,0.62135327,0,1
0712_row_00043698,e,13高淳,02淳溪,淳溪刘德保单字,1,1,e,0.6171955,0.003816405,0.6171955,0.0045171264,0.011869481,0.36081293,0.0010856964,0.00026773976,0.00037904267,5.608203e-05,e,0.6171955,0,1
0712_row_00043699,e,13高淳,02淳溪,淳溪刘德保单字,1,1,e,0.75027066,0.00027964133,0.75027066,0.0005193613,0.0018314054,0.2465661,0.00021529883,0.0001977141,9.3254595e-05,2.644061e-05,e,0.75027066,0,1
0712_row_00043700,i,13高淳,02淳溪,淳溪刘德保单字,2,2,i,0.8572605,0.0007657398,0.014621294,0.8572605,0.00085286965,0.018127175,0.1026876,6.052353e-05,0.001689895,0.003934334,i,0.8572605,0,1
0712_row_00043701,i,13高淳,02淳溪,淳溪刘德保单字,2,2,i,0.890183,0.0040237783,0.013255056,0.890183,0.040920697,0.013222584,0.034085646,0.0030012617,0.0005620849,0.0007459426,i,0.890183,0,1
0712_row_00043702,i,13高淳,02淳溪,淳溪刘德保单字,2,2,i,0.9921332,0.0009747193,0.0006630758,0.9921332,0.0010257723,0.0022602887,0.0017967018,0.00013895471,0.0002493813,0.0007579373,i,0.9921332,0,1
0712_row_00043703,i,13高淳,02淳溪,淳溪刘德保单字,2,2,i,0.99623704,0.00014692289,0.0011003985,0.99623704,4.1207684e-05,0.0012543991,0.0008614512,1.2900215e-05,0.00010595333,0.00023965261,i,0.99623704,0,1
0712_row_00043704,i,13高淳,02淳溪,淳溪刘德保单字,2,5,y,0.97723526,4.7142887e-05,0.0027977477,0.015286093,0.0024660763,0.00022753641,0.97723526,1.3091874e-06,0.0019172151,2.1656946e-05,y,0.97723526,0,1
0712_row_00043705,i,13高淳,02淳溪,淳溪刘德保单字,2,2,i,0.9922829,0.0053318613,0.0012510723,0.9922829,0.0004120149,7.9009136e-05,0.000106526175,3.9463357e-05,4.678189e-06,0.00049230014,i,0.9922829,0,1
0712_row_00043706,i,13高淳,02淳溪,淳溪刘德保单字,2,2,i,0.5208127,0.002920365,0.0067631053,0.5208127,0.0022413249,0.20640622,0.24779716,0.00029084785,0.006750604,0.0060177324,i,0.5208127,0,1
0712_row_00043707,i,13高淳,02淳溪,淳溪刘德保单字,2,2,i,0.78981125,0.0012059117,0.0062498697,0.78981125,0.0011996671,0.08014575,0.114788234,0.000134797,0.0017381266,0.0047264034,i,0.78981125,0,1
0712_row_00043708,i,13高淳,02淳溪,淳溪刘德保单字,2,2,i,0.93114096,0.0011960282,0.004454054,0.93114096,0.00041196935,0.0111593995,0.044226747,6.5187e-05,0.0015920534,0.005753646,i,0.93114096,0,1
0712_row_00043709,i,13高淳,02淳溪,淳溪刘德保单字,2,2,i,0.8588066,0.0065486142,0.041090522,0.8588066,0.00077779806,0.052781377,0.029261947,7.074766e-05,0.004855215,0.005807225,i,0.8588066,0,1
0712_row_00043710,i,13高淳,02淳溪,淳溪刘德保单字,2,2,i,0.94092965,0.00033987025,0.0018062392,0.94092965,0.00017788602,0.011127314,0.0402987,2.2950839e-05,0.00077424926,0.0045230286,i,0.94092965,0,1
0712_row_00043711,i,13高淳,02淳溪,淳溪刘德保单字,2,0,a,0.51054,0.51054,0.3175269,0.031651694,9.926482e-05,0.00030640097,0.000668348,3.6455147e-06,0.00059515116,0.13860862,a,0.51054,0,1
0712_row_00043712,e,13高淳,02淳溪,淳溪刘德保单字,1,5,y,0.97123575,0.0002384954,0.0015451842,0.012747028,0.011366163,0.00083507336,0.97123575,3.0704623e-06,0.0019946906,3.4500365e-05,y,0.97123575,0,1
0712_row_00043713,i,13高淳,02淳溪,淳溪刘德保单字,2,2,i,0.9158107,0.0008907433,0.0030499056,0.9158107,0.00018475216,0.0015317289,0.023271112,7.5745746e-05,0.019691901,0.035493482,i,0.9158107,0,1
0712_row_00043714,i,13高淳,02淳溪,淳溪刘德保单字,2,2,i,0.63704574,0.04535664,0.07224616,0.63704574,0.007430671,0.019522216,0.20488924,0.000459165,0.0069795446,0.0060706423,i,0.63704574,0,1
0712_row_00043715,i,13高淳,02淳溪,淳溪刘德保单字,2,2,i,0.9992975,0.00015539523,9.143617e-05,0.9992975,4.9157547e-06,9.481227e-05,6.4449814e-05,2.8331237e-06,0.00010576025,0.00018284557,i,0.9992975,0,1
0712_row_00043716,i,13高淳,02淳溪,淳溪刘德保单字,2,2,i,0.9980709,0.000115804076,0.0005165058,0.9980709,1.8626395e-05,0.0003673098,0.0001912906,1.1980613e-05,0.00037615714,0.00033129906,i,0.9980709,0,1
0712_row_00043717,i,13高淳,02淳溪,淳溪刘德保单字,2,2,i,0.99891603,6.765446e-05,0.00032050046,0.99891603,1.2580764e-05,0.00026231504,0.00020554815,4.06259e-06,5.583918e-05,0.00015535414,i,0.99891603,0,1
0712_row_00043718,i,13高淳,02淳溪,淳溪刘德保单字,2,2,i,0.99848086,0.00012566453,0.00044222592,0.99848086,7.667136e-06,0.00032222623,0.00018156228,2.1453372e-06,0.00013018423,0.0003075323,i,0.99848086,0,1
0712_row_00043719,i,13高淳,02淳溪,淳溪刘德保单字,2,5,y,0.9695058,4.4557615e-05,0.002272317,0.019201158,0.0057541486,0.0005083855,0.9695058,4.219831e-06,0.0026712907,3.817639e-05,y,0.9695058,0,1
0712_row_00043720,i,13高淳,02淳溪,淳溪刘德保单字,2,2,i,0.44880423,0.0006355673,0.0036341704,0.44880423,0.001571156,0.19682826,0.34314898,0.00010249391,0.0024181702,0.0028569237,i,0.44880423,0,1
0712_row_00043721,i,13高淳,02淳溪,淳溪刘德保单字,2,5,y,0.9959305,4.3157233e-06,0.0005240805,0.0007818042,0.002049954,9.7477554e-05,0.9959305,4.3708724e-07,0.000608381,3.1134355e-06,y,0.9959305,0,1
0712_row_00043722,i,13高淳,02淳溪,淳溪刘德保单字,2,2,i,0.99416554,0.0017557454,0.0006534933,0.99416554,0.00030862272,0.0003890591,0.00092574366,4.2236035e-05,0.00045334306,0.0013062388,i,0.99416554,0,1
0712_row_00043723,i,13高淳,02淳溪,淳溪刘德保单字,2,2,i,0.99773645,7.482213e-05,0.00029218715,0.99773645,1.5216383e-05,0.0006478558,0.0008588816,3.7565185e-06,6.332068e-05,0.00030750092,i,0.99773645,0,1
0712_row_00043724,i,13高淳,02淳溪,淳溪刘德保单字,2,2,i,0.9971226,0.00017304182,0.0009602127,0.9971226,1.6654787e-05,0.00075909036,0.00027810442,1.0259718e-05,0.00040218045,0.0002779318,i,0.9971226,0,1
0712_row_00043725,i,13高淳,02淳溪,淳溪刘德保单字,2,2,i,0.9967179,0.00013069024,0.00029516988,0.9967179,1.8812656e-05,0.0011587511,0.0010863562,5.709077e-06,0.00012560055,0.00046110843,i,0.9967179,0,1
0712_row_00043726,i,13高淳,02淳溪,淳溪刘德保单字,2,2,i,0.99809104,8.661803e-05,0.0003104355,0.99809104,4.5536144e-05,0.0004038144,0.0007539286,1.0399373e-05,6.335509e-05,0.00023486532,i,0.99809104,0,1
0712_row_00043727,i,13高淳,02淳溪,淳溪刘德保单字,2,2,i,0.9982957,0.00011075615,0.00010436059,0.9982957,1.8378765e-05,0.00067816675,0.00062522496,3.5936532e-06,3.3460565e-05,0.00013029632,i,0.9982957,0,1
0712_row_00043728,i,13高淳,02淳溪,淳溪刘德保单字,2,2,i,0.9835564,0.0009691331,0.001284559,0.9835564,0.00017803705,0.009771049,0.0026162427,2.7674989e-05,0.00053217675,0.0010647958,i,0.9835564,0,1
0712_row_00043729,i,13高淳,02淳溪,淳溪刘德保单字,2,2,i,0.9995828,1.9797146e-05,5.2799085e-05,0.9995828,2.9488842e-06,0.000120725024,0.00012464708,9.233614e-07,1.708218e-05,7.828139e-05,i,0.9995828,0,1
0712_row_00043730,i,13高淳,02淳溪,淳溪刘德保单字,2,2,i,0.9981273,0.00013520884,0.00018059103,0.9981273,2.0379111e-05,0.00051837496,0.00050387584,6.7154806e-06,0.00012129466,0.00038630277,i,0.9981273,0,1
0712_row_00043731,i,13高淳,02淳溪,淳溪刘德保单字,2,5,y,0.99572754,6.9680727e-06,0.000414608,0.0009916965,0.0020695357,0.00019251592,0.99572754,5.552675e-07,0.0005932308,3.2712908e-06,y,0.99572754,0,1
0712_row_00043732,i,13高淳,02淳溪,淳溪刘德保单字,2,5,y,0.51414734,0.0007311121,0.0010795783,0.37086967,0.0016085654,0.1001444,0.51414734,0.00010335186,0.0064636013,0.0048524216,y,0.51414734,0,1
0712_row_00043733,i,13高淳,02淳溪,淳溪刘德保单字,2,2,i,0.81280315,0.00077191624,0.0067826896,0.81280315,0.0010168686,0.081397176,0.09003768,0.00014536729,0.00307813,0.0039670663,i,0.81280315,0,1
0712_row_00043734,i,13高淳,02淳溪,淳溪刘德保单字,2,2,i,0.9606447,0.0025536416,0.0015440496,0.9606447,0.00022341302,0.0011674132,0.025681645,1.6497725e-05,0.005010011,0.0031586252,i,0.9606447,0,1
0712_row_00043735,i,13高淳,02淳溪,淳溪刘德保单字,2,2,i,0.85802126,0.0015485102,0.005314802,0.85802126,0.0005556492,0.058280237,0.06657202,0.000108832486,0.0024093837,0.007189336,i,0.85802126,0,1
0712_row_00043736,i,13高淳,02淳溪,淳溪刘德保单字,2,2,i,0.6504084,0.0005849272,0.003020795,0.6504084,0.0009331172,0.08655885,0.25247484,8.874289e-05,0.0012097692,0.004720531,i,0.6504084,0,1
0712_row_00043737,i,13高淳,02淳溪,淳溪刘德保单字,2,2,i,0.6944481,0.0013101336,0.005467844,0.6944481,0.0017273505,0.12866727,0.15947492,0.0001711583,0.003206658,0.0055265496,i,0.6944481,0,1
0712_row_00043738,u,13高淳,02淳溪,淳溪刘德保单字,4,2,i,0.45071054,0.10773024,0.11651699,0.45071054,0.03124402,0.23173219,0.03005937,0.0009257284,0.028340962,0.002740027,i,0.45071054,0,1
0712_row_00043739,u,13高淳,02淳溪,淳溪刘德保单字,4,1,e,0.61470276,0.0010352138,0.61470276,0.0012867432,0.01249419,0.36375016,0.0061742654,0.0003840513,0.00013230847,4.0315183e-05,e,0.61470276,0,1
0712_row_00043740,u,13高淳,02淳溪,淳溪刘德保单字,4,4,u,0.94006175,0.000339848,0.04418754,0.0005534803,0.011738619,0.94006175,0.0017286926,1.8638897e-05,0.0013272142,4.425689e-05,u,0.94006175,0,1
0712_row_00043741,u,13高淳,02淳溪,淳溪刘德保单字,4,4,u,0.87911826,0.00046609444,0.06302478,0.00084393047,0.054261535,0.87911826,0.0015471609,0.00010152041,0.0006153776,2.1272672e-05,u,0.87911826,0,1
0712_row_00043742,u,13高淳,02淳溪,淳溪刘德保单字,4,1,e,0.8018741,0.0029740687,0.8018741,0.0055047334,0.004570952,0.18328619,0.0006238962,0.000630407,0.0004726901,6.300551e-05,e,0.8018741,0,1
0712_row_00043743,u,13高淳,02淳溪,淳溪刘德保单字,4,1,e,0.6430312,0.0029382526,0.6430312,0.018904513,0.0034978157,0.3286012,0.0017439644,0.0008421117,0.00016392148,0.00027703278,e,0.6430312,0,1
0712_row_00043744,u,13高淳,02淳溪,淳溪刘德保单字,4,4,u,0.41259298,0.007937915,0.3495803,0.03839024,0.0075369095,0.41259298,0.0010854588,0.006689854,0.1707952,0.005391143,u,0.41259298,0,1
0712_row_00043745,u,13高淳,02淳溪,淳溪刘德保单字,4,1,e,0.78697884,0.0028318851,0.78697884,0.019098625,0.0013479564,0.18860497,0.0006781907,0.00022893533,0.00012912575,0.00010162751,e,0.78697884,0,1
0712_row_00043746,u,13高淳,02淳溪,淳溪刘德保单字,4,1,e,0.7142509,0.0034257697,0.7142509,0.008188255,0.002382316,0.24825598,0.00019219318,0.00084650697,0.022003377,0.0004547842,e,0.7142509,0,1
0712_row_00043747,u,13高淳,02淳溪,淳溪刘德保单字,4,1,e,0.87417084,0.00018808705,0.87417084,0.0010369166,0.0005403578,0.118512295,6.684001e-05,3.681012e-05,0.005280957,0.00016700532,e,0.87417084,0,1
0712_row_00043748,u,13高淳,02淳溪,淳溪刘德保单字,4,1,e,0.5114718,0.00059557165,0.5114718,0.00079165166,0.018416721,0.45947704,0.008902867,0.00013556433,0.00013215198,7.668207e-05,e,0.5114718,0,1
0712_row_00043749,u,13高淳,02淳溪,淳溪刘德保单字,4,4,u,0.5300773,0.00070828,0.4617776,0.0022341777,0.001450673,0.5300773,0.00053334155,0.00024257609,0.0024150365,0.0005609974,u,0.5300773,0,1
0712_row_00043750,e,13高淳,02淳溪,淳溪刘德保单字,1,1,e,0.9279608,0.00012446806,0.9279608,0.00033063468,6.9175374e-05,0.07105412,7.2519586e-05,1.45073045e-05,0.0003442161,2.9577774e-05,e,0.9279608,0,1
0712_row_00043751,e,13高淳,02淳溪,淳溪刘德保单字,1,1,e,0.87489253,0.00027276776,0.87489253,0.0006323892,0.00037103103,0.1228648,0.00027746358,6.017821e-05,0.00055850163,7.042775e-05,e,0.87489253,0,1
0712_row_00043752,e,13高淳,02淳溪,淳溪刘德保单字,1,1,e,0.54367757,0.0016726918,0.54367757,0.0036556819,0.007396218,0.43907842,0.0039076395,0.0002261002,0.0002031622,0.00018253167,e,0.54367757,0,1
0712_row_00043753,e,13高淳,02淳溪,淳溪刘德保单字,1,5,y,0.86222094,0.010760758,0.001041884,0.009664219,0.022363205,0.06846659,0.86222094,3.3808938e-05,0.025307665,0.00014095215,y,0.86222094,0,1
0712_row_00043754,e,13高淳,02淳溪,淳溪刘德保单字,1,1,e,0.66791826,0.0035251237,0.66791826,0.0065579237,0.0032189174,0.3157115,0.0010000021,0.0008721233,0.0010104653,0.00018573678,e,0.66791826,0,1
0712_row_00043755,u,13高淳,02淳溪,淳溪刘德保单字,4,4,u,0.68247646,0.0008151532,0.25633368,0.0029663793,0.055745095,0.68247646,0.0005002873,0.00080325693,0.0003469117,1.28213205e-05,u,0.68247646,0,1
0712_row_00043756,u,13高淳,02淳溪,淳溪刘德保单字,4,1,e,0.8575512,0.0011637791,0.8575512,0.0018896486,0.0016312337,0.13733426,0.00022233787,0.0001371402,4.362542e-05,2.6655889e-05,e,0.8575512,0,1
0712_row_00043757,u,13高淳,02淳溪,淳溪刘德保单字,4,1,e,0.60243225,0.0026316582,0.60243225,0.002197273,0.009641343,0.37160143,0.0018919185,0.0007163228,0.008249143,0.000638626,e,0.60243225,0,1
0712_row_00043758,u,13高淳,02淳溪,淳溪刘德保单字,4,1,e,0.5563544,0.02245071,0.5563544,0.018568514,0.039774753,0.3370742,0.023873547,0.0005086793,0.00072163367,0.0006734395,e,0.5563544,0,1
0712_row_00043759,ɔ,13高淳,02淳溪,淳溪刘德保单字,6,6,ɔ,0.5124981,0.37217957,0.00042323934,0.00021986934,0.11294598,0.0015811522,8.898316e-06,0.5124981,0.00013244165,1.0693102e-05,ɔ,0.5124981,0,1
0712_row_00043760,a,13高淳,02淳溪,淳溪刘德保单字,0,3,o,0.5982373,0.34627444,0.00078847393,9.8441036e-05,0.5982373,0.025436834,6.809369e-05,0.028222471,0.0008642079,9.761839e-06,o,0.5982373,0,1
0712_row_00043761,a,13高淳,02淳溪,淳溪刘德保单字,0,0,a,0.5335669,0.5335669,0.0016290797,0.001583775,0.17138147,0.0010315079,5.3552103e-06,0.28938338,0.00121607,0.00020242431,a,0.5335669,0,1
0712_row_00043763,a,13高淳,02淳溪,淳溪刘德保单字,0,0,a,0.9157901,0.9157901,0.00032741105,0.0016704088,0.02105337,0.00023083747,2.097199e-05,0.060465407,0.00032379152,0.00011780931,a,0.9157901,0,1
0712_row_00043764,ɔ,13高淳,02淳溪,淳溪刘德保单字,6,0,a,0.6669537,0.6669537,0.007051344,0.00036942912,0.19002555,0.01170904,0.0003145782,0.017921625,0.10063653,0.005018238,a,0.6669537,0,1
0712_row_00043765,ɔ,13高淳,02淳溪,淳溪刘德保单字,6,0,a,0.74086773,0.74086773,0.00866998,0.0003645131,0.17247874,0.003462001,8.287509e-05,0.020571467,0.039781593,0.013721182,a,0.74086773,0,1
0712_row_00043766,ɔ,13高淳,02淳溪,淳溪刘德保单字,6,0,a,0.4585016,0.4585016,0.004995359,0.0001339292,0.06941105,0.009329236,2.4541445e-05,0.2854267,0.17209817,7.932962e-05,a,0.4585016,0,1
0712_row_00043767,ɔ,13高淳,02淳溪,淳溪刘德保单字,6,6,ɔ,0.7608245,0.18621802,0.0010879604,9.7969634e-05,0.018613134,0.0024063517,7.1595464e-06,0.7608245,0.03069865,4.6375833e-05,ɔ,0.7608245,0,1
0712_row_00043768,a,13高淳,02淳溪,淳溪刘德保单字,0,0,a,0.46986133,0.46986133,0.23896573,0.0047235237,0.2761355,0.0025837838,0.00044053278,0.002843126,0.0036375115,0.00080892345,a,0.46986133,0,1
0712_row_00043769,a,13高淳,02淳溪,淳溪刘德保单字,0,0,a,0.63614285,0.63614285,0.17646325,0.00038271575,0.14953575,0.0030119207,0.0004256984,0.02012269,0.009710117,0.0042050183,a,0.63614285,0,1
0712_row_00043770,a,13高淳,02淳溪,淳溪刘德保单字,0,0,a,0.8252105,0.8252105,0.08712056,0.017502006,0.004835474,0.0010650305,0.00011186391,0.048771884,0.0025444732,0.0128381895,a,0.8252105,0,1
0712_row_00043771,ɔ,13高淳,02淳溪,淳溪刘德保单字,6,0,a,0.77197003,0.77197003,0.007433825,0.00022601022,0.17789327,0.0006704443,9.809799e-06,0.04116924,0.0006214173,5.9207136e-06,a,0.77197003,0,1
0712_row_00043772,ɔ,13高淳,02淳溪,淳溪刘德保单字,6,3,o,0.49454787,0.36262524,0.09668917,0.0006393937,0.49454787,0.0009073661,3.0002793e-05,0.040652804,0.0038108933,9.719357e-05,o,0.49454787,0,1
0712_row_00043773,a,13高淳,02淳溪,淳溪刘德保单字,0,0,a,0.5601269,0.5601269,0.06563632,0.0039290753,0.01798791,0.018254632,0.0024794373,0.041274715,0.2566219,0.033689078,a,0.5601269,0,1
0712_row_00043774,a,13高淳,02淳溪,淳溪刘德保单字,0,0,a,0.5133063,0.5133063,0.0015738398,0.0002917442,0.24967262,0.00085505855,1.9480902e-05,0.23395897,0.0003137596,8.170293e-06,a,0.5133063,0,1
0712_row_00043775,a,13高淳,02淳溪,淳溪刘德保单字,0,8,ɛ,0.3538669,0.14523174,0.33596432,0.0018165319,0.01022785,0.0026978794,0.04897884,0.00013775963,0.10107816,0.3538669,ɛ,0.3538669,0,1
0712_row_00043776,a,13高淳,02淳溪,淳溪刘德保单字,0,8,ɛ,0.5308756,0.30431157,0.086339094,0.0012552828,0.0008123055,0.000525547,0.0046919244,0.00014960894,0.071039096,0.5308756,ɛ,0.5308756,0,1
0712_row_00043777,a,13高淳,02淳溪,淳溪刘德保单字,0,3,o,0.4255831,0.32690483,0.0041535255,5.914076e-05,0.4255831,0.0052525736,2.8519044e-05,0.15634479,0.08129219,0.00038134598,o,0.4255831,0,1
0712_row_00043778,a,13高淳,02淳溪,淳溪刘德保单字,0,3,o,0.44520104,0.01731221,0.0075652236,0.0063767754,0.44520104,1.9856425e-05,0.29107913,0.00016812015,0.19335566,0.03892204,o,0.44520104,0,1
0712_row_00043779,a,13高淳,02淳溪,淳溪刘德保单字,0,8,ɛ,0.3562254,0.25047278,0.09936411,0.004847613,0.0040662726,0.00656577,0.021347987,0.00048458195,0.2566255,0.3562254,ɛ,0.3562254,0,1
0712_row_00043780,u,13高淳,02淳溪,淳溪刘德保单字,4,5,y,0.9588726,6.118586e-05,0.0037085593,0.027882345,0.0054591345,0.00093690323,0.9588726,4.920514e-06,0.0030228512,5.1529754e-05,y,0.9588726,0,1
0712_row_00043781,o,13高淳,02淳溪,淳溪刘德保单字,3,1,e,0.69452596,0.038720075,0.69452596,0.18010356,0.017271709,0.05873564,0.0019051118,0.0011636679,0.006953557,0.0006206974,e,0.69452596,0,1
0712_row_00043782,o,13高淳,02淳溪,淳溪刘德保单字,3,4,u,0.60374415,0.022197329,0.23479472,0.11633451,0.010825852,0.60374415,0.0028949345,0.0009356408,0.0037791647,0.0044937944,u,0.60374415,0,1
0712_row_00043783,o,13高淳,02淳溪,淳溪刘德保单字,3,4,u,0.69066125,0.005017049,0.1092179,0.0076304353,0.01669444,0.69066125,0.00196408,0.0025579191,0.1623058,0.003951093,u,0.69066125,0,1
0712_row_00043784,o,13高淳,02淳溪,淳溪刘德保单字,3,3,o,0.7000157,0.026033312,0.07597772,0.0027289852,0.7000157,0.007908318,0.10268394,0.00023035497,0.0049402174,0.07948155,o,0.7000157,0,1
0712_row_00043785,o,13高淳,02淳溪,淳溪刘德保单字,3,5,y,0.37553474,0.022820214,0.0115635535,0.0072712675,0.28090623,0.27549866,0.37553474,0.00053737155,0.024597537,0.0012704479,y,0.37553474,0,1
0712_row_00043786,o,13高淳,02淳溪,淳溪刘德保单字,3,1,e,0.60576475,0.01508802,0.60576475,0.02664581,0.022401052,0.3181341,0.01055496,0.0009843588,0.00027685924,0.00015011389,e,0.60576475,0,1
0712_row_00043787,o,13高淳,02淳溪,淳溪刘德保单字,3,4,u,0.52347964,0.00071334885,0.46382326,0.0010628969,0.007376324,0.52347964,0.0005860214,0.00038259284,0.0023546037,0.0002212781,u,0.52347964,0,1
0712_row_00043788,o,13高淳,02淳溪,淳溪刘德保单字,3,1,e,0.5107976,0.0033110844,0.5107976,0.0012482395,0.009997136,0.4547311,0.0007184413,0.0010928945,0.01677625,0.0013271755,e,0.5107976,0,1
0712_row_00043789,u,13高淳,02淳溪,淳溪刘德保单字,4,5,y,0.49828073,0.0005662561,3.438299e-05,3.7698886e-05,0.0037199112,0.49660277,0.49828073,8.634506e-07,0.00075551664,1.774369e-06,y,0.49828073,0,1
0712_row_00043790,u,13高淳,02淳溪,淳溪刘德保单字,4,4,u,0.74646693,0.002461503,0.0002937446,0.00015552172,0.011397848,0.74646693,0.23640957,8.234845e-06,0.0027989333,7.677836e-06,u,0.74646693,0,1
0712_row_00043791,u,13高淳,02淳溪,淳溪刘德保单字,4,4,u,0.5253313,0.00019112875,4.8285692e-05,4.8692254e-05,0.0029111004,0.5253313,0.4709336,7.3113927e-07,0.0005335048,1.5647026e-06,u,0.5253313,0,1
0712_row_00043792,u,13高淳,02淳溪,淳溪刘德保单字,4,4,u,0.69408053,0.0011090406,6.3551815e-05,4.349297e-05,0.009090399,0.69408053,0.2926137,1.5163334e-06,0.002992995,4.853109e-06,u,0.69408053,0,1
0712_row_00043793,o,13高淳,02淳溪,淳溪刘德保单字,3,1,e,0.732309,0.029426066,0.732309,0.07915275,0.013166178,0.08304089,0.00054843375,0.0028384721,0.058741067,0.0007771475,e,0.732309,0,1
0712_row_00043794,o,13高淳,02淳溪,淳溪刘德保单字,3,4,u,0.53127015,0.003222419,0.00058328104,0.00053196517,0.04563865,0.53127015,0.3982431,1.8360903e-05,0.020452911,3.91327e-05,u,0.53127015,0,1
0712_row_00043795,o,13高淳,02淳溪,淳溪刘德保单字,3,4,u,0.47906744,0.0008200537,0.0003422756,0.0005573167,0.049531102,0.47906744,0.45985427,1.817733e-05,0.009781991,2.7289721e-05,u,0.47906744,0,1
0712_row_00043796,o,13高淳,02淳溪,淳溪刘德保单字,3,4,u,0.6256389,0.0025632093,0.0014168419,0.0016260127,0.10003704,0.6256389,0.22268625,7.993324e-05,0.045713685,0.00023806671,u,0.6256389,0,1
0712_row_00043797,o,13高淳,02淳溪,淳溪刘德保单字,3,4,u,0.54931164,0.0015785014,0.00068558543,0.0006104772,0.051108416,0.54931164,0.35987857,2.674089e-05,0.036718316,8.176027e-05,u,0.54931164,0,1
0712_row_00043798,o,13高淳,02淳溪,淳溪刘德保单字,3,5,y,0.6578622,5.9767954e-05,7.9490106e-05,5.9298312e-05,0.34152555,0.00020895513,0.6578622,2.090165e-06,0.0002010886,1.5362897e-06,y,0.6578622,0,1
0712_row_00043799,o,13高淳,02淳溪,淳溪刘德保单字,3,4,u,0.5336719,0.0004783028,0.00015322017,0.00020463666,0.047928922,0.5336719,0.41165236,4.437134e-06,0.005895374,1.0896944e-05,u,0.5336719,0,1
0712_row_00043800,o,13高淳,02淳溪,淳溪刘德保单字,3,5,y,0.97862405,1.9233546e-05,0.00084295304,0.00082474796,0.018902292,0.0003482644,0.97862405,1.3677004e-06,0.00042481016,1.2278739e-05,y,0.97862405,0,1
0712_row_00043801,o,13高淳,02淳溪,淳溪刘德保单字,3,5,y,0.9809762,2.0015987e-05,0.00068305625,0.0014076949,0.016079256,0.00010611089,0.9809762,9.580608e-07,0.00070299755,2.3687495e-05,y,0.9809762,0,1
0712_row_00043802,o,13高淳,02淳溪,淳溪刘德保单字,3,5,y,0.97758454,2.189827e-05,0.0002964932,0.0010957092,0.019424288,0.00021931638,0.97758454,1.3058466e-06,0.0013325136,2.4002016e-05,y,0.97758454,0,1
0712_row_00043803,o,13高淳,02淳溪,淳溪刘德保单字,3,5,y,0.84318763,0.00014083373,0.00022824368,0.0001258742,0.15479764,0.00056093483,0.84318763,5.253894e-06,0.00094100484,1.2530378e-05,y,0.84318763,0,1
0712_row_00043804,o,13高淳,02淳溪,淳溪刘德保单字,3,5,y,0.98771286,1.2365068e-05,0.0005764979,0.0022795575,0.008349435,0.00014727378,0.98771286,9.99446e-07,0.0009080092,1.2943746e-05,y,0.98771286,0,1
0712_row_00043805,a,13高淳,02淳溪,淳溪刘德保单字,0,5,y,0.99039334,1.0275802e-05,0.000369077,0.00051913585,0.008426238,7.579948e-05,0.99039334,2.6650605e-07,0.00020436585,1.5152544e-06,y,0.99039334,0,1
0712_row_00043806,a,13高淳,02淳溪,淳溪刘德保单字,0,2,i,0.24469008,0.027095431,0.22272614,0.24469008,0.0047116936,0.006182876,0.24369638,0.00050243974,0.051255938,0.19913904,i,0.24469008,0,1
0712_row_00043807,a,13高淳,02淳溪,淳溪刘德保单字,0,3,o,0.87810975,0.0068683075,0.0033366017,0.0002581777,0.87810975,0.0029343062,0.09982215,0.00014258742,0.007716223,0.0008118643,o,0.87810975,0,1
0712_row_00043808,a,13高淳,02淳溪,淳溪刘德保单字,0,7,ə,0.26841927,0.048315965,0.046962358,0.22245958,0.008631395,0.012930339,0.16363068,0.0030797452,0.26841927,0.2255707,ə,0.26841927,0,1
0712_row_00043809,a,13高淳,02淳溪,淳溪刘德保单字,0,0,a,0.93521917,0.93521917,0.00026149044,4.0074672e-05,0.03988843,0.00025834172,6.95994e-07,0.022574656,0.0017454863,1.1952893e-05,a,0.93521917,0,1
0712_row_00043810,a,13高淳,02淳溪,淳溪刘德保单字,0,2,i,0.3342279,0.09017544,0.050007585,0.3342279,0.01480933,0.08320583,0.19959961,0.004747161,0.09670334,0.12652385,i,0.3342279,0,1
0712_row_00043811,a,13高淳,02淳溪,淳溪刘德保单字,0,4,u,0.5344274,0.090286344,0.01981658,0.10131726,0.024388824,0.5344274,0.0896348,0.0028474047,0.12500243,0.012278954,u,0.5344274,0,1
0712_row_00043812,a,13高淳,02淳溪,淳溪刘德保单字,0,0,a,0.77199996,0.77199996,0.07180632,0.0027275812,0.051168773,0.0010215128,1.0884466e-05,0.08859593,0.012609585,5.9361777e-05,a,0.77199996,0,1
0712_row_00043813,a,13高淳,02淳溪,淳溪刘德保单字,0,8,ɛ,0.4368647,0.12557492,0.12801598,0.17359774,0.0015535231,0.0038622539,0.083220005,0.0006290578,0.046681732,0.4368647,ɛ,0.4368647,0,1
0712_row_00043814,a,13高淳,02淳溪,淳溪刘德保单字,0,0,a,0.4459137,0.4459137,0.26730663,0.034801487,0.06191293,0.1460935,0.008628724,0.014317684,0.019651067,0.0013741849,a,0.4459137,0,1
0712_row_00043815,a,13高淳,02淳溪,淳溪刘德保单字,0,8,ɛ,0.900541,0.094127305,0.0014026585,0.00011803186,9.071124e-05,3.6922913e-06,0.00025763322,2.7644226e-06,0.0034562126,0.900541,ɛ,0.900541,0,1
0712_row_00043816,a,13高淳,02淳溪,淳溪刘德保单字,0,8,ɛ,0.67140245,0.323217,0.0015410059,0.0002673897,0.0033970857,4.67392e-06,2.4077377e-05,6.477462e-05,8.151924e-05,0.67140245,ɛ,0.67140245,0,1
0712_row_00043817,i,13高淳,02淳溪,淳溪刘德保单字,2,2,i,0.30842176,0.03707983,0.009568612,0.30842176,0.02915663,0.1620946,0.25624532,0.0032249778,0.16653618,0.027672091,i,0.30842176,0,1
0712_row_00043818,a,13高淳,02淳溪,淳溪刘德保单字,0,7,ə,0.35186023,0.19692945,0.008595894,0.17659467,0.016228072,0.050910532,0.087188415,0.0030786118,0.35186023,0.10861413,ə,0.35186023,0,1
0712_row_00043819,a,13高淳,02淳溪,淳溪刘德保单字,0,2,i,0.7082236,0.10928775,0.0072123804,0.7082236,0.02763238,0.004811148,0.08919185,0.0006055657,0.029717796,0.023317445,i,0.7082236,0,1
0712_row_00043820,a,13高淳,02淳溪,淳溪刘德保单字,0,2,i,0.79974055,0.073420554,0.0050619175,0.79974055,0.0031405862,0.004131157,0.061377294,0.00035335656,0.022607386,0.030167324,i,0.79974055,0,1
0712_row_00043821,a,13高淳,02淳溪,淳溪刘德保单字,0,2,i,0.48547792,0.100518666,0.0028999052,0.48547792,0.020318411,0.0009889808,0.3020304,0.00026615034,0.06364663,0.02385288,i,0.48547792,0,1
0712_row_00043822,ə,13高淳,02淳溪,淳溪刘德保单字,7,3,o,0.6436444,0.042933058,0.11386967,0.00036070432,0.6436444,0.0018435128,4.103753e-05,0.036804404,0.16022547,0.00027774612,o,0.6436444,0,1
0712_row_00043823,i,13高淳,02淳溪,淳溪刘德保单字,2,8,ɛ,0.42183563,0.12082442,0.010675006,0.17454658,0.00048252818,0.00016852855,0.030273696,0.0001026502,0.24109094,0.42183563,ɛ,0.42183563,0,1
0712_row_00043824,i,13高淳,02淳溪,淳溪刘德保单字,2,0,a,0.69303393,0.69303393,0.0013171567,0.23059563,0.0034950643,3.7342474e-05,0.013415719,0.011286613,0.04137957,0.00543905,a,0.69303393,0,1
0712_row_00043825,a,13高淳,02淳溪,淳溪刘德保单字,0,2,i,0.93090236,0.02123253,0.002001637,0.93090236,0.0020963568,0.00069111754,0.014872485,0.00010988172,0.006464248,0.021629326,i,0.93090236,0,1
0712_row_00043826,i,13高淳,02淳溪,淳溪刘德保单字,2,1,e,0.5254373,0.25694808,0.5254373,0.21136653,0.00039381662,0.0007062192,0.00040542224,2.3911964e-05,0.00087058346,0.0038480987,e,0.5254373,0,1
0712_row_00043827,i,13高淳,02淳溪,淳溪刘德保单字,2,2,i,0.9731145,0.0008768338,0.0003186137,0.9731145,0.00013327396,2.2236276e-05,0.011337365,5.1496895e-06,0.01361147,0.0005806228,i,0.9731145,0,1
0712_row_00043828,i,13高淳,02淳溪,淳溪刘德保单字,2,4,u,0.6491482,0.0022783517,0.00051334023,0.039264902,0.016617654,0.6491482,0.27942333,2.8557111e-05,0.012569325,0.00015636258,u,0.6491482,0,1
0712_row_00043829,y,13高淳,02淳溪,淳溪刘德保单字,5,5,y,0.5115111,0.0007821563,3.7875452e-05,0.25448164,0.00043376925,0.21579221,0.5115111,4.9926816e-06,0.01683853,0.000117786796,y,0.5115111,0,1
0712_row_00043830,a,13高淳,02淳溪,淳溪刘德保单字,0,7,ə,0.5271927,0.015170752,0.007779693,0.00023707713,0.334297,0.11507589,0.00013034412,9.0569774e-05,0.5271927,2.5982352e-05,ə,0.5271927,0,1
0712_row_00043831,i,13高淳,02淳溪,淳溪刘德保单字,2,3,o,0.9765994,0.0014204836,7.927273e-05,6.185939e-06,0.9765994,0.0028801206,6.7778883e-06,8.729173e-06,0.018998738,3.0196242e-07,o,0.9765994,0,1
0712_row_00043832,i,13高淳,02淳溪,淳溪刘德保单字,2,8,ɛ,0.9015957,0.043850325,0.0089243,0.0120302085,7.759827e-05,2.3610679e-05,0.024041526,1.1515708e-05,0.0094452,0.9015957,ɛ,0.9015957,0,1
0712_row_00043833,a,13高淳,02淳溪,淳溪刘德保单字,0,8,ɛ,0.6242673,0.03101299,0.046907507,0.16904238,0.0005327476,0.00022306363,0.08946216,0.000109044864,0.03844281,0.6242673,ɛ,0.6242673,0,1
0712_row_00043834,a,13高淳,02淳溪,淳溪刘德保单字,0,0,a,0.5256173,0.5256173,0.05152418,0.04934514,0.00032545638,0.0009660503,0.003118447,7.451899e-05,0.028684486,0.34034446,a,0.5256173,0,1
0712_row_00043835,a,13高淳,02淳溪,淳溪刘德保单字,0,2,i,0.38237652,0.33943722,0.005573333,0.38237652,0.0017846191,0.002020772,0.012734878,0.00042450617,0.108036235,0.14761195,i,0.38237652,0,1
0712_row_00043836,a,13高淳,02淳溪,淳溪刘德保单字,0,8,ɛ,0.42145443,0.021493964,0.07403868,0.10362555,0.0038626653,0.003544145,0.3239332,0.0007187641,0.047328588,0.42145443,ɛ,0.42145443,0,1
0712_row_00043837,a,13高淳,02淳溪,淳溪刘德保单字,0,4,u,0.42572805,0.056640204,0.17001338,0.032505732,0.15112382,0.42572805,0.123360164,0.001177046,0.017957894,0.021493737,u,0.42572805,0,1
0712_row_00043838,a,13高淳,02淳溪,淳溪刘德保单字,0,4,u,0.5495802,0.010261337,0.05086978,0.0042868606,0.32327703,0.5495802,0.054026365,0.00015750533,0.0064984406,0.0010425644,u,0.5495802,0,1
0712_row_00043839,a,13高淳,02淳溪,淳溪刘德保单字,0,1,e,0.6148105,0.0007117301,0.6148105,0.0003328106,0.008057998,0.3728618,0.0003472815,9.8784396e-05,0.0022474928,0.0005316331,e,0.6148105,0,1
0712_row_00043840,a,13高淳,02淳溪,淳溪刘德保单字,0,1,e,0.7836051,0.0006950196,0.7836051,0.010985435,0.0012069162,0.20158236,0.0012064385,0.0004222411,0.0001893972,0.00010708221,e,0.7836051,0,1
0712_row_00043841,a,13高淳,02淳溪,淳溪刘德保单字,0,0,a,0.84720314,0.84720314,0.0005742662,0.0042104623,0.0023766176,0.00013290017,9.334844e-05,0.13637398,0.007677345,0.0013580512,a,0.84720314,0,1
0712_row_00043842,a,13高淳,02淳溪,淳溪刘德保单字,0,5,y,0.45236692,0.007282622,0.042246822,0.1944434,0.0024791702,0.001592027,0.45236692,0.00039666193,0.036082707,0.26310962,y,0.45236692,0,1
0712_row_00043843,a,13高淳,02淳溪,淳溪刘德保单字,0,8,ɛ,0.5047267,0.044734918,0.1584125,0.087101035,0.0011941913,0.0009942071,0.16493173,0.00016428989,0.037740506,0.5047267,ɛ,0.5047267,0,1
0712_row_00043844,a,13高淳,02淳溪,淳溪刘德保单字,0,6,ɔ,0.68633777,0.31031847,0.0013997597,0.0012251774,0.00031740125,0.00014403573,4.7388852e-07,0.68633777,0.00023797693,1.8907418e-05,ɔ,0.68633777,0,1
0712_row_00043845,a,13高淳,02淳溪,淳溪刘德保单字,0,6,ɔ,0.4868833,0.46603125,0.0012860756,1.94222e-05,0.008807922,0.002153104,1.0430797e-06,0.4868833,0.03479578,2.204405e-05,ɔ,0.4868833,0,1
0712_row_00043846,a,13高淳,02淳溪,淳溪刘德保单字,0,0,a,0.39662495,0.39662495,0.0102693075,0.15531182,0.0017441373,0.0019751417,0.010615813,0.00037411018,0.2673022,0.15578255,a,0.39662495,0,1
0712_row_00043847,i,13高淳,02淳溪,淳溪刘德保单字,2,2,i,0.845634,0.06573404,0.045649864,0.845634,0.0020894709,0.012593998,0.0175962,0.00029477096,0.0032683825,0.0071393144,i,0.845634,0,1
0712_row_00043848,i,13高淳,02淳溪,淳溪刘德保单字,2,2,i,0.81947505,0.0020324197,0.17200789,0.81947505,0.00069096504,0.0035100775,0.001377595,0.00032278596,0.00022384437,0.00035935547,i,0.81947505,0,1
0712_row_00043849,i,13高淳,02淳溪,淳溪刘德保单字,2,2,i,0.9445146,0.0018860246,0.045662712,0.9445146,0.00083547813,0.0017483829,0.004627702,0.000129486,9.737868e-05,0.00049838034,i,0.9445146,0,1
0712_row_00043850,i,13高淳,02淳溪,淳溪刘德保单字,2,2,i,0.6754023,0.005062619,0.004453123,0.6754023,0.0058637587,0.11057233,0.18546605,0.00021285446,0.0069681723,0.005998714,i,0.6754023,0,1
0712_row_00043851,a,13高淳,02淳溪,淳溪刘德保单字,0,2,i,0.9069336,0.00525983,0.0053718076,0.9069336,0.0010979524,0.010624085,0.0568182,0.00015359547,0.0036075877,0.010133402,i,0.9069336,0,1
0712_row_00043852,a,13高淳,02淳溪,淳溪刘德保单字,0,2,i,0.49296337,0.08496496,0.03096482,0.49296337,0.00614818,0.037897784,0.03259955,0.0028019154,0.19523557,0.116423845,i,0.49296337,0,1
0712_row_00043853,e,13高淳,02淳溪,淳溪刘德保单字,1,8,ɛ,0.93082345,0.056575224,0.010500559,0.001342387,3.6590463e-05,2.5772415e-05,0.0001772932,6.2338535e-07,0.0005180585,0.93082345,ɛ,0.93082345,0,1
0712_row_00043854,ə,13高淳,02淳溪,淳溪刘德保单字,7,7,ə,0.5928528,0.18284114,0.13864619,0.0019520549,0.033892963,0.04394841,0.000109052286,0.0049566813,0.5928528,0.00080081384,ə,0.5928528,0,1
0712_row_00043855,i,13高淳,02淳溪,淳溪刘德保单字,2,2,i,0.9622711,0.0013335337,0.033409424,0.9622711,0.00040967463,0.0007637069,0.0014358314,4.4112145e-05,9.540025e-05,0.00023709016,i,0.9622711,0,1
0712_row_00043856,e,13高淳,02淳溪,淳溪刘德保单字,1,1,e,0.80325025,0.16910298,0.80325025,0.024904126,0.00033867476,0.0004219227,0.000109735585,2.1001526e-05,0.001155187,0.0006962561,e,0.80325025,0,1
0712_row_00043857,i,13高淳,02淳溪,淳溪刘德保单字,2,0,a,0.714482,0.714482,0.008375281,0.26378176,0.0002849328,0.00039465362,0.0009773436,2.2489246e-05,0.0020329796,0.0096485745,a,0.714482,0,1
0712_row_00043858,a,13高淳,02淳溪,淳溪刘德保单字,0,5,y,0.8239361,0.00067634403,0.0031925158,0.00076238625,0.11972941,0.042779446,0.8239361,3.3658514e-05,0.008794902,9.515715e-05,y,0.8239361,0,1
0712_row_00043859,a,13高淳,02淳溪,淳溪刘德保单字,0,3,o,0.4527889,0.0044159824,0.0012620002,0.0007462279,0.4527889,0.13492022,0.3808927,0.00011251288,0.024654873,0.00020647877,o,0.4527889,0,1
0712_row_00043860,a,13高淳,02淳溪,淳溪刘德保单字,0,4,u,0.47374213,0.0013497825,0.00037011562,0.00043833102,0.1349641,0.47374213,0.36794037,1.8402121e-05,0.021145858,3.0974803e-05,u,0.47374213,0,1
0712_row_00043861,a,13高淳,02淳溪,淳溪刘德保单字,0,3,o,0.51929396,0.19113684,0.004747867,0.007212997,0.51929396,0.16968437,0.10141885,0.0012227406,0.0049650283,0.00031738065,o,0.51929396,0,1
0712_row_00043862,a,13高淳,02淳溪,淳溪刘德保单字,0,0,a,0.65471137,0.65471137,0.0022316012,0.076858595,0.25152737,0.0073030177,0.0046203923,0.000633289,0.0018527857,0.00026151002,a,0.65471137,0,1
0712_row_00043863,a,13高淳,02淳溪,淳溪刘德保单字,0,0,a,0.9749731,0.9749731,0.0009893406,0.015868114,0.002109221,0.000104886014,2.0758887e-05,0.003227965,0.0013470964,0.0013595846,a,0.9749731,0,1
0712_row_00043864,a,13高淳,02淳溪,淳溪刘德保单字,0,0,a,0.5346117,0.5346117,0.08393521,0.0009874008,0.29530975,0.05437539,0.00461629,0.00078162324,0.024693463,0.00068921887,a,0.5346117,0,1
0712_row_00043865,a,13高淳,02淳溪,淳溪刘德保单字,0,0,a,0.49583828,0.49583828,0.0012808195,0.1176796,0.0002196184,1.9721427e-05,0.00029482468,4.7024954e-05,0.026555767,0.35806432,a,0.49583828,0,1
0712_row_00043866,a,13高淳,02淳溪,淳溪刘德保单字,0,5,y,0.3602676,0.01292,0.12153714,0.12026777,0.002785548,0.0004144919,0.3602676,0.00011074736,0.067287266,0.31440943,y,0.3602676,0,1
0712_row_00043867,a,13高淳,02淳溪,淳溪刘德保单字,0,0,a,0.9502806,0.9502806,0.0021854618,0.0005900353,0.0014922335,0.00027234238,7.354524e-07,0.044648007,0.0005063421,2.4115947e-05,a,0.9502806,0,1
0712_row_00043868,a,13高淳,02淳溪,淳溪刘德保单字,0,5,y,0.5438209,0.00086051767,0.00044053292,0.00045647257,0.039060846,0.38957307,0.5438209,1.2851092e-05,0.02573034,4.447608e-05,y,0.5438209,0,1
0712_row_00043869,a,13高淳,02淳溪,淳溪刘德保单字,0,5,y,0.4299597,0.0032984754,0.0009439404,0.0012380547,0.15975626,0.38186345,0.4299597,8.410626e-05,0.02262638,0.00022958894,y,0.4299597,0,1
0712_row_00043870,a,13高淳,02淳溪,淳溪刘德保单字,0,5,y,0.38759518,0.0032164038,0.0008181436,0.00064257137,0.2667582,0.32471117,0.38759518,7.132406e-05,0.016065905,0.000121015815,y,0.38759518,0,1
0712_row_00043871,a,13高淳,02淳溪,淳溪刘德保单字,0,5,y,0.7119582,0.0015260368,0.0008907828,0.0010312317,0.097372584,0.16230273,0.7119582,3.1814332e-05,0.02473866,0.0001479053,y,0.7119582,0,1
0712_row_00043872,a,13高淳,02淳溪,淳溪刘德保单字,0,4,u,0.44168514,0.0030535548,0.0009276664,0.0011934862,0.12871245,0.44168514,0.39108312,7.325048e-05,0.033008453,0.0002628166,u,0.44168514,0,1
0712_row_00043873,u,13高淳,02淳溪,淳溪刘德保单字,4,5,y,0.5307061,0.0003494754,0.00032767476,0.0004900201,0.027867816,0.43421242,0.5307061,7.0619703e-06,0.0060207606,1.8652823e-05,y,0.5307061,0,1
0712_row_00043874,i,13高淳,02淳溪,淳溪刘德保单字,2,2,i,0.4417954,0.20294867,0.19431128,0.4417954,0.0020465588,0.059068434,0.046315767,0.0002480341,0.016409473,0.0368564,i,0.4417954,0,1
0712_row_00043875,y,13高淳,02淳溪,淳溪刘德保单字,5,8,ɛ,0.51154613,0.15323114,0.077141315,0.09810804,0.0013871972,0.0024884767,0.07312682,0.00044591958,0.082524985,0.51154613,ɛ,0.51154613,0,1
0712_row_00043876,y,13高淳,02淳溪,淳溪刘德保单字,5,5,y,0.4453005,0.007558832,0.021591196,0.032533254,0.014557807,0.0033911567,0.4453005,0.00022806939,0.05421387,0.42062533,y,0.4453005,0,1
0712_row_00043877,a,13高淳,02淳溪,淳溪刘德保单字,0,2,i,0.72185993,0.036172874,0.11994693,0.72185993,0.014536769,0.0075410292,0.09772902,0.00026681437,0.00065656955,0.0012899906,i,0.72185993,0,1
0712_row_00043878,a,13高淳,02淳溪,淳溪刘德保单字,0,1,e,0.49633497,0.34459203,0.49633497,0.13886811,0.00066592667,0.0032864388,0.005754325,2.36164e-05,0.00097151625,0.00950316,e,0.49633497,0,1
0712_row_00043879,a,13高淳,02淳溪,淳溪刘德保单字,0,0,a,0.98041224,0.98041224,0.001401201,0.00073226326,0.00048918073,0.0014429388,2.1885205e-06,0.011361533,0.00399519,0.00016311485,a,0.98041224,0,1
0712_row_00043880,y,13高淳,02淳溪,淳溪刘德保单字,5,2,i,0.41049048,0.07158402,0.10832623,0.41049048,0.0016890009,0.00015109648,0.2913186,3.5544064e-05,0.042201735,0.074203305,i,0.41049048,0,1
0712_row_00043881,e,13高淳,02淳溪,淳溪刘德保单字,1,5,y,0.5181834,0.028314242,0.18989728,0.13855267,0.0031989573,0.0002706114,0.5181834,6.200222e-05,0.051512398,0.07000838,y,0.5181834,0,1
0712_row_00043882,e,13高淳,02淳溪,淳溪刘德保单字,1,8,ɛ,0.5007326,0.1488682,0.27018943,0.01860079,0.0008562922,0.00041810708,0.054386962,1.3754251e-05,0.005933801,0.5007326,ɛ,0.5007326,0,1
0712_row_00043883,ə,13高淳,02淳溪,淳溪刘德保单字,7,3,o,0.9993754,5.091669e-05,9.855896e-07,8.4977835e-08,0.9993754,4.8685783e-05,5.006228e-07,1.4774802e-05,0.00050869875,3.3570224e-08,o,0.9993754,0,1
0712_row_00043884,ə,13高淳,02淳溪,淳溪刘德保单字,7,3,o,0.99668807,1.9248148e-05,1.3704081e-06,2.7977336e-08,0.99668807,0.00010918888,6.9412084e-07,6.817878e-06,0.0031745033,1.284134e-07,o,0.99668807,0,1
0712_row_00043885,i,13高淳,02淳溪,淳溪刘德保单字,2,2,i,0.97942936,0.00038967252,0.007047749,0.97942936,0.00022488675,0.00033309025,0.0024981615,0.00011214507,0.009846017,0.000118974785,i,0.97942936,0,1
0712_row_00043886,i,13高淳,02淳溪,淳溪刘德保单字,2,5,y,0.46860024,0.004631395,0.0005674731,0.14616592,0.005661056,0.027108263,0.46860024,2.1998696e-05,0.34650734,0.00073630625,y,0.46860024,0,1
0712_row_00043887,i,13高淳,02淳溪,淳溪刘德保单字,2,5,y,0.4387974,0.004110469,0.0009137058,0.34122002,0.0065960903,0.16982476,0.4387974,0.000112576534,0.037774086,0.0006508608,y,0.4387974,0,1
0712_row_00043888,i,13高淳,02淳溪,淳溪刘德保单字,2,7,ə,0.9311198,0.016683377,0.00039649443,0.023291428,0.019879067,0.0005753927,0.006714728,0.00040636703,0.9311198,0.0009333833,ə,0.9311198,0,1
0712_row_00043889,i,13高淳,02淳溪,淳溪刘德保单字,2,2,i,0.9763456,0.0066025495,9.640849e-05,0.9763456,0.00027769682,1.1399943e-05,0.011129499,9.597732e-07,0.0053047608,0.00023111694,i,0.9763456,0,1
0712_row_00043890,i,13高淳,02淳溪,淳溪刘德保单字,2,2,i,0.73082006,0.24085867,0.003935457,0.73082006,0.0007451758,0.00015196369,0.011522181,3.6668956e-05,0.0044853003,0.0074445345,i,0.73082006,0,1
0712_row_00043891,i,13高淳,02淳溪,淳溪刘德保单字,2,0,a,0.8469875,0.8469875,0.013339612,0.023459552,0.008247102,0.001919071,0.00094790495,0.057461414,0.04047811,0.0071596634,a,0.8469875,0,1
0712_row_00043892,i,13高淳,02淳溪,淳溪刘德保单字,2,5,y,0.38877764,0.007671831,0.000761468,0.3060985,0.0075381906,0.008717994,0.38877764,3.0245188e-05,0.27923366,0.0011704009,y,0.38877764,0,1
0712_row_00043893,i,13高淳,02淳溪,淳溪刘德保单字,2,5,y,0.5080712,0.0030313428,0.0006865498,0.14157476,0.008306243,0.25943172,0.5080712,0.0001090993,0.0780227,0.0007664113,y,0.5080712,0,1
0712_row_00043894,ə,13高淳,02淳溪,淳溪刘德保单字,7,3,o,0.561659,0.0033252179,0.007903239,8.603602e-05,0.561659,0.048849136,2.645711e-05,0.00047472707,0.37766933,6.897683e-06,o,0.561659,0,1
0712_row_00043895,ə,13高淳,02淳溪,淳溪刘德保单字,7,7,ə,0.8590885,0.0049679936,0.0018897143,0.002831366,0.12076379,0.009134297,0.00045635653,0.000826809,0.8590885,4.1158426e-05,ə,0.8590885,0,1
0712_row_00043896,u,13高淳,02淳溪,淳溪刘德保单字,4,3,o,0.98837364,6.782013e-05,3.5154102e-05,1.6120857e-06,0.98837364,0.0016124741,9.2814565e-07,3.2916732e-06,0.009904982,4.480805e-08,o,0.98837364,0,1
0712_row_00043897,u,13高淳,02淳溪,淳溪刘德保单字,4,3,o,0.98594415,0.002231217,0.00055869814,8.989476e-05,0.98594415,0.008537177,1.426342e-05,2.6411853e-05,0.0025979474,2.884925e-07,o,0.98594415,0,1
0712_row_00043898,u,13高淳,02淳溪,淳溪刘德保单字,4,3,o,0.93447787,0.0011726315,0.0004515604,1.0312531e-06,0.93447787,0.006540819,3.4905079e-06,8.939029e-05,0.05726235,8.724265e-07,o,0.93447787,0,1
0712_row_00043899,u,13高淳,02淳溪,淳溪刘德保单字,4,3,o,0.46804762,0.052887715,0.000119545664,0.0002063712,0.46804762,0.3973443,0.0005685612,0.00014816446,0.08067312,4.568049e-06,o,0.46804762,0,1
0712_row_00043900,u,13高淳,02淳溪,淳溪刘德保单字,4,3,o,0.9369426,0.010294502,3.5162895e-05,5.820008e-06,0.9369426,0.013895265,4.13986e-05,5.6000557e-05,0.038727377,1.9268016e-06,o,0.9369426,0,1
0712_row_00043901,y,13高淳,02淳溪,淳溪刘德保单字,5,5,y,0.9551335,0.0005205922,0.0031112495,0.0016053263,0.0057893335,0.019527478,0.9551335,9.366518e-06,0.014276019,2.722187e-05,y,0.9551335,0,1
0712_row_00043902,ə,13高淳,02淳溪,淳溪刘德保单字,7,3,o,0.72499466,0.023404697,0.0002939492,5.507733e-06,0.72499466,0.030523261,5.512276e-05,6.5075415e-05,0.22065471,2.9689418e-06,o,0.72499466,0,1
0712_row_00043903,ə,13高淳,02淳溪,淳溪刘德保单字,7,3,o,0.9991443,4.3647837e-05,2.698636e-06,3.1625078e-08,0.9991443,4.434551e-05,1.3927396e-07,3.3420747e-06,0.0007615909,2.6531414e-08,o,0.9991443,0,1
0712_row_00043904,ə,13高淳,02淳溪,淳溪刘德保单字,7,7,ə,0.502351,0.2477607,0.00013893137,0.00011016201,0.24391288,0.0043266844,0.00019756649,0.0011913558,0.502351,1.0698545e-05,ə,0.502351,0,1
0712_row_00043905,ə,13高淳,02淳溪,淳溪刘德保单字,7,3,o,0.87383825,0.00027742778,0.00015391076,3.5834944e-06,0.87383825,0.008816418,5.5340515e-06,1.8520874e-05,0.11688604,3.3208266e-07,o,0.87383825,0,1
0712_row_00043906,y,13高淳,02淳溪,淳溪刘德保单字,5,5,y,0.83767164,0.00067718385,0.0007482426,0.0033746434,0.0068123946,0.03858828,0.83767164,7.708441e-06,0.112072304,4.762805e-05,y,0.83767164,0,1
0712_row_00043907,y,13高淳,02淳溪,淳溪刘德保单字,5,5,y,0.5757759,0.0141716935,0.00026939195,0.08998529,0.0006678974,0.0005783288,0.5757759,5.370167e-06,0.31840348,0.00014253403,y,0.5757759,0,1
0712_row_00043908,a,13高淳,02淳溪,淳溪刘德保单字,0,0,a,0.7613374,0.7613374,0.0051112184,0.005007576,0.0005870994,0.00043485357,1.8271667e-06,0.22584018,0.0015858812,9.394843e-05,a,0.7613374,0,1
0712_row_00043909,o,13高淳,02淳溪,淳溪刘德保单字,3,3,o,0.78854144,0.016817613,0.0024471264,0.0009092078,0.78854144,0.1827508,0.005478129,0.00090854085,0.0021016372,4.5558172e-05,o,0.78854144,0,1
0712_row_00043910,o,13高淳,02淳溪,淳溪刘德保单字,3,0,a,0.72600937,0.72600937,0.013933138,0.010386401,0.09063674,0.00028625704,4.4731376e-05,0.15432447,0.003084451,0.0012942817,a,0.72600937,0,1
0712_row_00043911,o,13高淳,02淳溪,淳溪刘德保单字,3,6,ɔ,0.70502377,0.22534311,0.0011106366,9.099154e-05,0.06395364,0.000194677,6.015481e-07,0.70502377,0.0042611836,2.1456553e-05,ɔ,0.70502377,0,1
0712_row_00043912,o,13高淳,02淳溪,淳溪刘德保单字,3,3,o,0.84044504,0.107315354,0.0061419345,0.00062234997,0.84044504,0.00016617212,0.00096445146,0.00043435264,0.00029892303,0.043611456,o,0.84044504,0,1
0712_row_00043913,a,13高淳,02淳溪,淳溪刘德保单字,0,3,o,0.52480114,0.46598765,0.0006919986,5.3154152e-05,0.52480114,0.0013012298,2.6016166e-06,0.0043364153,0.0027643368,6.143585e-05,o,0.52480114,0,1
0712_row_00043914,a,13高淳,02淳溪,淳溪刘德保单字,0,0,a,0.9952859,0.9952859,0.00040321055,0.00026315055,0.0021647806,0.00029722558,9.284854e-07,9.265492e-05,0.0012278571,0.00026426063,a,0.9952859,0,1
0712_row_00043915,ə,13高淳,02淳溪,淳溪刘德保单字,7,6,ɔ,0.91427237,0.06511317,0.00078199874,2.6898788e-05,0.0043011536,0.0002256088,4.008496e-07,0.91427237,0.015271339,7.134794e-06,ɔ,0.91427237,0,1
0712_row_00043916,a,13高淳,02淳溪,淳溪刘德保单字,0,0,a,0.98301905,0.98301905,0.0009535286,0.009812713,0.00074018614,0.0036399986,5.017067e-06,0.00078911375,0.0009525916,8.775303e-05,a,0.98301905,0,1
0712_row_00043917,a,13高淳,02淳溪,淳溪刘德保单字,0,0,a,0.9858737,0.9858737,0.00069492194,0.000749122,0.0012147443,0.002420981,5.0961985e-06,0.0005379593,0.008300464,0.00020303589,a,0.9858737,0,1
0712_row_00043918,a,13高淳,02淳溪,淳溪刘德保单字,0,0,a,0.99531,0.99531,0.00027308983,0.0018289163,8.695905e-05,0.00031019055,5.569175e-07,9.544829e-05,0.001820743,0.0002741796,a,0.99531,0,1
0712_row_00043919,a,13高淳,02淳溪,淳溪刘德保单字,0,0,a,0.9935928,0.9935928,0.00042878668,0.0010548669,0.00029380448,0.0012612824,1.3923878e-06,0.00046568376,0.0028521486,4.9027643e-05,a,0.9935928,0,1
0712_row_00043920,a,13高淳,02淳溪,淳溪刘德保单字,0,0,a,0.9883837,0.9883837,0.00054618664,0.0019683188,0.0006989915,0.00044371746,1.4265295e-06,0.007302024,0.00058596296,6.96753e-05,a,0.9883837,0,1
0712_row_00043921,a,13高淳,02淳溪,淳溪刘德保单字,0,0,a,0.98059696,0.98059696,0.00019343609,0.0016773699,0.0036081008,0.00030038986,2.5016284e-06,0.011365982,0.002207907,4.7370562e-05,a,0.98059696,0,1
0712_row_00043922,a,13高淳,02淳溪,淳溪刘德保单字,0,0,a,0.5596011,0.5596011,0.01767717,0.0008813089,0.004470017,6.228992e-05,0.002556288,0.00032677606,0.10217773,0.31224728,a,0.5596011,0,1
0712_row_00043923,a,13高淳,02淳溪,淳溪刘德保单字,0,0,a,0.7688315,0.7688315,0.0022088394,0.00037859543,0.0017170424,2.5166817e-05,7.356692e-05,0.00037131007,0.021053389,0.20534067,a,0.7688315,0,1
0712_row_00043924,a,13高淳,02淳溪,淳溪刘德保单字,0,0,a,0.9804505,0.9804505,0.0003522978,0.014173853,0.0019732106,0.0003735073,6.993754e-06,0.0002823114,0.00024367722,0.0021435695,a,0.9804505,0,1
0712_row_00043925,a,13高淳,02淳溪,淳溪刘德保单字,0,0,a,0.814949,0.814949,0.016626753,0.02227069,0.002251739,0.007295749,0.0029273292,0.0020506207,0.10117007,0.03045821,a,0.814949,0,1
0712_row_00043926,e,13高淳,02淳溪,淳溪刘德保单字,1,8,ɛ,0.6436438,0.18763334,0.068061635,0.0022072282,0.0006832961,0.00017850932,0.009875555,0.00013054853,0.08758616,0.6436438,ɛ,0.6436438,0,1
0712_row_00043927,e,13高淳,02淳溪,淳溪刘德保单字,1,0,a,0.94846255,0.94846255,0.02799113,0.0029825447,0.0028116691,0.0010308697,3.4627417e-05,0.002144843,0.0115967095,0.0029450196,a,0.94846255,0,1
0712_row_00043928,o,13高淳,02淳溪,淳溪刘德保单字,3,0,a,0.92428815,0.92428815,0.0063807936,0.03480969,0.024170905,0.0018832976,0.00020505092,0.007086891,0.0005865892,0.0005886725,a,0.92428815,0,1
0712_row_00043929,e,13高淳,02淳溪,淳溪刘德保单字,1,0,a,0.65003705,0.65003705,0.07497748,0.0023685864,0.001606489,0.0016401969,3.818643e-06,0.26882407,0.00052108424,2.128654e-05,a,0.65003705,0,1
0712_row_00043930,e,13高淳,02淳溪,淳溪刘德保单字,1,0,a,0.48237747,0.48237747,0.027906992,0.0045002997,0.4473236,0.00043647442,1.0792969e-05,0.036760785,0.00044073863,0.00024286697,a,0.48237747,0,1
0712_row_00043931,e,13高淳,02淳溪,淳溪刘德保单字,1,0,a,0.52992094,0.52992094,0.020059079,0.0033392843,0.14431195,0.000693125,3.3467636e-06,0.2972359,0.0044162055,2.0143108e-05,a,0.52992094,0,1
0712_row_00043932,e,13高淳,02淳溪,淳溪刘德保单字,1,0,a,0.7913492,0.7913492,0.010423801,0.00012645446,0.005674656,0.0027752102,2.3224131e-06,0.09912094,0.09045212,7.533813e-05,a,0.7913492,0,1
0712_row_00043933,e,13高淳,02淳溪,淳溪刘德保单字,1,1,e,0.8723568,0.052176937,0.8723568,0.00026630974,0.0062881485,0.0003785516,0.0007524851,4.1320072e-05,0.00064741797,0.067092024,e,0.8723568,0,1
0712_row_00043934,ə,13高淳,02淳溪,淳溪刘德保单字,7,3,o,0.79445934,0.040068645,0.0019059132,7.469089e-06,0.79445934,0.03778099,1.4593646e-05,7.4803414e-05,0.12568451,3.7217146e-06,o,0.79445934,0,1
0712_row_00043935,e,13高淳,02淳溪,淳溪刘德保单字,1,7,ə,0.26653185,0.24635643,0.15233289,0.00082272873,0.21922708,0.0043985033,7.661902e-05,0.10957314,0.26653185,0.00068076316,ə,0.26653185,0,1
0712_row_00043936,e,13高淳,02淳溪,淳溪刘德保单字,1,1,e,0.68372023,0.1651992,0.68372023,0.00022676762,0.035816733,0.0023892678,1.5903921e-05,0.01111534,0.10147126,4.5240256e-05,e,0.68372023,0,1
0712_row_00043937,o,13高淳,02淳溪,淳溪刘德保单字,3,0,a,0.5762821,0.5762821,0.041773412,0.0032149882,0.36368313,0.010818923,0.0010600687,0.0018487716,0.00121355,0.00010494551,a,0.5762821,0,1
0712_row_00043938,a,13高淳,02淳溪,淳溪刘德保单字,0,0,a,0.8132883,0.8132883,0.009969749,0.008857275,0.00034419863,6.649624e-05,5.1118395e-06,0.00017171756,0.00069061195,0.16660662,a,0.8132883,0,1
0712_row_00043939,ə,13高淳,02淳溪,淳溪刘德保单字,7,3,o,0.9470614,0.007390839,0.00038522985,4.4543517e-06,0.9470614,0.009564885,8.3448485e-06,8.344733e-05,0.03549921,2.1066387e-06,o,0.9470614,0,1
0712_row_00043940,ə,13高淳,02淳溪,淳溪刘德保单字,7,3,o,0.9965103,0.00023607256,7.748091e-06,1.3933774e-07,0.9965103,0.00017626637,2.7113964e-07,7.123914e-06,0.0030620662,4.703736e-08,o,0.9965103,0,1
0712_row_00043941,a,13高淳,02淳溪,淳溪刘德保单字,0,0,a,0.5903897,0.5903897,0.27730262,0.004066159,0.0100613935,0.010434711,1.1084084e-05,0.106682315,0.0009942927,5.7720077e-05,a,0.5903897,0,1
0712_row_00043942,a,13高淳,02淳溪,淳溪刘德保单字,0,0,a,0.8860413,0.8860413,0.0073823705,0.0008556377,0.0019060441,0.0011775491,1.205317e-06,0.09946162,0.003159892,1.459425e-05,a,0.8860413,0,1
0712_row_00043943,e,13高淳,02淳溪,淳溪刘德保单字,1,3,o,0.38011017,0.24128914,0.14740404,9.84928e-05,0.38011017,0.0036761889,2.2655588e-05,0.01901235,0.20827302,0.00011385977,o,0.38011017,0,1
0712_row_00043944,e,13高淳,02淳溪,淳溪刘德保单字,1,1,e,0.41086498,0.16371302,0.41086498,0.00038398802,0.088907935,0.0033513664,1.6799777e-05,0.16869697,0.16397147,9.3593924e-05,e,0.41086498,0,1
0712_row_00043945,i,13高淳,02淳溪,淳溪刘德保单字,2,2,i,0.98825383,0.0006788335,0.002049075,0.98825383,0.00016684584,0.00012845977,0.0025707001,7.6435615e-05,0.0060252747,5.0707033e-05,i,0.98825383,0,1
0712_row_00043946,i,13高淳,02淳溪,淳溪刘德保单字,2,2,i,0.9753249,0.0015108079,0.010990543,0.9753249,0.00031865475,0.0012420397,0.0025100603,0.00021392672,0.0075984676,0.00029048842,i,0.9753249,0,1
0712_row_00043947,ə,13高淳,02淳溪,淳溪刘德保单字,7,3,o,0.9977463,3.291875e-05,1.093049e-06,1.056434e-08,0.9977463,2.4053319e-05,9.9261776e-08,2.0938112e-06,0.0021934044,2.287892e-08,o,0.9977463,0,1
0712_row_00043948,ə,13高淳,02淳溪,淳溪刘德保单字,7,3,o,0.8846882,0.007588599,0.000104503815,5.573927e-06,0.8846882,0.015288664,3.4730692e-05,1.2008904e-05,0.09227647,1.25329e-06,o,0.8846882,0,1
0712_row_00043949,i,13高淳,02淳溪,淳溪刘德保单字,2,2,i,0.541774,0.007132165,0.0011005545,0.541774,0.009120303,0.07144787,0.22597781,7.792383e-05,0.14299205,0.00037723608,i,0.541774,0,1
0712_row_00043950,i,13高淳,02淳溪,淳溪刘德保单字,2,7,ə,0.6091807,0.0019331806,0.000121345445,0.1432504,0.0010074836,0.0012162067,0.24273387,5.2185524e-06,0.6091807,0.00055165595,ə,0.6091807,0,1
0712_row_00043951,ə,13高淳,02淳溪,淳溪刘德保单字,7,7,ə,0.3407275,0.33150077,0.0011522842,0.29761723,0.00023094528,0.00047935417,0.016528692,7.0335623e-06,0.3407275,0.011756203,ə,0.3407275,0,1
0712_row_00043952,i,13高淳,02淳溪,淳溪刘德保单字,2,2,i,0.84454435,0.12050134,0.00021984878,0.84454435,0.00053109654,0.00012157123,0.020956399,3.0194058e-06,0.012233465,0.0008888673,i,0.84454435,0,1
0712_row_00043953,ə,13高淳,02淳溪,淳溪刘德保单字,7,3,o,0.9995497,2.0623173e-05,3.1169848e-06,1.7291934e-07,0.9995497,0.0001253802,2.6141672e-06,2.479742e-05,0.00027298072,6.209168e-07,o,0.9995497,0,1
0712_row_00043954,ə,13高淳,02淳溪,淳溪刘德保单字,7,3,o,0.9540166,0.0030565993,1.7216973e-05,6.6920446e-05,0.9540166,0.0011299774,2.7937938e-05,6.960703e-05,0.041614175,9.558214e-07,o,0.9540166,0,1
0712_row_00043955,ə,13高淳,02淳溪,淳溪刘德保单字,7,5,y,0.92148876,0.0006373449,0.0004907597,0.008591452,0.0016583072,5.3768104e-05,0.92148876,1.8386121e-06,0.067031235,4.651214e-05,y,0.92148876,0,1
0712_row_00043956,o,13高淳,02淳溪,淳溪刘德保单字,3,3,o,0.99651897,7.465482e-05,4.691764e-05,7.207769e-07,0.99651897,0.00010454797,2.0779198e-06,2.5201758e-05,0.003226234,8.6605064e-07,o,0.99651897,0,1
0712_row_00043957,o,13高淳,02淳溪,淳溪刘德保单字,3,3,o,0.9998124,1.04682595e-05,5.9000234e-07,4.462552e-08,0.9998124,8.886186e-06,7.1992794e-08,4.159981e-06,0.00016325714,1.6942042e-08,o,0.9998124,0,1
0712_row_00043958,o,13高淳,02淳溪,淳溪刘德保单字,3,3,o,0.9996278,3.7106047e-06,7.852073e-07,2.5320201e-08,0.9996278,1.968254e-05,6.5971896e-08,1.9039577e-06,0.0003459761,1.0020022e-08,o,0.9996278,0,1
0712_row_00043959,o,13高淳,02淳溪,淳溪刘德保单字,3,3,o,0.9999083,5.4591387e-06,5.303771e-07,3.5357175e-08,0.9999083,1.7716056e-05,3.2466797e-08,1.2839234e-06,6.650999e-05,2.7602225e-09,o,0.9999083,0,1
0712_row_00043960,o,13高淳,02淳溪,淳溪刘德保单字,3,3,o,0.99984705,1.721956e-05,2.083217e-07,1.139648e-08,0.99984705,1.0180986e-05,5.193951e-08,2.5295244e-06,0.00012294446,2.7583287e-08,o,0.99984705,0,1
0712_row_00043961,o,13高淳,02淳溪,淳溪刘德保单字,3,3,o,0.9997868,3.037779e-05,3.9306795e-07,2.8891748e-07,0.9997868,8.7506516e-05,7.416106e-07,4.572909e-06,8.936375e-05,1.41582674e-08,o,0.9997868,0,1
0712_row_00043962,o,13高淳,02淳溪,淳溪刘德保单字,3,3,o,0.9998317,4.45807e-06,2.3771442e-07,7.656008e-09,0.9998317,5.5178465e-05,2.3668221e-07,5.8473947e-06,0.00010237449,5.495411e-09,o,0.9998317,0,1
0712_row_00043963,u,13高淳,02淳溪,淳溪刘德保单字,4,6,ɔ,0.51673204,0.47828245,0.00075682125,0.00030791393,0.0023072578,0.0012150165,4.955404e-06,0.51673204,0.00037501706,1.855959e-05,ɔ,0.51673204,0,1
0712_row_00043964,o,13高淳,02淳溪,淳溪刘德保单字,3,3,o,0.9995857,3.9984643e-06,4.7447875e-07,1.6311756e-08,0.9995857,8.9837695e-06,6.197332e-08,2.7759356e-06,0.0003980252,1.5106119e-08,o,0.9995857,0,1
0712_row_00043965,o,13高淳,02淳溪,淳溪刘德保单字,3,3,o,0.7762102,0.022441475,0.0016709847,8.031243e-05,0.7762102,0.03860608,7.340555e-05,5.0727725e-05,0.16084714,1.972978e-05,o,0.7762102,0,1
0712_row_00043966,u,13高淳,02淳溪,淳溪刘德保单字,4,0,a,0.9053113,0.9053113,0.0061461055,0.009648005,0.007837925,0.0010977216,0.0001689867,0.023781266,0.038345285,0.0076635187,a,0.9053113,0,1
0712_row_00043967,o,13高淳,02淳溪,淳溪刘德保单字,3,2,i,0.85844857,0.07898564,0.0032843563,0.85844857,0.00083390396,4.6890797e-05,0.018206896,6.5416396e-05,0.015403028,0.024725273,i,0.85844857,0,1
0712_row_00043968,o,13高淳,02淳溪,淳溪刘德保单字,3,0,a,0.7524531,0.7524531,0.008938691,0.024349296,0.026593722,0.0015034027,0.0015104325,0.16680485,0.016086856,0.0017597004,a,0.7524531,0,1
0712_row_00043969,y,13高淳,02淳溪,淳溪刘德保单字,5,5,y,0.6231067,0.0030241208,0.116028555,0.018412026,0.0012982034,5.182231e-05,0.6231067,9.076958e-06,0.060232546,0.17783687,y,0.6231067,0,1
0712_row_00043970,o,13高淳,02淳溪,淳溪刘德保单字,3,3,o,0.8062408,0.036316976,0.0007207791,6.653539e-05,0.8062408,0.056622915,5.4856817e-05,3.1897216e-05,0.09994205,3.2313906e-06,o,0.8062408,0,1
0712_row_00043971,o,13高淳,02淳溪,淳溪刘德保单字,3,3,o,0.99711156,0.0002651883,5.8871054e-05,4.464579e-07,0.99711156,0.000113993876,1.5015404e-05,3.1136085e-05,0.002401853,1.890841e-06,o,0.99711156,0,1
0712_row_00043972,a,13高淳,02淳溪,淳溪刘德保单字,0,0,a,0.85813105,0.85813105,0.0231825,0.028715417,0.007980012,0.0002820285,0.00025950777,0.069984026,0.0046147057,0.006850607,a,0.85813105,0,1
0712_row_00043973,a,13高淳,02淳溪,淳溪刘德保单字,0,0,a,0.9867532,0.9867532,0.008257056,0.0010010925,0.00013065065,0.00069923815,3.9402403e-07,0.00018901651,0.0010514711,0.001917811,a,0.9867532,0,1
0712_row_00043974,a,13高淳,02淳溪,淳溪刘德保单字,0,0,a,0.99517137,0.99517137,0.0017137008,0.0001625531,0.00012132418,0.00086855737,4.1736735e-07,0.0002437118,0.0014960591,0.00022229247,a,0.99517137,0,1
0712_row_00043975,a,13高淳,02淳溪,淳溪刘德保单字,0,8,ɛ,0.9760854,0.023576235,0.00014231825,0.00011768908,3.3209155e-05,3.1609076e-07,1.8576285e-06,1.5392227e-07,4.2798456e-05,0.9760854,ɛ,0.9760854,0,1
0712_row_00043976,ə,13高淳,02淳溪,淳溪刘德保单字,7,8,ɛ,0.80175865,0.06961569,0.0153663065,0.06820868,0.0010364851,0.0007789307,0.013734202,0.00031038764,0.02919072,0.80175865,ɛ,0.80175865,0,1
0712_row_00043977,ə,13高淳,02淳溪,淳溪刘德保单字,7,0,a,0.95808476,0.95808476,0.0024931012,0.00045689987,0.00017457097,0.000556089,9.53879e-07,7.173759e-05,0.036967754,0.0011942362,a,0.95808476,0,1
0712_row_00043978,u,13高淳,02淳溪,淳溪刘德保单字,4,4,u,0.6493111,0.0005973172,0.00014841504,0.00013588686,0.009644008,0.6493111,0.33772153,1.8401697e-06,0.0024312458,8.599689e-06,u,0.6493111,0,1
0712_row_00043979,ə,13高淳,02淳溪,淳溪刘德保单字,7,4,u,0.91832864,0.0021940323,0.00014395472,5.3958367e-05,0.012578187,0.91832864,0.038605057,3.3605766e-06,0.028078191,1.4528876e-05,u,0.91832864,0,1
0712_row_00043980,ɛ,13高淳,02淳溪,淳溪刘德保单字,8,8,ɛ,0.9974214,0.0010093302,0.00027187422,6.754556e-05,0.00011172602,6.4478246e-07,7.6957076e-05,4.7347623e-07,0.0010400701,0.9974214,ɛ,0.9974214,0,1
0712_row_00043981,ɛ,13高淳,02淳溪,淳溪刘德保单字,8,0,a,0.23341443,0.23341443,0.17430602,0.06992418,0.006642624,0.061953418,0.1284548,0.000787516,0.097876176,0.22664072,a,0.23341443,0,1
0712_row_00043982,u,13高淳,02淳溪,淳溪刘德保单字,4,4,u,0.73572975,0.008242018,0.17504686,0.062088836,0.0033007804,0.73572975,0.0018242719,0.0007009246,0.008603471,0.0044630924,u,0.73572975,0,1
0712_row_00043983,a,13高淳,02淳溪,淳溪刘德保单字,0,1,e,0.5977161,0.33009592,0.5977161,0.00048017415,0.009860994,0.036676414,0.00013693488,0.00045915382,0.023373956,0.0012003283,e,0.5977161,0,1
0712_row_00043984,i,13高淳,02淳溪,淳溪刘德保单字,2,2,i,0.87759715,0.0004418078,0.00090786093,0.87759715,0.0003462239,0.022616556,0.09187531,3.6739762e-05,0.0006682432,0.005510195,i,0.87759715,0,1
0712_row_00043985,a,13高淳,02淳溪,淳溪刘德保单字,0,3,o,0.632998,0.30784145,0.00030803715,0.00013505346,0.632998,0.0075508235,1.1027163e-05,0.05100009,0.00015092964,4.634909e-06,o,0.632998,0,1
0712_row_00043986,a,13高淳,02淳溪,淳溪刘德保单字,0,0,a,0.92749155,0.92749155,0.00051269133,0.00021831009,0.011071883,9.692424e-05,3.2969136e-05,0.05740139,0.0016206126,0.0015537492,a,0.92749155,0,1
0712_row_00043987,o,13高淳,02淳溪,淳溪刘德保单字,3,1,e,0.6395576,0.00041511323,0.6395576,0.00025644907,0.0019663936,0.35619712,0.0002059355,6.11336e-05,0.0011072621,0.0002329186,e,0.6395576,0,1
0712_row_00043988,a,13高淳,02淳溪,淳溪刘德保单字,0,0,a,0.39535907,0.39535907,0.015279817,0.08689585,0.0013417513,0.004328668,0.011329671,0.000451161,0.1903319,0.29468212,a,0.39535907,0,1
0712_row_00043989,a,13高淳,02淳溪,淳溪刘德保单字,0,0,a,0.24349892,0.24349892,0.13029861,0.19039537,0.013150157,0.08734586,0.068333894,0.008630731,0.16072921,0.09761727,a,0.24349892,0,1
0712_row_00043990,i,13高淳,02淳溪,淳溪刘德保单字,2,5,y,0.34082922,0.020894833,0.0020635051,0.24442634,0.024847303,0.32185286,0.34082922,0.0006815492,0.04093352,0.0034708444,y,0.34082922,0,1
0712_row_00043991,a,13高淳,02淳溪,淳溪刘德保单字,0,8,ɛ,0.3138976,0.05888161,0.0582877,0.2390806,0.006070686,0.011791626,0.2199106,0.001861478,0.09021807,0.3138976,ɛ,0.3138976,0,1
0712_row_00043992,a,13高淳,02淳溪,淳溪刘德保单字,0,8,ɛ,0.5629854,0.04666338,0.040880967,0.13900025,0.001001502,0.0007208879,0.10138052,0.000353856,0.10701318,0.5629854,ɛ,0.5629854,0,1
0712_row_00043993,i,13高淳,02淳溪,淳溪刘德保单字,2,0,a,0.3321039,0.3321039,0.12271498,0.32836306,0.00042945967,0.0015522696,0.011743869,0.0001910162,0.008878469,0.19402298,a,0.3321039,0,1
0712_row_00043994,i,13高淳,02淳溪,淳溪刘德保单字,2,2,i,0.4430049,0.19542745,0.13456486,0.4430049,0.021901045,0.11532931,0.043306306,0.0015673066,0.027419165,0.017479617,i,0.4430049,0,1
0712_row_00043995,i,13高淳,02淳溪,淳溪刘德保单字,2,2,i,0.8960929,0.05640736,0.0020121175,0.8960929,0.000824449,2.7013028e-05,0.022132693,6.504502e-05,0.007086022,0.015352396,i,0.8960929,0,1
0712_row_00043996,a,13高淳,02淳溪,淳溪刘德保单字,0,5,y,0.5310065,0.0011290944,0.00041488127,0.00044038275,0.04568104,0.41062087,0.5310065,1.0599366e-05,0.010664355,3.2314452e-05,y,0.5310065,0,1
0712_row_00043997,u,13高淳,02淳溪,淳溪刘德保单字,4,5,y,0.606689,0.00083554524,0.000289216,0.0003731713,0.06590849,0.31622532,0.606689,8.210806e-06,0.009652636,1.8444545e-05,y,0.606689,0,1
0712_row_00043998,e,13高淳,02淳溪,淳溪刘德保单字,1,8,ɛ,0.39896417,0.09961281,0.29047993,0.037416976,0.0013403307,0.0003995945,0.14245449,2.2300348e-05,0.029309342,0.39896417,ɛ,0.39896417,0,1
0712_row_00043999,ə,13高淳,02淳溪,淳溪刘德保单字,7,3,o,0.69748414,0.00049258425,0.000467164,2.0400312e-05,0.69748414,0.016803248,1.9301424e-05,3.085218e-05,0.28468114,1.2211597e-06,o,0.69748414,0,1
0712_row_00044000,e,13高淳,02淳溪,淳溪刘德保单字,1,1,e,0.9610791,0.032659363,0.9610791,0.0001472506,0.001466966,0.00022273928,3.7781683e-05,9.968929e-05,0.0020325505,0.0022546505,e,0.9610791,0,1
0712_row_00044001,e,13高淳,02淳溪,淳溪刘德保单字,1,0,a,0.7903623,0.7903623,0.0035872078,0.00859541,0.18135822,0.0033585557,0.000709849,0.00984572,0.0019920173,0.00019082011,a,0.7903623,0,1
0712_row_00044002,a,13高淳,02淳溪,淳溪刘德保单字,0,0,a,0.76773477,0.76773477,0.0032253494,0.006521797,0.00075352937,0.00045633156,3.3233591e-06,0.21935669,0.0018244309,0.00012376207,a,0.76773477,0,1
0712_row_00044003,a,13高淳,02淳溪,淳溪刘德保单字,0,0,a,0.9599785,0.9599785,0.00030586854,7.702293e-05,0.0359381,0.00041141,1.5371471e-06,0.0023380183,0.0008815724,6.80898e-05,a,0.9599785,0,1
0712_row_00044004,o,13高淳,02淳溪,淳溪刘德保单字,3,3,o,0.9986965,9.649595e-05,9.404938e-06,1.9029376e-07,0.9986965,4.7187586e-05,1.917869e-06,1.3625529e-05,0.0011341914,6.040007e-07,o,0.9986965,0,1
0712_row_00044005,o,13高淳,02淳溪,淳溪刘德保单字,3,7,ə,0.59233475,0.05469749,0.19104792,5.162977e-05,0.14088666,0.020373277,0.00010626271,0.00032224326,0.59233475,0.0001797511,ə,0.59233475,0,1
0712_row_00044006,a,13高淳,02淳溪,淳溪刘德保单字,0,0,a,0.98201066,0.98201066,0.012713089,0.0019676283,0.00023602408,0.00082049234,1.1692878e-06,0.0010970525,0.00068665604,0.0004672515,a,0.98201066,0,1
0712_row_00044007,a,13高淳,02淳溪,淳溪刘德保单字,0,0,a,0.8916489,0.8916489,0.005748485,0.00048213135,0.0102063175,0.0008073164,3.3695849e-06,0.08941106,0.0016756572,1.657363e-05,a,0.8916489,0,1
0712_row_00044008,a,13高淳,02淳溪,淳溪刘德保单字,0,4,u,0.62962145,0.0010502696,0.00029190045,0.00078157894,0.0489121,0.62962145,0.2979197,1.2057159e-05,0.021375692,3.5249206e-05,u,0.62962145,0,1
0712_row_00044010,o,13高淳,02淳溪,淳溪刘德保单字,3,3,o,0.9998049,4.298932e-06,7.94494e-07,1.3337436e-08,0.9998049,3.0274887e-05,1.597183e-07,5.9745007e-06,0.00015367937,3.041763e-08,o,0.9998049,0,1
0712_row_00044011,a,13高淳,02淳溪,淳溪刘德保单字,0,0,a,0.6021207,0.6021207,0.00013537021,0.0055570635,0.003929828,0.00018168341,1.9563959e-05,0.38763607,0.00040099537,1.8654286e-05,a,0.6021207,0,1
0712_row_00044012,ɛ,13高淳,02淳溪,淳溪刘德保单字,8,8,ɛ,0.5750777,0.112832226,0.010793405,0.079049245,0.00043889828,0.00010617905,0.017856944,9.6165124e-05,0.20374925,0.5750777,ɛ,0.5750777,0,1
0712_row_00044013,o,13高淳,02淳溪,淳溪史金华单字,3,3,o,0.94178903,0.038855735,0.004920652,2.1288071e-05,0.94178903,0.010327768,7.4302676e-05,0.0008070392,0.003201215,3.0520334e-06,o,0.94178903,0,1
0712_row_00044014,a,13高淳,02淳溪,淳溪史金华单字,0,3,o,0.94487673,0.025593104,0.0015401316,2.8855181e-06,0.94487673,0.008669906,2.6331525e-05,0.00015537179,0.019134147,1.4742297e-06,o,0.94487673,0,1
0712_row_00044015,o,13高淳,02淳溪,淳溪史金华单字,3,3,o,0.53216314,0.053226225,0.007448062,0.0010408695,0.53216314,0.3853819,0.014957664,0.0008888895,0.004874279,1.8963245e-05,o,0.53216314,0,1
0712_row_00044016,o,13高淳,02淳溪,淳溪史金华单字,3,4,u,0.63171446,0.02968654,0.00087927794,0.00015840337,0.2862831,0.63171446,0.043903653,0.0002072272,0.007157095,1.0232817e-05,u,0.63171446,0,1
0712_row_00044018,o,13高淳,02淳溪,淳溪史金华单字,3,4,u,0.7440453,0.017183559,0.0030128057,0.0023729915,0.049297117,0.7440453,0.18048972,0.0001050826,0.0034320233,6.133356e-05,u,0.7440453,0,1
0712_row_00044019,a,13高淳,02淳溪,淳溪史金华单字,0,0,a,0.9947418,0.9947418,0.0017952868,0.0002981612,2.7991215e-05,0.00021450284,1.1149468e-07,5.8497307e-07,0.0013569505,0.0015646208,a,0.9947418,0,1
0712_row_00044020,a,13高淳,02淳溪,淳溪史金华单字,0,0,a,0.98946625,0.98946625,0.0016010362,0.00015777267,0.000912715,0.0048228386,3.8270828e-06,0.0011629334,0.0018419363,3.069403e-05,a,0.98946625,0,1
0712_row_00044021,a,13高淳,02淳溪,淳溪史金华单字,0,0,a,0.9941209,0.9941209,0.0012455329,0.00010236636,0.0005372549,0.0021921925,8.4545195e-07,0.0008195578,0.0009485067,3.282874e-05,a,0.9941209,0,1
0712_row_00044022,a,13高淳,02淳溪,淳溪史金华单字,0,0,a,0.9908772,0.9908772,0.0010717114,2.67577e-05,0.00014047952,0.00062533986,1.501694e-07,9.090133e-06,0.0071565746,9.2719885e-05,a,0.9908772,0,1
0712_row_00044023,a,13高淳,02淳溪,淳溪史金华单字,0,0,a,0.9858768,0.9858768,0.001079914,3.063979e-05,0.0005395193,0.0012710568,7.0973266e-07,3.6042085e-05,0.011106255,5.88232e-05,a,0.9858768,0,1
0712_row_00044024,a,13高淳,02淳溪,淳溪史金华单字,0,8,ɛ,0.99228036,0.0075762193,6.0019822e-05,1.1609735e-05,5.459806e-06,1.3063574e-07,6.0799687e-07,1.9449221e-08,6.562745e-05,0.99228036,ɛ,0.99228036,0,1
0712_row_00044025,a,13高淳,02淳溪,淳溪史金华单字,0,8,ɛ,0.9500687,0.049267367,0.00044786162,7.286568e-05,1.0784672e-05,1.7017773e-06,1.0001504e-06,3.7054743e-08,0.00012971132,0.9500687,ɛ,0.9500687,0,1
0712_row_00044026,ɛ,13高淳,02淳溪,淳溪史金华单字,8,8,ɛ,0.82934767,0.16167085,0.0016094259,0.0006087334,4.1002153e-05,1.649025e-05,9.3412134e-05,2.5704328e-06,0.006609885,0.82934767,ɛ,0.82934767,0,1
0712_row_00044027,ɛ,13高淳,02淳溪,淳溪史金华单字,8,8,ɛ,0.83466667,0.151491,0.0030721545,0.0012214396,8.274409e-05,1.7498432e-05,0.00027723506,4.485029e-06,0.009166775,0.83466667,ɛ,0.83466667,0,1
0712_row_00044028,ɛ,13高淳,02淳溪,淳溪史金华单字,8,8,ɛ,0.8106063,0.16769512,0.004161347,0.00097519683,0.00010328495,4.536503e-05,0.00030924537,1.5031668e-06,0.016102638,0.8106063,ɛ,0.8106063,0,1
0712_row_00044029,ɛ,13高淳,02淳溪,淳溪史金华单字,8,8,ɛ,0.945026,0.042629104,0.0042481883,0.0018874364,6.440682e-05,2.5771786e-05,0.002986851,7.1209973e-07,0.0031315335,0.945026,ɛ,0.945026,0,1
0712_row_00044030,ə,13高淳,02淳溪,淳溪史金华单字,7,0,a,0.9734804,0.9734804,0.004171964,6.0550807e-05,0.0008555258,0.0019384798,6.8125536e-07,0.00016530756,0.019298987,2.8251083e-05,a,0.9734804,0,1
0712_row_00044031,ə,13高淳,02淳溪,淳溪史金华单字,7,0,a,0.9903132,0.9903132,0.0019706357,2.2288685e-05,0.00018038922,0.00071089005,1.1175701e-07,1.5629597e-05,0.00667159,0.000115185925,a,0.9903132,0,1
0712_row_00044032,ə,13高淳,02淳溪,淳溪史金华单字,7,0,a,0.9893679,0.9893679,0.0014823226,1.084754e-05,0.00041299843,0.0004332754,1.11153035e-07,1.3105461e-05,0.008240401,3.9006907e-05,a,0.9893679,0,1
0712_row_00044033,ə,13高淳,02淳溪,淳溪史金华单字,7,8,ɛ,0.40381774,0.26364475,0.0038657223,0.08063289,0.00025948565,4.8654463e-05,0.004839924,2.2208078e-05,0.24286859,0.40381774,ɛ,0.40381774,0,1
0712_row_00044034,ɛ,13高淳,02淳溪,淳溪史金华单字,8,8,ɛ,0.41743848,0.21437638,0.0031411317,0.13432732,0.00022614314,3.266911e-05,0.0075908033,1.29143355e-05,0.22285424,0.41743848,ɛ,0.41743848,0,1
0712_row_00044035,ə,13高淳,02淳溪,淳溪史金华单字,7,0,a,0.48047048,0.48047048,0.0024120114,0.12710735,0.00018241131,3.0229172e-05,0.002304395,9.485253e-06,0.14437658,0.24310695,a,0.48047048,0,1
0712_row_00044036,a,13高淳,02淳溪,淳溪史金华单字,0,0,a,0.99265444,0.99265444,0.0021359564,0.0025256586,0.00047605982,0.0008887851,3.5504916e-06,4.874022e-06,0.0006732986,0.00063734804,a,0.99265444,0,1
0712_row_00044037,a,13高淳,02淳溪,淳溪史金华单字,0,0,a,0.9820187,0.9820187,0.00838934,0.0001064013,0.00012725267,0.0036165726,9.3040484e-07,3.2205244e-05,0.005325202,0.00038338947,a,0.9820187,0,1
0712_row_00044038,a,13高淳,02淳溪,淳溪史金华单字,0,0,a,0.98643976,0.98643976,0.007831643,3.6547135e-05,0.00016537173,0.0018008013,2.858644e-07,3.4856665e-05,0.0034404853,0.00025021043,a,0.98643976,0,1
0712_row_00044039,a,13高淳,02淳溪,淳溪史金华单字,0,0,a,0.9970462,0.9970462,0.00038363267,0.00013179635,0.0003654924,0.00036772987,8.438449e-07,4.9382475e-06,0.0016306704,6.857729e-05,a,0.9970462,0,1
0712_row_00044040,u,13高淳,02淳溪,淳溪史金华单字,4,4,u,0.86386806,0.0063907187,0.00015184985,0.00012982238,0.012440956,0.86386806,0.11167284,6.1115934e-06,0.0053315423,8.154571e-06,u,0.86386806,0,1
0712_row_00044041,u,13高淳,02淳溪,淳溪史金华单字,4,4,u,0.86027855,0.0064804433,0.0024040411,0.0016222004,0.022956178,0.86027855,0.09355323,4.3821638e-05,0.01261947,4.205541e-05,u,0.86027855,0,1
0712_row_00044042,u,13高淳,02淳溪,淳溪史金华单字,4,4,u,0.7652673,0.18059908,0.00159673,0.0004926889,0.022358181,0.7652673,0.021230245,1.4813695e-05,0.008406917,3.402962e-05,u,0.7652673,0,1
0712_row_00044043,u,13高淳,02淳溪,淳溪史金华单字,4,4,u,0.601226,0.0019083683,0.0005070336,0.00040486862,0.00869454,0.601226,0.3834481,8.028517e-06,0.003781812,2.1280464e-05,u,0.601226,0,1
0712_row_00044044,u,13高淳,02淳溪,淳溪史金华单字,4,4,u,0.79916894,0.0020496198,0.00016102323,0.00015068018,0.013089537,0.79916894,0.18334639,3.3162964e-06,0.0020253623,5.077552e-06,u,0.79916894,0,1
0712_row_00044045,u,13高淳,02淳溪,淳溪史金华单字,4,5,y,0.64755154,0.006649266,0.007277337,0.09763334,0.012079527,0.1972563,0.64755154,0.00019681263,0.031154105,0.00020172601,y,0.64755154,0,1
0712_row_00044046,u,13高淳,02淳溪,淳溪史金华单字,4,5,y,0.6786218,0.00057608355,0.00019532726,0.00031315163,0.0026646587,0.31723133,0.6786218,2.7881658e-06,0.00039159672,3.2125154e-06,y,0.6786218,0,1
0712_row_00044048,u,13高淳,02淳溪,淳溪史金华单字,4,5,y,0.6637071,0.0027178812,0.0012801788,0.0066565275,0.0066693947,0.3183059,0.6637071,2.0423086e-05,0.000614642,2.8012786e-05,y,0.6637071,0,1
0712_row_00044049,y,13高淳,02淳溪,淳溪史金华单字,5,5,y,0.9892162,1.793195e-05,0.0019781739,0.005088354,0.0027439953,0.0004982361,0.9892162,8.427189e-07,0.00045010465,6.1744336e-06,y,0.9892162,0,1
0712_row_00044050,u,13高淳,02淳溪,淳溪史金华单字,4,5,y,0.50791657,0.0010901307,0.00048379262,0.00036191742,0.0094842035,0.47261763,0.50791657,8.76764e-06,0.008021499,1.5452304e-05,y,0.50791657,0,1
0712_row_00044051,u,13高淳,02淳溪,淳溪史金华单字,4,4,u,0.73599386,0.0008713302,0.0003827776,0.00021555925,0.011411347,0.73599386,0.24780169,2.2264162e-06,0.0033134634,7.78355e-06,u,0.73599386,0,1
0712_row_00044052,u,13高淳,02淳溪,淳溪史金华单字,4,4,u,0.6702774,0.0009365312,0.00037223162,0.00042325942,0.027789015,0.6702774,0.2946377,3.2525468e-06,0.0055450797,1.5434089e-05,u,0.6702774,0,1
0712_row_00044053,o,13高淳,02淳溪,淳溪史金华单字,3,4,u,0.78401685,0.0013811565,0.00046945593,0.00054512505,0.020051215,0.78401685,0.18623,6.051987e-06,0.0072785267,2.1505446e-05,u,0.78401685,0,1
0712_row_00044054,u,13高淳,02淳溪,淳溪史金华单字,4,4,u,0.93719435,0.014339093,0.00017296262,0.0002474555,0.035749245,0.93719435,0.0025741854,2.9394068e-05,0.009641292,5.2020336e-05,u,0.93719435,0,1
0712_row_00044055,u,13高淳,02淳溪,淳溪史金华单字,4,4,u,0.7081487,0.0016616209,0.00097035663,0.0005323008,0.0122381095,0.7081487,0.27479976,5.9201643e-06,0.0016300752,1.3047902e-05,u,0.7081487,0,1
0712_row_00044056,u,13高淳,02淳溪,淳溪史金华单字,4,4,u,0.6391032,0.0010762071,0.0009588321,0.00074634474,0.018995127,0.6391032,0.3347941,6.6235416e-06,0.0043020626,1.7510522e-05,u,0.6391032,0,1
0712_row_00044057,y,13高淳,02淳溪,淳溪史金华单字,5,4,u,0.6450006,0.0053175893,0.0020100954,0.0020545055,0.019994166,0.6450006,0.31377035,4.3506858e-05,0.011611194,0.00019799416,u,0.6450006,0,1
0712_row_00044058,y,13高淳,02淳溪,淳溪史金华单字,5,4,u,0.48621696,0.010513895,0.004825176,0.008134257,0.026873425,0.48621696,0.4452659,0.00020810218,0.017641965,0.00032026754,u,0.48621696,0,1
0712_row_00044059,y,13高淳,02淳溪,淳溪史金华单字,5,0,a,0.594067,0.594067,0.0095984265,0.25714076,0.0012121103,0.00032283936,0.00029281963,0.00016985512,0.00089521153,0.13630104,a,0.594067,0,1
0712_row_00044060,y,13高淳,02淳溪,淳溪史金华单字,5,4,u,0.6882882,0.027094992,0.012586935,0.006262149,0.09238696,0.6882882,0.13645615,0.00019696115,0.03616234,0.0005652875,u,0.6882882,0,1
0712_row_00044061,y,13高淳,02淳溪,淳溪史金华单字,5,4,u,0.837405,0.019206576,0.0009273079,0.00015551246,0.07711017,0.837405,0.034479026,1.2804599e-05,0.030654818,4.867975e-05,u,0.837405,0,1
0712_row_00044062,y,13高淳,02淳溪,淳溪史金华单字,5,5,y,0.9526265,0.00069510046,0.0032169407,0.018486861,0.0064997473,0.01663418,0.9526265,8.2204e-06,0.0018182929,1.4145761e-05,y,0.9526265,0,1
0712_row_00044063,y,13高淳,02淳溪,淳溪史金华单字,5,4,u,0.7331559,0.0013005354,0.0045299847,0.013063088,0.010007319,0.7331559,0.23541391,3.7742324e-05,0.0023422367,0.00014928504,u,0.7331559,0,1
0712_row_00044064,y,13高淳,02淳溪,淳溪史金华单字,5,5,y,0.6314726,0.0060725254,0.0035959296,0.0036223307,0.04429215,0.3083661,0.6314726,5.3837804e-05,0.0024662921,5.8275422e-05,y,0.6314726,0,1
0712_row_00044065,y,13高淳,02淳溪,淳溪史金华单字,5,4,u,0.61339253,0.00205849,0.0006044061,0.0056486786,0.0029891569,0.61339253,0.37281352,1.5316527e-05,0.0023473364,0.00013054768,u,0.61339253,0,1
0712_row_00044066,y,13高淳,02淳溪,淳溪史金华单字,5,5,y,0.57299286,0.0003670352,6.4548156e-05,6.51949e-05,0.003521794,0.42202926,0.57299286,1.6220054e-06,0.0009548519,2.7824567e-06,y,0.57299286,0,1
0712_row_00044067,y,13高淳,02淳溪,淳溪史金华单字,5,4,u,0.5958082,0.002640728,0.00057187816,0.003034981,0.004122973,0.5958082,0.38997796,2.9338129e-05,0.0037650885,4.8802107e-05,u,0.5958082,0,1
0712_row_00044068,u,13高淳,02淳溪,淳溪史金华单字,4,5,y,0.5473913,0.0022590908,0.0002052399,0.0006346202,0.0031212906,0.44550624,0.5473913,6.5002982e-06,0.000869074,6.5631934e-06,y,0.5473913,0,1
0712_row_00044069,y,13高淳,02淳溪,淳溪史金华单字,5,5,y,0.47880837,0.0152262645,0.0025992368,0.11951821,0.027519438,0.3538276,0.47880837,0.000109863824,0.002041264,0.0003498034,y,0.47880837,0,1
0712_row_00044070,y,13高淳,02淳溪,淳溪史金华单字,5,4,u,0.7353234,0.0023152768,0.001592657,0.0018838726,0.021162223,0.7353234,0.23253573,1.8189285e-05,0.0050940313,7.4485295e-05,u,0.7353234,0,1
0712_row_00044071,u,13高淳,02淳溪,淳溪史金华单字,4,4,u,0.8560155,0.003025119,0.00027345197,0.0003683183,0.050336737,0.8560155,0.07575965,8.218692e-06,0.014199104,1.3757734e-05,u,0.8560155,0,1
0712_row_00044072,u,13高淳,02淳溪,淳溪史金华单字,4,4,u,0.78746337,0.0020228832,0.00020636467,0.00040790712,0.036454525,0.78746337,0.16167872,5.3159065e-06,0.011747136,1.3712538e-05,u,0.78746337,0,1
0712_row_00044073,u,13高淳,02淳溪,淳溪史金华单字,4,4,u,0.8151338,0.0009948409,0.00018447902,0.00016422446,0.031424746,0.8151338,0.14334984,2.6321045e-06,0.008737947,7.465346e-06,u,0.8151338,0,1
0712_row_00044074,u,13高淳,02淳溪,淳溪史金华单字,4,4,u,0.8058524,0.0023402935,0.00012187041,0.00015465969,0.03835701,0.8058524,0.13288206,2.9637492e-06,0.020279404,9.18778e-06,u,0.8058524,0,1
0712_row_00044075,u,13高淳,02淳溪,淳溪史金华单字,4,4,u,0.675868,0.0016581047,0.00035316488,0.0005478604,0.018309394,0.675868,0.29228616,7.733666e-06,0.010947103,2.2556242e-05,u,0.675868,0,1
0712_row_00044076,u,13高淳,02淳溪,淳溪史金华单字,4,4,u,0.81681323,0.032652106,0.013342193,0.021271167,0.056694284,0.81681323,0.03391533,9.91482e-05,0.024823695,0.00038891754,u,0.81681323,0,1
0712_row_00044077,u,13高淳,02淳溪,淳溪史金华单字,4,4,u,0.7965098,0.0044408655,0.000369983,0.0009044141,0.026897458,0.7965098,0.15772435,6.2780905e-06,0.013132089,1.4703544e-05,u,0.7965098,0,1
0712_row_00044078,u,13高淳,02淳溪,淳溪史金华单字,4,4,u,0.77096117,0.0021589037,0.0005136955,0.0008443708,0.03910278,0.77096117,0.17547421,2.2731523e-05,0.010881018,4.115001e-05,u,0.77096117,0,1
0712_row_00044079,y,13高淳,02淳溪,淳溪史金华单字,5,4,u,0.5932871,0.0077340454,0.0008901254,0.0014845437,0.01625578,0.5932871,0.35716277,4.1666433e-05,0.023090601,5.3426014e-05,u,0.5932871,0,1
0712_row_00044080,y,13高淳,02淳溪,淳溪史金华单字,5,4,u,0.7494558,0.0076473174,0.00027242722,0.00030579613,0.025454922,0.7494558,0.18730089,1.2233945e-05,0.029536782,1.38525675e-05,u,0.7494558,0,1
0712_row_00044081,y,13高淳,02淳溪,淳溪史金华单字,5,5,y,0.98183835,0.00030601805,0.0016191142,0.008912987,0.0056777205,0.0013760469,0.98183835,2.1022245e-06,0.0002619966,5.789722e-06,y,0.98183835,0,1
0712_row_00044082,y,13高淳,02淳溪,淳溪史金华单字,5,5,y,0.9586628,0.00037690808,0.0011558966,0.0051300037,0.0027604534,0.03031795,0.9586628,6.174843e-06,0.0015797508,1.0170085e-05,y,0.9586628,0,1
0712_row_00044083,y,13高淳,02淳溪,淳溪史金华单字,5,5,y,0.72174203,0.0072598546,0.0028982023,0.25417697,0.008743425,0.0028458373,0.72174203,1.5953396e-05,0.0022129442,0.00010483302,y,0.72174203,0,1
0712_row_00044084,a,13高淳,02淳溪,淳溪史金华单字,0,0,a,0.7354444,0.7354444,0.18093282,0.045801174,0.00019651784,0.000612322,1.250399e-05,2.0876812e-05,0.00030873372,0.036670696,a,0.7354444,0,1
0712_row_00044085,a,13高淳,02淳溪,淳溪史金华单字,0,0,a,0.9519454,0.9519454,0.012187335,3.602827e-05,0.0008978051,0.0027489252,1.0054833e-06,3.973843e-05,0.032027327,0.00011633506,a,0.9519454,0,1
0712_row_00044086,a,13高淳,02淳溪,淳溪史金华单字,0,0,a,0.60530293,0.60530293,0.02315729,0.10674276,0.0007020173,0.003020452,0.0003505639,4.716014e-05,0.001648845,0.25902784,a,0.60530293,0,1
0712_row_00044087,e,13高淳,02淳溪,淳溪史金华单字,1,1,e,0.8102062,0.00031195785,0.8102062,0.00043361625,0.00028213108,0.18844217,0.00013827345,8.073476e-05,6.045376e-05,4.442701e-05,e,0.8102062,0,1
0712_row_00044088,a,13高淳,02淳溪,淳溪史金华单字,0,1,e,0.5491223,0.444809,0.5491223,0.0013667606,0.00038627652,0.0019459869,1.0247117e-05,5.0307215e-05,0.0007984014,0.001510617,e,0.5491223,0,1
0712_row_00044089,ɛ,13高淳,02淳溪,淳溪史金华单字,8,8,ɛ,0.99708444,0.0025596367,0.00026057984,1.7936456e-05,2.2297449e-05,1.861371e-06,8.877868e-06,1.3942307e-07,4.4243072e-05,0.99708444,ɛ,0.99708444,0,1
0712_row_00044090,a,13高淳,02淳溪,淳溪史金华单字,0,1,e,0.59438777,0.39399666,0.59438777,0.00705439,0.00022605274,0.0013196295,1.0426711e-05,6.188127e-05,0.0006279506,0.0023152768,e,0.59438777,0,1
0712_row_00044091,ɛ,13高淳,02淳溪,淳溪史金华单字,8,8,ɛ,0.9950936,0.0047798846,3.919357e-05,1.3610157e-05,1.2599227e-05,1.7158274e-06,1.9199008e-06,1.1433074e-07,5.7372097e-05,0.9950936,ɛ,0.9950936,0,1
0712_row_00044092,ɛ,13高淳,02淳溪,淳溪史金华单字,8,8,ɛ,0.9898622,0.009619983,0.00014553791,6.8081616e-05,6.0221788e-05,7.76281e-06,1.1474068e-05,5.9043754e-07,0.00022411071,0.9898622,ɛ,0.9898622,0,1
0712_row_00044093,ɛ,13高淳,02淳溪,淳溪史金华单字,8,1,e,0.9124475,0.041804332,0.9124475,6.6319e-05,0.00013282502,0.00017657917,4.6460184e-05,3.2531318e-06,0.00029219905,0.045030557,e,0.9124475,0,1
0712_row_00044094,e,13高淳,02淳溪,淳溪史金华单字,1,1,e,0.7937978,0.067873865,0.7937978,0.0001909022,0.00049769547,0.0006495328,0.00013360845,1.2061305e-05,0.000797025,0.13604765,e,0.7937978,0,1
0712_row_00044095,a,13高淳,02淳溪,淳溪史金华单字,0,0,a,0.63207376,0.63207376,0.3606046,0.0020939382,0.00076300796,0.0019232419,8.075711e-06,4.5670367e-05,0.001064022,0.0014236919,a,0.63207376,0,1
0712_row_00044096,i,13高淳,02淳溪,淳溪史金华单字,2,2,i,0.9569095,0.011828138,0.008558581,0.9569095,6.754842e-05,0.0020340588,0.0002799099,1.5673017e-05,0.0191341,0.0011726205,i,0.9569095,0,1
0712_row_00044097,i,13高淳,02淳溪,淳溪史金华单字,2,2,i,0.99690104,0.0006685326,0.000246229,0.99690104,8.737388e-06,3.824948e-05,0.0005855978,1.1710503e-06,0.0010591794,0.0004911935,i,0.99690104,0,1
0712_row_00044098,i,13高淳,02淳溪,淳溪史金华单字,2,5,y,0.9860573,6.4386106e-05,0.0013229396,0.005251682,0.0023825374,0.0039032733,0.9860573,1.5759176e-06,0.0010114987,4.959056e-06,y,0.9860573,0,1
0712_row_00044099,i,13高淳,02淳溪,淳溪史金华单字,2,2,i,0.97442293,0.0004485364,0.0075191646,0.97442293,0.0001137649,0.0025346996,0.011813664,2.2036274e-05,0.0024637962,0.000661583,i,0.97442293,0,1
0712_row_00044100,i,13高淳,02淳溪,淳溪史金华单字,2,2,i,0.90472025,0.0035630607,0.04237733,0.90472025,9.726653e-05,0.006665551,0.0006965776,5.8619207e-05,0.040434454,0.0013868652,i,0.90472025,0,1
0712_row_00044101,i,13高淳,02淳溪,淳溪史金华单字,2,2,i,0.9443644,0.0009770005,0.016962051,0.9443644,0.00012495532,0.006731895,0.0029262535,0.00010586722,0.023898093,0.0039095823,i,0.9443644,0,1
0712_row_00044102,i,13高淳,02淳溪,淳溪史金华单字,2,2,i,0.99745995,0.000117900854,0.00043675833,0.99745995,1.0037019e-05,9.948824e-05,0.0007688424,2.856036e-06,0.00084794714,0.00025630218,i,0.99745995,0,1
0712_row_00044103,i,13高淳,02淳溪,淳溪史金华单字,2,2,i,0.9970235,0.00031480406,0.00064373866,0.9970235,5.8348937e-06,5.2722997e-05,0.00020617885,2.3175296e-06,0.0014534584,0.00029742043,i,0.9970235,0,1
0712_row_00044104,i,13高淳,02淳溪,淳溪史金华单字,2,5,y,0.8560359,0.006129963,0.0064408565,0.10878385,0.012972843,0.0065350267,0.8560359,2.135272e-05,0.0029758068,0.000104520535,y,0.8560359,0,1
0712_row_00044105,i,13高淳,02淳溪,淳溪史金华单字,2,5,y,0.80567956,0.017776791,0.006128772,0.06626865,0.012869456,0.06905301,0.80567956,4.7174522e-05,0.02188929,0.00028733836,y,0.80567956,0,1
0712_row_00044106,i,13高淳,02淳溪,淳溪史金华单字,2,5,y,0.699895,0.022197686,0.032063916,0.17165345,0.009267496,0.056488626,0.699895,0.00020526492,0.007334277,0.00089422025,y,0.699895,0,1
0712_row_00044107,i,13高淳,02淳溪,淳溪史金华单字,2,2,i,0.99766773,4.8182716e-05,0.00019676994,0.99766773,5.141146e-06,0.0007658511,0.00079339894,1.1290864e-06,0.00012962322,0.0003922872,i,0.99766773,0,1
0712_row_00044108,i,13高淳,02淳溪,淳溪史金华单字,2,2,i,0.9970831,6.70629e-05,0.0004872102,0.9970831,9.8276405e-06,0.0010425227,0.00081891665,1.7748974e-06,0.000114238865,0.00037521622,i,0.9970831,0,1
0712_row_00044109,i,13高淳,02淳溪,淳溪史金华单字,2,2,i,0.99083835,0.00015816104,0.0010930193,0.99083835,2.6196623e-05,0.0041655875,0.0023002182,7.091301e-06,0.000471214,0.00094014884,i,0.99083835,0,1
0712_row_00044110,i,13高淳,02淳溪,淳溪史金华单字,2,2,i,0.9359243,0.00022385803,0.0029766508,0.9359243,0.00014101742,0.017768905,0.038747855,2.836073e-05,0.0008984396,0.003290536,i,0.9359243,0,1
0712_row_00044111,i,13高淳,02淳溪,淳溪史金华单字,2,2,i,0.97957844,0.00017024313,0.0012849297,0.97957844,4.9762628e-05,0.006036685,0.009925815,1.1287394e-05,0.0005826928,0.0023600815,i,0.97957844,0,1
0712_row_00044112,e,13高淳,02淳溪,淳溪史金华单字,1,1,e,0.6990475,0.0020029421,0.6990475,0.00793649,0.00020920453,0.28950503,0.00015386255,6.5865366e-05,0.00022128753,0.0008579652,e,0.6990475,0,1
0712_row_00044113,e,13高淳,02淳溪,淳溪史金华单字,1,1,e,0.9595979,0.030404279,0.9595979,0.0029335169,0.0021243286,0.0039765993,0.00032740855,4.513285e-06,9.748078e-05,0.00053412333,e,0.9595979,0,1
0712_row_00044114,e,13高淳,02淳溪,淳溪史金华单字,1,1,e,0.9440039,0.0007328134,0.9440039,0.0024918586,0.00037414703,0.051603924,6.36163e-05,0.00052024494,0.00017753747,3.2012977e-05,e,0.9440039,0,1
0712_row_00044115,e,13高淳,02淳溪,淳溪史金华单字,1,1,e,0.85804737,9.30086e-05,0.85804737,0.00067952846,9.602894e-05,0.14089419,2.643056e-05,4.963828e-05,8.492923e-05,2.9090284e-05,e,0.85804737,0,1
0712_row_00044116,e,13高淳,02淳溪,淳溪史金华单字,1,1,e,0.984915,0.00012279682,0.984915,0.0003145146,3.1394622e-05,0.014017501,1.1046246e-05,2.9888643e-05,0.0005377627,2.0066478e-05,e,0.984915,0,1
0712_row_00044117,u,13高淳,02淳溪,淳溪史金华单字,4,1,e,0.5616217,0.0035203856,0.5616217,0.0018003534,0.0018544707,0.4299074,0.00042129017,7.0002745e-05,0.00038846247,0.0004158895,e,0.5616217,0,1
0712_row_00044118,a,13高淳,02淳溪,淳溪史金华单字,0,0,a,0.96762365,0.96762365,0.013932178,0.00073146675,0.008654762,0.0014334637,4.1087853e-05,0.00012205991,0.0013260109,0.0061353813,a,0.96762365,0,1
0712_row_00044119,u,13高淳,02淳溪,淳溪史金华单字,4,1,e,0.5159586,0.006740281,0.5159586,0.0037294272,0.025341535,0.44320577,0.003928108,0.00035107104,0.00043944604,0.0003057937,e,0.5159586,0,1
0712_row_00044120,a,13高淳,02淳溪,淳溪史金华单字,0,0,a,0.9873674,0.9873674,0.0052623367,6.897353e-05,0.0014612647,0.0026261546,3.6713946e-06,9.78542e-06,0.0028339906,0.00036656047,a,0.9873674,0,1
0712_row_00044121,a,13高淳,02淳溪,淳溪史金华单字,0,0,a,0.9799918,0.9799918,0.0035041126,0.0001649646,0.011632485,0.0028288502,1.5911924e-05,0.000106424166,0.001535035,0.00022031905,a,0.9799918,0,1
0712_row_00044122,a,13高淳,02淳溪,淳溪史金华单字,0,0,a,0.99750274,0.99750274,0.0006750435,0.000103829356,0.00036290276,0.00015836269,3.4738068e-07,6.4857306e-07,0.0007120591,0.00048407738,a,0.99750274,0,1
0712_row_00044123,a,13高淳,02淳溪,淳溪史金华单字,0,0,a,0.9829391,0.9829391,0.003090381,0.00021105612,0.004766417,0.0047793556,2.1866337e-05,0.00027755718,0.0036845454,0.00022953183,a,0.9829391,0,1
0712_row_00044124,a,13高淳,02淳溪,淳溪史金华单字,0,0,a,0.99761826,0.99761826,0.00044961864,9.721951e-05,0.00049412815,0.00035202768,6.222588e-07,5.897581e-06,0.00090556993,7.656039e-05,a,0.99761826,0,1
0712_row_00044125,a,13高淳,02淳溪,淳溪史金华单字,0,0,a,0.99757236,0.99757236,0.00021178849,9.337263e-05,0.00043732795,0.00030183885,7.418277e-07,4.160711e-06,0.0013427644,3.5730962e-05,a,0.99757236,0,1
0712_row_00044126,e,13高淳,02淳溪,淳溪史金华单字,1,1,e,0.7320033,0.0010023023,0.7320033,0.003455978,0.00058945495,0.1562543,0.00015984531,0.00030524563,0.10450899,0.0017206547,e,0.7320033,0,1
0712_row_00044127,e,13高淳,02淳溪,淳溪史金华单字,1,1,e,0.722202,0.004408194,0.722202,0.0018737987,0.0051679863,0.26497957,0.0006797127,0.00020000171,0.00016525282,0.0003234199,e,0.722202,0,1
0712_row_00044128,e,13高淳,02淳溪,淳溪史金华单字,1,1,e,0.96721053,0.00013738626,0.96721053,0.00033772615,5.580392e-05,0.031768363,3.4073884e-05,3.7774273e-05,0.0003603209,5.793406e-05,e,0.96721053,0,1
0712_row_00044129,e,13高淳,02淳溪,淳溪史金华单字,1,1,e,0.51493114,0.0016336371,0.51493114,0.0030575623,0.0025643818,0.4769875,0.0004910075,4.3719974e-05,7.618314e-05,0.00021486217,e,0.51493114,0,1
0712_row_00044130,e,13高淳,02淳溪,淳溪史金华单字,1,1,e,0.59823835,0.0003341665,0.59823835,0.0005934778,0.00038228414,0.39984506,0.000231092,5.14435e-05,0.00014159577,0.00018265875,e,0.59823835,0,1
0712_row_00044131,i,13高淳,02淳溪,淳溪史金华单字,2,2,i,0.7763478,0.07390243,0.078036994,0.7763478,0.0001747919,0.0046134368,0.00021213452,4.223611e-05,0.06610318,0.00056704506,i,0.7763478,0,1
0712_row_00044132,i,13高淳,02淳溪,淳溪史金华单字,2,2,i,0.99266547,7.471467e-05,0.0017231309,0.99266547,3.122896e-05,0.0012933173,0.0037453119,6.326428e-06,0.00026882679,0.0001916614,i,0.99266547,0,1
0712_row_00044133,i,13高淳,02淳溪,淳溪史金华单字,2,2,i,0.99768674,2.7911878e-05,0.00043016026,0.99768674,6.597586e-06,0.00092117104,0.0007893751,1.6717111e-06,4.658988e-05,8.988291e-05,i,0.99768674,0,1
0712_row_00044134,i,13高淳,02淳溪,淳溪史金华单字,2,2,i,0.99929166,0.0001558244,7.111412e-05,0.99929166,2.78829e-06,8.200827e-05,0.00015797939,8.2950584e-07,0.00013612908,0.00010175305,i,0.99929166,0,1
0712_row_00044135,i,13高淳,02淳溪,淳溪史金华单字,2,5,y,0.9566122,0.00012056299,0.0027250084,0.006328965,0.0024978484,0.028555514,0.9566122,3.8259814e-06,0.003144078,1.1815202e-05,y,0.9566122,0,1
0712_row_00044136,i,13高淳,02淳溪,淳溪史金华单字,2,2,i,0.9880554,0.0001572088,0.0006319436,0.9880554,2.0133994e-05,0.0020198692,0.0052235536,5.3074314e-06,0.00077378924,0.0031128887,i,0.9880554,0,1
0712_row_00044137,i,13高淳,02淳溪,淳溪史金华单字,2,2,i,0.9869791,0.00017045662,0.0023586745,0.9869791,4.357537e-05,0.004298883,0.0042198426,1.7126671e-05,0.00047006988,0.0014422055,i,0.9869791,0,1
0712_row_00044138,i,13高淳,02淳溪,淳溪史金华单字,2,2,i,0.99817526,0.000102291095,0.0005205023,0.99817526,5.3331564e-06,0.00019485033,0.00031261574,1.4624335e-06,0.00045812372,0.00022952237,i,0.99817526,0,1
0712_row_00044139,i,13高淳,02淳溪,淳溪史金华单字,2,2,i,0.99513394,0.00016257318,0.0020947892,0.99513394,1.2088519e-05,0.00076214655,0.0007371256,3.487461e-06,0.00071223226,0.00038145634,i,0.99513394,0,1
0712_row_00044140,i,13高淳,02淳溪,淳溪史金华单字,2,2,i,0.98115826,0.0012052206,0.005545598,0.98115826,0.00016136748,0.0015242478,0.0016167001,3.9376435e-05,0.00741794,0.0013313243,i,0.98115826,0,1
0712_row_00044141,i,13高淳,02淳溪,淳溪史金华单字,2,0,a,0.64111507,0.64111507,0.25619212,0.044279102,0.00024586203,0.00035203368,0.0005706493,3.822025e-06,0.0010118783,0.05622937,a,0.64111507,0,1
0712_row_00044142,e,13高淳,02淳溪,淳溪史金华单字,1,5,y,0.87331635,0.00044226713,0.0030732758,0.003676336,0.005405098,0.10640789,0.87331635,1.2694243e-05,0.0076399753,2.6127751e-05,y,0.87331635,0,1
0712_row_00044143,e,13高淳,02淳溪,淳溪史金华单字,1,1,e,0.9839017,7.573209e-05,0.9839017,0.0016404132,2.2534545e-05,0.014157323,8.072321e-06,0.00010174708,8.1534316e-05,1.1041628e-05,e,0.9839017,0,1
0712_row_00044144,i,13高淳,02淳溪,淳溪史金华单字,2,2,i,0.940324,0.0003101319,0.003651575,0.940324,0.00010371428,0.0017412219,0.04512311,1.7640416e-05,0.008334527,0.00039419395,i,0.940324,0,1
0712_row_00044145,i,13高淳,02淳溪,淳溪史金华单字,2,5,y,0.97303945,4.0041374e-05,0.011888701,0.012707926,0.00082044664,0.00036808776,0.97303945,7.8665096e-07,0.0011150176,1.9522631e-05,y,0.97303945,0,1
0712_row_00044146,i,13高淳,02淳溪,淳溪史金华单字,2,2,i,0.9996723,5.917498e-05,7.6931006e-05,0.9996723,9.4690296e-07,4.9883103e-05,4.2958436e-05,2.5381735e-07,5.690238e-05,4.0743897e-05,i,0.9996723,0,1
0712_row_00044147,i,13高淳,02淳溪,淳溪史金华单字,2,2,i,0.99892384,0.00018046596,0.0002858635,0.99892384,5.449719e-06,0.00012193772,0.00012263066,1.8344566e-06,0.0002769926,8.1006016e-05,i,0.99892384,0,1
0712_row_00044148,i,13高淳,02淳溪,淳溪史金华单字,2,2,i,0.9996908,5.3095395e-05,4.2586074e-05,0.9996908,8.4943923e-07,5.6807185e-05,4.8185848e-05,2.388115e-07,5.957312e-05,4.792581e-05,i,0.9996908,0,1
0712_row_00044149,i,13高淳,02淳溪,淳溪史金华单字,2,2,i,0.99939907,0.00013667188,7.448096e-05,0.99939907,2.5292377e-06,0.0001080442,0.00014242656,5.836023e-07,8.284052e-05,5.3464082e-05,i,0.99939907,0,1
0712_row_00044150,i,13高淳,02淳溪,淳溪史金华单字,2,5,y,0.9785257,3.6569225e-05,0.0017295623,0.014826747,0.0011264131,0.0019971223,0.9785257,1.2498726e-06,0.0017480309,8.601959e-06,y,0.9785257,0,1
0712_row_00044151,i,13高淳,02淳溪,淳溪史金华单字,2,2,i,0.98880625,0.00015588182,0.00057048135,0.98880625,2.2891487e-05,0.0011325572,0.005723942,5.687056e-06,0.00093799125,0.0026443887,i,0.98880625,0,1
0712_row_00044152,i,13高淳,02淳溪,淳溪史金华单字,2,5,y,0.99639577,5.8135843e-06,0.0009913594,0.00074798625,0.0015629915,0.000110575515,0.99639577,2.785798e-07,0.00018353578,1.7616661e-06,y,0.99639577,0,1
0712_row_00044153,i,13高淳,02淳溪,淳溪史金华单字,2,2,i,0.9992028,3.7987716e-05,0.00014456105,0.9992028,8.181659e-06,0.00011824074,0.00025670815,3.1339118e-06,0.000113010574,0.00011534198,i,0.9992028,0,1
0712_row_00044154,i,13高淳,02淳溪,淳溪史金华单字,2,2,i,0.9995122,6.0963797e-05,4.1721927e-05,0.9995122,1.3265068e-06,3.8930375e-05,0.00013788018,4.2193284e-07,0.00011747213,8.897546e-05,i,0.9995122,0,1
0712_row_00044155,i,13高淳,02淳溪,淳溪史金华单字,2,2,i,0.9991068,0.00011065095,0.00037678232,0.9991068,1.6759467e-06,8.8759305e-05,5.6558165e-05,5.343759e-07,0.00019345777,6.4748965e-05,i,0.9991068,0,1
0712_row_00044156,i,13高淳,02淳溪,淳溪史金华单字,2,2,i,0.9993937,0.00010216486,0.00012907841,0.9993937,1.8948452e-06,4.291948e-05,6.787808e-05,6.72444e-07,0.00019434521,6.736508e-05,i,0.9993937,0,1
0712_row_00044157,i,13高淳,02淳溪,淳溪史金华单字,2,2,i,0.9991228,3.537375e-05,0.00014752746,0.9991228,4.009967e-06,0.00014905579,0.00038932174,1.6752767e-06,8.9659225e-05,6.0531063e-05,i,0.9991228,0,1
0712_row_00044158,i,13高淳,02淳溪,淳溪史金华单字,2,2,i,0.9994804,5.1535608e-05,0.00013180576,0.9994804,2.0119035e-06,6.389985e-05,0.00012914822,6.01585e-07,8.784789e-05,5.274622e-05,i,0.9994804,0,1
0712_row_00044159,i,13高淳,02淳溪,淳溪史金华单字,2,2,i,0.9995783,5.4714936e-05,9.674948e-05,0.9995783,1.7928791e-06,7.4563475e-05,0.00011733994,4.0615845e-07,3.677057e-05,3.9306582e-05,i,0.9995783,0,1
0712_row_00044160,i,13高淳,02淳溪,淳溪史金华单字,2,2,i,0.99950945,2.07986e-05,0.00014407795,0.99950945,2.0246657e-06,5.7241694e-05,0.00017221241,6.408955e-07,5.2569725e-05,4.1096842e-05,i,0.99950945,0,1
0712_row_00044161,i,13高淳,02淳溪,淳溪史金华单字,2,2,i,0.9994937,2.454167e-05,7.068921e-05,0.9994937,1.7589115e-06,9.156793e-05,0.00019718987,6.83296e-07,5.2222964e-05,6.752742e-05,i,0.9994937,0,1
0712_row_00044162,i,13高淳,02淳溪,淳溪史金华单字,2,5,y,0.9897537,1.9252098e-05,0.0010559093,0.004233899,0.0024398842,0.0015261185,0.9897537,7.5444405e-07,0.0009661499,4.3179857e-06,y,0.9897537,0,1
0712_row_00044163,i,13高淳,02淳溪,淳溪史金华单字,2,2,i,0.9967957,0.00011110995,0.00034841872,0.9967957,5.801338e-06,0.00022871104,0.00073371676,2.5716731e-06,0.0010523567,0.00072153937,i,0.9967957,0,1
0712_row_00044164,i,13高淳,02淳溪,淳溪史金华单字,2,2,i,0.99814725,5.9991635e-05,0.00030370418,0.99814725,4.7079734e-06,0.00051912497,0.0003689202,1.1038844e-06,0.00018114559,0.00041405382,i,0.99814725,0,1
0712_row_00044165,i,13高淳,02淳溪,淳溪史金华单字,2,2,i,0.9983535,0.0001120263,0.00019369149,0.9983535,4.0351956e-06,2.1558068e-05,0.0004250328,5.444029e-07,0.00058793527,0.00030172712,i,0.9983535,0,1
0712_row_00044166,i,13高淳,02淳溪,淳溪史金华单字,2,2,i,0.9713011,0.00046288755,0.0018596081,0.9713011,8.566046e-05,0.012965867,0.0091202175,1.4978901e-05,0.00094398216,0.0032457204,i,0.9713011,0,1
0712_row_00044167,i,13高淳,02淳溪,淳溪史金华单字,2,2,i,0.9504612,0.00042996276,0.001288295,0.9504612,8.7872606e-05,0.0041275932,0.031893265,2.067367e-05,0.0012960338,0.010395152,i,0.9504612,0,1
0712_row_00044168,i,13高淳,02淳溪,淳溪史金华单字,2,2,i,0.9933547,0.00014331382,0.0010869794,0.9933547,2.8788478e-05,0.0017502793,0.0022159421,5.994129e-06,0.00045027604,0.00096378586,i,0.9933547,0,1
0712_row_00044169,u,13高淳,02淳溪,淳溪史金华单字,4,4,u,0.48223135,0.030425293,0.22277308,0.18238844,0.02735031,0.48223135,0.015733508,0.0006025305,0.037478235,0.0010174119,u,0.48223135,0,1
0712_row_00044170,u,13高淳,02淳溪,淳溪史金华单字,4,4,u,0.7592224,0.00039901226,0.2375937,0.0009930809,0.0012502255,0.7592224,0.0002755479,2.9621195e-05,9.495684e-05,0.00014144533,u,0.7592224,0,1
0712_row_00044171,u,13高淳,02淳溪,淳溪史金华单字,4,4,u,0.96718377,0.00016090706,0.027160296,0.00072742795,0.0039566774,0.96718377,0.0003416923,7.940808e-06,0.00044455053,1.6670581e-05,u,0.96718377,0,1
0712_row_00044172,u,13高淳,02淳溪,淳溪史金华单字,4,4,u,0.97459275,0.0001132724,0.021007586,0.00059566647,0.0026887164,0.97459275,0.00026097574,5.827314e-06,0.0007120748,2.329299e-05,u,0.97459275,0,1
0712_row_00044173,u,13高淳,02淳溪,淳溪史金华单字,4,1,e,0.72066855,0.0005258104,0.72066855,0.00031213547,0.0025456923,0.27417624,0.0012211819,8.709284e-05,0.00027672242,0.00018656671,e,0.72066855,0,1
0712_row_00044174,u,13高淳,02淳溪,淳溪史金华单字,4,1,e,0.69277126,0.000673433,0.69277126,0.0029250016,0.0011654159,0.30118334,0.0003322024,0.00038010287,0.00045249402,0.000116661846,e,0.69277126,0,1
0712_row_00044175,u,13高淳,02淳溪,淳溪史金华单字,4,1,e,0.38989788,0.0019585628,0.38989788,0.0036145593,0.002927479,0.2958675,0.00026663873,0.0027063305,0.3005777,0.0021833535,e,0.38989788,0,1
0712_row_00044176,u,13高淳,02淳溪,淳溪史金华单字,4,1,e,0.51236093,0.09946874,0.51236093,0.04436555,0.019975932,0.2696775,0.032439016,0.0007357939,0.014937627,0.0060388544,e,0.51236093,0,1
0712_row_00044177,u,13高淳,02淳溪,淳溪史金华单字,4,1,e,0.48076937,0.0017740091,0.48076937,0.0027304916,0.003460336,0.40879348,0.00029569975,0.00019991309,0.10063644,0.0013404512,e,0.48076937,0,1
0712_row_00044178,u,13高淳,02淳溪,淳溪史金华单字,4,1,e,0.81863517,0.0009838073,0.81863517,0.0034776812,0.0009939054,0.15466982,0.00019943484,9.912355e-05,0.020253286,0.0006876579,e,0.81863517,0,1
0712_row_00044179,u,13高淳,02淳溪,淳溪史金华单字,4,4,u,0.5985231,0.0003105341,0.399211,0.00040980824,0.000981359,0.5985231,0.00031821665,2.3290368e-05,0.00010921593,0.00011345716,u,0.5985231,0,1
0712_row_00044180,u,13高淳,02淳溪,淳溪史金华单字,4,1,e,0.83393556,0.0007757075,0.83393556,0.00017279874,0.0010290934,0.16249366,0.000118080934,3.3488213e-05,0.0011895878,0.0002520047,e,0.83393556,0,1
0712_row_00044181,e,13高淳,02淳溪,淳溪史金华单字,1,1,e,0.9779407,3.7304675e-05,0.9779407,0.0004287367,1.1524302e-05,0.021214338,1.1108431e-05,2.2202426e-05,0.00031625078,1.7853376e-05,e,0.9779407,0,1
0712_row_00044182,e,13高淳,02淳溪,淳溪史金华单字,1,1,e,0.97035575,0.00036912796,0.97035575,0.0002915316,9.798782e-05,0.02787713,2.6392714e-05,4.4484368e-05,0.00088047056,5.7177433e-05,e,0.97035575,0,1
0712_row_00044183,e,13高淳,02淳溪,淳溪史金华单字,1,5,y,0.9693568,6.813956e-05,0.002651559,0.017512852,0.0028741353,0.002712542,0.9693568,3.3465694e-06,0.004800815,1.9862147e-05,y,0.9693568,0,1
0712_row_00044185,e,13高淳,02淳溪,淳溪史金华单字,1,1,e,0.6820601,0.0017435652,0.6820601,0.000755201,0.0052324245,0.30871645,0.00073573075,0.00028573503,0.00035833186,0.00011243736,e,0.6820601,0,1
0712_row_00044186,u,13高淳,02淳溪,淳溪史金华单字,4,4,u,0.7377062,0.00032839665,0.25947243,0.00097124145,0.0011130318,0.7377062,0.0001539968,3.0171948e-05,7.81954e-05,0.00014643164,u,0.7377062,0,1
0712_row_00044187,u,13高淳,02淳溪,淳溪史金华单字,4,4,u,0.5187618,0.00063866045,0.47147775,0.0004831114,0.0075762453,0.5187618,0.0007298031,4.584811e-05,0.00010773429,0.0001790971,u,0.5187618,0,1
0712_row_00044188,u,13高淳,02淳溪,淳溪史金华单字,4,1,e,0.62975615,0.0023214363,0.62975615,0.0014494277,0.0007728287,0.3645778,0.00031239903,5.3461892e-05,0.00037925027,0.0003773412,e,0.62975615,0,1
0712_row_00044189,u,13高淳,02淳溪,淳溪史金华单字,4,1,e,0.67335844,0.020704623,0.67335844,0.0055500283,0.009418923,0.28804898,0.001266729,0.00032367161,0.00042315887,0.0009054398,e,0.67335844,0,1
0712_row_00044190,ɔ,13高淳,02淳溪,淳溪史金华单字,6,3,o,0.7357543,0.22790888,0.00060230633,2.9898343e-05,0.7357543,0.015331255,2.0995247e-05,0.019544968,0.000806352,1.0918883e-06,o,0.7357543,0,1
0712_row_00044191,a,13高淳,02淳溪,淳溪史金华单字,0,0,a,0.63181704,0.63181704,0.00044291292,0.00012827507,0.33295354,0.015899185,7.4380165e-05,0.018214507,0.00046714034,3.038601e-06,a,0.63181704,0,1
0712_row_00044192,a,13高淳,02淳溪,淳溪史金华单字,0,3,o,0.9030701,0.08540272,0.003648338,1.0371432e-05,0.9030701,0.0007086879,1.3548348e-06,0.0066106915,0.00054582075,1.8501803e-06,o,0.9030701,0,1
0712_row_00044193,ɔ,13高淳,02淳溪,淳溪史金华单字,6,0,a,0.43575227,0.43575227,7.751184e-05,4.376697e-05,0.21185812,0.0021057338,5.046758e-06,0.3498646,0.00029222632,7.665769e-07,a,0.43575227,0,1
0712_row_00044194,a,13高淳,02淳溪,淳溪史金华单字,0,0,a,0.7522857,0.7522857,0.00024490838,0.0002587715,0.09984608,0.001485171,4.758631e-05,0.14570518,0.00011406863,1.2484401e-05,a,0.7522857,0,1
0712_row_00044195,ɔ,13高淳,02淳溪,淳溪史金华单字,6,6,ɔ,0.42310858,0.14589141,0.004154123,4.953168e-05,0.3608571,0.0027817767,1.839326e-05,0.42310858,0.06286598,0.00027306675,ɔ,0.42310858,0,1
0712_row_00044196,ɔ,13高淳,02淳溪,淳溪史金华单字,6,3,o,0.70615876,0.114298806,0.006854642,3.0794996e-05,0.70615876,0.011919202,6.0265676e-05,0.033354167,0.12709723,0.00022613698,o,0.70615876,0,1
0712_row_00044197,ɔ,13高淳,02淳溪,淳溪史金华单字,6,6,ɔ,0.3280358,0.16421092,0.026053332,2.2892027e-05,0.2699833,0.005633963,6.530415e-06,0.3280358,0.2060273,2.5891277e-05,ɔ,0.3280358,0,1
0712_row_00044198,ɔ,13高淳,02淳溪,淳溪史金华单字,6,0,a,0.4525478,0.4525478,0.008793187,5.8643338e-05,0.2733668,0.056199998,0.00014852994,0.08341169,0.1253166,0.00015679558,a,0.4525478,0,1
0712_row_00044199,a,13高淳,02淳溪,淳溪史金华单字,0,3,o,0.9633482,0.034747854,0.00033724075,5.161496e-06,0.9633482,0.00019535213,5.192994e-05,0.0012923642,9.4751185e-06,1.2282172e-05,o,0.9633482,0,1
0712_row_00044200,a,13高淳,02淳溪,淳溪史金华单字,0,0,a,0.849408,0.849408,0.09897156,0.0001493575,0.025080103,0.00088017737,7.975051e-05,0.019758265,0.0027884976,0.002884268,a,0.849408,0,1
0712_row_00044201,a,13高淳,02淳溪,淳溪史金华单字,0,0,a,0.72474605,0.72474605,0.1937528,0.00019607725,0.04425586,0.002649929,0.0002374443,0.020106371,0.008941144,0.005114225,a,0.72474605,0,1
0712_row_00044202,ɔ,13高淳,02淳溪,淳溪史金华单字,6,6,ɔ,0.71006936,0.25335875,0.0067107202,5.9814076e-05,0.028849391,0.00085012865,9.761433e-07,0.71006936,0.00010054202,3.4082655e-07,ɔ,0.71006936,0,1
0712_row_00044203,ɔ,13高淳,02淳溪,淳溪史金华单字,6,3,o,0.57620645,0.3119421,0.0026071665,5.728362e-05,0.57620645,0.00052913604,1.0727555e-06,0.10824694,0.00040926266,6.1917217e-07,o,0.57620645,0,1
0712_row_00044204,a,13高淳,02淳溪,淳溪史金华单字,0,0,a,0.5677865,0.5677865,0.010187601,0.0013071025,0.40749356,0.00197838,0.00056117104,0.010259791,0.0002845504,0.00014138667,a,0.5677865,0,1
0712_row_00044205,a,13高淳,02淳溪,淳溪史金华单字,0,0,a,0.576953,0.576953,0.10212487,0.00028895834,0.049699664,0.00042550097,0.010287716,0.00013014005,0.012224051,0.2478662,a,0.576953,0,1
0712_row_00044206,a,13高淳,02淳溪,淳溪史金华单字,0,8,ɛ,0.5531503,0.33481076,0.058413006,0.0013199967,0.0037365197,0.00030116763,0.003765206,0.00020018581,0.0443028,0.5531503,ɛ,0.5531503,0,1
0712_row_00044207,a,13高淳,02淳溪,淳溪史金华单字,0,6,ɔ,0.47576082,0.16454653,0.00374945,4.762806e-05,0.28239435,0.0068504,2.7789703e-05,0.47576082,0.066491455,0.00013153863,ɔ,0.47576082,0,1
0712_row_00044208,a,13高淳,02淳溪,淳溪史金华单字,0,3,o,0.93243843,0.013539515,0.0011670957,0.0020223903,0.93243843,0.00033084236,0.04755973,0.00043591368,0.002366206,0.00013992151,o,0.93243843,0,1
0712_row_00044209,a,13高淳,02淳溪,淳溪史金华单字,0,0,a,0.7765299,0.7765299,0.07898723,0.00039576401,0.035225347,0.00056799647,0.005392484,0.00030322946,0.008302036,0.09429605,a,0.7765299,0,1
0712_row_00044210,u,13高淳,02淳溪,淳溪史金华单字,4,5,y,0.95634294,0.00012340062,0.004054925,0.0055777933,0.0021419725,0.027381351,0.95634294,5.1211773e-06,0.0043532294,1.9100753e-05,y,0.95634294,0,1
0712_row_00044211,o,13高淳,02淳溪,淳溪史金华单字,3,1,e,0.8689527,0.011496141,0.8689527,0.08710952,0.009913993,0.020419274,0.0006427696,0.0006385553,0.0007155929,0.00011149413,e,0.8689527,0,1
0712_row_00044212,o,13高淳,02淳溪,淳溪史金华单字,3,1,e,0.72482646,0.021019783,0.72482646,0.057318833,0.0010364322,0.19199972,0.000217038,0.0002774709,0.0027777194,0.0005265784,e,0.72482646,0,1
0712_row_00044213,o,13高淳,02淳溪,淳溪史金华单字,3,1,e,0.37520263,0.0027033929,0.37520263,0.0044322917,0.0014842444,0.337334,0.00016427749,0.0012521307,0.2748071,0.002619881,e,0.37520263,0,1
0712_row_00044214,o,13高淳,02淳溪,淳溪史金华单字,3,1,e,0.35448566,0.07642515,0.35448566,0.04393481,0.0732285,0.3202082,0.017302914,0.000745554,0.007901975,0.105767265,e,0.35448566,0,1
0712_row_00044215,o,13高淳,02淳溪,淳溪史金华单字,3,2,i,0.38891625,0.10907114,0.06124059,0.38891625,0.25503668,0.14574784,0.034359917,0.0008101162,0.0035064823,0.0013109879,i,0.38891625,0,1
0712_row_00044216,o,13高淳,02淳溪,淳溪史金华单字,3,5,y,0.55108035,0.03404656,0.01871757,0.26184827,0.11919119,0.013603502,0.55108035,0.0003532921,0.000777788,0.00038143506,y,0.55108035,0,1
0712_row_00044217,o,13高淳,02淳溪,淳溪史金华单字,3,1,e,0.9849075,0.008700535,0.9849075,2.9255698e-05,0.00156058,0.0022152294,0.00021025949,7.6150104e-06,0.0004183809,0.0019506449,e,0.9849075,0,1
0712_row_00044218,o,13高淳,02淳溪,淳溪史金华单字,3,1,e,0.97021043,0.0026058934,0.97021043,0.00013150826,0.0012801971,0.0241208,0.000108136555,2.2808426e-05,0.00050673384,0.0010134792,e,0.97021043,0,1
0712_row_00044219,u,13高淳,02淳溪,淳溪史金华单字,4,5,y,0.5241112,0.00066403364,0.00011532497,0.00031303943,0.0015282236,0.47195658,0.5241112,3.1316213e-06,0.001304927,3.57125e-06,y,0.5241112,0,1
0712_row_00044220,u,13高淳,02淳溪,淳溪史金华单字,4,4,u,0.50846213,0.0007342128,0.00011200369,0.00015062347,0.0020167509,0.50846213,0.4875242,1.9193349e-06,0.0009952247,2.9269374e-06,u,0.50846213,0,1
0712_row_00044221,u,13高淳,02淳溪,淳溪史金华单字,4,2,i,0.9208795,0.005013713,0.0025634735,0.9208795,0.0005117112,0.016583214,0.053441864,1.715029e-05,0.00077010144,0.0002194766,i,0.9208795,0,1
0712_row_00044222,u,13高淳,02淳溪,淳溪史金华单字,4,5,y,0.56726897,0.0007973151,0.00032883725,0.0011388186,0.0017753666,0.42708248,0.56726897,8.7102335e-06,0.0015862727,1.32340065e-05,y,0.56726897,0,1
0712_row_00044223,o,13高淳,02淳溪,淳溪史金华单字,3,1,e,0.5902219,0.0045990287,0.5902219,0.0037849634,0.007446861,0.14864095,0.00010124992,0.0035016926,0.24133998,0.00036333327,e,0.5902219,0,1
0712_row_00044224,o,13高淳,02淳溪,淳溪史金华单字,3,4,u,0.5622718,0.0024774014,0.00097356486,0.0018696047,0.086563066,0.5622718,0.31736445,6.957432e-05,0.028134167,0.00027644093,u,0.5622718,0,1
0712_row_00044225,o,13高淳,02淳溪,淳溪史金华单字,3,4,u,0.81592077,0.0017824108,0.0003245465,0.0015955006,0.07188244,0.81592077,0.09998402,2.9151675e-05,0.008339162,0.00014203119,u,0.81592077,0,1
0712_row_00044226,o,13高淳,02淳溪,淳溪史金华单字,3,4,u,0.6064027,0.0014116317,0.00020411979,0.0028743972,0.05060119,0.6064027,0.329008,4.0455918e-05,0.009161512,0.00029593147,u,0.6064027,0,1
0712_row_00044227,o,13高淳,02淳溪,淳溪史金华单字,3,4,u,0.60651636,0.00068238424,6.2210616e-05,0.0018280672,0.0386083,0.60651636,0.3485007,1.1595364e-05,0.0036869736,0.000103385035,u,0.60651636,0,1
0712_row_00044228,o,13高淳,02淳溪,淳溪史金华单字,3,5,y,0.842816,0.0018946781,0.007127827,0.0121504525,0.13068868,0.0046159276,0.842816,2.177948e-05,0.0006214197,6.333215e-05,y,0.842816,0,1
0712_row_00044229,o,13高淳,02淳溪,淳溪史金华单字,3,4,u,0.57276386,0.0016093551,0.0002478008,0.007565106,0.08415862,0.57276386,0.3270497,4.6446326e-05,0.006194699,0.00036450077,u,0.57276386,0,1
0712_row_00044230,o,13高淳,02淳溪,淳溪史金华单字,3,5,y,0.9687902,1.9986775e-05,0.00041966618,0.00050685985,0.029625503,0.00023240907,0.9687902,9.2909596e-07,0.00039545182,8.989709e-06,y,0.9687902,0,1
0712_row_00044231,o,13高淳,02淳溪,淳溪史金华单字,3,5,y,0.9567754,1.8530343e-05,0.0004764524,0.00027618205,0.042126574,6.325871e-05,0.9567754,4.6380606e-07,0.00025505445,8.1106e-06,y,0.9567754,0,1
0712_row_00044232,o,13高淳,02淳溪,淳溪史金华单字,3,5,y,0.99438936,6.582796e-06,0.00048667446,0.0015560117,0.0024910544,0.00022586148,0.99438936,4.391555e-07,0.00084038574,3.6748165e-06,y,0.99438936,0,1
0712_row_00044233,o,13高淳,02淳溪,淳溪史金华单字,3,5,y,0.93749136,1.8785495e-05,0.0003035885,0.00012342897,0.06091376,0.0005352952,0.93749136,1.4817789e-06,0.0006097725,2.5954496e-06,y,0.93749136,0,1
0712_row_00044234,o,13高淳,02淳溪,淳溪史金华单字,3,5,y,0.9765944,2.7306833e-05,0.00084057444,0.002113977,0.019568644,8.269126e-05,0.9765944,1.0714768e-06,0.00075209007,1.9370962e-05,y,0.9765944,0,1
0712_row_00044235,a,13高淳,02淳溪,淳溪史金华单字,0,5,y,0.51376,0.001163915,0.0038107808,0.0013877968,0.4731108,0.0063390387,0.51376,3.3111224e-05,0.00037933272,1.5204916e-05,y,0.51376,0,1
0712_row_00044236,a,13高淳,02淳溪,淳溪史金华单字,0,2,i,0.5233018,0.008632626,0.00093232724,0.5233018,0.00025307175,0.0002801727,0.16750923,1.1350008e-05,0.021011736,0.2780677,i,0.5233018,0,1
0712_row_00044237,a,13高淳,02淳溪,淳溪史金华单字,0,4,u,0.24861449,0.13523884,0.15033883,0.11108078,0.18795052,0.24861449,0.05035487,0.0017088358,0.03188229,0.08283059,u,0.24861449,0,1
0712_row_00044238,a,13高淳,02淳溪,淳溪史金华单字,0,2,i,0.9066501,0.0023397265,0.00035995635,0.9066501,7.279873e-05,0.0005871208,0.035885073,4.680256e-06,0.00433717,0.049763367,i,0.9066501,0,1
0712_row_00044239,a,13高淳,02淳溪,淳溪史金华单字,0,5,y,0.54527074,0.0009773527,0.0004804635,0.001477423,0.028592207,0.39767772,0.54527074,2.7115098e-05,0.025377033,0.00011992712,y,0.54527074,0,1
0712_row_00044240,a,13高淳,02淳溪,淳溪史金华单字,0,2,i,0.97925305,0.005010924,0.00049114076,0.97925305,0.00012902086,0.0016246644,0.00570054,8.474934e-06,0.0019150968,0.005867088,i,0.97925305,0,1
0712_row_00044241,a,13高淳,02淳溪,淳溪史金华单字,0,8,ɛ,0.5832413,0.008592703,0.00263255,0.2946508,0.00042941803,0.00046556996,0.07996559,2.6219212e-05,0.029995842,0.5832413,ɛ,0.5832413,0,1
0712_row_00044242,a,13高淳,02淳溪,淳溪史金华单字,0,0,a,0.89237493,0.89237493,0.017579751,3.9337596e-05,0.009487616,0.0036859612,7.182478e-07,0.013683675,0.063103504,4.4487642e-05,a,0.89237493,0,1
0712_row_00044243,a,13高淳,02淳溪,淳溪史金华单字,0,8,ɛ,0.5364204,0.057109047,0.0034967642,0.3482003,0.00016739756,0.00080203684,0.009619515,6.5621505e-05,0.044118878,0.5364204,ɛ,0.5364204,0,1
0712_row_00044244,a,13高淳,02淳溪,淳溪史金华单字,0,2,i,0.9854182,0.0051607233,0.0002957705,0.9854182,9.47745e-05,5.922449e-05,0.003689974,4.595072e-06,0.0016685834,0.0036081707,i,0.9854182,0,1
0712_row_00044245,a,13高淳,02淳溪,淳溪史金华单字,0,8,ɛ,0.6533105,0.34247056,0.0012265791,0.00033063465,0.000247179,6.9482244e-06,9.2715825e-05,2.595925e-05,0.0022889238,0.6533105,ɛ,0.6533105,0,1
0712_row_00044246,i,13高淳,02淳溪,淳溪史金华单字,2,2,i,0.9126283,0.0012349967,0.00077543105,0.9126283,0.00018178967,0.0057563325,0.066896446,1.1904317e-05,0.004729118,0.0077858185,i,0.9126283,0,1
0712_row_00044247,a,13高淳,02淳溪,淳溪史金华单字,0,2,i,0.9580419,0.0016663114,0.00043959357,0.9580419,6.467837e-05,0.00048595946,0.01375048,6.825819e-06,0.002863633,0.022680663,i,0.9580419,0,1
0712_row_00044248,a,13高淳,02淳溪,淳溪史金华单字,0,2,i,0.98564965,0.0010075894,0.0097475145,0.98564965,0.00028268123,0.00011646298,0.002848815,1.1701412e-05,8.549086e-05,0.00024988607,i,0.98564965,0,1
0712_row_00044249,a,13高淳,02淳溪,淳溪史金华单字,0,2,i,0.9781407,0.0048797317,0.00041021628,0.9781407,0.000286404,4.9163784e-05,0.008446385,8.761088e-06,0.0037426779,0.004036008,i,0.9781407,0,1
0712_row_00044250,a,13高淳,02淳溪,淳溪史金华单字,0,2,i,0.9715318,0.011746783,0.0002709347,0.9715318,0.0001837575,6.144302e-05,0.00853294,5.5301407e-06,0.003394873,0.0042717666,i,0.9715318,0,1
0712_row_00044251,ə,13高淳,02淳溪,淳溪史金华单字,7,1,e,0.5500504,0.041489296,0.5500504,7.0708054e-05,0.052790456,0.004788142,2.67791e-05,0.0029081989,0.34778,9.61095e-05,e,0.5500504,0,1
0712_row_00044252,i,13高淳,02淳溪,淳溪史金华单字,2,2,i,0.6143037,0.37099403,0.0047198613,0.6143037,0.0005264256,5.9014048e-05,0.0035617545,4.090677e-05,0.0010481321,0.0047461786,i,0.6143037,0,1
0712_row_00044253,i,13高淳,02淳溪,淳溪史金华单字,2,8,ɛ,0.49586794,0.037966512,0.016213927,0.31534338,0.0006288236,0.00016280712,0.036373343,0.00015720447,0.097285986,0.49586794,ɛ,0.49586794,0,1
0712_row_00044254,a,13高淳,02淳溪,淳溪史金华单字,0,2,i,0.983195,0.0066178013,0.002166525,0.983195,0.002648373,0.000116553914,0.004977954,2.3639135e-05,0.00010349874,0.00015058074,i,0.983195,0,1
0712_row_00044255,i,13高淳,02淳溪,淳溪史金华单字,2,1,e,0.4881899,0.14913464,0.4881899,0.3465237,0.0004698363,0.0013379625,0.003303346,3.8366725e-05,0.002814089,0.008188025,e,0.4881899,0,1
0712_row_00044256,i,13高淳,02淳溪,淳溪史金华单字,2,2,i,0.97447145,0.019449897,0.0003494285,0.97447145,0.001245419,0.00022867725,0.003071725,1.9225881e-05,0.0011220885,4.194964e-05,i,0.97447145,0,1
0712_row_00044257,i,13高淳,02淳溪,淳溪史金华单字,2,2,i,0.8491937,0.00079870236,0.00026972085,0.8491937,8.228029e-05,0.0033039972,0.13501248,4.115078e-06,0.005549306,0.0057855686,i,0.8491937,0,1
0712_row_00044258,y,13高淳,02淳溪,淳溪史金华单字,5,7,ə,0.4129082,0.11559916,0.0005337828,0.34089163,0.0028578683,0.08147741,0.043445457,5.3870222e-05,0.4129082,0.0022327374,ə,0.4129082,0,1
0712_row_00044259,a,13高淳,02淳溪,淳溪史金华单字,0,7,ə,0.45948192,0.13504216,0.001073188,1.3047985e-05,0.37624067,0.028014774,2.3866492e-05,0.00010285651,0.45948192,7.6030387e-06,ə,0.45948192,0,1
0712_row_00044260,i,13高淳,02淳溪,淳溪史金华单字,2,3,o,0.7899118,0.020346874,0.00014184687,1.2094151e-06,0.7899118,0.0063271276,5.152458e-06,1.8006464e-05,0.1832471,9.339897e-07,o,0.7899118,0,1
0712_row_00044261,i,13高淳,02淳溪,淳溪史金华单字,2,8,ɛ,0.8519775,0.016732197,0.038381033,0.0057025095,0.0056268387,0.00059567584,0.023398908,4.309458e-05,0.05754219,0.8519775,ɛ,0.8519775,0,1
0712_row_00044262,a,13高淳,02淳溪,淳溪史金华单字,0,2,i,0.6774487,0.061892956,0.19817603,0.6774487,0.0026636126,0.0006702061,0.012862105,0.00016543202,0.008139116,0.03798184,i,0.6774487,0,1
0712_row_00044263,a,13高淳,02淳溪,淳溪史金华单字,0,1,e,0.4170477,0.35478994,0.4170477,0.1708247,0.014572559,0.0016258394,0.0042132935,0.0004294587,0.013696426,0.022800023,e,0.4170477,0,1
0712_row_00044264,a,13高淳,02淳溪,淳溪史金华单字,0,2,i,0.8998819,0.051972855,0.016020488,0.8998819,0.00933543,0.0042939824,0.014967481,0.0002186864,0.0011677989,0.0021414547,i,0.8998819,0,1
0712_row_00044265,a,13高淳,02淳溪,淳溪史金华单字,0,8,ɛ,0.7801516,0.01105348,0.0023494244,0.10954542,0.0006060326,0.00028485828,0.048627462,3.117502e-05,0.04735058,0.7801516,ɛ,0.7801516,0,1
0712_row_00044266,a,13高淳,02淳溪,淳溪史金华单字,0,0,a,0.3439177,0.3439177,0.22826858,0.06877807,0.013708787,0.06635778,0.061633226,0.00066920585,0.03055485,0.18611185,a,0.3439177,0,1
0712_row_00044267,a,13高淳,02淳溪,淳溪史金华单字,0,4,u,0.32457647,0.1520535,0.13835548,0.14099535,0.1217161,0.32457647,0.102595404,0.00065530895,0.012212202,0.0068402076,u,0.32457647,0,1
0712_row_00044268,a,13高淳,02淳溪,淳溪史金华单字,0,1,e,0.9795567,0.0054580052,0.9795567,7.519981e-05,0.0012757387,0.004162768,0.0003927405,5.3101335e-06,0.00029909782,0.0087744575,e,0.9795567,0,1
0712_row_00044269,a,13高淳,02淳溪,淳溪史金华单字,0,4,u,0.4984084,0.052386325,0.064243704,0.18806091,0.095057234,0.4984084,0.09530356,0.0010790768,0.0030879574,0.0023729582,u,0.4984084,0,1
0712_row_00044270,a,13高淳,02淳溪,淳溪史金华单字,0,0,a,0.9899312,0.9899312,0.0029567585,0.00059890235,0.0016108843,0.0016595516,8.624288e-06,0.0025951995,0.00022285413,0.0004159592,a,0.9899312,0,1
0712_row_00044271,a,13高淳,02淳溪,淳溪史金华单字,0,2,i,0.52535367,0.0045149475,0.00069055177,0.52535367,0.00028811584,0.0004129315,0.09815665,1.5175182e-05,0.018249955,0.352318,i,0.52535367,0,1
0712_row_00044272,a,13高淳,02淳溪,淳溪史金华单字,0,8,ɛ,0.54756176,0.16403437,0.0058709295,0.23170182,0.0002576089,0.00060812174,0.009011458,0.0001320173,0.04082195,0.54756176,ɛ,0.54756176,0,1
0712_row_00044273,a,13高淳,02淳溪,淳溪史金华单字,0,6,ɔ,0.86139894,0.13634752,0.0016252411,3.3204087e-05,0.00040042304,0.000114936614,6.305137e-08,0.86139894,7.8475845e-05,1.2063015e-06,ɔ,0.86139894,0,1
0712_row_00044274,a,13高淳,02淳溪,淳溪史金华单字,0,0,a,0.9828705,0.9828705,0.0013359594,1.2810179e-05,0.0007824585,0.0011586109,1.9544109e-07,0.001059051,0.012719786,6.0556926e-05,a,0.9828705,0,1
0712_row_00044275,a,13高淳,02淳溪,淳溪史金华单字,0,2,i,0.98904675,0.0044202395,0.0027116723,0.98904675,0.0005432206,0.00019804726,0.0025708484,1.1809797e-05,0.00013569737,0.00036174443,i,0.98904675,0,1
0712_row_00044276,a,13高淳,02淳溪,淳溪史金华单字,0,2,i,0.6071822,0.07797446,0.0026784742,0.6071822,0.00075003697,0.00018923219,0.017632402,8.296664e-05,0.08672501,0.20678528,i,0.6071822,0,1
0712_row_00044277,i,13高淳,02淳溪,淳溪史金华单字,2,2,i,0.97597116,0.00087886624,0.020385806,0.97597116,0.000119660144,0.00016973239,0.0015487737,8.21085e-06,0.00042667871,0.0004910785,i,0.97597116,0,1
0712_row_00044278,i,13高淳,02淳溪,淳溪史金华单字,2,2,i,0.8656884,0.00052701397,0.13180237,0.8656884,0.00022927641,0.0005760066,0.00038442595,0.00011057231,0.0004903838,0.00019151629,i,0.8656884,0,1
0712_row_00044279,i,13高淳,02淳溪,淳溪史金华单字,2,2,i,0.9757127,0.000736002,0.02129772,0.9757127,0.00049912836,0.00015458942,0.0012146084,2.9174671e-05,0.00016797351,0.00018824992,i,0.9757127,0,1
0712_row_00044280,i,13高淳,02淳溪,淳溪史金华单字,2,2,i,0.9636177,0.0007501774,0.00023623214,0.9636177,3.5193738e-05,0.0006434041,0.020268051,2.30799e-06,0.0024661398,0.011980874,i,0.9636177,0,1
0712_row_00044281,a,13高淳,02淳溪,淳溪史金华单字,0,2,i,0.9778535,0.00045438943,0.000298358,0.9778535,3.6073117e-05,0.00073340687,0.01231065,3.4016994e-06,0.0007312798,0.00757901,i,0.9778535,0,1
0712_row_00044282,a,13高淳,02淳溪,淳溪史金华单字,0,2,i,0.96448064,0.00043883672,0.00039239635,0.96448064,5.2598167e-05,0.0007883626,0.018393246,5.7094417e-06,0.0012363454,0.014211823,i,0.96448064,0,1
0712_row_00044283,e,13高淳,02淳溪,淳溪史金华单字,1,0,a,0.46029916,0.46029916,0.1686023,0.009893195,0.00033861684,0.00031805254,0.00031132821,3.947996e-06,0.00073936424,0.35949403,a,0.46029916,0,1
0712_row_00044284,ə,13高淳,02淳溪,淳溪史金华单字,7,7,ə,0.41548565,0.37953967,0.04076045,2.9987044e-05,0.106722236,0.056687057,7.7304605e-05,0.00061236194,0.41548565,8.5329295e-05,ə,0.41548565,0,1
0712_row_00044285,i,13高淳,02淳溪,淳溪史金华单字,2,2,i,0.9853662,0.0020968246,0.00920789,0.9853662,0.00093855197,0.00030327917,0.001668528,5.0890674e-05,0.00015688562,0.0002109579,i,0.9853662,0,1
0712_row_00044287,i,13高淳,02淳溪,淳溪史金华单字,2,2,i,0.53409636,0.41647536,0.034719314,0.53409636,0.0014679393,0.00061817706,0.00570009,1.8686958e-05,0.0011504799,0.005753467,i,0.53409636,0,1
0712_row_00044288,a,13高淳,02淳溪,淳溪史金华单字,0,5,y,0.42502493,0.0039651454,0.0030391733,0.001016999,0.30027357,0.2337931,0.42502493,0.00010075859,0.032434177,0.00035220632,y,0.42502493,0,1
0712_row_00044289,a,13高淳,02淳溪,淳溪史金华单字,0,3,o,0.7562942,0.0019124947,0.0007515541,0.0003576931,0.7562942,0.12661034,0.10908587,0.000143136,0.0048019188,4.2714768e-05,o,0.7562942,0,1
0712_row_00044290,a,13高淳,02淳溪,淳溪史金华单字,0,5,y,0.5251623,0.0009841126,0.0021880488,0.004035366,0.0840132,0.34252605,0.5251623,7.7936296e-05,0.04076116,0.00025177587,y,0.5251623,0,1
0712_row_00044291,a,13高淳,02淳溪,淳溪史金华单字,0,0,a,0.47113317,0.47113317,0.006244554,0.03354061,0.33216587,0.12761255,0.023696851,0.0009414507,0.004516217,0.00014881245,a,0.47113317,0,1
0712_row_00044292,a,13高淳,02淳溪,淳溪史金华单字,0,4,u,0.45333046,0.019616498,0.0019058485,0.013494262,0.06870736,0.45333046,0.43143198,0.00031294298,0.0111117745,8.899825e-05,u,0.45333046,0,1
0712_row_00044293,a,13高淳,02淳溪,淳溪史金华单字,0,0,a,0.9975889,0.9975889,0.00025921472,9.8236516e-05,0.00029406368,0.00045057654,5.805519e-07,3.5571052e-06,0.0012610415,4.3755e-05,a,0.9975889,0,1
0712_row_00044294,a,13高淳,02淳溪,淳溪史金华单字,0,5,y,0.50389206,0.0491292,0.37809977,0.024217792,0.020553855,0.015430272,0.50389206,0.00010574603,0.0021645108,0.006406803,y,0.50389206,0,1
0712_row_00044295,a,13高淳,02淳溪,淳溪史金华单字,0,0,a,0.87115896,0.87115896,0.0010663966,0.02475707,7.503151e-05,3.3027263e-05,1.20006225e-05,2.2912994e-07,0.001992102,0.10090525,a,0.87115896,0,1
0712_row_00044296,a,13高淳,02淳溪,淳溪史金华单字,0,5,y,0.8252392,0.0014905602,0.15392663,0.009174882,0.006252205,0.00014103003,0.8252392,3.205468e-06,0.0009408815,0.0028314244,y,0.8252392,0,1
0712_row_00044297,a,13高淳,02淳溪,淳溪史金华单字,0,0,a,0.6379221,0.6379221,0.0061267302,0.011090748,0.0003130054,0.00036894172,2.9137857e-06,0.3438238,0.00024556916,0.00010625693,a,0.6379221,0,1
0712_row_00044298,a,13高淳,02淳溪,淳溪史金华单字,0,5,y,0.5018512,0.0022290822,0.00084887515,0.0021814788,0.07278349,0.40181938,0.5018512,7.300136e-05,0.01795303,0.0002604692,y,0.5018512,0,1
0712_row_00044299,a,13高淳,02淳溪,淳溪史金华单字,0,4,u,0.72437817,0.0036845466,0.0008008165,0.0025751821,0.08583298,0.72437817,0.16013686,9.156753e-05,0.02200499,0.0004949145,u,0.72437817,0,1
0712_row_00044300,a,13高淳,02淳溪,淳溪史金华单字,0,5,y,0.5525178,0.00077384524,0.00035067016,0.00079792365,0.034752723,0.39067966,0.5525178,2.007199e-05,0.02004278,6.4542786e-05,y,0.5525178,0,1
0712_row_00044301,a,13高淳,02淳溪,淳溪史金华单字,0,5,y,0.63415456,0.00058399356,0.0005115723,0.0011686974,0.03255916,0.32185036,0.63415456,2.0606818e-05,0.009085989,6.495355e-05,y,0.63415456,0,1
0712_row_00044302,a,13高淳,02淳溪,淳溪史金华单字,0,4,u,0.6581799,0.0013304699,0.000375754,0.0057071536,0.05260496,0.6581799,0.27390945,3.9661292e-05,0.007459613,0.00039307371,u,0.6581799,0,1
0712_row_00044303,u,13高淳,02淳溪,淳溪史金华单字,4,5,y,0.5263454,0.0018170867,0.00056915166,0.012487239,0.04613742,0.39308137,0.5263454,8.6371714e-05,0.018382369,0.0010935827,y,0.5263454,0,1
0712_row_00044304,i,13高淳,02淳溪,淳溪史金华单字,2,2,i,0.8701749,0.0104726255,0.014561516,0.8701749,0.00094154885,0.015107923,0.0745992,0.00016023382,0.005807564,0.008174318,i,0.8701749,0,1
0712_row_00044305,y,13高淳,02淳溪,淳溪史金华单字,5,8,ɛ,0.33000973,0.078767344,0.2842581,0.004300876,0.018568244,0.0019415484,0.014956694,0.0006003834,0.26659715,0.33000973,ɛ,0.33000973,0,1
0712_row_00044306,y,13高淳,02淳溪,淳溪史金华单字,5,8,ɛ,0.43313712,0.20133258,0.061832167,0.0123983035,0.009593243,0.002501439,0.007251686,0.000764079,0.2711894,0.43313712,ɛ,0.43313712,0,1
0712_row_00044307,a,13高淳,02淳溪,淳溪史金华单字,0,2,i,0.9797856,0.0035545686,0.005828936,0.9797856,0.0017161549,6.830123e-05,0.008398849,1.9053297e-05,9.38867e-05,0.00053458853,i,0.9797856,0,1
0712_row_00044308,a,13高淳,02淳溪,淳溪史金华单字,0,1,e,0.5260101,0.21610346,0.5260101,0.22892469,0.0031615656,0.00053415284,0.0029732385,4.0084757e-05,0.0037865592,0.018466063,e,0.5260101,0,1
0712_row_00044309,a,13高淳,02淳溪,淳溪史金华单字,0,0,a,0.9835533,0.9835533,0.008694167,8.02194e-05,0.000265532,0.0015757906,5.0215095e-07,0.003961405,0.0016552474,0.00021385131,a,0.9835533,0,1
0712_row_00044310,y,13高淳,02淳溪,淳溪史金华单字,5,8,ɛ,0.39583933,0.035502862,0.37598896,0.021066891,0.00064220245,9.33365e-05,0.1634721,7.937045e-06,0.0073862807,0.39583933,ɛ,0.39583933,0,1
0712_row_00044311,e,13高淳,02淳溪,淳溪史金华单字,1,8,ɛ,0.56275815,0.0763024,0.008342271,0.2553116,0.0003995398,0.00011436685,0.02060323,0.00011643183,0.07605199,0.56275815,ɛ,0.56275815,0,1
0712_row_00044312,e,13高淳,02淳溪,淳溪史金华单字,1,8,ɛ,0.5216388,0.043520715,0.14014591,0.05231648,0.0009259628,0.00012462265,0.2080595,3.1708223e-05,0.033236288,0.5216388,ɛ,0.5216388,0,1
0712_row_00044313,e,13高淳,02淳溪,淳溪史金华单字,1,8,ɛ,0.77919126,0.12826777,0.0616092,0.010156741,0.0003596805,0.0002802592,0.010741118,2.9724113e-05,0.009364278,0.77919126,ɛ,0.77919126,0,1
0712_row_00044314,ə,13高淳,02淳溪,淳溪史金华单字,7,3,o,0.74892074,0.0018879736,0.00039591404,9.103839e-05,0.74892074,0.0019211728,0.00018943708,0.00064664456,0.24591973,2.742466e-05,o,0.74892074,0,1
0712_row_00044315,ə,13高淳,02淳溪,淳溪史金华单字,7,7,ə,0.60728556,0.00054681604,0.00025145468,2.3159566e-06,0.38726822,0.004600771,2.8921217e-05,1.1437096e-05,0.60728556,4.52124e-06,ə,0.60728556,0,1
0712_row_00044316,i,13高淳,02淳溪,淳溪史金华单字,2,2,i,0.9680007,0.00048440622,0.026120767,0.9680007,0.00012196223,0.0001962473,0.0007547958,5.889862e-05,0.004165561,9.665044e-05,i,0.9680007,0,1
0712_row_00044317,i,13高淳,02淳溪,淳溪史金华单字,2,2,i,0.82800305,0.00033367358,2.2577009e-05,0.82800305,9.599581e-05,0.00041962246,0.030465316,7.703768e-07,0.14024436,0.00041470487,i,0.82800305,0,1
0712_row_00044318,i,13高淳,02淳溪,淳溪史金华单字,2,2,i,0.4571456,0.11326648,0.0016935273,0.4571456,0.0009500661,0.035754528,0.012818911,4.1742995e-05,0.3691253,0.009203686,i,0.4571456,0,1
0712_row_00044319,i,13高淳,02淳溪,淳溪史金华单字,2,2,i,0.9981299,0.00036626446,8.775111e-05,0.9981299,5.3496904e-05,1.2421464e-06,0.0009132629,5.500879e-07,0.0003880277,5.954265e-05,i,0.9981299,0,1
0712_row_00044320,i,13高淳,02淳溪,淳溪史金华单字,2,2,i,0.8364215,0.066771574,0.017209448,0.8364215,0.0011216165,0.0001346265,0.031004358,7.974722e-05,0.010531338,0.036725797,i,0.8364215,0,1
0712_row_00044321,i,13高淳,02淳溪,淳溪史金华单字,2,2,i,0.8522907,0.00087965175,2.7122376e-05,0.8522907,7.4195035e-05,0.00048569049,0.033215154,7.995693e-07,0.112485364,0.00054133957,i,0.8522907,0,1
0712_row_00044322,i,13高淳,02淳溪,淳溪史金华单字,2,2,i,0.8128163,0.0049500684,0.00027653493,0.8128163,0.00030040107,0.006096195,0.09907251,6.7640017e-06,0.071745254,0.0047360044,i,0.8128163,0,1
0712_row_00044323,ə,13高淳,02淳溪,淳溪史金华单字,7,7,ə,0.7478897,0.001056367,0.0010274837,1.5684154e-05,0.24387626,0.0060312883,7.4969093e-06,9.458377e-05,0.7478897,1.1929002e-06,ə,0.7478897,0,1
0712_row_00044324,ə,13高淳,02淳溪,淳溪史金华单字,7,3,o,0.97627753,0.00042194917,2.6480973e-05,7.039404e-07,0.97627753,0.00024091928,1.0864261e-06,0.00018076866,0.022850474,1.8507671e-07,o,0.97627753,0,1
0712_row_00044325,u,13高淳,02淳溪,淳溪史金华单字,4,3,o,0.9992902,6.1810795e-05,1.3681771e-05,1.9774172e-06,0.9992902,0.0002574598,4.3039674e-07,6.12457e-06,0.00036838057,1.2510188e-08,o,0.9992902,0,1
0712_row_00044327,u,13高淳,02淳溪,淳溪史金华单字,4,3,o,0.9986319,3.584089e-05,5.6385204e-07,2.0929963e-07,0.9986319,0.0007029057,1.4142655e-06,7.668731e-07,0.000626479,2.2416774e-08,o,0.9986319,0,1
0712_row_00044328,u,13高淳,02淳溪,淳溪史金华单字,4,3,o,0.96568155,0.00211159,2.510298e-05,9.999083e-06,0.96568155,0.015944462,4.8373462e-05,1.078477e-05,0.016167255,9.433869e-07,o,0.96568155,0,1
0712_row_00044329,u,13高淳,02淳溪,淳溪史金华单字,4,4,u,0.7693057,0.0059981477,2.7651746e-05,0.001099835,0.1906422,0.7693057,0.0018810837,1.5952708e-05,0.031026259,3.1570898e-06,u,0.7693057,0,1
0712_row_00044330,y,13高淳,02淳溪,淳溪史金华单字,5,5,y,0.66101176,0.014186931,0.0008879522,0.045081213,0.0012933165,0.09514467,0.66101176,0.00013787417,0.18203714,0.000219158,y,0.66101176,0,1
0712_row_00044331,ə,13高淳,02淳溪,淳溪史金华单字,7,7,ə,0.81745785,0.0034120318,0.0003138936,4.1871735e-06,0.17077732,0.007940789,1.0145594e-05,8.3307765e-05,0.81745785,4.748716e-07,ə,0.81745785,0,1
0712_row_00044332,ə,13高淳,02淳溪,淳溪史金华单字,7,3,o,0.9155241,0.012027166,0.00027699373,1.9495558e-06,0.9155241,0.00667007,1.0468618e-05,4.8054622e-05,0.06543998,1.2976244e-06,o,0.9155241,0,1
0712_row_00044333,ə,13高淳,02淳溪,淳溪史金华单字,7,3,o,0.97386116,7.345924e-05,0.00013785854,3.0516408e-06,0.97386116,0.0025469114,1.5070585e-06,3.5786223e-05,0.02334017,1.2251066e-07,o,0.97386116,0,1
0712_row_00044334,y,13高淳,02淳溪,淳溪史金华单字,5,5,y,0.7927229,0.0012767229,0.00059659645,0.09766511,0.0008399858,0.018007006,0.7927229,1.144387e-05,0.088494234,0.000385969,y,0.7927229,0,1
0712_row_00044335,y,13高淳,02淳溪,淳溪史金华单字,5,2,i,0.5198709,0.014413377,0.0011941708,0.5198709,0.00097284385,0.0014146818,0.4296226,1.0153674e-05,0.032435823,6.54203e-05,i,0.5198709,0,1
0712_row_00044336,a,13高淳,02淳溪,淳溪史金华单字,0,0,a,0.98674995,0.98674995,0.008587334,7.56431e-05,0.00058604445,0.0013472218,2.6624045e-07,0.0013413943,0.0012869153,2.5338979e-05,a,0.98674995,0,1
0712_row_00044338,o,13高淳,02淳溪,淳溪史金华单字,3,0,a,0.6429929,0.6429929,0.008649089,0.002738078,0.0795172,0.00037258383,8.953062e-06,0.2630972,0.0024938043,0.00013008162,a,0.6429929,0,1
0712_row_00044339,o,13高淳,02淳溪,淳溪史金华单字,3,6,ɔ,0.8901004,0.097470984,0.00043459405,2.9670447e-05,0.004521913,0.00019553515,3.6681533e-07,0.8901004,0.0072259204,2.0607504e-05,ɔ,0.8901004,0,1
0712_row_00044340,o,13高淳,02淳溪,淳溪史金华单字,3,0,a,0.9935545,0.9935545,0.0015609495,0.0021188953,0.0012381669,0.00024527797,1.1133404e-06,0.0009404043,9.8780816e-05,0.00024195314,a,0.9935545,0,1
0712_row_00044341,o,13高淳,02淳溪,淳溪史金华单字,3,8,ɛ,0.7746699,0.22049642,0.0006684038,8.572949e-05,0.0039169425,2.1257524e-06,2.1264936e-05,1.962127e-05,0.000119655146,0.7746699,ɛ,0.7746699,0,1
0712_row_00044342,a,13高淳,02淳溪,淳溪史金华单字,0,0,a,0.9619178,0.9619178,0.0009800025,0.00015543845,0.031666324,0.0004085149,2.4889644e-06,0.0024335394,0.0017078504,0.00072790316,a,0.9619178,0,1
0712_row_00044343,a,13高淳,02淳溪,淳溪史金华单字,0,0,a,0.95829546,0.95829546,0.0031425057,0.00025768726,0.0043846876,0.0044019683,6.7470905e-06,0.0007916795,0.028245542,0.00047389884,a,0.95829546,0,1
0712_row_00044344,ə,13高淳,02淳溪,淳溪史金华单字,7,0,a,0.9838351,0.9838351,0.0033874933,1.9083864e-05,0.0008584071,0.0011330607,1.8735373e-07,0.00053202384,0.010208576,2.6039339e-05,a,0.9838351,0,1
0712_row_00044345,a,13高淳,02淳溪,淳溪史金华单字,0,0,a,0.9762021,0.9762021,0.00033099213,0.00043632646,0.0027081987,0.00082138425,6.5248355e-07,0.019154612,0.0003419203,3.8242233e-06,a,0.9762021,0,1
0712_row_00044346,a,13高淳,02淳溪,淳溪史金华单字,0,0,a,0.909622,0.909622,0.0023329963,7.674723e-05,0.0038181895,0.00162749,1.0429393e-06,0.06783451,0.01465432,3.2631946e-05,a,0.909622,0,1
0712_row_00044347,a,13高淳,02淳溪,淳溪史金华单字,0,0,a,0.9802255,0.9802255,0.0017466027,0.0003199765,0.00031334383,0.00042109124,1.4348285e-07,0.015818084,0.0011221857,3.3019805e-05,a,0.9802255,0,1
0712_row_00044348,a,13高淳,02淳溪,淳溪史金华单字,0,0,a,0.9696807,0.9696807,0.001659542,0.0011784593,0.0003193183,0.00035213292,3.6494865e-07,0.025544638,0.0012086662,5.622527e-05,a,0.9696807,0,1
0712_row_00044350,a,13高淳,02淳溪,淳溪史金华单字,0,0,a,0.9939122,0.9939122,0.002217887,0.00016296029,0.0014612857,0.00041461908,4.3799727e-07,0.0001627677,0.0015257567,0.00014223372,a,0.9939122,0,1
0712_row_00044351,a,13高淳,02淳溪,淳溪史金华单字,0,0,a,0.68659985,0.68659985,0.0015274755,0.0003231315,0.0018524666,1.6241263e-05,0.00014220804,4.00907e-05,0.0076492527,0.30184922,a,0.68659985,0,1
0712_row_00044352,a,13高淳,02淳溪,淳溪史金华单字,0,0,a,0.8269365,0.8269365,0.000516612,0.00918149,0.00014807351,8.439264e-06,1.8188185e-06,0.0002341587,0.00013091828,0.16284207,a,0.8269365,0,1
0712_row_00044353,a,13高淳,02淳溪,淳溪史金华单字,0,7,ə,0.5365261,0.23747848,0.00078823575,0.01091686,0.0004580366,3.6624149e-06,0.0010365978,7.805678e-05,0.5365261,0.212714,ə,0.5365261,0,1
0712_row_00044354,e,13高淳,02淳溪,淳溪史金华单字,1,0,a,0.980839,0.980839,0.014016171,2.853914e-05,0.00070342596,0.0017629325,8.138445e-07,0.00047045437,0.0018450205,0.00033358365,a,0.980839,0,1
0712_row_00044355,e,13高淳,02淳溪,淳溪史金华单字,1,0,a,0.9969133,0.9969133,0.00029486648,0.00017225082,0.0016230963,0.00019706097,9.245562e-07,0.00028193515,0.00048592273,3.0668325e-05,a,0.9969133,0,1
0712_row_00044356,o,13高淳,02淳溪,淳溪史金华单字,3,0,a,0.9945608,0.9945608,0.00041016555,0.0002622103,0.0029902551,0.00049455103,4.063351e-06,0.00017088308,0.0010735801,3.3552293e-05,a,0.9945608,0,1
0712_row_00044357,e,13高淳,02淳溪,淳溪史金华单字,1,0,a,0.9210271,0.9210271,0.06700107,0.00086849235,0.0018948833,0.002062974,2.391677e-06,0.006289658,0.0007708047,8.275329e-05,a,0.9210271,0,1
0712_row_00044358,e,13高淳,02淳溪,淳溪史金华单字,1,0,a,0.86816484,0.86816484,0.08610297,0.0019584827,0.038107395,0.0007861266,9.408066e-06,0.00291403,0.00067479105,0.0012819758,a,0.86816484,0,1
0712_row_00044359,e,13高淳,02淳溪,淳溪史金华单字,1,0,a,0.96322167,0.96322167,0.029362204,0.0002570855,0.004178451,0.0006871343,1.0659094e-06,0.00016996756,0.0020930136,2.9394814e-05,a,0.96322167,0,1
0712_row_00044360,e,13高淳,02淳溪,淳溪史金华单字,1,0,a,0.8852729,0.8852729,0.007204868,0.000100962585,0.022910379,0.010906237,1.3283481e-05,0.0036119786,0.06986448,0.000114782844,a,0.8852729,0,1
0712_row_00044361,e,13高淳,02淳溪,淳溪史金华单字,1,1,e,0.8656844,0.09480547,0.8656844,0.00017751275,0.004125162,0.0012527498,0.0001700382,0.00013250508,0.028451178,0.0052010305,e,0.8656844,0,1
0712_row_00044362,ə,13高淳,02淳溪,淳溪史金华单字,7,3,o,0.9792971,0.0033494,4.8614835e-05,3.7457906e-07,0.9792971,0.0010539957,8.437584e-07,2.3307774e-05,0.016226264,1.7958811e-07,o,0.9792971,0,1
0712_row_00044363,e,13高淳,02淳溪,淳溪史金华单字,1,1,e,0.4341944,0.39558837,0.4341944,3.6539197e-05,0.007573849,0.0052746064,1.810933e-06,0.00040662228,0.15688793,3.5815312e-05,e,0.4341944,0,1
0712_row_00044364,o,13高淳,02淳溪,淳溪史金华单字,3,0,a,0.9652942,0.9652942,0.004323362,0.0014820541,0.023229552,0.0011293754,1.6043188e-05,0.0040985444,0.00032879112,9.820739e-05,a,0.9652942,0,1
0712_row_00044365,a,13高淳,02淳溪,淳溪史金华单字,0,0,a,0.9761841,0.9761841,0.0013649126,0.00039040938,5.5852885e-05,6.653392e-05,3.139529e-07,2.9357494e-07,0.0013458151,0.020591626,a,0.9761841,0,1
0712_row_00044366,ə,13高淳,02淳溪,淳溪史金华单字,7,3,o,0.73525095,0.0098786745,0.0013347783,1.33721105e-05,0.73525095,0.016497996,1.02873955e-05,9.2599366e-05,0.23691936,2.0591947e-06,o,0.73525095,0,1
0712_row_00044367,ə,13高淳,02淳溪,淳溪史金华单字,7,3,o,0.9900559,0.004359448,2.2449804e-05,1.747054e-07,0.9900559,0.00023743024,3.5227436e-07,1.4982716e-05,0.005308831,3.7840118e-07,o,0.9900559,0,1
0712_row_00044368,a,13高淳,02淳溪,淳溪史金华单字,0,0,a,0.876205,0.876205,0.01375605,0.00015638823,0.0020131401,0.0016272911,5.9360366e-07,0.10471181,0.0015240804,5.783929e-06,a,0.876205,0,1
0712_row_00044369,a,13高淳,02淳溪,淳溪史金华单字,0,0,a,0.9850856,0.9850856,0.006296417,0.00011069067,0.003057734,0.0031052006,1.9091062e-06,0.00033860086,0.001993025,1.084709e-05,a,0.9850856,0,1
0712_row_00044370,e,13高淳,02淳溪,淳溪史金华单字,1,0,a,0.82007587,0.82007587,0.035140365,6.088947e-05,0.027495675,0.015697781,1.0536917e-05,0.0018774308,0.099562846,7.85141e-05,a,0.82007587,0,1
0712_row_00044371,i,13高淳,02淳溪,淳溪史金华单字,2,2,i,0.9929762,0.0039576082,0.00043281025,0.9929762,0.00015907075,7.471105e-05,0.0011573776,7.0269757e-06,0.0011805053,5.4806864e-05,i,0.9929762,0,1
0712_row_00044372,i,13高淳,02淳溪,淳溪史金华单字,2,2,i,0.99848676,0.00016813228,0.00017980371,0.99848676,1.4730487e-05,1.9045867e-06,0.0007790518,5.6177726e-07,0.000338729,3.0248355e-05,i,0.99848676,0,1
0712_row_00044373,i,13高淳,02淳溪,淳溪史金华单字,2,2,i,0.99341464,0.003449565,0.0008499374,0.99341464,5.8693626e-05,4.839886e-05,0.00068985607,2.3216944e-06,0.0014242062,6.223219e-05,i,0.99341464,0,1
0712_row_00044375,ə,13高淳,02淳溪,淳溪史金华单字,7,3,o,0.95597,0.006232521,2.0094038e-05,1.202097e-06,0.95597,0.004000436,4.40816e-06,2.800788e-05,0.03374276,4.5985752e-07,o,0.95597,0,1
0712_row_00044376,i,13高淳,02淳溪,淳溪史金华单字,2,2,i,0.64681137,0.020349203,0.054426942,0.64681137,0.07977656,0.009575356,0.007982614,0.0005065445,0.1803204,0.00025102546,i,0.64681137,0,1
0712_row_00044377,i,13高淳,02淳溪,淳溪史金华单字,2,2,i,0.5174549,0.22676668,0.00048459563,0.5174549,9.703796e-05,0.0026337586,0.0051659006,6.637228e-07,0.24664943,0.0007468595,i,0.5174549,0,1
0712_row_00044378,ə,13高淳,02淳溪,淳溪史金华单字,7,0,a,0.6817795,0.6817795,0.002535849,0.28416055,0.0001516803,0.00081543555,0.0018003089,7.726685e-07,0.027132934,0.0016229704,a,0.6817795,0,1
0712_row_00044379,i,13高淳,02淳溪,淳溪史金华单字,2,2,i,0.99156064,0.0026935858,0.0006803759,0.99156064,0.00025863107,6.2087565e-05,0.0017170316,8.590563e-06,0.0029124273,0.0001066718,i,0.99156064,0,1
0712_row_00044380,ə,13高淳,02淳溪,淳溪史金华单字,7,3,o,0.8771001,0.008635348,4.4381493e-05,1.4531591e-06,0.8771001,0.0012566538,4.062618e-06,0.0001683962,0.1127887,8.411996e-07,o,0.8771001,0,1
0712_row_00044381,ə,13高淳,02淳溪,淳溪史金华单字,7,2,i,0.6557658,0.0007587156,0.0017760348,0.6557658,0.0005094422,1.9488903e-05,0.31777588,2.4567198e-06,0.023220567,0.00017169997,i,0.6557658,0,1
0712_row_00044382,o,13高淳,02淳溪,淳溪史金华单字,3,3,o,0.99667835,5.434169e-05,0.0001005775,2.5794964e-07,0.99667835,0.00016229358,4.3540896e-07,1.4479769e-05,0.0029890484,9.010718e-08,o,0.99667835,0,1
0712_row_00044383,o,13高淳,02淳溪,淳溪史金华单字,3,3,o,0.9996055,1.8922135e-05,5.880901e-07,8.817128e-09,0.9996055,1.1680826e-05,4.654516e-08,2.9882772e-06,0.00036036913,1.565713e-08,o,0.9996055,0,1
0712_row_00044384,o,13高淳,02淳溪,淳溪史金华单字,3,3,o,0.9968412,3.3567387e-05,8.118552e-06,3.2871714e-08,0.9968412,5.7985853e-05,1.2738371e-07,6.590417e-06,0.0030524784,3.7026116e-08,o,0.9968412,0,1
0712_row_00044385,o,13高淳,02淳溪,淳溪史金华单字,3,3,o,0.9941597,9.832165e-05,0.00015345759,4.908011e-06,0.9941597,0.0007190543,1.3408867e-06,1.425672e-05,0.004849002,1.0252681e-07,o,0.9941597,0,1
0712_row_00044386,o,13高淳,02淳溪,淳溪史金华单字,3,3,o,0.96840334,0.00051519205,1.6146027e-05,3.3392532e-06,0.96840334,0.0014023811,5.240518e-06,7.958536e-06,0.029645704,6.420152e-07,o,0.96840334,0,1
0712_row_00044387,o,13高淳,02淳溪,淳溪史金华单字,3,3,o,0.9753813,0.00058484764,6.462105e-05,0.00015479741,0.9753813,0.019712664,0.000207686,0.00024235954,0.0036510965,5.441238e-07,o,0.9753813,0,1
0712_row_00044388,o,13高淳,02淳溪,淳溪史金华单字,3,3,o,0.7396357,0.00015447059,0.00040702877,4.1979524e-06,0.7396357,0.0027418586,1.453931e-05,8.086496e-06,0.2570315,2.592593e-06,o,0.7396357,0,1
0712_row_00044389,u,13高淳,02淳溪,淳溪史金华单字,4,0,a,0.7834189,0.7834189,0.124472976,0.001733392,0.009281241,0.041414924,0.00011886481,0.036714267,0.0026661311,0.00017934722,a,0.7834189,0,1
0712_row_00044390,o,13高淳,02淳溪,淳溪史金华单字,3,3,o,0.9871919,3.5448087e-05,5.246392e-05,1.8934423e-07,0.9871919,0.00024797913,4.3164616e-07,8.479943e-06,0.012463057,5.7781435e-08,o,0.9871919,0,1
0712_row_00044391,o,13高淳,02淳溪,淳溪史金华单字,3,3,o,0.9706003,0.0029541566,8.39982e-05,3.197694e-07,0.9706003,0.0010720495,9.789862e-07,1.8648394e-05,0.025269458,2.5108423e-07,o,0.9706003,0,1
0712_row_00044392,u,13高淳,02淳溪,淳溪史金华单字,4,0,a,0.8246485,0.8246485,0.089092955,9.525796e-05,0.0036366668,0.037071686,1.2331899e-05,0.00072771014,0.044666015,4.8907285e-05,a,0.8246485,0,1
0712_row_00044393,o,13高淳,02淳溪,淳溪史金华单字,3,0,a,0.586775,0.586775,0.12170716,0.26054072,0.007372135,0.009663361,0.006646511,0.00015159116,0.003333111,0.0038104565,a,0.586775,0,1
0712_row_00044394,y,13高淳,02淳溪,淳溪史金华单字,5,2,i,0.54447764,0.12534797,0.1223956,0.54447764,0.0034448998,0.0008374161,0.15298797,7.397038e-05,0.018470936,0.031963553,i,0.54447764,0,1
0712_row_00044395,o,13高淳,02淳溪,淳溪史金华单字,3,0,a,0.3705315,0.3705315,0.0010481969,7.314311e-06,0.32647204,0.026390186,1.2517172e-05,6.25169e-05,0.27546725,8.517047e-06,a,0.3705315,0,1
0712_row_00044396,o,13高淳,02淳溪,淳溪史金华单字,3,3,o,0.92851907,0.00011493836,6.802117e-05,2.401102e-06,0.92851907,0.0002291919,6.2241843e-06,5.794105e-05,0.07100082,1.4673191e-06,o,0.92851907,0,1
0712_row_00044397,a,13高淳,02淳溪,淳溪史金华单字,0,0,a,0.7759275,0.7759275,0.19212751,0.0071604014,0.020371618,0.00035902084,3.437733e-05,0.0026083055,0.00054243236,0.00086880894,a,0.7759275,0,1
0712_row_00044398,a,13高淳,02淳溪,淳溪史金华单字,0,0,a,0.99630296,0.99630296,0.0013348144,0.00011320598,3.3134533e-05,0.00022932727,7.581428e-08,5.21171e-07,0.0012431958,0.0007427373,a,0.99630296,0,1
0712_row_00044399,a,13高淳,02淳溪,淳溪史金华单字,0,0,a,0.99485636,0.99485636,0.0012602954,8.406814e-05,0.00029768865,0.0017689529,5.235524e-07,8.7478824e-05,0.0015990388,4.5553006e-05,a,0.99485636,0,1
0712_row_00044400,a,13高淳,02淳溪,淳溪史金华单字,0,0,a,0.67058814,0.67058814,0.004593439,0.0026984601,5.6205856e-05,2.9111865e-05,2.675472e-06,2.2663718e-07,0.00021874334,0.32181308,a,0.67058814,0,1
0712_row_00044401,ə,13高淳,02淳溪,淳溪史金华单字,7,2,i,0.51980466,0.09701741,0.015228853,0.51980466,0.00044645753,0.0016997758,0.020404205,0.0001401279,0.055903587,0.28935495,i,0.51980466,0,1
0712_row_00044402,ə,13高淳,02淳溪,淳溪史金华单字,7,0,a,0.99294984,0.99294984,0.0013528711,3.0869352e-05,0.00011245051,0.0004969976,1.1712315e-07,1.2202185e-06,0.004964652,9.108327e-05,a,0.99294984,0,1
0712_row_00044403,u,13高淳,02淳溪,淳溪史金华单字,4,4,u,0.77485543,0.0015691144,0.0016223035,0.0014469316,0.03518051,0.77485543,0.18208556,2.0829188e-05,0.0031795783,3.980231e-05,u,0.77485543,0,1
0712_row_00044405,ɛ,13高淳,02淳溪,淳溪史金华单字,8,8,ɛ,0.9949244,0.0024771201,0.00025145107,5.812941e-05,0.00013703427,1.3838431e-06,9.992899e-05,4.0444635e-07,0.002050143,0.9949244,ɛ,0.9949244,0,1
0712_row_00044407,u,13高淳,02淳溪,淳溪史金华单字,4,1,e,0.600916,0.018169526,0.600916,0.020921897,0.0017289025,0.355196,0.00038897913,0.00026629755,0.0018602972,0.00055213977,e,0.600916,0,1
0712_row_00044408,a,13高淳,02淳溪,淳溪史金华单字,0,0,a,0.9872565,0.9872565,0.004678762,0.00020591482,0.0007216881,0.002660985,4.6316786e-06,7.754982e-06,0.0038207946,0.00064290664,a,0.9872565,0,1
0712_row_00044409,i,13高淳,02淳溪,淳溪史金华单字,2,2,i,0.9830525,0.00030164712,0.0008967309,0.9830525,3.166746e-05,0.0017601659,0.007426324,6.5874474e-06,0.0013577201,0.005166749,i,0.9830525,0,1
0712_row_00044410,a,13高淳,02淳溪,淳溪史金华单字,0,0,a,0.6579327,0.6579327,0.00024180651,5.4698146e-05,0.13374951,0.002382063,3.0896038e-06,0.2055485,8.584358e-05,1.8318062e-06,a,0.6579327,0,1
0712_row_00044411,a,13高淳,02淳溪,淳溪史金华单字,0,0,a,0.66399944,0.66399944,6.58044e-05,9.3608556e-05,0.007877815,0.00014848738,2.2117758e-06,0.3276146,0.00017741622,2.0673066e-05,a,0.66399944,0,1
0712_row_00044412,o,13高淳,02淳溪,淳溪史金华单字,3,1,e,0.9740097,0.00041906277,0.9740097,0.00034685872,0.00015590464,0.023046514,2.821694e-05,1.750261e-05,0.001620807,0.0003554466,e,0.9740097,0,1
0712_row_00044413,a,13高淳,02淳溪,淳溪史金华单字,0,0,a,0.480602,0.480602,0.30305243,0.20151006,0.0007708817,0.0018073651,0.0009038183,2.6517426e-05,0.004834133,0.0064928033,a,0.480602,0,1
0712_row_00044414,a,13高淳,02淳溪,淳溪史金华单字,0,8,ɛ,0.73270977,0.0060793962,0.0022101866,0.14526035,0.00036663812,0.00014534351,0.090393424,1.726564e-05,0.022817636,0.73270977,ɛ,0.73270977,0,1
0712_row_00044415,i,13高淳,02淳溪,淳溪史金华单字,2,2,i,0.9342693,0.00074246654,0.0007448452,0.9342693,0.00011779673,0.0018276348,0.048859153,8.83842e-06,0.0018984823,0.01153156,i,0.9342693,0,1
0712_row_00044416,a,13高淳,02淳溪,淳溪史金华单字,0,8,ɛ,0.46993464,0.010476388,0.0010394141,0.4163569,0.0002943482,0.00029533205,0.07478506,1.3220799e-05,0.026804581,0.46993464,ɛ,0.46993464,0,1
0712_row_00044417,a,13高淳,02淳溪,淳溪史金华单字,0,2,i,0.55472875,0.048168432,0.0023690555,0.55472875,0.00045318424,4.4185177e-05,0.017448641,2.8403814e-05,0.13722967,0.23952971,i,0.55472875,0,1
0712_row_00044418,i,13高淳,02淳溪,淳溪史金华单字,2,0,a,0.5219966,0.5219966,0.26419345,0.1643794,0.00020453233,0.0004757259,0.0007511304,1.2041157e-05,0.0005528032,0.04743428,a,0.5219966,0,1
0712_row_00044419,i,13高淳,02淳溪,淳溪史金华单字,2,2,i,0.88836896,0.02478874,0.049796734,0.88836896,0.00019965514,0.0024000467,0.000532659,3.3418968e-05,0.03281888,0.0010608521,i,0.88836896,0,1
0712_row_00044420,i,13高淳,02淳溪,淳溪史金华单字,2,2,i,0.9070411,0.043752424,0.017601296,0.9070411,0.0014112653,0.000105767394,0.023962012,2.1628639e-05,0.0008578135,0.0052467356,i,0.9070411,0,1
0712_row_00044421,a,13高淳,02淳溪,淳溪史金华单字,0,4,u,0.43229225,0.016135639,0.005635573,0.012121817,0.14554332,0.43229225,0.25298244,0.0013432559,0.12999389,0.003951787,u,0.43229225,0,1
0712_row_00044422,u,13高淳,02淳溪,淳溪史金华单字,4,4,u,0.39054582,0.0048501412,0.0034194316,0.022849487,0.18884179,0.39054582,0.3411965,0.0008182765,0.045701623,0.0017768958,u,0.39054582,0,1
0712_row_00044423,e,13高淳,02淳溪,淳溪史金华单字,1,1,e,0.52717465,0.1498448,0.52717465,0.008972016,0.026878297,0.01650268,0.03946173,0.00050889637,0.09387022,0.1367867,e,0.52717465,0,1
0712_row_00044424,ə,13高淳,02淳溪,淳溪史金华单字,7,7,ə,0.89292574,0.001047562,0.0015896002,6.517065e-05,0.09308285,0.011191683,3.3279754e-05,6.1514496e-05,0.89292574,2.5743432e-06,ə,0.89292574,0,1
0712_row_00044425,e,13高淳,02淳溪,淳溪史金华单字,1,0,a,0.9638709,0.9638709,0.0068637817,0.00064997835,0.024079341,0.0034042972,4.8114573e-05,0.0002394248,0.0006878191,0.00015628047,a,0.9638709,0,1
0712_row_00044426,e,13高淳,02淳溪,淳溪史金华单字,1,1,e,0.6275794,0.26874313,0.6275794,6.4931635e-05,0.01622006,0.0084374845,3.498499e-05,0.0019015949,0.07641502,0.00060327415,e,0.6275794,0,1
0712_row_00044427,a,13高淳,02淳溪,淳溪史金华单字,0,0,a,0.98882186,0.98882186,0.0074007437,2.8836352e-05,0.0004688856,0.0013176289,1.1845966e-07,0.00057679415,0.0013641296,2.088515e-05,a,0.98882186,0,1
0712_row_00044428,a,13高淳,02淳溪,淳溪史金华单字,0,0,a,0.99621326,0.99621326,0.0002867916,0.00037262688,0.0005284519,0.00028122874,4.565622e-07,0.00071203476,0.0013812563,0.0002237266,a,0.99621326,0,1
0712_row_00044429,o,13高淳,02淳溪,淳溪史金华单字,3,3,o,0.96492255,0.00012732155,5.0154897e-05,3.7821062e-06,0.96492255,0.00022214337,4.7758354e-06,5.3397096e-05,0.034615,9.033272e-07,o,0.96492255,0,1
0712_row_00044430,o,13高淳,02淳溪,淳溪史金华单字,3,3,o,0.5814489,0.02053663,0.13033886,0.00014038633,0.5814489,0.052876975,0.0012858983,0.0001692788,0.21247919,0.0007238356,o,0.5814489,0,1
0712_row_00044431,a,13高淳,02淳溪,淳溪史金华单字,0,0,a,0.99460286,0.99460286,0.0022266246,6.677778e-05,0.00013246133,0.00051279395,1.5290578e-07,4.4495278e-06,0.001970858,0.00048302856,a,0.99460286,0,1
0712_row_00044432,a,13高淳,02淳溪,淳溪史金华单字,0,0,a,0.85800844,0.85800844,0.121403195,0.00013300352,0.012748621,0.0048979544,5.5170653e-06,0.00051671494,0.0022524167,3.4207715e-05,a,0.85800844,0,1
0712_row_00044433,a,13高淳,02淳溪,淳溪史金华单字,0,4,u,0.41212153,0.005162122,0.002889648,0.016020404,0.13844182,0.41212153,0.35370758,0.00050049915,0.06885899,0.0022973723,u,0.41212153,0,1
0712_row_00044434,o,13高淳,02淳溪,淳溪史金华单字,3,0,a,0.5355956,0.5355956,0.076242365,0.0032714051,0.35670277,0.023043105,0.000650105,0.0025563424,0.0019054433,3.2881857e-05,a,0.5355956,0,1
0712_row_00044435,o,13高淳,02淳溪,淳溪史金华单字,3,3,o,0.9933276,3.8762187e-06,6.5151244e-06,3.8689137e-08,0.9933276,0.00020561309,3.6078117e-07,2.1568299e-06,0.0064539365,4.9384777e-08,o,0.9933276,0,1
0712_row_00044436,a,13高淳,02淳溪,淳溪史金华单字,0,7,ə,0.36860454,0.26213995,0.0029059674,0.07416586,0.0006808699,1.8007333e-05,0.007245952,0.00023165684,0.36860454,0.28400713,ə,0.36860454,0,1
0712_row_00044437,ɛ,13高淳,02淳溪,淳溪史金华单字,8,8,ɛ,0.39981306,0.052789353,0.007330654,0.38087103,0.00043273464,5.102725e-05,0.02571198,7.715091e-05,0.13292304,0.39981306,ɛ,0.39981306,0,1
0712_row_00044438,o,13高淳,02淳溪,淳溪夏辉单字,3,7,ə,0.61019737,0.116690226,0.039438706,0.009157156,0.051833246,0.08811412,0.06722445,0.0005363295,0.61019737,0.016808372,ə,0.61019737,0,1
0712_row_00044439,a,13高淳,02淳溪,淳溪夏辉单字,0,0,a,0.9428589,0.9428589,0.006583515,0.0019142273,0.0071625016,0.0035074176,8.0709455e-05,1.3496937e-05,0.006552459,0.031326927,a,0.9428589,0,1
0712_row_00044440,o,13高淳,02淳溪,淳溪夏辉单字,3,4,u,0.7684359,0.05567501,0.00070627726,0.00023282025,0.054501645,0.7684359,0.064709544,5.8353125e-05,0.055525072,0.00015538026,u,0.7684359,0,1
0712_row_00044441,o,13高淳,02淳溪,淳溪夏辉单字,3,0,a,0.49366248,0.49366248,0.005375251,0.0016062342,0.04542825,0.3968801,0.026158836,0.00016983385,0.029444644,0.0012743025,a,0.49366248,0,1
0712_row_00044442,o,13高淳,02淳溪,淳溪夏辉单字,3,0,a,0.72424173,0.72424173,0.011797743,0.0034931593,0.022513894,0.20187725,0.0099719,0.000394676,0.021347238,0.0043623205,a,0.72424173,0,1
0712_row_00044443,o,13高淳,02淳溪,淳溪夏辉单字,3,0,a,0.53670114,0.53670114,0.0211104,0.0024466473,0.07908681,0.25434273,0.05570404,0.00018070724,0.047893874,0.0025337632,a,0.53670114,0,1
0712_row_00044444,a,13高淳,02淳溪,淳溪夏辉单字,0,0,a,0.9761318,0.9761318,0.0012102935,0.00969405,5.8442e-05,0.00016015758,7.9539797e-07,0.0006458636,0.0011891071,0.010909629,a,0.9761318,0,1
0712_row_00044445,a,13高淳,02淳溪,淳溪夏辉单字,0,0,a,0.9776742,0.9776742,0.004693236,0.0019976234,0.0035714116,0.0033931257,1.1251624e-05,0.007607594,0.00073820987,0.00031332267,a,0.9776742,0,1
0712_row_00044446,a,13高淳,02淳溪,淳溪夏辉单字,0,0,a,0.98311883,0.98311883,0.0059645604,0.0021396487,0.0017030191,0.0024069292,7.586914e-06,0.0027952984,0.0009021936,0.0009620017,a,0.98311883,0,1
0712_row_00044447,a,13高淳,02淳溪,淳溪夏辉单字,0,0,a,0.92887396,0.92887396,0.0024526527,0.0002017979,0.0010002514,0.0014156458,2.718387e-06,0.012070291,0.05314116,0.0008414066,a,0.92887396,0,1
0712_row_00044448,a,13高淳,02淳溪,淳溪夏辉单字,0,0,a,0.6774785,0.6774785,0.0027333656,0.00021684106,0.0068022115,0.000736614,6.864701e-06,0.26201752,0.048779055,0.0012289681,a,0.6774785,0,1
0712_row_00044449,a,13高淳,02淳溪,淳溪夏辉单字,0,8,ɛ,0.90908486,0.087702,0.00045406277,0.00030966147,0.00029308136,3.1291763e-06,4.5801677e-05,5.54024e-06,0.0021018097,0.90908486,ɛ,0.90908486,0,1
0712_row_00044450,a,13高淳,02淳溪,淳溪夏辉单字,0,8,ɛ,0.9349548,0.062552616,0.0004031433,0.00033895645,0.00018241428,2.587593e-06,3.3191038e-05,2.9874384e-06,0.0015292608,0.9349548,ɛ,0.9349548,0,1
0712_row_00044451,ɛ,13高淳,02淳溪,淳溪夏辉单字,8,0,a,0.86144936,0.86144936,0.00396892,0.00047632927,0.0027008995,9.262048e-05,9.571371e-05,0.012132127,0.04494214,0.07414188,a,0.86144936,0,1
0712_row_00044452,ɛ,13高淳,02淳溪,淳溪夏辉单字,8,0,a,0.65269655,0.65269655,0.007876045,0.0032839382,0.0034020052,0.00021092079,0.0003028228,0.04509221,0.23336226,0.05377321,a,0.65269655,0,1
0712_row_00044453,ɛ,13高淳,02淳溪,淳溪夏辉单字,8,0,a,0.71577245,0.71577245,0.008461033,0.0007692501,0.0051626023,0.00017045657,0.0012620302,0.0032895666,0.041900113,0.2232125,a,0.71577245,0,1
0712_row_00044454,ɛ,13高淳,02淳溪,淳溪夏辉单字,8,2,i,0.59593636,0.0039435555,0.0005680886,0.59593636,0.0019916433,0.046714116,0.31397972,0.00013325985,0.0035919377,0.033141416,i,0.59593636,0,1
0712_row_00044455,ə,13高淳,02淳溪,淳溪夏辉单字,7,0,a,0.54962575,0.54962575,0.006758655,0.00070029177,0.0038322043,0.0008516261,1.0348179e-05,0.28246436,0.1547892,0.00096755027,a,0.54962575,0,1
0712_row_00044456,ə,13高淳,02淳溪,淳溪夏辉单字,7,0,a,0.9088538,0.9088538,0.0014090262,0.00020245693,0.0008704725,0.0009935133,1.5832711e-06,0.03387607,0.053211197,0.0005818137,a,0.9088538,0,1
0712_row_00044457,ə,13高淳,02淳溪,淳溪夏辉单字,7,0,a,0.789615,0.789615,0.0050459816,0.0006130371,0.004292974,0.0018398603,9.598776e-06,0.08881889,0.10923053,0.00053407304,a,0.789615,0,1
0712_row_00044458,ə,13高淳,02淳溪,淳溪夏辉单字,7,8,ɛ,0.5200923,0.10149184,0.0037816702,0.009622001,0.00021656546,1.395174e-05,0.008366966,1.7296517e-05,0.35639745,0.5200923,ɛ,0.5200923,0,1
0712_row_00044459,ɛ,13高淳,02淳溪,淳溪夏辉单字,8,7,ə,0.5703491,0.18274434,0.005133729,0.009120552,0.0019513025,2.3576626e-05,0.007271395,0.00071558746,0.5703491,0.22269051,ə,0.5703491,0,1
0712_row_00044460,ə,13高淳,02淳溪,淳溪夏辉单字,7,7,ə,0.59378076,0.069766715,0.0031114437,0.011756669,0.00028471128,9.7484e-06,0.009306004,2.975949e-05,0.59378076,0.31195417,ə,0.59378076,0,1
0712_row_00044461,a,13高淳,02淳溪,淳溪夏辉单字,0,0,a,0.95340747,0.95340747,0.012653757,0.0133657,0.0098005645,0.0028022828,0.00013890899,0.00075375754,0.002044099,0.005033398,a,0.95340747,0,1
0712_row_00044462,a,13高淳,02淳溪,淳溪夏辉单字,0,0,a,0.9868226,0.9868226,0.0051446194,0.00010840957,0.0003947081,0.0021105665,4.191616e-07,0.0018793988,0.0034430288,9.620249e-05,a,0.9868226,0,1
0712_row_00044463,a,13高淳,02淳溪,淳溪夏辉单字,0,0,a,0.9804482,0.9804482,0.0024272525,0.0013612615,0.00070764986,0.0021639625,8.675629e-06,0.0037413423,0.008382163,0.00075932237,a,0.9804482,0,1
0712_row_00044464,a,13高淳,02淳溪,淳溪夏辉单字,0,0,a,0.97402275,0.97402275,0.0018338566,0.0073761554,0.00019468946,0.00014509157,2.5172581e-05,2.4694835e-05,0.0067701386,0.009607228,a,0.97402275,0,1
0712_row_00044465,u,13高淳,02淳溪,淳溪夏辉单字,4,0,a,0.82547647,0.82547647,0.022889983,0.0038513534,0.10212418,0.025911666,0.0013855878,0.00015619752,0.0125057455,0.0056989137,a,0.82547647,0,1
0712_row_00044466,u,13高淳,02淳溪,淳溪夏辉单字,4,3,o,0.45576805,0.34342518,0.0069391853,9.8099124e-05,0.45576805,0.113651894,0.0003164766,0.00037280403,0.07935326,7.4946765e-05,o,0.45576805,0,1
0712_row_00044467,u,13高淳,02淳溪,淳溪夏辉单字,4,5,y,0.53366375,0.011378595,0.018169427,0.004757375,0.022902431,0.32783225,0.53366375,0.0001258481,0.07986338,0.0013068964,y,0.53366375,0,1
0712_row_00044468,u,13高淳,02淳溪,淳溪夏辉单字,4,4,u,0.42524886,0.040484067,0.0630493,0.006546043,0.040315315,0.42524886,0.40303627,0.00020352054,0.02051614,0.00060053915,u,0.42524886,0,1
0712_row_00044469,u,13高淳,02淳溪,淳溪夏辉单字,4,0,a,0.4373461,0.4373461,0.02653575,0.021195391,0.0143451,0.38142568,0.07446185,0.00037800666,0.040196586,0.004115618,a,0.4373461,0,1
0712_row_00044470,u,13高淳,02淳溪,淳溪夏辉单字,4,0,a,0.8068242,0.8068242,0.0027660583,0.16888274,0.016855767,0.0008130083,0.0012164541,0.0015173793,0.00043383436,0.000690416,a,0.8068242,0,1
0712_row_00044471,u,13高淳,02淳溪,淳溪夏辉单字,4,4,u,0.31423903,0.25465885,0.0036823025,0.0027698998,0.2419827,0.31423903,0.17814097,0.00022624257,0.004238939,6.100559e-05,u,0.31423903,0,1
0712_row_00044472,u,13高淳,02淳溪,淳溪夏辉单字,4,4,u,0.567043,0.0062495186,0.00016656784,0.00014452549,0.012601817,0.567043,0.41055858,1.0468174e-05,0.0032041688,2.1385358e-05,u,0.567043,0,1
0712_row_00044473,u,13高淳,02淳溪,淳溪夏辉单字,4,4,u,0.4259515,0.19549388,0.00624504,0.007128663,0.11180133,0.4259515,0.25054115,8.067082e-05,0.0026420576,0.000115798204,u,0.4259515,0,1
0712_row_00044474,y,13高淳,02淳溪,淳溪夏辉单字,5,4,u,0.52564317,0.00719514,0.44141418,0.0062592067,0.011280594,0.52564317,0.0068664947,0.0005567345,0.00062165054,0.00016288765,u,0.52564317,0,1
0712_row_00044475,u,13高淳,02淳溪,淳溪夏辉单字,4,5,y,0.39594257,0.1068383,0.21780644,0.008760974,0.069909595,0.18145281,0.39594257,0.00017814907,0.01700589,0.0021053574,y,0.39594257,0,1
0712_row_00044476,u,13高淳,02淳溪,淳溪夏辉单字,4,4,u,0.50769114,0.07045622,0.017996173,0.011155132,0.033549167,0.50769114,0.34941235,6.175817e-05,0.009025517,0.00065254944,u,0.50769114,0,1
0712_row_00044477,u,13高淳,02淳溪,淳溪夏辉单字,4,1,e,0.34479502,0.10088767,0.34479502,0.028097503,0.06671745,0.20616944,0.247943,0.00018339932,0.0048376247,0.00036896908,e,0.34479502,0,1
0712_row_00044478,o,13高淳,02淳溪,淳溪夏辉单字,3,4,u,0.58406174,0.012529309,0.002282897,0.0012496659,0.016524294,0.58406174,0.37310588,3.1708943e-05,0.01003535,0.00017915068,u,0.58406174,0,1
0712_row_00044479,u,13高淳,02淳溪,淳溪夏辉单字,4,4,u,0.7633813,0.017179592,0.0017638754,0.0005806967,0.019359723,0.7633813,0.18022753,1.850389e-05,0.017352214,0.00013657784,u,0.7633813,0,1
0712_row_00044480,u,13高淳,02淳溪,淳溪夏辉单字,4,4,u,0.5244038,0.03168429,0.008355354,0.0016276961,0.047216207,0.5244038,0.37384585,6.492168e-05,0.012582099,0.00021972504,u,0.5244038,0,1
0712_row_00044481,u,13高淳,02淳溪,淳溪夏辉单字,4,4,u,0.5137881,0.0030922566,0.00067202584,0.00022195611,0.026863564,0.5137881,0.45086655,6.6005514e-06,0.00447335,1.5564205e-05,u,0.5137881,0,1
0712_row_00044482,y,13高淳,02淳溪,淳溪夏辉单字,5,5,y,0.6234378,0.007904182,0.025909213,0.004080997,0.019846477,0.3091924,0.6234378,7.142774e-05,0.009237802,0.00031971937,y,0.6234378,0,1
0712_row_00044483,y,13高淳,02淳溪,淳溪夏辉单字,5,4,u,0.5832733,0.010773163,0.0046680393,0.0018869725,0.016692817,0.5832733,0.3695579,4.2727013e-05,0.012947186,0.00015792897,u,0.5832733,0,1
0712_row_00044484,y,13高淳,02淳溪,淳溪夏辉单字,5,8,ɛ,0.7838165,0.19987272,0.010397224,0.002436445,0.0016833843,0.0003010581,0.00040720307,2.98215e-05,0.0010556278,0.7838165,ɛ,0.7838165,0,1
0712_row_00044485,y,13高淳,02淳溪,淳溪夏辉单字,5,4,u,0.55479795,0.006428334,0.0019668113,0.0015291903,0.012844247,0.55479795,0.41579384,2.2906157e-05,0.0065007107,0.00011605758,u,0.55479795,0,1
0712_row_00044486,y,13高淳,02淳溪,淳溪夏辉单字,5,0,a,0.72747934,0.72747934,0.017138358,0.004035757,0.081905514,0.11694791,0.005652748,0.002257432,0.04406481,0.0005181595,a,0.72747934,0,1
0712_row_00044487,y,13高淳,02淳溪,淳溪夏辉单字,5,4,u,0.5290814,0.016849149,0.0023001553,0.0006659247,0.027894685,0.5290814,0.41245416,2.8633129e-05,0.010630367,9.55034e-05,u,0.5290814,0,1
0712_row_00044488,y,13高淳,02淳溪,淳溪夏辉单字,5,5,y,0.44434273,0.055532604,0.13178453,0.027328469,0.030105693,0.278428,0.44434273,0.00031944245,0.028587513,0.0035711005,y,0.44434273,0,1
0712_row_00044489,y,13高淳,02淳溪,淳溪夏辉单字,5,5,y,0.49885055,0.01172141,0.0047740447,0.002073863,0.00968944,0.47053424,0.49885055,3.789803e-05,0.0020963938,0.0002221807,y,0.49885055,0,1
0712_row_00044491,y,13高淳,02淳溪,淳溪夏辉单字,5,4,u,0.5293939,0.00085348386,0.00011588393,6.174125e-05,0.00857967,0.5293939,0.4572099,2.5763234e-06,0.0037766267,6.244965e-06,u,0.5293939,0,1
0712_row_00044492,u,13高淳,02淳溪,淳溪夏辉单字,4,0,a,0.395721,0.395721,0.0041967994,0.004854295,0.26811716,0.24992734,0.067176096,0.0003418636,0.0094117215,0.00025390214,a,0.395721,0,1
0712_row_00044493,y,13高淳,02淳溪,淳溪夏辉单字,5,4,u,0.4925873,0.12563275,0.0033535853,0.0018675013,0.103791766,0.4925873,0.2670926,0.00012302666,0.0054544304,9.691883e-05,u,0.4925873,0,1
0712_row_00044494,y,13高淳,02淳溪,淳溪夏辉单字,5,0,a,0.5027179,0.5027179,0.009994135,0.003129051,0.041647732,0.37363935,0.043466974,0.00016950951,0.024914226,0.000321177,a,0.5027179,0,1
0712_row_00044495,u,13高淳,02淳溪,淳溪夏辉单字,4,4,u,0.54217434,0.13754521,0.009158253,0.0010445612,0.12220828,0.54217434,0.085915804,0.00018565141,0.10090358,0.000864401,u,0.54217434,0,1
0712_row_00044496,u,13高淳,02淳溪,淳溪夏辉单字,4,5,y,0.4994232,0.011847406,0.012066406,0.0066310414,0.017723,0.42860165,0.4994232,0.00016189908,0.022678955,0.0008664854,y,0.4994232,0,1
0712_row_00044497,u,13高淳,02淳溪,淳溪夏辉单字,4,4,u,0.48932692,0.002664911,0.0011572822,0.00040439388,0.021805596,0.48932692,0.47952554,1.1875548e-05,0.0050704945,3.2927757e-05,u,0.48932692,0,1
0712_row_00044498,u,13高淳,02淳溪,淳溪夏辉单字,4,4,u,0.55136925,0.005837696,0.0017411428,0.00034624958,0.041696157,0.55136925,0.38883677,1.9335286e-05,0.010099007,5.4519453e-05,u,0.55136925,0,1
0712_row_00044499,u,13高淳,02淳溪,淳溪夏辉单字,4,4,u,0.53628016,0.022690527,0.00736859,0.003380256,0.016042212,0.53628016,0.40652543,4.5016295e-05,0.007554555,0.000113278285,u,0.53628016,0,1
0712_row_00044500,u,13高淳,02淳溪,淳溪夏辉单字,4,5,y,0.46100357,0.0915635,0.10106543,0.007037074,0.053645723,0.27477396,0.46100357,0.00023506617,0.009924499,0.00075115,y,0.46100357,0,1
0712_row_00044501,u,13高淳,02淳溪,淳溪夏辉单字,4,4,u,0.50766236,0.015348899,0.002226184,0.001599271,0.01845511,0.50766236,0.42265475,6.511653e-05,0.031624954,0.0003633873,u,0.50766236,0,1
0712_row_00044502,u,13高淳,02淳溪,淳溪夏辉单字,4,5,y,0.5084502,0.0044790045,0.007875128,0.004586487,0.015969658,0.45388344,0.5084502,5.2666786e-05,0.004457417,0.0002460399,y,0.5084502,0,1
0712_row_00044503,y,13高淳,02淳溪,淳溪夏辉单字,5,5,y,0.53312004,0.012279697,0.015170857,0.0018670312,0.038855806,0.337967,0.53312004,5.7451543e-05,0.06037001,0.00031211862,y,0.53312004,0,1
0712_row_00044504,y,13高淳,02淳溪,淳溪夏辉单字,5,4,u,0.53361005,0.06464189,0.027036581,0.0068389415,0.03875979,0.53361005,0.31866494,0.00013823615,0.009885861,0.00042366024,u,0.53361005,0,1
0712_row_00044505,y,13高淳,02淳溪,淳溪夏辉单字,5,5,y,0.65257555,0.024063185,0.19891097,0.020392207,0.035989486,0.050615203,0.65257555,0.00024837535,0.015051145,0.0021538618,y,0.65257555,0,1
0712_row_00044506,y,13高淳,02淳溪,淳溪夏辉单字,5,5,y,0.63024426,0.026019119,0.29482985,0.01701976,0.009347139,0.018378694,0.63024426,6.719114e-05,0.0030277797,0.0010662405,y,0.63024426,0,1
0712_row_00044507,y,13高淳,02淳溪,淳溪夏辉单字,5,5,y,0.9400239,0.00064652995,0.027645012,0.005805132,0.006566947,0.016671618,0.9400239,1.9309411e-05,0.0024681021,0.00015341904,y,0.9400239,0,1
0712_row_00044508,a,13高淳,02淳溪,淳溪夏辉单字,0,0,a,0.5942213,0.5942213,0.31875205,0.006592737,0.00072008953,0.0015069174,8.637742e-05,7.804733e-05,0.0036659252,0.07437663,a,0.5942213,0,1
0712_row_00044509,a,13高淳,02淳溪,淳溪夏辉单字,0,0,a,0.8326326,0.8326326,0.00831639,3.0588653e-05,0.003976372,0.019715823,4.2429137e-06,0.00016586437,0.1351141,4.3936107e-05,a,0.8326326,0,1
0712_row_00044510,a,13高淳,02淳溪,淳溪夏辉单字,0,0,a,0.45253593,0.45253593,0.05594458,0.08364284,0.009129443,0.2579573,0.0876975,0.00018112425,0.041453402,0.011457853,a,0.45253593,0,1
0712_row_00044511,e,13高淳,02淳溪,淳溪夏辉单字,1,4,u,0.6536347,0.0067598335,0.29017046,0.002826811,0.0129967695,0.6536347,0.03061393,0.0001905251,0.0023748062,0.00043216953,u,0.6536347,0,1
0712_row_00044512,a,13高淳,02淳溪,淳溪夏辉单字,0,1,e,0.6240916,0.3046448,0.6240916,0.0074292026,0.002913313,0.04710674,0.001372648,0.0005928448,0.010220583,0.0016282855,e,0.6240916,0,1
0712_row_00044513,ɛ,13高淳,02淳溪,淳溪夏辉单字,8,5,y,0.70518583,0.0026990827,0.0023593863,0.029472422,0.010585038,0.2187265,0.70518583,0.0002187256,0.028608337,0.0021446673,y,0.70518583,0,1
0712_row_00044514,a,13高淳,02淳溪,淳溪夏辉单字,0,0,a,0.50230706,0.50230706,0.076586455,0.017322434,0.019384403,0.28360945,0.029926892,0.00046042725,0.06966848,0.0007343467,a,0.50230706,0,1
0712_row_00044515,ɛ,13高淳,02淳溪,淳溪夏辉单字,8,5,y,0.8207387,0.0032638651,0.06037153,0.0018611092,0.01046555,0.0006338551,0.8207387,2.670832e-05,0.09307207,0.009566697,y,0.8207387,0,1
0712_row_00044516,ɛ,13高淳,02淳溪,淳溪夏辉单字,8,5,y,0.58312464,0.0015092904,0.0002232602,0.017550414,0.020981498,0.37077817,0.58312464,6.060599e-05,0.004035086,0.0017370748,y,0.58312464,0,1
0712_row_00044517,ɛ,13高淳,02淳溪,淳溪夏辉单字,8,1,e,0.643964,0.26650238,0.643964,0.0006418343,0.013203855,0.020807622,0.0008115658,2.853172e-05,0.028575502,0.025464673,e,0.643964,0,1
0712_row_00044518,e,13高淳,02淳溪,淳溪夏辉单字,1,1,e,0.84581196,0.117475934,0.84581196,0.00018537359,0.00585636,0.01721092,0.00061006716,2.6287478e-05,0.011719972,0.0011029273,e,0.84581196,0,1
0712_row_00044519,a,13高淳,02淳溪,淳溪夏辉单字,0,0,a,0.8932949,0.8932949,0.0681949,0.0042329207,0.0016648114,0.01628721,0.00018682514,1.0588908e-05,0.014048107,0.0020796852,a,0.8932949,0,1
0712_row_00044520,i,13高淳,02淳溪,淳溪夏辉单字,2,2,i,0.4432685,0.0011360823,0.06261039,0.4432685,0.0054759798,0.1459185,0.33811212,0.0002069814,0.0015819506,0.0016894209,i,0.4432685,0,1
0712_row_00044521,i,13高淳,02淳溪,淳溪夏辉单字,2,2,i,0.99177027,0.00010240099,0.00054554746,0.99177027,4.8088023e-05,0.00058354257,0.0054334523,7.014501e-06,0.00029296786,0.0012167756,i,0.99177027,0,1
0712_row_00044522,i,13高淳,02淳溪,淳溪夏辉单字,2,5,y,0.5323274,0.008119888,0.013576724,0.41023523,0.033902,0.0011469873,0.5323274,3.2609172e-05,0.000511091,0.00014803887,y,0.5323274,0,1
0712_row_00044523,i,13高淳,02淳溪,淳溪夏辉单字,2,5,y,0.2900434,0.021209229,0.28624678,0.103882045,0.09888376,0.09202516,0.2900434,0.0051345197,0.09321072,0.009364369,y,0.2900434,0,1
0712_row_00044524,i,13高淳,02淳溪,淳溪夏辉单字,2,2,i,0.9483409,0.00016893061,0.004932215,0.9483409,0.00018773013,0.008632103,0.035109226,3.8624465e-05,0.0004194436,0.002170835,i,0.9483409,0,1
0712_row_00044525,i,13高淳,02淳溪,淳溪夏辉单字,2,2,i,0.84361,0.002547418,0.009214456,0.84361,0.0018898885,0.022621129,0.087816894,0.0003201544,0.009970926,0.022009058,i,0.84361,0,1
0712_row_00044526,i,13高淳,02淳溪,淳溪夏辉单字,2,3,o,0.8084613,0.020706128,0.006234737,0.0026604638,0.8084613,0.026066761,0.09142432,0.010789336,0.032910436,0.0007465786,o,0.8084613,0,1
0712_row_00044527,i,13高淳,02淳溪,淳溪夏辉单字,2,2,i,0.47819272,0.0007002241,0.01191706,0.47819272,0.0041213115,0.14464155,0.35369706,0.0002965412,0.004320782,0.002112736,i,0.47819272,0,1
0712_row_00044528,i,13高淳,02淳溪,淳溪夏辉单字,2,0,a,0.3490954,0.3490954,0.06428171,0.25876096,0.084141254,0.15153916,0.07417596,0.007356337,0.0076654423,0.0029837592,a,0.3490954,0,1
0712_row_00044529,i,13高淳,02淳溪,淳溪夏辉单字,2,4,u,0.521003,0.06173057,0.014663366,0.010569682,0.03862427,0.521003,0.3014605,0.0002739126,0.051108815,0.00056592503,u,0.521003,0,1
0712_row_00044530,i,13高淳,02淳溪,淳溪夏辉单字,2,2,i,0.98924786,8.9837835e-05,0.00082099595,0.98924786,2.6247026e-05,0.0021719774,0.0058641015,6.538675e-06,0.00024031305,0.0015320958,i,0.98924786,0,1
0712_row_00044531,i,13高淳,02淳溪,淳溪夏辉单字,2,2,i,0.99454874,4.237511e-05,0.00039336248,0.99454874,1.4325741e-05,0.002073368,0.0025941073,2.7716708e-06,7.660433e-05,0.0002544294,i,0.99454874,0,1
0712_row_00044532,i,13高淳,02淳溪,淳溪夏辉单字,2,2,i,0.95122963,0.00030795453,0.0040789195,0.95122963,0.00025898387,0.013660637,0.028774355,3.2661334e-05,0.00045598595,0.0012008892,i,0.95122963,0,1
0712_row_00044533,i,13高淳,02淳溪,淳溪夏辉单字,2,2,i,0.99670225,4.9467122e-05,0.00040510824,0.99670225,1.0572079e-05,0.0007529514,0.0014682336,1.7473508e-06,9.719584e-05,0.00051249884,i,0.99670225,0,1
0712_row_00044534,i,13高淳,02淳溪,淳溪夏辉单字,2,2,i,0.99650276,3.814173e-05,0.00034327936,0.99650276,1.240426e-05,0.00059437647,0.0021731947,2.0646655e-06,8.4824824e-05,0.00024908065,i,0.99650276,0,1
0712_row_00044535,e,13高淳,02淳溪,淳溪夏辉单字,1,4,u,0.5267308,0.019275725,0.38528255,0.008572794,0.012410425,0.5267308,0.044287674,0.00021914423,0.0024129776,0.00080795033,u,0.5267308,0,1
0712_row_00044536,e,13高淳,02淳溪,淳溪夏辉单字,1,1,e,0.32996938,0.19503666,0.32996938,0.035806462,0.04398721,0.28893185,0.03962031,0.0023370297,0.055260815,0.009050309,e,0.32996938,0,1
0712_row_00044537,e,13高淳,02淳溪,淳溪夏辉单字,1,1,e,0.6930111,0.022118196,0.6930111,0.015503326,0.0045190426,0.25976878,0.0020619433,0.0013726507,0.0013192983,0.0003256267,e,0.6930111,0,1
0712_row_00044538,e,13高淳,02淳溪,淳溪夏辉单字,1,1,e,0.7868398,0.016905028,0.7868398,0.004985205,0.0016820646,0.1836533,0.00080517074,0.0024499923,0.0015793913,0.0011000305,e,0.7868398,0,1
0712_row_00044539,e,13高淳,02淳溪,淳溪夏辉单字,1,1,e,0.94374406,0.0005881585,0.94374406,0.00019472816,0.0006719531,0.054226287,0.00015450566,2.7765504e-05,0.00029975676,9.2813665e-05,e,0.94374406,0,1
0712_row_00044540,u,13高淳,02淳溪,淳溪夏辉单字,4,8,ɛ,0.93876153,0.060307167,0.0005303825,0.00017271884,5.7443263e-05,1.992079e-06,2.3572543e-06,4.510524e-07,0.0001659599,0.93876153,ɛ,0.93876153,0,1
0712_row_00044541,a,13高淳,02淳溪,淳溪夏辉单字,0,8,ɛ,0.98501784,0.014290378,0.00045008803,2.7168526e-05,0.00013128767,1.1011147e-06,9.530676e-06,3.7644546e-07,7.224903e-05,0.98501784,ɛ,0.98501784,0,1
0712_row_00044542,u,13高淳,02淳溪,淳溪夏辉单字,4,4,u,0.4013529,0.09298001,0.2883497,0.017955389,0.08036979,0.4013529,0.11430203,0.00039905432,0.0038082968,0.00048288063,u,0.4013529,0,1
0712_row_00044543,a,13高淳,02淳溪,淳溪夏辉单字,0,0,a,0.788752,0.788752,0.027873049,0.0018027459,0.0110869445,0.12797982,0.00043147782,0.00027272358,0.04126599,0.0005351782,a,0.788752,0,1
0712_row_00044544,a,13高淳,02淳溪,淳溪夏辉单字,0,0,a,0.40512213,0.40512213,0.39861077,0.0012540623,0.08938967,0.08575323,0.0018025227,4.0901657e-05,0.015700346,0.0023263274,a,0.40512213,0,1
0712_row_00044545,a,13高淳,02淳溪,淳溪夏辉单字,0,0,a,0.95601815,0.95601815,0.003014311,0.025099622,6.410547e-05,0.00041253903,4.3481436e-06,9.602665e-06,0.0020459415,0.013331581,a,0.95601815,0,1
0712_row_00044546,a,13高淳,02淳溪,淳溪夏辉单字,0,0,a,0.6684103,0.6684103,0.0137380585,0.0006154748,0.12164156,0.08496434,0.0021055914,0.00027779044,0.108134225,0.00011272449,a,0.6684103,0,1
0712_row_00044547,a,13高淳,02淳溪,淳溪夏辉单字,0,0,a,0.99525416,0.99525416,0.00045458844,0.0016351955,0.00018976496,0.00040522183,2.4116923e-06,1.9288693e-05,0.0018397889,0.0001996869,a,0.99525416,0,1
0712_row_00044548,a,13高淳,02淳溪,淳溪夏辉单字,0,0,a,0.99077165,0.99077165,0.00067722506,0.005853642,0.00033237212,0.00031805108,6.602879e-06,7.2042436e-05,0.0014858781,0.00048242003,a,0.99077165,0,1
0712_row_00044549,e,13高淳,02淳溪,淳溪夏辉单字,1,1,e,0.83524543,0.0013006049,0.83524543,0.0015227196,0.0006991057,0.098828174,0.00021940864,0.00018241191,0.06106926,0.0009328402,e,0.83524543,0,1
0712_row_00044550,e,13高淳,02淳溪,淳溪夏辉单字,1,4,u,0.6917628,0.1560908,0.039776266,0.006871703,0.027514808,0.6917628,0.014144833,0.0008158042,0.06220034,0.0008225865,u,0.6917628,0,1
0712_row_00044551,e,13高淳,02淳溪,淳溪夏辉单字,1,1,e,0.4396152,0.018525196,0.4396152,0.000870656,0.009116642,0.40764216,0.011033108,0.0006298346,0.112163514,0.0004036504,e,0.4396152,0,1
0712_row_00044552,e,13高淳,02淳溪,淳溪夏辉单字,1,4,u,0.6365224,0.01180557,0.27788106,0.002653281,0.033061042,0.6365224,0.035507023,0.00021603702,0.0019649751,0.000388672,u,0.6365224,0,1
0712_row_00044553,e,13高淳,02淳溪,淳溪夏辉单字,1,1,e,0.72063893,0.014591536,0.72063893,0.0046579796,0.016460042,0.23653556,0.0031519362,0.0002690374,0.00244361,0.0012513646,e,0.72063893,0,1
0712_row_00044554,i,13高淳,02淳溪,淳溪夏辉单字,2,2,i,0.99281514,0.00029364647,0.000871472,0.99281514,6.3585496e-05,0.0014830751,0.0036200054,7.430889e-06,0.00028885363,0.00055669545,i,0.99281514,0,1
0712_row_00044555,i,13高淳,02淳溪,淳溪夏辉单字,2,5,y,0.5300639,0.00063230476,0.013003297,0.17111363,0.0052082753,0.27633798,0.5300639,8.937669e-05,0.0018870275,0.0016642838,y,0.5300639,0,1
0712_row_00044556,i,13高淳,02淳溪,淳溪夏辉单字,2,2,i,0.99466753,0.00034736263,0.0007322983,0.99466753,2.4791458e-05,0.0016872096,0.0019436356,2.638819e-06,0.00021942942,0.00037516988,i,0.99466753,0,1
0712_row_00044557,i,13高淳,02淳溪,淳溪夏辉单字,2,2,i,0.99503124,4.9722028e-05,0.0003399881,0.99503124,1.28118545e-05,0.0020097345,0.002040596,4.269199e-06,0.00010420043,0.00040758436,i,0.99503124,0,1
0712_row_00044558,i,13高淳,02淳溪,淳溪夏辉单字,2,0,a,0.52426505,0.52426505,0.0045782253,0.004994299,0.054885603,0.32965448,0.028840477,0.000489256,0.051896635,0.00039602726,a,0.52426505,0,1
0712_row_00044559,i,13高淳,02淳溪,淳溪夏辉单字,2,2,i,0.97731984,0.001192311,0.002170749,0.97731984,0.000110045454,0.0101711275,0.007534118,8.865803e-06,0.0005711373,0.0009218168,i,0.97731984,0,1
0712_row_00044560,i,13高淳,02淳溪,淳溪夏辉单字,2,2,i,0.98359364,0.00012643292,0.0012966334,0.98359364,8.022346e-05,0.005265849,0.009077583,7.490935e-06,0.00014808371,0.00040410142,i,0.98359364,0,1
0712_row_00044561,i,13高淳,02淳溪,淳溪夏辉单字,2,2,i,0.99766004,0.00043304372,0.00019750577,0.99766004,1.51045015e-05,0.00019095783,0.0006421008,1.8422769e-06,0.00027498163,0.0005843975,i,0.99766004,0,1
0712_row_00044562,i,13高淳,02淳溪,淳溪夏辉单字,2,2,i,0.799234,0.0016731746,0.03801419,0.799234,0.0023574522,0.08600248,0.070751436,0.00012308967,0.001187219,0.00065695867,i,0.799234,0,1
0712_row_00044563,i,13高淳,02淳溪,淳溪夏辉单字,2,2,i,0.76986986,0.0003971567,0.00816061,0.76986986,0.0011834924,0.031778272,0.1829517,0.00010867885,0.0007815506,0.0047687353,i,0.76986986,0,1
0712_row_00044564,i,13高淳,02淳溪,淳溪夏辉单字,2,0,a,0.4495571,0.4495571,0.062286813,0.01873913,0.0014368446,0.0013106184,0.002308265,0.00010499421,0.024547635,0.43970856,a,0.4495571,0,1
0712_row_00044565,e,13高淳,02淳溪,淳溪夏辉单字,1,1,e,0.94704485,0.014735149,0.94704485,0.008398794,0.0008899085,0.022125622,0.00012209413,0.0039915694,0.002340938,0.00035110654,e,0.94704485,0,1
0712_row_00044566,i,13高淳,02淳溪,淳溪夏辉单字,2,2,i,0.84951395,0.0004336425,0.0064559476,0.84951395,0.0009047285,0.08238394,0.055810757,0.00013638778,0.0019639991,0.0023965135,i,0.84951395,0,1
0712_row_00044567,i,13高淳,02淳溪,淳溪夏辉单字,2,4,u,0.32886177,0.29078174,0.01778473,0.018725215,0.024939338,0.32886177,0.12386884,0.0008149033,0.19095354,0.0032698442,u,0.32886177,0,1
0712_row_00044568,i,13高淳,02淳溪,淳溪夏辉单字,2,2,i,0.99710494,6.418806e-05,0.0003740047,0.99710494,1.2130379e-05,0.0012271021,0.0010463943,2.9572498e-06,4.5122382e-05,0.00012317886,i,0.99710494,0,1
0712_row_00044569,i,13高淳,02淳溪,淳溪夏辉单字,2,2,i,0.9943137,6.744462e-05,0.00038064935,0.9943137,2.3504044e-05,0.0012083094,0.0033588905,3.3248002e-06,0.00015073684,0.0004934034,i,0.9943137,0,1
0712_row_00044571,i,13高淳,02淳溪,淳溪夏辉单字,2,2,i,0.9825486,9.211809e-05,0.0014953064,0.9825486,5.4783264e-05,0.0040474217,0.0112842005,4.4513995e-06,0.00013739621,0.00033573477,i,0.9825486,0,1
0712_row_00044572,i,13高淳,02淳溪,淳溪夏辉单字,2,4,u,0.5382401,0.03757066,0.0045311516,0.0060440395,0.045397878,0.5382401,0.27648622,0.00026326443,0.09134676,0.000119990254,u,0.5382401,0,1
0712_row_00044573,i,13高淳,02淳溪,淳溪夏辉单字,2,2,i,0.99474865,8.014799e-05,0.0004310962,0.99474865,1.7638478e-05,0.0022108634,0.002126343,5.733599e-06,8.661148e-05,0.00029297156,i,0.99474865,0,1
0712_row_00044574,i,13高淳,02淳溪,淳溪夏辉单字,2,5,y,0.9137085,0.0011086465,0.043841664,0.010159188,0.0160309,0.0118923,0.9137085,4.6005436e-05,0.0030415833,0.00017121466,y,0.9137085,0,1
0712_row_00044576,i,13高淳,02淳溪,淳溪夏辉单字,2,2,i,0.9916391,0.00012018095,0.00040387645,0.9916391,3.3676613e-05,0.0017132049,0.0053228,4.9004766e-06,0.00019973553,0.0005625773,i,0.9916391,0,1
0712_row_00044577,i,13高淳,02淳溪,淳溪夏辉单字,2,2,i,0.99630296,1.8491332e-05,0.0002886744,0.99630296,7.948277e-06,0.0010263807,0.0018937336,1.9454624e-06,6.9044996e-05,0.00039088313,i,0.99630296,0,1
0712_row_00044578,i,13高淳,02淳溪,淳溪夏辉单字,2,2,i,0.99789774,2.6684158e-05,0.00021678547,0.99789774,7.5465578e-06,0.00041450537,0.0011665082,1.6496273e-06,7.982001e-05,0.00018878527,i,0.99789774,0,1
0712_row_00044579,i,13高淳,02淳溪,淳溪夏辉单字,2,2,i,0.99036086,6.612871e-05,0.0002674956,0.99036086,2.2533002e-05,0.0010686129,0.0068017542,4.4757367e-06,0.0001635957,0.0012444418,i,0.99036086,0,1
0712_row_00044580,i,13高淳,02淳溪,淳溪夏辉单字,2,2,i,0.98044384,0.00011576702,0.00076198706,0.98044384,7.432932e-05,0.0046987617,0.012606027,1.21628e-05,0.00020786698,0.0010793391,i,0.98044384,0,1
0712_row_00044581,i,13高淳,02淳溪,淳溪夏辉单字,2,2,i,0.95921606,0.00019362028,0.0037462944,0.95921606,0.0001592648,0.01584991,0.020438066,8.625701e-06,0.00014409728,0.00024400873,i,0.95921606,0,1
0712_row_00044582,i,13高淳,02淳溪,淳溪夏辉单字,2,2,i,0.95285666,0.0014647975,0.0015309717,0.95285666,0.0007825239,0.010750863,0.024933686,3.2047727e-05,0.0021054596,0.0055429437,i,0.95285666,0,1
0712_row_00044583,i,13高淳,02淳溪,淳溪夏辉单字,2,2,i,0.9989097,1.7208306e-05,8.559173e-05,0.9989097,2.9732958e-06,0.00013993838,0.00053098105,8.720017e-07,8.374474e-05,0.00022905186,i,0.9989097,0,1
0712_row_00044584,i,13高淳,02淳溪,淳溪夏辉单字,2,3,o,0.33484393,0.23761001,0.057541136,0.052739844,0.33484393,0.11246949,0.03848616,0.0030075072,0.16267677,0.0006251402,o,0.33484393,0,1
0712_row_00044585,i,13高淳,02淳溪,淳溪夏辉单字,2,2,i,0.99611276,5.5595563e-05,0.00028729043,0.99611276,1.6150789e-05,0.0014633023,0.0017601551,4.333792e-06,6.288314e-05,0.0002375447,i,0.99611276,0,1
0712_row_00044586,i,13高淳,02淳溪,淳溪夏辉单字,2,2,i,0.98196536,0.00018449481,0.0016193475,0.98196536,7.08776e-05,0.0049537197,0.010785427,6.2800864e-06,0.00016110949,0.0002534173,i,0.98196536,0,1
0712_row_00044587,i,13高淳,02淳溪,淳溪夏辉单字,2,2,i,0.66503227,0.011120272,0.08076918,0.66503227,0.011309181,0.006292572,0.19810936,0.0003771737,0.009446885,0.017543215,i,0.66503227,0,1
0712_row_00044588,i,13高淳,02淳溪,淳溪夏辉单字,2,2,i,0.9869306,0.00014139715,0.0008077878,0.9869306,5.0305236e-05,0.004204435,0.007264016,9.06816e-06,0.00015570487,0.00043673947,i,0.9869306,0,1
0712_row_00044589,i,13高淳,02淳溪,淳溪夏辉单字,2,2,i,0.9948212,6.0131573e-05,0.00036407402,0.9948212,1.9304181e-05,0.000724364,0.003096693,5.827782e-06,0.00022328255,0.00068506267,i,0.9948212,0,1
0712_row_00044590,i,13高淳,02淳溪,淳溪夏辉单字,2,2,i,0.97308546,0.0001309703,0.002410174,0.97308546,0.00010293779,0.009347394,0.014250533,1.1894637e-05,0.00023620765,0.00042447753,i,0.97308546,0,1
0712_row_00044591,u,13高淳,02淳溪,淳溪夏辉单字,4,4,u,0.7059153,0.01406445,0.009193529,0.005632584,0.07363228,0.7059153,0.12372718,0.0002720881,0.06690828,0.000654344,u,0.7059153,0,1
0712_row_00044592,u,13高淳,02淳溪,淳溪夏辉单字,4,4,u,0.65841544,0.017308155,0.18411034,0.0028486056,0.09650061,0.65841544,0.038579997,8.087301e-05,0.0019701777,0.0001858972,u,0.65841544,0,1
0712_row_00044593,u,13高淳,02淳溪,淳溪夏辉单字,4,4,u,0.53667516,0.09145231,0.037845604,0.024793008,0.1983865,0.53667516,0.101021424,0.0002917745,0.0077701123,0.0017640779,u,0.53667516,0,1
0712_row_00044594,u,13高淳,02淳溪,淳溪夏辉单字,4,4,u,0.61844957,0.04400774,0.17005245,0.0067150053,0.058172736,0.61844957,0.09248506,0.0003078587,0.009037545,0.00077199994,u,0.61844957,0,1
0712_row_00044595,u,13高淳,02淳溪,淳溪夏辉单字,4,4,u,0.6263815,0.03187933,0.16884851,0.0043884553,0.07653475,0.6263815,0.087380655,0.00019860624,0.0041801,0.00020799765,u,0.6263815,0,1
0712_row_00044596,u,13高淳,02淳溪,淳溪夏辉单字,4,1,e,0.6216817,0.001413853,0.6216817,0.000795166,0.0029820963,0.37022397,0.0022039488,0.00021855661,0.00038000368,0.00010058855,e,0.6216817,0,1
0712_row_00044597,u,13高淳,02淳溪,淳溪夏辉单字,4,4,u,0.5842793,0.007898568,0.0618171,0.0016853565,0.03328561,0.5842793,0.012133502,0.0030396553,0.29475713,0.0011037849,u,0.5842793,0,1
0712_row_00044598,u,13高淳,02淳溪,淳溪夏辉单字,4,4,u,0.41761583,0.06121073,0.083910756,0.004356494,0.05481706,0.41761583,0.33886027,0.0004796718,0.03689345,0.0018556012,u,0.41761583,0,1
0712_row_00044599,u,13高淳,02淳溪,淳溪夏辉单字,4,4,u,0.4569967,0.020257222,0.44651332,0.0015701615,0.019612048,0.4569967,0.007824296,0.0011276694,0.045108,0.0009904741,u,0.4569967,0,1
0712_row_00044600,u,13高淳,02淳溪,淳溪夏辉单字,4,4,u,0.82603127,0.005704907,0.0055664554,0.00038858788,0.06376671,0.82603127,0.07477162,4.1680127e-05,0.023674466,5.4283013e-05,u,0.82603127,0,1
0712_row_00044601,u,13高淳,02淳溪,淳溪夏辉单字,4,4,u,0.82282716,0.033383124,0.049540006,0.0083379885,0.046097405,0.82282716,0.035706498,0.00010674975,0.0038273484,0.0001737553,u,0.82282716,0,1
0712_row_00044602,u,13高淳,02淳溪,淳溪夏辉单字,4,4,u,0.63822794,0.03512587,0.13151214,0.0032950914,0.07724889,0.63822794,0.10637265,0.0002088884,0.0076598926,0.00034861764,u,0.63822794,0,1
0712_row_00044603,e,13高淳,02淳溪,淳溪夏辉单字,1,1,e,0.91610914,0.0005632966,0.91610914,0.00037612245,0.00042391993,0.08022689,0.00038006154,5.0546336e-05,0.001757153,0.000112826994,e,0.91610914,0,1
0712_row_00044604,e,13高淳,02淳溪,淳溪夏辉单字,1,1,e,0.7847873,0.0012731231,0.7847873,0.0004535942,0.0012372591,0.20539907,0.0012752289,0.00012819738,0.005324949,0.00012146076,e,0.7847873,0,1
0712_row_00044605,e,13高淳,02淳溪,淳溪夏辉单字,1,4,u,0.4303443,0.38252297,0.11177991,0.01132017,0.02922424,0.4303443,0.007924012,0.0009450038,0.022849698,0.0030897034,u,0.4303443,0,1
0712_row_00044606,e,13高淳,02淳溪,淳溪夏辉单字,1,1,e,0.4602365,0.08281968,0.4602365,0.006427432,0.009190474,0.42878103,0.004325132,0.00034997036,0.0064460505,0.0014238851,e,0.4602365,0,1
0712_row_00044607,u,13高淳,02淳溪,淳溪夏辉单字,4,4,u,0.6503336,0.043464635,0.036330014,0.04403078,0.036853086,0.6503336,0.15442179,0.00093086885,0.033311717,0.0003235414,u,0.6503336,0,1
0712_row_00044608,u,13高淳,02淳溪,淳溪夏辉单字,4,4,u,0.7387761,0.025289048,0.20148255,0.009322208,0.0147913685,0.7387761,0.009506838,2.6484238e-05,0.0004934042,0.0003120164,u,0.7387761,0,1
0712_row_00044610,u,13高淳,02淳溪,淳溪夏辉单字,4,4,u,0.5825122,0.09803907,0.21273305,0.005148377,0.059869442,0.5825122,0.015940234,0.00072552875,0.024100391,0.0009316622,u,0.5825122,0,1
0712_row_00044611,ɔ,13高淳,02淳溪,淳溪夏辉单字,6,0,a,0.6365717,0.6365717,0.014478436,0.07743317,0.027067527,0.2053678,0.023663048,0.00047079133,0.0028738705,0.012073541,a,0.6365717,0,1
0712_row_00044612,a,13高淳,02淳溪,淳溪夏辉单字,0,0,a,0.5270863,0.5270863,0.00867666,0.03445013,0.17606789,0.17466559,0.07170203,0.0008531427,0.0040918235,0.0024064293,a,0.5270863,0,1
0712_row_00044613,a,13高淳,02淳溪,淳溪夏辉单字,0,0,a,0.84310365,0.84310365,0.009687946,0.0048322375,0.025671164,0.042971257,0.0027384465,0.0018025789,0.033843823,0.03534893,a,0.84310365,0,1
0712_row_00044614,ɔ,13高淳,02淳溪,淳溪夏辉单字,6,3,o,0.6352496,0.30586126,0.005479678,0.00024021212,0.6352496,0.037858535,0.0016276103,0.00071695907,0.0129471645,1.8956829e-05,o,0.6352496,0,1
0712_row_00044615,a,13高淳,02淳溪,淳溪夏辉单字,0,0,a,0.50714463,0.50714463,0.0012812905,8.665756e-05,0.45612925,0.0051455945,0.00013583132,0.026860671,0.003192088,2.3881199e-05,a,0.50714463,0,1
0712_row_00044616,ɔ,13高淳,02淳溪,淳溪夏辉单字,6,7,ə,0.42112237,0.2702927,0.013590943,0.002046965,0.06464528,0.21566398,0.0033339772,0.003909992,0.42112237,0.005393631,ə,0.42112237,0,1
0712_row_00044617,ɔ,13高淳,02淳溪,淳溪夏辉单字,6,3,o,0.5868745,0.19532107,0.0031877577,3.1025425e-05,0.5868745,0.10020191,0.00011851425,0.022044275,0.09198121,0.0002397483,o,0.5868745,0,1
0712_row_00044618,ɔ,13高淳,02淳溪,淳溪夏辉单字,6,7,ə,0.34545365,0.31914318,0.009055357,8.9818765e-05,0.16589992,0.08519795,0.0001349922,0.07468278,0.34545365,0.00034235412,ə,0.34545365,0,1
0712_row_00044619,ɔ,13高淳,02淳溪,淳溪夏辉单字,6,0,a,0.4015154,0.4015154,0.0042623,0.00012696476,0.19433832,0.18825267,0.0006762577,0.0060661454,0.20376064,0.0010013174,a,0.4015154,0,1
0712_row_00044620,a,13高淳,02淳溪,淳溪夏辉单字,0,0,a,0.64847845,0.64847845,0.0152018955,0.015003278,0.3114089,0.0042028837,0.00051412365,0.0036435209,0.0010697063,0.00047713853,a,0.64847845,0,1
0712_row_00044621,a,13高淳,02淳溪,淳溪夏辉单字,0,0,a,0.8551276,0.8551276,0.040834077,0.0052154735,0.021319762,0.03917441,0.001764366,0.00050530554,0.021417536,0.014641483,a,0.8551276,0,1
0712_row_00044622,a,13高淳,02淳溪,淳溪夏辉单字,0,0,a,0.77897215,0.77897215,0.072995394,0.0007874117,0.06091596,0.0036429383,0.00012221931,0.02517468,0.04570105,0.011688238,a,0.77897215,0,1
0712_row_00044623,ɔ,13高淳,02淳溪,淳溪夏辉单字,6,2,i,0.6285618,0.31029135,0.045550812,0.6285618,0.0032366049,0.00090466155,0.00056797924,6.1396364e-05,0.0005636783,0.010261718,i,0.6285618,0,1
0712_row_00044624,ɔ,13高淳,02淳溪,淳溪夏辉单字,6,0,a,0.95718944,0.95718944,0.0027306548,0.007889974,0.007090454,0.013783901,0.00044961972,0.00040360962,0.0061062938,0.004356258,a,0.95718944,0,1
0712_row_00044625,a,13高淳,02淳溪,淳溪夏辉单字,0,3,o,0.9546205,0.0398666,0.0011375217,4.5490797e-05,0.9546205,0.0011149372,5.9775317e-05,0.0028452433,0.0003040091,6.1956844e-06,o,0.9546205,0,1
0712_row_00044626,a,13高淳,02淳溪,淳溪夏辉单字,0,4,u,0.52154166,0.021404378,0.003516356,0.00058375276,0.27322242,0.52154166,0.1339176,0.00019974895,0.04522665,0.0003874011,u,0.52154166,0,1
0712_row_00044627,a,13高淳,02淳溪,淳溪夏辉单字,0,7,ə,0.33331245,0.12822205,0.13809569,0.0058776024,0.0366778,0.08703323,0.0797295,0.00089897297,0.33331245,0.19015266,ə,0.33331245,0,1
0712_row_00044628,a,13高淳,02淳溪,淳溪夏辉单字,0,7,ə,0.5035785,0.24911427,0.016120775,0.00049355754,0.107389726,0.10973659,0.0017161522,0.0059102685,0.5035785,0.0059402115,ə,0.5035785,0,1
0712_row_00044629,a,13高淳,02淳溪,淳溪夏辉单字,0,3,o,0.7888489,0.10617225,0.0049654166,0.00054038665,0.7888489,0.06411461,0.009208612,0.0045446595,0.021402493,0.00020262219,o,0.7888489,0,1
0712_row_00044630,a,13高淳,02淳溪,淳溪夏辉单字,0,0,a,0.40890035,0.40890035,0.033992052,0.005418018,0.0014029902,0.0013236436,0.015173059,0.0004307222,0.13678516,0.396574,a,0.40890035,0,1
0712_row_00044631,u,13高淳,02淳溪,淳溪夏辉单字,4,5,y,0.8049538,0.03010108,0.0013608581,0.011615114,0.12926814,0.01753802,0.8049538,3.2706146e-05,0.005071684,5.8647365e-05,y,0.8049538,0,1
0712_row_00044632,o,13高淳,02淳溪,淳溪夏辉单字,3,1,e,0.4500685,0.05608438,0.4500685,0.12723072,0.04903246,0.26953098,0.003062334,0.0020175853,0.041955035,0.0010179019,e,0.4500685,0,1
0712_row_00044633,o,13高淳,02淳溪,淳溪夏辉单字,3,1,e,0.89197403,0.06321303,0.89197403,0.013001657,0.0018658601,0.010288321,0.0010682135,0.00047039465,0.0026546104,0.015463811,e,0.89197403,0,1
0712_row_00044634,o,13高淳,02淳溪,淳溪夏辉单字,3,7,ə,0.55992335,0.061693534,0.009421473,0.0004037142,0.024524061,0.33148438,0.003230875,0.009169169,0.55992335,0.00014936144,ə,0.55992335,0,1
0712_row_00044635,o,13高淳,02淳溪,淳溪夏辉单字,3,8,ɛ,0.5835453,0.10553611,0.0165124,0.00079761905,0.015816081,6.8969115e-05,0.027927713,8.8865716e-05,0.24970691,0.5835453,ɛ,0.5835453,0,1
0712_row_00044636,o,13高淳,02淳溪,淳溪夏辉单字,3,5,y,0.84584546,0.0033705798,0.009193113,0.00213873,0.04554833,0.08154424,0.84584546,6.7673245e-05,0.0119920345,0.0002998525,y,0.84584546,0,1
0712_row_00044637,o,13高淳,02淳溪,淳溪夏辉单字,3,0,a,0.26679254,0.26679254,0.21976815,0.05499328,0.1582831,0.20426019,0.037901048,0.0026854726,0.04838369,0.0069325655,a,0.26679254,0,1
0712_row_00044638,o,13高淳,02淳溪,淳溪夏辉单字,3,5,y,0.61339825,0.043782707,0.004698192,0.022737326,0.05131858,0.25768194,0.61339825,0.00037807488,0.00535006,0.0006549534,y,0.61339825,0,1
0712_row_00044639,o,13高淳,02淳溪,淳溪夏辉单字,3,4,u,0.66786313,0.024129001,0.18385528,0.00041818662,0.108875886,0.66786313,0.005934138,3.4152446e-05,0.008665545,0.00022469649,u,0.66786313,0,1
0712_row_00044640,o,13高淳,02淳溪,淳溪夏辉单字,3,1,e,0.9517422,0.017619137,0.9517422,5.622303e-05,0.007047861,0.018757705,0.00020145977,1.2733135e-05,0.0017129887,0.0028497626,e,0.9517422,0,1
0712_row_00044641,u,13高淳,02淳溪,淳溪夏辉单字,4,5,y,0.50114775,0.0006732453,0.0002491583,0.0002298211,0.0048095454,0.49145702,0.50114775,5.911755e-06,0.0014135507,1.4001981e-05,y,0.50114775,0,1
0712_row_00044642,u,13高淳,02淳溪,淳溪夏辉单字,4,4,u,0.498574,0.0038358863,0.0006527636,0.00069135166,0.007578363,0.498574,0.48662156,1.848115e-05,0.0019706339,5.7048615e-05,u,0.498574,0,1
0712_row_00044643,u,13高淳,02淳溪,淳溪夏辉单字,4,5,y,0.5025967,0.0034112143,0.00048256546,0.0018414244,0.0050563845,0.48376283,0.5025967,4.9746937e-05,0.00264121,0.00015801164,y,0.5025967,0,1
0712_row_00044644,u,13高淳,02淳溪,淳溪夏辉单字,4,4,u,0.6012999,0.01428809,0.0009951572,0.00037946494,0.027735088,0.6012999,0.35036004,2.0949441e-05,0.004860708,6.0557795e-05,u,0.6012999,0,1
0712_row_00044645,o,13高淳,02淳溪,淳溪夏辉单字,3,4,u,0.7781112,0.015865983,0.012687092,0.0027607898,0.08069415,0.7781112,0.052139238,0.00058529223,0.056644894,0.0005113629,u,0.7781112,0,1
0712_row_00044646,o,13高淳,02淳溪,淳溪夏辉单字,3,5,y,0.6205769,0.0045386506,0.0010660598,0.0034121347,0.011573821,0.3471463,0.6205769,4.7907106e-05,0.011552111,8.607816e-05,y,0.6205769,0,1
0712_row_00044647,o,13高淳,02淳溪,淳溪夏辉单字,3,4,u,0.5705604,0.0029177133,0.0037138104,0.0068830824,0.018390574,0.5705604,0.3925041,6.311565e-05,0.0048067127,0.00016054939,u,0.5705604,0,1
0712_row_00044648,o,13高淳,02淳溪,淳溪夏辉单字,3,4,u,0.49916086,0.0015203609,0.0008404955,0.0010798523,0.01831579,0.49916086,0.4690752,3.0703144e-05,0.009902866,7.3948824e-05,u,0.49916086,0,1
0712_row_00044649,o,13高淳,02淳溪,淳溪夏辉单字,3,4,u,0.5676696,0.004327889,0.0011380735,0.0013689084,0.020520765,0.5676696,0.39789134,3.0659005e-05,0.0069612083,9.159087e-05,u,0.5676696,0,1
0712_row_00044650,o,13高淳,02淳溪,淳溪夏辉单字,3,5,y,0.9772298,0.00017684916,0.0023463368,0.0032292653,0.0071162162,0.0036424655,0.9772298,5.782712e-06,0.0062344545,1.8740508e-05,y,0.9772298,0,1
0712_row_00044651,o,13高淳,02淳溪,淳溪夏辉单字,3,4,u,0.53516626,0.002663948,0.0031006471,0.0022660168,0.02699413,0.53516626,0.4204239,5.5015422e-05,0.009179618,0.00015044532,u,0.53516626,0,1
0712_row_00044652,o,13高淳,02淳溪,淳溪夏辉单字,3,5,y,0.96918046,0.00035365592,0.010997392,0.00072824804,0.008240355,0.008877362,0.96918046,1.2029863e-05,0.0015847726,2.5641199e-05,y,0.96918046,0,1
0712_row_00044653,o,13高淳,02淳溪,淳溪夏辉单字,3,5,y,0.9540875,0.00026580362,0.028938891,0.0022337788,0.0054177805,0.0053153355,0.9540875,1.3930713e-05,0.003597932,0.00012913332,y,0.9540875,0,1
0712_row_00044654,o,13高淳,02淳溪,淳溪夏辉单字,3,5,y,0.9879496,4.8032274e-05,0.003098523,0.0014031018,0.00390969,0.0028350288,0.9879496,3.9863985e-06,0.0007414216,1.063931e-05,y,0.9879496,0,1
0712_row_00044655,o,13高淳,02淳溪,淳溪夏辉单字,3,5,y,0.96117866,0.0006203589,0.008222239,0.0071743177,0.0037387593,0.013932344,0.96117866,1.5818187e-05,0.0050558206,6.173287e-05,y,0.96117866,0,1
0712_row_00044656,o,13高淳,02淳溪,淳溪夏辉单字,3,5,y,0.9928536,1.47601795e-05,0.0014262751,0.00095361983,0.0027805844,0.001003863,0.9928536,1.2459124e-06,0.00096061255,5.388378e-06,y,0.9928536,0,1
0712_row_00044657,a,13高淳,02淳溪,淳溪夏辉单字,0,5,y,0.9691402,0.00019471034,0.0013351105,0.00054416555,0.016517676,0.0115698725,0.9691402,6.2860163e-06,0.0006878514,4.141803e-06,y,0.9691402,0,1
0712_row_00044658,a,13高淳,02淳溪,淳溪夏辉单字,0,5,y,0.55752605,0.0026204635,0.0010646569,0.13526756,0.019596381,0.2732932,0.55752605,0.00012614035,0.006165165,0.0043404168,y,0.55752605,0,1
0712_row_00044659,a,13高淳,02淳溪,淳溪夏辉单字,0,5,y,0.7098116,0.0045338436,0.0041152933,0.0049033826,0.037417967,0.20870996,0.7098116,0.00016197622,0.029890882,0.00045509002,y,0.7098116,0,1
0712_row_00044660,a,13高淳,02淳溪,淳溪夏辉单字,0,5,y,0.7418817,0.0027781974,0.00039364627,0.0889035,0.010538157,0.13052668,0.7418817,0.00012954648,0.0055681653,0.019280318,y,0.7418817,0,1
0712_row_00044661,a,13高淳,02淳溪,淳溪夏辉单字,0,0,a,0.82320994,0.82320994,0.00019368369,0.013137042,0.0037695854,0.090146504,0.010841761,2.1311089e-05,0.058328774,0.0003513459,a,0.82320994,0,1
0712_row_00044662,a,13高淳,02淳溪,淳溪夏辉单字,0,2,i,0.56827456,0.004537942,0.0023490468,0.56827456,0.002851638,0.050129108,0.34327504,0.0002697438,0.0038488633,0.024463885,i,0.56827456,0,1
0712_row_00044663,a,13高淳,02淳溪,淳溪夏辉单字,0,5,y,0.6261527,0.0044766697,0.00048018518,0.01888834,0.01957955,0.3142578,0.6261527,0.00017610795,0.009390114,0.006598569,y,0.6261527,0,1
0712_row_00044664,a,13高淳,02淳溪,淳溪夏辉单字,0,0,a,0.6594647,0.6594647,0.0034632157,0.0007347089,0.0019793715,0.00070168823,1.1962351e-05,0.22951087,0.1023121,0.0018213673,a,0.6594647,0,1
0712_row_00044665,a,13高淳,02淳溪,淳溪夏辉单字,0,5,y,0.5810266,0.0087293945,0.003010112,0.27448633,0.00731043,0.06414166,0.5810266,0.0012863756,0.010173914,0.04983512,y,0.5810266,0,1
0712_row_00044666,a,13高淳,02淳溪,淳溪夏辉单字,0,5,y,0.5133448,0.00090901944,0.0030588505,0.030185549,0.020217681,0.4277802,0.5133448,0.00014450192,0.0031071508,0.0012523017,y,0.5133448,0,1
0712_row_00044667,a,13高淳,02淳溪,淳溪夏辉单字,0,8,ɛ,0.9570231,0.04255107,8.8237335e-05,7.834307e-05,4.7989e-05,2.7406958e-07,2.5030338e-06,5.6520923e-07,0.00020786237,0.9570231,ɛ,0.9570231,0,1
0712_row_00044668,i,13高淳,02淳溪,淳溪夏辉单字,2,5,y,0.69512784,0.0004027277,0.00039891098,0.060341753,0.0076972516,0.23406143,0.69512784,6.4467225e-05,0.00081566366,0.0010900073,y,0.69512784,0,1
0712_row_00044669,a,13高淳,02淳溪,淳溪夏辉单字,0,5,y,0.78165644,0.0010730119,0.00035814577,0.045132708,0.0074921665,0.15728328,0.78165644,8.975342e-05,0.0026946012,0.0042199963,y,0.78165644,0,1
0712_row_00044670,a,13高淳,02淳溪,淳溪夏辉单字,0,0,a,0.8010969,0.8010969,0.0025297278,0.1284991,0.00024781216,0.0001503897,0.00077692413,0.00012986924,0.03183137,0.034737833,a,0.8010969,0,1
0712_row_00044671,a,13高淳,02淳溪,淳溪夏辉单字,0,5,y,0.49433896,0.0015114845,0.0060974723,0.38644686,0.00450172,0.08993214,0.49433896,0.00025741121,0.0024040514,0.014509898,y,0.49433896,0,1
0712_row_00044672,a,13高淳,02淳溪,淳溪夏辉单字,0,5,y,0.60989153,0.0024038497,0.009020792,0.25440258,0.006466781,0.096831255,0.60989153,0.00033815618,0.004309775,0.016335195,y,0.60989153,0,1
0712_row_00044673,ə,13高淳,02淳溪,淳溪夏辉单字,7,7,ə,0.46908832,0.18641903,0.10260124,0.00038400342,0.22591132,0.007693308,0.00030062618,0.00721753,0.46908832,0.0003845887,ə,0.46908832,0,1
0712_row_00044674,i,13高淳,02淳溪,淳溪夏辉单字,2,2,i,0.2390126,0.111241505,0.12742382,0.2390126,0.0052601704,0.0034103494,0.23466533,0.00032339987,0.17955089,0.09911201,i,0.2390126,0,1
0712_row_00044675,a,13高淳,02淳溪,淳溪夏辉单字,0,5,y,0.66732925,0.0010623698,0.0028872616,0.05716198,0.014008663,0.25312734,0.66732925,0.00016974962,0.002407114,0.00184635,y,0.66732925,0,1
0712_row_00044676,i,13高淳,02淳溪,淳溪夏辉单字,2,1,e,0.7132101,0.24487104,0.7132101,0.031468906,0.002266991,0.0052125673,0.00016778517,0.00045882468,0.0022068294,0.00013701084,e,0.7132101,0,1
0712_row_00044677,i,13高淳,02淳溪,淳溪夏辉单字,2,0,a,0.6088068,0.6088068,0.0005918321,0.38514942,0.00054908945,0.0010994206,0.0020391012,4.6465616e-06,0.0016494063,0.00011024255,a,0.6088068,0,1
0712_row_00044678,i,13高淳,02淳溪,淳溪夏辉单字,2,4,u,0.49697,0.20231175,0.00027805148,0.071574815,0.087358885,0.49697,0.05695575,0.00017281098,0.083918944,0.00045900335,u,0.49697,0,1
0712_row_00044679,y,13高淳,02淳溪,淳溪夏辉单字,5,4,u,0.42955038,0.22142063,0.00031155214,0.032118887,0.15681133,0.42955038,0.082137644,0.00024781819,0.07686624,0.0005355362,u,0.42955038,0,1
0712_row_00044680,a,13高淳,02淳溪,淳溪夏辉单字,0,3,o,0.95325166,0.037371136,5.07907e-05,5.9492004e-07,0.95325166,0.0020973596,3.828185e-06,3.5724475e-05,0.0071866396,2.2345264e-06,o,0.95325166,0,1
0712_row_00044681,i,13高淳,02淳溪,淳溪夏辉单字,2,0,a,0.6887484,0.6887484,0.00042604157,0.001373431,0.011949623,0.001307978,0.0028755162,2.1910984e-05,0.2930791,0.0002179824,a,0.6887484,0,1
0712_row_00044682,i,13高淳,02淳溪,淳溪夏辉单字,2,7,ə,0.5533351,0.1093895,0.16823563,0.044975396,0.015964312,0.0040824185,0.013423684,0.005455596,0.5533351,0.0851384,ə,0.5533351,0,1
0712_row_00044683,a,13高淳,02淳溪,淳溪夏辉单字,0,5,y,0.765831,0.0017938887,0.010522446,0.0035570117,0.033319123,0.15267621,0.765831,4.826287e-05,0.031739224,0.0005127546,y,0.765831,0,1
0712_row_00044684,a,13高淳,02淳溪,淳溪夏辉单字,0,5,y,0.54149413,0.022148753,0.03166425,0.014367945,0.021620326,0.29858145,0.54149413,0.00023841012,0.06469543,0.005189343,y,0.54149413,0,1
0712_row_00044685,a,13高淳,02淳溪,淳溪夏辉单字,0,2,i,0.46567702,0.42265472,0.03996541,0.46567702,0.0017210556,0.0022184902,0.06310748,1.39439935e-05,0.0023517357,0.0022900985,i,0.46567702,0,1
0712_row_00044686,a,13高淳,02淳溪,淳溪夏辉单字,0,5,y,0.73709357,0.0010594764,0.00026938537,0.06199471,0.008998862,0.18144643,0.73709357,5.5148077e-05,0.0015304098,0.0075520207,y,0.73709357,0,1
0712_row_00044687,a,13高淳,02淳溪,淳溪夏辉单字,0,5,y,0.55872464,0.069970645,0.017953152,0.017028969,0.17035419,0.12493665,0.55872464,0.0009019564,0.036301557,0.0038281998,y,0.55872464,0,1
0712_row_00044688,a,13高淳,02淳溪,淳溪夏辉单字,0,5,y,0.5696913,0.0058202846,0.0011065623,0.0017292874,0.029899633,0.37985796,0.5696913,3.500253e-05,0.011788491,7.153751e-05,y,0.5696913,0,1
0712_row_00044689,a,13高淳,02淳溪,淳溪夏辉单字,0,1,e,0.8880905,0.020034492,0.8880905,3.0454017e-05,0.012092828,0.019315818,0.0007488502,8.8470224e-05,0.05779222,0.0018063346,e,0.8880905,0,1
0712_row_00044690,a,13高淳,02淳溪,淳溪夏辉单字,0,5,y,0.76220286,0.013439336,0.0054737055,0.010615179,0.07990168,0.12608333,0.76220286,0.00015813252,0.0018213785,0.00030436373,y,0.76220286,0,1
0712_row_00044691,a,13高淳,02淳溪,淳溪夏辉单字,0,0,a,0.5477357,0.5477357,0.00023608623,0.00036573544,0.0013161134,0.00012338281,1.1883241e-06,0.44931394,0.00083695806,7.08151e-05,a,0.5477357,0,1
0712_row_00044692,a,13高淳,02淳溪,淳溪夏辉单字,0,5,y,0.7698381,0.000899116,0.0002452429,0.13297798,0.0051527214,0.07794981,0.7698381,7.453261e-05,0.002001872,0.010860588,y,0.7698381,0,1
0712_row_00044693,a,13高淳,02淳溪,淳溪夏辉单字,0,5,y,0.7039241,0.000924105,0.0013286297,0.16525117,0.0048744287,0.11603052,0.7039241,0.00012721316,0.0025878032,0.004951983,y,0.7039241,0,1
0712_row_00044694,a,13高淳,02淳溪,淳溪夏辉单字,0,0,a,0.50524086,0.50524086,0.0070055723,0.4547651,0.0006759982,0.00031708914,6.349487e-05,0.019972317,0.0006333559,0.011326198,a,0.50524086,0,1
0712_row_00044695,a,13高淳,02淳溪,淳溪夏辉单字,0,0,a,0.88094854,0.88094854,0.0022499121,0.00011134225,0.004518399,0.0024553544,9.356471e-06,0.039941564,0.06881743,0.00094831723,a,0.88094854,0,1
0712_row_00044696,a,13高淳,02淳溪,淳溪夏辉单字,0,5,y,0.51151603,0.00069033157,0.0023957633,0.22853188,0.006193643,0.24462254,0.51151603,0.00013590475,0.0020620516,0.0038518114,y,0.51151603,0,1
0712_row_00044697,i,13高淳,02淳溪,淳溪夏辉单字,2,5,y,0.7809027,0.0012361297,0.02197089,0.04529766,0.015738761,0.13285366,0.7809027,6.984575e-05,0.0013630254,0.0005674094,y,0.7809027,0,1
0712_row_00044698,i,13高淳,02淳溪,淳溪夏辉单字,2,2,i,0.7247086,0.0109642865,0.080609,0.7247086,0.0026645872,0.009035777,0.17101227,8.495453e-05,0.00018959217,0.0007309922,i,0.7247086,0,1
0712_row_00044699,i,13高淳,02淳溪,淳溪夏辉单字,2,2,i,0.90206546,0.010997673,0.053168416,0.90206546,0.0021265084,0.0003687082,0.031112093,7.918657e-06,4.8594324e-05,0.00010452053,i,0.90206546,0,1
0712_row_00044700,i,13高淳,02淳溪,淳溪夏辉单字,2,2,i,0.66523427,0.0005215648,0.0003465994,0.66523427,0.0006768256,0.013390723,0.30857167,3.945688e-05,0.00044738463,0.010771456,i,0.66523427,0,1
0712_row_00044701,a,13高淳,02淳溪,淳溪夏辉单字,0,5,y,0.705201,0.0025377807,0.00048162288,0.08942014,0.012715761,0.15478781,0.705201,9.30064e-05,0.0058992025,0.028863717,y,0.705201,0,1
0712_row_00044702,a,13高淳,02淳溪,淳溪夏辉单字,0,5,y,0.79347897,0.0010178512,0.00034333282,0.028639546,0.013292777,0.15386802,0.79347897,7.1621835e-05,0.0032765672,0.0060113356,y,0.79347897,0,1
0712_row_00044703,e,13高淳,02淳溪,淳溪夏辉单字,1,8,ɛ,0.41947034,0.32843873,0.2121934,0.025689485,0.00059132907,0.0005045536,0.004097103,3.3266067e-05,0.008981923,0.41947034,ɛ,0.41947034,0,1
0712_row_00044704,ə,13高淳,02淳溪,淳溪夏辉单字,7,0,a,0.7062056,0.7062056,0.012526791,0.0002790094,0.025707252,0.06391785,0.00013477854,0.0014606854,0.18955974,0.00020831017,a,0.7062056,0,1
0712_row_00044705,i,13高淳,02淳溪,淳溪夏辉单字,2,2,i,0.48848397,0.004369375,0.11238555,0.48848397,0.0057705375,0.0008529298,0.38769075,9.570323e-06,0.00013110499,0.00030613222,i,0.48848397,0,1
0712_row_00044706,e,13高淳,02淳溪,淳溪夏辉单字,1,0,a,0.58487713,0.58487713,0.24530321,0.15938078,0.00045467747,0.0039605233,0.00012485149,7.630068e-05,0.0017186215,0.004103972,a,0.58487713,0,1
0712_row_00044707,i,13高淳,02淳溪,淳溪夏辉单字,2,2,i,0.6187614,0.24557441,0.09667334,0.6187614,0.0021078463,0.0017067263,0.029713705,4.9370785e-05,0.0023930809,0.0030201438,i,0.6187614,0,1
0712_row_00044708,a,13高淳,02淳溪,淳溪夏辉单字,0,5,y,0.8065111,0.0025309308,0.0033232972,0.0005026892,0.056608934,0.09758803,0.8065111,4.9547827e-05,0.032806158,7.939171e-05,y,0.8065111,0,1
0712_row_00044709,a,13高淳,02淳溪,淳溪夏辉单字,0,5,y,0.82454246,0.0006167094,0.0014062362,0.0005142707,0.036844514,0.12109574,0.82454246,3.1606774e-05,0.014906489,4.1982377e-05,y,0.82454246,0,1
0712_row_00044710,a,13高淳,02淳溪,淳溪夏辉单字,0,5,y,0.7595944,0.0016251634,0.0061338283,0.0014929381,0.023858957,0.17986466,0.7595944,5.180981e-05,0.027172936,0.00020538385,y,0.7595944,0,1
0712_row_00044711,a,13高淳,02淳溪,淳溪夏辉单字,0,4,u,0.5351646,0.3868787,0.0024470538,0.005590219,0.009131197,0.5351646,0.044183515,0.0001232842,0.015633186,0.00084823155,u,0.5351646,0,1
0712_row_00044712,a,13高淳,02淳溪,淳溪夏辉单字,0,4,u,0.5950995,0.02025593,0.0017260689,0.0012909153,0.024943484,0.5950995,0.35295856,3.8657443e-05,0.0036248579,6.201353e-05,u,0.5950995,0,1
0712_row_00044713,a,13高淳,02淳溪,淳溪夏辉单字,0,0,a,0.9901084,0.9901084,0.0009358333,0.00457754,0.00023824147,0.0004404997,7.5005228e-06,1.7067228e-05,0.002261724,0.0014131767,a,0.9901084,0,1
0712_row_00044714,a,13高淳,02淳溪,淳溪夏辉单字,0,5,y,0.3742943,0.21874896,0.27873206,0.056113675,0.0091603035,0.023871938,0.3742943,0.00013192836,0.03373639,0.0052104094,y,0.3742943,0,1
0712_row_00044715,a,13高淳,02淳溪,淳溪夏辉单字,0,2,i,0.5477627,0.39356261,0.002888627,0.5477627,0.00054672355,0.00021431176,0.00019176443,0.021469258,0.006685482,0.0266784,i,0.5477627,0,1
0712_row_00044716,a,13高淳,02淳溪,淳溪夏辉单字,0,5,y,0.941952,0.00018460154,0.051119838,0.0006347219,0.0052709193,0.00055514614,0.941952,3.4748623e-06,0.00026082146,1.8385193e-05,y,0.941952,0,1
0712_row_00044717,a,13高淳,02淳溪,淳溪夏辉单字,0,0,a,0.6403992,0.6403992,0.0042619724,0.33487338,0.00037414744,0.00029206,2.0782667e-05,0.011953155,0.00045102226,0.0073742084,a,0.6403992,0,1
0712_row_00044718,a,13高淳,02淳溪,淳溪夏辉单字,0,5,y,0.6371502,0.00055273506,0.0008392811,0.0017393793,0.009416317,0.34352326,0.6371502,2.6441157e-05,0.006692842,5.949646e-05,y,0.6371502,0,1
0712_row_00044719,a,13高淳,02淳溪,淳溪夏辉单字,0,4,u,0.59332234,0.0059560873,0.0018204562,0.0034945228,0.018665986,0.59332234,0.3715353,4.464354e-05,0.004983554,0.00017718552,u,0.59332234,0,1
0712_row_00044720,a,13高淳,02淳溪,淳溪夏辉单字,0,5,y,0.7177161,0.0072011845,0.014550511,0.0024689708,0.020921318,0.20984471,0.7177161,0.00015223201,0.026660131,0.00048494298,y,0.7177161,0,1
0712_row_00044721,a,13高淳,02淳溪,淳溪夏辉单字,0,5,y,0.66347086,0.0013818638,0.0017074834,0.0015875823,0.020658493,0.29721588,0.66347086,4.8586688e-05,0.013819568,0.000109696644,y,0.66347086,0,1
0712_row_00044722,a,13高淳,02淳溪,淳溪夏辉单字,0,4,u,0.5314874,0.0019934494,0.0015734548,0.0026885245,0.016286286,0.5314874,0.44177753,2.9657824e-05,0.004091812,7.187115e-05,u,0.5314874,0,1
0712_row_00044723,u,13高淳,02淳溪,淳溪夏辉单字,4,5,y,0.58476794,0.0005951498,0.0024003494,0.006279522,0.01734266,0.38346562,0.58476794,5.2958007e-05,0.0048896894,0.00020604618,y,0.58476794,0,1
0712_row_00044724,i,13高淳,02淳溪,淳溪夏辉单字,2,5,y,0.696343,0.001182742,0.0019132602,0.070357785,0.007996154,0.2171343,0.696343,9.921864e-05,0.002389879,0.0025837303,y,0.696343,0,1
0712_row_00044725,y,13高淳,02淳溪,淳溪夏辉单字,5,5,y,0.30276856,0.13036177,0.29474425,0.030798098,0.010437215,0.055762015,0.30276856,0.0008580969,0.116994515,0.05727546,y,0.30276856,0,1
0712_row_00044726,y,13高淳,02淳溪,淳溪夏辉单字,5,7,ə,0.63698995,0.052334834,0.15655969,0.0044066566,0.09000159,0.035998143,0.004009581,0.010789445,0.63698995,0.008910125,ə,0.63698995,0,1
0712_row_00044727,a,13高淳,02淳溪,淳溪夏辉单字,0,2,i,0.75130403,0.0063487203,0.1139008,0.75130403,0.002770707,0.0003747324,0.12477695,8.734811e-06,0.00013250146,0.00038282367,i,0.75130403,0,1
0712_row_00044728,a,13高淳,02淳溪,淳溪夏辉单字,0,5,y,0.6621178,0.013523187,0.24469231,0.04784683,0.0034074578,0.0075602876,0.6621178,4.1895782e-05,0.018517157,0.002293038,y,0.6621178,0,1
0712_row_00044729,a,13高淳,02淳溪,淳溪夏辉单字,0,0,a,0.8651427,0.8651427,0.0012550484,0.00047297773,0.005146657,0.0025982312,1.5358246e-05,0.10940945,0.015815733,0.00014383164,a,0.8651427,0,1
0712_row_00044730,y,13高淳,02淳溪,淳溪夏辉单字,5,2,i,0.2737566,0.20377673,0.07316207,0.2737566,0.0022467966,0.00066727574,0.14064156,9.406654e-05,0.18829188,0.11736298,i,0.2737566,0,1
0712_row_00044731,e,13高淳,02淳溪,淳溪夏辉单字,1,5,y,0.21948765,0.11699114,0.18201914,0.15478054,0.0019764223,0.0007232794,0.21948765,8.751151e-05,0.13844849,0.18548582,y,0.21948765,0,1
0712_row_00044732,e,13高淳,02淳溪,淳溪夏辉单字,1,0,a,0.27604046,0.27604046,0.25930864,0.045506094,0.0067854705,0.03795953,0.20644662,0.0003274498,0.11508275,0.05254295,a,0.27604046,0,1
0712_row_00044733,ə,13高淳,02淳溪,淳溪夏辉单字,7,3,o,0.9692589,0.010857001,0.0011688622,6.219193e-06,0.9692589,0.00024344774,0.00048618205,0.00010455917,0.017575331,0.00029936328,o,0.9692589,0,1
0712_row_00044734,ə,13高淳,02淳溪,淳溪夏辉单字,7,3,o,0.9960269,0.0011523521,0.00013715209,3.2176704e-06,0.9960269,0.0007621403,1.7476788e-05,1.0380668e-05,0.0018563856,3.4040666e-05,o,0.9960269,0,1
0712_row_00044735,i,13高淳,02淳溪,淳溪夏辉单字,2,2,i,0.62813824,0.35666078,0.0031486533,0.62813824,0.0013503366,0.0036200865,0.0052336887,1.756682e-05,0.0017384436,9.224751e-05,i,0.62813824,0,1
0712_row_00044736,i,13高淳,02淳溪,淳溪夏辉单字,2,5,y,0.5071428,0.0047016544,0.00075883965,0.16596086,0.0022005895,0.02219275,0.5071428,3.3389817e-05,0.2939401,0.0030690334,y,0.5071428,0,1
0712_row_00044737,i,13高淳,02淳溪,淳溪夏辉单字,2,4,u,0.47517568,0.10145436,0.00037295718,0.028742023,0.21607716,0.47517568,0.11050581,0.00015207431,0.06665436,0.00086556794,u,0.47517568,0,1
0712_row_00044738,i,13高淳,02淳溪,淳溪夏辉单字,2,7,ə,0.49266818,0.44721645,0.0006194125,0.0002680324,0.05578851,0.0016400766,0.0013298368,0.00010589464,0.49266818,0.00036364797,ə,0.49266818,0,1
0712_row_00044739,i,13高淳,02淳溪,淳溪夏辉单字,2,2,i,0.48373616,0.44465923,0.04722618,0.48373616,0.002088439,0.0024606558,0.012094222,0.00011540656,0.003996975,0.0036226949,i,0.48373616,0,1
0712_row_00044740,i,13高淳,02淳溪,淳溪夏辉单字,2,7,ə,0.6075292,0.0066368757,0.00037222292,0.18596418,0.0033423398,0.01613749,0.1777447,3.736755e-05,0.6075292,0.0022356466,ə,0.6075292,0,1
0712_row_00044741,i,13高淳,02淳溪,淳溪夏辉单字,2,7,ə,0.3964444,0.0021553927,0.00026755643,0.2533878,0.0006518475,0.0072780284,0.33798543,1.5665262e-05,0.3964444,0.0018139031,ə,0.3964444,0,1
0712_row_00044742,ə,13高淳,02淳溪,淳溪夏辉单字,7,3,o,0.9955446,0.0011415319,8.6155465e-05,7.606736e-06,0.9955446,0.00032942306,6.414109e-06,5.6562574e-05,0.0028212406,6.415173e-06,o,0.9955446,0,1
0712_row_00044743,ə,13高淳,02淳溪,淳溪夏辉单字,7,0,a,0.7007828,0.7007828,0.010004021,0.0031249528,0.103404455,0.07026686,0.0034734313,0.000535397,0.10519179,0.0032162429,a,0.7007828,0,1
0712_row_00044744,u,13高淳,02淳溪,淳溪夏辉单字,4,3,o,0.69207895,0.10524694,0.0009892135,0.00066997355,0.69207895,0.13176014,0.0029796474,9.013834e-05,0.066064,0.00012093782,o,0.69207895,0,1
0712_row_00044745,u,13高淳,02淳溪,淳溪夏辉单字,4,4,u,0.5406204,0.105702,0.0034994967,0.010372696,0.15926902,0.5406204,0.041507248,0.00085358875,0.13747384,0.00070172193,u,0.5406204,0,1
0712_row_00044746,u,13高淳,02淳溪,淳溪夏辉单字,4,3,o,0.376438,0.17071609,0.0007990405,0.0012846888,0.376438,0.31573406,0.011088394,0.00040175597,0.12329041,0.00024761172,o,0.376438,0,1
0712_row_00044747,u,13高淳,02淳溪,淳溪夏辉单字,4,0,a,0.81648797,0.81648797,0.008507106,0.00023643259,0.039432485,0.0420589,0.0003135394,0.00014570692,0.091501586,0.0013161985,a,0.81648797,0,1
0712_row_00044748,u,13高淳,02淳溪,淳溪夏辉单字,4,0,a,0.9243413,0.9243413,0.006400982,0.00021300933,0.027235504,0.0061798776,7.549291e-05,0.000752152,0.028101927,0.0066999206,a,0.9243413,0,1
0712_row_00044749,y,13高淳,02淳溪,淳溪夏辉单字,5,5,y,0.82790244,0.010957491,0.0033359039,0.002025027,0.0019500401,0.0028601051,0.82790244,8.985497e-06,0.1506657,0.00029443754,y,0.82790244,0,1
0712_row_00044750,ə,13高淳,02淳溪,淳溪夏辉单字,7,3,o,0.9568408,0.009391955,5.520795e-05,3.173909e-06,0.9568408,0.0051370086,4.7160116e-05,3.854522e-05,0.028484322,1.8519393e-06,o,0.9568408,0,1
0712_row_00044751,ə,13高淳,02淳溪,淳溪夏辉单字,7,3,o,0.9458315,0.030871244,0.00013790168,3.43371e-06,0.9458315,0.0031588192,4.7463647e-05,0.00020192635,0.019742494,5.0851977e-06,o,0.9458315,0,1
0712_row_00044752,ə,13高淳,02淳溪,淳溪夏辉单字,7,0,a,0.9694243,0.9694243,0.00056984404,0.0005371773,0.013271907,0.003853214,0.00010495578,3.6612753e-05,0.012022091,0.00017993762,a,0.9694243,0,1
0712_row_00044753,y,13高淳,02淳溪,淳溪夏辉单字,5,5,y,0.8839878,0.005785939,0.0067965854,0.001497822,0.0024663808,0.0042628506,0.8839878,1.12681555e-05,0.09480411,0.00038722393,y,0.8839878,0,1
0712_row_00044754,y,13高淳,02淳溪,淳溪夏辉单字,5,2,i,0.47212774,0.047796838,0.0011027427,0.47212774,0.00038956222,0.0004191371,0.15555756,4.0592013e-06,0.3223375,0.00026483295,i,0.47212774,0,1
0712_row_00044755,o,13高淳,02淳溪,淳溪夏辉单字,3,0,a,0.91252613,0.91252613,0.0035214077,0.017439665,0.0026843725,0.0024019904,9.5722055e-05,0.0559024,0.0025713781,0.002856891,a,0.91252613,0,1
0712_row_00044756,o,13高淳,02淳溪,淳溪夏辉单字,3,0,a,0.43740156,0.43740156,0.34827924,0.014965495,0.083712526,0.0144681,0.0012148635,0.001645313,0.020342022,0.07797093,a,0.43740156,0,1
0712_row_00044757,o,13高淳,02淳溪,淳溪夏辉单字,3,4,u,0.45304543,0.065986454,0.028265176,0.0015373339,0.04895433,0.45304543,0.08185581,0.0006302387,0.31365004,0.006075208,u,0.45304543,0,1
0712_row_00044758,o,13高淳,02淳溪,淳溪夏辉单字,3,8,ɛ,0.96246165,0.014430427,0.0050573503,0.0002252053,0.0018899641,2.6484584e-05,0.0013395878,6.922985e-06,0.014562384,0.96246165,ɛ,0.96246165,0,1
0712_row_00044759,a,13高淳,02淳溪,淳溪夏辉单字,0,0,a,0.9540936,0.9540936,0.0018372112,0.002658232,0.0052060373,0.003677902,0.00064555526,2.2799446e-05,0.02887069,0.002987981,a,0.9540936,0,1
0712_row_00044760,a,13高淳,02淳溪,淳溪夏辉单字,0,0,a,0.7802606,0.7802606,0.011302771,0.0029211831,0.011932284,0.0052463408,0.00035912014,0.000109016604,0.021035748,0.16683286,a,0.7802606,0,1
0712_row_00044761,ə,13高淳,02淳溪,淳溪夏辉单字,7,6,ɔ,0.47055265,0.43960938,0.00152755,9.6691365e-05,0.017263118,0.0007621702,1.1529694e-05,0.47055265,0.06936096,0.00081592175,ɔ,0.47055265,0,1
0712_row_00044762,a,13高淳,02淳溪,淳溪夏辉单字,0,2,i,0.54560864,0.35245094,0.08385071,0.54560864,0.0016266936,0.0021551072,0.0010646682,1.2019678e-05,0.00033648964,0.012894769,i,0.54560864,0,1
0712_row_00044763,a,13高淳,02淳溪,淳溪夏辉单字,0,4,u,0.62099296,0.20899539,0.0055469475,0.0031453616,0.029874658,0.62099296,0.11030939,0.00024013176,0.019544058,0.0013510698,u,0.62099296,0,1
0712_row_00044764,a,13高淳,02淳溪,淳溪夏辉单字,0,0,a,0.92126226,0.92126226,0.003092435,0.0042666793,0.0032972952,0.02549142,0.000109317276,0.034093842,0.008055279,0.0003315913,a,0.92126226,0,1
0712_row_00044765,a,13高淳,02淳溪,淳溪夏辉单字,0,0,a,0.91779494,0.91779494,0.0022600307,0.05810508,0.00039333754,0.014651237,8.974631e-05,0.0002315291,0.001978613,0.004495495,a,0.91779494,0,1
0712_row_00044766,a,13高淳,02淳溪,淳溪夏辉单字,0,0,a,0.75487113,0.75487113,0.00071358914,0.23727503,0.0007829489,0.00046800284,6.4873806e-05,0.0039547603,0.00032589084,0.0015436244,a,0.75487113,0,1
0712_row_00044767,a,13高淳,02淳溪,淳溪夏辉单字,0,0,a,0.848262,0.848262,0.015956515,0.0067053144,0.0030403049,0.014058931,0.00048689268,0.00019290588,0.04240541,0.068891674,a,0.848262,0,1
0712_row_00044768,a,13高淳,02淳溪,淳溪夏辉单字,0,0,a,0.47927907,0.47927907,0.014835172,0.0023189122,0.00577455,0.0004267964,0.0047321804,0.0005446277,0.10491807,0.3871707,a,0.47927907,0,1
0712_row_00044769,a,13高淳,02淳溪,淳溪夏辉单字,0,8,ɛ,0.8652208,0.091675065,0.0031839497,0.0003812579,0.00042661047,1.5447595e-05,0.002689857,1.6131347e-05,0.036390938,0.8652208,ɛ,0.8652208,0,1
0712_row_00044770,a,13高淳,02淳溪,淳溪夏辉单字,0,0,a,0.80060583,0.80060583,0.023372917,0.012472704,0.08629322,0.003553912,0.0002617905,0.004212471,0.0018237245,0.0674034,a,0.80060583,0,1
0712_row_00044771,a,13高淳,02淳溪,淳溪夏辉单字,0,0,a,0.54858243,0.54858243,0.021166807,0.005160323,0.0024187455,0.0077389413,0.008105362,0.0011242952,0.109250575,0.2964525,a,0.54858243,0,1
0712_row_00044772,e,13高淳,02淳溪,淳溪夏辉单字,1,8,ɛ,0.52594507,0.25753233,0.048268944,0.0031288618,0.0016879548,0.0009581661,0.008227495,0.0010828015,0.15316841,0.52594507,ɛ,0.52594507,0,1
0712_row_00044773,o,13高淳,02淳溪,淳溪夏辉单字,3,0,a,0.9625871,0.9625871,0.013846416,0.015118642,0.0043383064,0.0013850925,6.387932e-05,0.00014021609,0.00052384957,0.001996344,a,0.9625871,0,1
0712_row_00044774,e,13高淳,02淳溪,淳溪夏辉单字,1,0,a,0.7443805,0.7443805,0.21246842,0.029933376,0.0030149722,0.00075228314,3.248191e-05,0.0027880264,0.00069854717,0.005931476,a,0.7443805,0,1
0712_row_00044775,e,13高淳,02淳溪,淳溪夏辉单字,1,0,a,0.45541477,0.45541477,0.35927674,0.001589762,0.08232705,0.004857903,0.0002188211,0.00023854198,0.008333142,0.087743185,a,0.45541477,0,1
0712_row_00044776,e,13高淳,02淳溪,淳溪夏辉单字,1,1,e,0.6242864,0.20832755,0.6242864,0.0059705353,0.015044771,0.019232905,0.016488494,0.0010514307,0.10344958,0.0061482373,e,0.6242864,0,1
0712_row_00044777,e,13高淳,02淳溪,淳溪夏辉单字,1,0,a,0.6794169,0.6794169,0.040225133,0.0032903193,0.004831146,0.0004620653,1.9506891e-05,0.00010513905,0.004687073,0.2669627,a,0.6794169,0,1
0712_row_00044778,e,13高淳,02淳溪,淳溪夏辉单字,1,0,a,0.77161103,0.77161103,0.024988322,0.0008982188,0.026420565,0.047260076,0.0003679381,0.010376474,0.117120616,0.0009567528,a,0.77161103,0,1
0712_row_00044779,e,13高淳,02淳溪,淳溪夏辉单字,1,1,e,0.73351467,0.10167595,0.73351467,0.0002798797,0.005854355,0.00029975097,0.0011015103,1.0706231e-05,0.0017938046,0.15546946,e,0.73351467,0,1
0712_row_00044780,ə,13高淳,02淳溪,淳溪夏辉单字,7,3,o,0.7386882,0.05189036,0.004276971,6.2944935e-05,0.7386882,0.080437444,0.00018379379,0.000263368,0.12414303,5.390974e-05,o,0.7386882,0,1
0712_row_00044781,e,13高淳,02淳溪,淳溪夏辉单字,1,0,a,0.48675957,0.48675957,0.2077929,0.01965049,0.046231482,0.06566484,0.005484609,0.058253158,0.105352975,0.004810031,a,0.48675957,0,1
0712_row_00044782,o,13高淳,02淳溪,淳溪夏辉单字,3,0,a,0.764534,0.764534,0.17498654,0.048505876,0.0020416377,0.0047293655,0.00013670439,5.1505296e-05,0.0016493952,0.0033650803,a,0.764534,0,1
0712_row_00044783,a,13高淳,02淳溪,淳溪夏辉单字,0,0,a,0.53520477,0.53520477,0.0009212558,0.009641231,4.3883894e-05,2.3408089e-05,4.617246e-06,1.4917251e-05,0.0017528975,0.45239305,a,0.53520477,0,1
0712_row_00044784,ə,13高淳,02淳溪,淳溪夏辉单字,7,3,o,0.9088143,0.06905894,4.921019e-05,1.6682374e-05,0.9088143,0.011425761,3.0418536e-05,3.4212288e-05,0.0105672125,3.219234e-06,o,0.9088143,0,1
0712_row_00044785,ə,13高淳,02淳溪,淳溪夏辉单字,7,3,o,0.9922741,0.005758164,2.4791818e-06,4.619024e-07,0.9922741,0.001118927,4.0788e-06,4.430482e-06,0.0008372548,2.7529654e-07,o,0.9922741,0,1
0712_row_00044786,a,13高淳,02淳溪,淳溪夏辉单字,0,0,a,0.6109051,0.6109051,0.36133945,0.008273668,0.0034809636,0.0067952145,0.00010894196,0.0004842809,0.006443245,0.0021690896,a,0.6109051,0,1
0712_row_00044787,a,13高淳,02淳溪,淳溪夏辉单字,0,0,a,0.96252316,0.96252316,0.012528724,0.007872249,0.00085282826,0.0018276569,1.6204978e-05,0.0010611874,0.0060082558,0.0073098224,a,0.96252316,0,1
0712_row_00044788,e,13高淳,02淳溪,淳溪夏辉单字,1,7,ə,0.45134676,0.25967023,0.09168895,0.007352012,0.06430877,0.0026947365,0.0073781447,0.03438313,0.45134676,0.0811773,ə,0.45134676,0,1
0712_row_00044789,i,13高淳,02淳溪,淳溪夏辉单字,2,2,i,0.7838644,0.20000564,0.0014034947,0.7838644,0.00053188717,0.0011167035,0.008681562,6.892866e-06,0.0042947815,9.45189e-05,i,0.7838644,0,1
0712_row_00044790,i,13高淳,02淳溪,淳溪夏辉单字,2,2,i,0.891388,0.082522504,0.0037255748,0.891388,0.0009326172,0.00043760543,0.020376781,4.0466693e-06,0.00051947334,9.340142e-05,i,0.891388,0,1
0712_row_00044791,i,13高淳,02淳溪,淳溪夏辉单字,2,2,i,0.686093,0.24066094,0.0037300056,0.686093,0.016460048,0.015810793,0.031115277,0.00010333328,0.0059083765,0.00011822265,i,0.686093,0,1
0712_row_00044792,ə,13高淳,02淳溪,淳溪夏辉单字,7,3,o,0.90076846,0.049277775,0.00014675185,1.1398089e-06,0.90076846,0.0010319868,1.2696081e-05,8.463533e-05,0.04866871,7.863189e-06,o,0.90076846,0,1
0712_row_00044793,ə,13高淳,02淳溪,淳溪夏辉单字,7,3,o,0.9373031,0.042646736,2.9511442e-05,1.2399425e-06,0.9373031,0.0061446712,1.10974715e-05,2.0166093e-05,0.013842451,1.0868146e-06,o,0.9373031,0,1
0712_row_00044794,i,13高淳,02淳溪,淳溪夏辉单字,2,2,i,0.4074473,0.0637447,0.0017530893,0.4074473,0.007338501,0.13567273,0.16577609,2.9510835e-05,0.21737559,0.00086242397,i,0.4074473,0,1
0712_row_00044795,i,13高淳,02淳溪,淳溪夏辉单字,2,7,ə,0.707812,0.23655337,0.0076639797,0.010063669,0.006727032,0.001961274,0.017215295,6.755515e-05,0.707812,0.01193573,ə,0.707812,0,1
0712_row_00044796,ə,13高淳,02淳溪,淳溪夏辉单字,7,0,a,0.992156,0.992156,6.658848e-05,0.0062762275,9.723494e-06,9.675482e-05,8.851215e-06,7.514023e-09,0.00082681986,0.0005589405,a,0.992156,0,1
0712_row_00044797,i,13高淳,02淳溪,淳溪夏辉单字,2,0,a,0.5900721,0.5900721,0.0031671422,0.3803564,0.0022299646,0.002451834,0.0049413387,2.1129104e-05,0.0163385,0.0004216357,a,0.5900721,0,1
0712_row_00044798,ə,13高淳,02淳溪,淳溪夏辉单字,7,3,o,0.9824843,0.0055448986,0.0001914168,5.07343e-06,0.9824843,0.0025663422,5.6613677e-05,4.706787e-05,0.009086434,1.7949364e-05,o,0.9824843,0,1
0712_row_00044799,ə,13高淳,02淳溪,淳溪夏辉单字,7,5,y,0.39193553,0.0012680001,0.002606834,0.32437098,0.00037985426,2.1270665e-05,0.39193553,2.8852185e-06,0.27917242,0.00024221506,y,0.39193553,0,1
0712_row_00044800,o,13高淳,02淳溪,淳溪夏辉单字,3,3,o,0.92878217,0.010944903,0.0013815011,2.6311174e-05,0.92878217,0.0014291324,0.00017176179,6.5037304e-05,0.05709775,0.00010147059,o,0.92878217,0,1
0712_row_00044801,o,13高淳,02淳溪,淳溪夏辉单字,3,3,o,0.99739337,0.00059082353,1.17659965e-05,4.5812772e-07,0.99739337,8.127175e-05,3.140648e-06,1.6660359e-05,0.0019007486,1.7261108e-06,o,0.99739337,0,1
0712_row_00044802,o,13高淳,02淳溪,淳溪夏辉单字,3,3,o,0.842357,0.11658793,0.0014812571,8.060405e-06,0.842357,0.0014330484,3.8003935e-05,4.1242773e-05,0.037960146,9.3289236e-05,o,0.842357,0,1
0712_row_00044803,o,13高淳,02淳溪,淳溪夏辉单字,3,3,o,0.9997626,1.0099063e-05,1.0073471e-06,3.1797223e-09,0.9997626,1.0838991e-05,2.4488001e-08,4.3369772e-07,0.00021504505,6.487425e-09,o,0.9997626,0,1
0712_row_00044804,o,13高淳,02淳溪,淳溪夏辉单字,3,3,o,0.9298353,0.06640555,5.8740858e-05,2.505367e-06,0.9298353,0.00061608024,3.8741287e-06,7.049135e-06,0.0030622398,8.644099e-06,o,0.9298353,0,1
0712_row_00044805,o,13高淳,02淳溪,淳溪夏辉单字,3,3,o,0.99626404,0.0029338163,0.00014854514,2.255143e-06,0.99626404,0.00014136652,4.6651665e-05,2.2218612e-05,0.0004319953,9.128392e-06,o,0.99626404,0,1
0712_row_00044806,o,13高淳,02淳溪,淳溪夏辉单字,3,3,o,0.99990857,1.3847677e-05,4.6773988e-07,8.180635e-09,0.99990857,1.4229106e-05,7.825922e-08,2.665568e-06,6.018542e-05,3.8537127e-08,o,0.99990857,0,1
0712_row_00044807,u,13高淳,02淳溪,淳溪夏辉单字,4,0,a,0.8634204,0.8634204,0.02998598,0.005193287,0.03976242,0.009139414,0.00013916113,0.043364245,0.0020585225,0.0069365078,a,0.8634204,0,1
0712_row_00044808,o,13高淳,02淳溪,淳溪夏辉单字,3,3,o,0.99518037,0.00032594812,0.00011611181,1.1961322e-06,0.99518037,0.00047240686,8.0767695e-06,3.1619446e-05,0.0038623686,1.9214806e-06,o,0.99518037,0,1
0712_row_00044809,o,13高淳,02淳溪,淳溪夏辉单字,3,3,o,0.9504145,0.02315578,0.00021606806,9.760223e-07,0.9504145,0.005409873,7.147317e-06,0.0003377168,0.020454153,3.7699579e-06,o,0.9504145,0,1
0712_row_00044810,u,13高淳,02淳溪,淳溪夏辉单字,4,0,a,0.89241993,0.89241993,0.009702063,0.0007862111,0.017102104,0.033439185,0.00032530315,0.00639119,0.039202698,0.0006314363,a,0.89241993,0,1
0712_row_00044811,o,13高淳,02淳溪,淳溪夏辉单字,3,0,a,0.9036604,0.9036604,0.020389952,0.06580962,0.00059206376,0.005141051,0.00033689992,2.7595086e-05,0.0027338413,0.00130869,a,0.9036604,0,1
0712_row_00044812,y,13高淳,02淳溪,淳溪夏辉单字,5,5,y,0.8916103,0.0023925682,0.045647785,0.0047985394,0.013264572,0.031184323,0.8916103,7.082903e-05,0.010652077,0.00037900027,y,0.8916103,0,1
0712_row_00044813,o,13高淳,02淳溪,淳溪夏辉单字,3,3,o,0.966064,0.027607938,3.0782023e-05,4.4275117e-07,0.966064,0.0013568111,3.3846425e-06,0.00015186828,0.0047827554,1.9568643e-06,o,0.966064,0,1
0712_row_00044814,o,13高淳,02淳溪,淳溪夏辉单字,3,3,o,0.98423135,0.0026955672,0.00037360142,3.292804e-06,0.98423135,0.00021079574,0.0002230808,4.9967013e-05,0.012196589,1.5658685e-05,o,0.98423135,0,1
0712_row_00044815,a,13高淳,02淳溪,淳溪夏辉单字,0,0,a,0.77728015,0.77728015,0.020719513,0.0033306612,0.11849617,0.0029416312,0.0003924861,0.02607413,0.025086721,0.025678575,a,0.77728015,0,1
0712_row_00044816,a,13高淳,02淳溪,淳溪夏辉单字,0,0,a,0.96119934,0.96119934,0.0029321325,0.004280875,0.00017507985,0.00022254014,1.5607443e-06,0.006532176,0.0021944735,0.022461778,a,0.96119934,0,1
0712_row_00044817,a,13高淳,02淳溪,淳溪夏辉单字,0,0,a,0.98184603,0.98184603,0.0014353632,0.010481152,0.00027702123,0.0028105713,5.5509245e-06,0.00010528366,0.0011147981,0.0019241245,a,0.98184603,0,1
0712_row_00044818,a,13高淳,02淳溪,淳溪夏辉单字,0,8,ɛ,0.97190124,0.027636845,0.00014863911,6.781903e-05,2.7886757e-05,5.3934804e-07,1.8866019e-06,5.25176e-07,0.00021466136,0.97190124,ɛ,0.97190124,0,1
0712_row_00044819,ə,13高淳,02淳溪,淳溪夏辉单字,7,7,ə,0.61301416,0.1034696,0.20264132,0.0042750393,0.061143566,0.008885847,0.0008327936,0.0040979264,0.61301416,0.0016397544,ə,0.61301416,0,1
0712_row_00044820,ə,13高淳,02淳溪,淳溪夏辉单字,7,0,a,0.92217094,0.92217094,0.0042259637,0.00035956557,0.0011366946,0.001589242,3.2852943e-06,0.0076130666,0.06232429,0.00057695044,a,0.92217094,0,1
0712_row_00044821,u,13高淳,02淳溪,淳溪夏辉单字,4,4,u,0.6198633,0.0025663914,0.000975052,0.00036785429,0.024824122,0.6198633,0.34435877,8.947358e-06,0.0070002577,3.5333363e-05,u,0.6198633,0,1
0712_row_00044822,ə,13高淳,02淳溪,淳溪夏辉单字,7,4,u,0.6713763,0.0611293,0.018805882,0.0020319885,0.07002013,0.6713763,0.1543458,5.198364e-05,0.021893578,0.00034501348,u,0.6713763,0,1
0712_row_00044823,ɛ,13高淳,02淳溪,淳溪夏辉单字,8,7,ə,0.42575425,0.1086091,0.11155218,0.0068606087,0.021410018,0.020405656,0.13264695,0.0005564048,0.42575425,0.17220485,ə,0.42575425,0,1
0712_row_00044825,u,13高淳,02淳溪,淳溪夏辉单字,4,1,e,0.77379405,0.024020776,0.77379405,0.025510693,0.0049955607,0.14619488,0.01455737,0.0014897237,0.0044543995,0.004982505,e,0.77379405,0,1
0712_row_00044826,a,13高淳,02淳溪,淳溪夏辉单字,0,0,a,0.9311483,0.9311483,0.017988471,0.003223545,0.0068500484,0.02608233,0.00043204878,0.00019840222,0.012068286,0.0020085936,a,0.9311483,0,1
0712_row_00044827,i,13高淳,02淳溪,淳溪夏辉单字,2,2,i,0.99053544,9.604993e-05,0.0011617678,0.99053544,3.6107216e-05,0.0023794486,0.0046038236,4.8478637e-06,0.00026738513,0.0009151201,i,0.99053544,0,1
0712_row_00044828,a,13高淳,02淳溪,淳溪夏辉单字,0,0,a,0.5358134,0.5358134,0.0075066597,0.16690429,0.22079119,0.04424965,0.016712803,0.0016193206,0.0013644404,0.005038224,a,0.5358134,0,1
0712_row_00044829,a,13高淳,02淳溪,淳溪夏辉单字,0,0,a,0.93240756,0.93240756,0.0011800181,0.0014669108,0.010771801,0.00032047718,0.00029154815,0.037221566,0.014432564,0.0019075865,a,0.93240756,0,1
0712_row_00044830,o,13高淳,02淳溪,淳溪夏辉单字,3,1,e,0.5001279,0.0074905907,0.5001279,0.004415453,0.038925983,0.44470048,0.00062848616,0.0002706857,0.003075012,0.00036537726,e,0.5001279,0,1
0712_row_00044831,a,13高淳,02淳溪,淳溪夏辉单字,0,5,y,0.74530905,0.0033546265,0.022891384,0.0062687434,0.017616237,0.18136086,0.74530905,8.116775e-05,0.022417715,0.000700163,y,0.74530905,0,1
0712_row_00044832,a,13高淳,02淳溪,淳溪夏辉单字,0,5,y,0.59030604,0.0036989565,0.0011644352,0.014090584,0.028152432,0.35038987,0.59030604,0.00017178695,0.0067412974,0.0052846684,y,0.59030604,0,1
0712_row_00044833,i,13高淳,02淳溪,淳溪夏辉单字,2,5,y,0.6643371,0.0005331929,0.0008913276,0.071571,0.006113259,0.25406802,0.6643371,5.9479327e-05,0.000966043,0.0014605481,y,0.6643371,0,1
0712_row_00044834,a,13高淳,02淳溪,淳溪夏辉单字,0,5,y,0.57880986,0.0036530953,0.00070943066,0.016401289,0.02550074,0.36123422,0.57880986,0.00010326432,0.008581485,0.0050066384,y,0.57880986,0,1
0712_row_00044835,a,13高淳,02淳溪,淳溪夏辉单字,0,5,y,0.91227645,0.0010773046,0.042949248,0.017145036,0.0052103424,0.0020886466,0.91227645,2.6041389e-05,0.0173733,0.0018536592,y,0.91227645,0,1
0712_row_00044836,i,13高淳,02淳溪,淳溪夏辉单字,2,0,a,0.32593778,0.32593778,0.3135404,0.3117973,0.018651903,0.018437019,0.003362686,0.0024289438,0.0049977335,0.00084625627,a,0.32593778,0,1
0712_row_00044837,i,13高淳,02淳溪,淳溪夏辉单字,2,5,y,0.47836277,0.00079277746,0.031435236,0.17560337,0.0071294266,0.30277646,0.47836277,0.00013363428,0.0031607233,0.0006054853,y,0.47836277,0,1
0712_row_00044838,i,13高淳,02淳溪,淳溪夏辉单字,2,1,e,0.4030589,0.20031391,0.4030589,0.2876716,0.014154062,0.008056032,0.07160227,0.0007578923,0.010537864,0.0038474638,e,0.4030589,0,1
0712_row_00044839,a,13高淳,02淳溪,淳溪夏辉单字,0,5,y,0.53284734,0.0011676404,0.0017627877,0.0015991091,0.024941849,0.4339395,0.53284734,2.1639597e-05,0.0036675956,5.2615043e-05,y,0.53284734,0,1
0712_row_00044840,u,13高淳,02淳溪,淳溪夏辉单字,4,5,y,0.5293849,0.0030771184,0.0035145967,0.0020054148,0.029283224,0.42776373,0.5293849,3.0406392e-05,0.0048527946,8.775303e-05,y,0.5293849,0,1
0712_row_00044841,e,13高淳,02淳溪,淳溪夏辉单字,1,5,y,0.51713854,0.0530384,0.2311075,0.009194836,0.015835539,0.0332182,0.51713854,0.00044859832,0.11163998,0.028378343,y,0.51713854,0,1
0712_row_00044842,ə,13高淳,02淳溪,淳溪夏辉单字,7,3,o,0.9982768,0.00025339768,6.687546e-06,9.850039e-07,0.9982768,0.0001348623,1.2779043e-06,7.719836e-06,0.0013181369,1.4894187e-07,o,0.9982768,0,1
0712_row_00044843,e,13高淳,02淳溪,淳溪夏辉单字,1,0,a,0.9844758,0.9844758,0.0026078273,0.007469969,0.0021581992,0.00087903783,2.8803071e-05,0.0011573168,0.0006817407,0.00054142653,a,0.9844758,0,1
0712_row_00044844,a,13高淳,02淳溪,淳溪夏辉单字,0,0,a,0.96090794,0.96090794,0.0219022,0.0062166587,0.0010699679,0.001151592,2.1762906e-05,0.00055161223,0.0034921481,0.0046860036,a,0.96090794,0,1
0712_row_00044845,a,13高淳,02淳溪,淳溪夏辉单字,0,0,a,0.5349821,0.5349821,0.0073369225,0.0009245799,0.2910906,0.008381762,0.00062768563,0.0028487593,0.14094917,0.012858502,a,0.5349821,0,1
0712_row_00044846,o,13高淳,02淳溪,淳溪夏辉单字,3,3,o,0.9281102,0.04747739,0.00078466284,8.9732224e-05,0.9281102,0.005344887,0.0002428815,0.00010921364,0.01778768,5.333898e-05,o,0.9281102,0,1
0712_row_00044847,o,13高淳,02淳溪,淳溪夏辉单字,3,0,a,0.94243145,0.94243145,0.00684062,0.0141108725,0.028004512,0.0015801084,6.9473426e-05,0.00033977831,0.0004306763,0.0061925873,a,0.94243145,0,1
0712_row_00044848,a,13高淳,02淳溪,淳溪夏辉单字,0,0,a,0.9493839,0.9493839,0.008669874,0.01521019,0.0001535637,0.000399814,2.0983582e-06,0.021026695,0.0009778937,0.004175684,a,0.9493839,0,1
0712_row_00044849,a,13高淳,02淳溪,淳溪夏辉单字,0,0,a,0.9072332,0.9072332,0.049549997,0.026854152,0.0022817869,0.0013151491,3.3232252e-05,0.0028119208,0.0035795397,0.0063411444,a,0.9072332,0,1
0712_row_00044850,a,13高淳,02淳溪,淳溪夏辉单字,0,5,y,0.52525705,0.010767302,0.0038621952,0.002271414,0.037064347,0.41076526,0.52525705,9.076371e-05,0.009821408,0.00010018631,y,0.52525705,0,1
0712_row_00044851,o,13高淳,02淳溪,淳溪夏辉单字,3,4,u,0.39528233,0.33032793,0.08733511,0.035965998,0.057994805,0.39528233,0.062823415,0.00026991076,0.028650334,0.0013502006,u,0.39528233,0,1
0712_row_00044852,o,13高淳,02淳溪,淳溪夏辉单字,3,3,o,0.9998412,7.2595667e-06,6.3925717e-07,1.5980522e-08,0.9998412,1.736819e-05,1.7588577e-07,1.2866491e-06,0.00013198948,9.402876e-08,o,0.9998412,0,1
0712_row_00044853,a,13高淳,02淳溪,淳溪夏辉单字,0,2,i,0.73265535,0.23484823,0.0011436718,0.73265535,0.00014804787,5.9400623e-05,4.4302127e-05,0.01168219,0.0008234896,0.018595299,i,0.73265535,0,1
0712_row_00044854,ɛ,13高淳,02淳溪,淳溪夏辉单字,8,8,ɛ,0.3958451,0.08191334,0.040464044,0.106553435,0.0010922599,0.00042626038,0.06383834,0.00019716461,0.30967012,0.3958451,ɛ,0.3958451,0,1
